UnitId,UnitName,CityName,DistrictName,Latitude,Longitude,DetectedCity,Match
6571D6C8-0130-4147-8FA8-0088860863D6,ERHAN ECZANESİ,Kütahya,Merkez,39.4264,29.96405,Kütahya,Correct
9E8A3266-31F7-44AE-A6A5-015A3200FA3B,KÜTAHYA TAVŞANLI ÖZCAN BAŞAR AİLE SAĞLIĞI MERKEZİ,Kütahya,Tavşanli,39.5378,29.49925,Kütahya,Correct
F946F2AD-F464-4D0E-8141-015BE33A5E78,ALKAN ECZANESİ,Kütahya,Gediz,38.98827,29.39349,Kütahya,Correct
A37D49C5-903F-47C9-93DA-01ABFF999497,KADRİYE ÖZKUL MUAYENEHANESİ,Kütahya,Merkez,39.42375,29.98782,Kütahya,Correct
E415716E-A896-436E-B481-02DB9F89A917,SERVET ECZANESİ,Kütahya,Gediz,38.89788,29.24298,Kütahya,Correct
942F0E67-0189-4549-9F04-0319E690AE88,KÜTAHYA MERKEZ FATİH AİLE SAĞLIĞI MERKEZİ,Kütahya,Merkez,39.41355,30.00122,Kütahya,Correct
780354CF-B796-417D-9A59-0392EC7CFE5B,ALTINTAŞ DEVLET HASTANESİ,Kütahya,Altintaş,39.05546,30.108,Kütahya,Correct
85CEB1B9-5396-4792-9EE9-047B5131BA6F,CUMHURİYET ECZANESİ,Kütahya,Merkez,38.98999,29.39517,Kütahya,Correct
F58E6856-7ABA-4E8F-8BC6-054C12F108F1,DOÇ. DR. İSMAİL KARAKUYU SİMAV DEVLET HASTANESİ,Kütahya,Simav,39.09192,28.99036,Kütahya,Correct
7A4BFA28-C2F2-4C92-88BF-05A68438647F,SIHHAT ECZANESİ,Kütahya,Simav,39.09052,28.97839,Kütahya,Correct
325049FF-4647-42C4-9245-05A8DD3360CC,KÜTAHYA SİMAV MERKEZ HİSARARDI AİLE SAĞLIĞI MERKEZİ,Kütahya,Simav,39.08986,28.96309,Kütahya,Correct
CAD1D105-E723-4384-904F-05C381303AE9,KÜTAHYA GEDİZ YEŞİLÇAY AİLE SAĞLIĞI MERKEZİ,Kütahya,Gediz,39.13041,29.27884,Kütahya,Correct
84D2A87C-4607-410B-A36A-068CF31EA411,KÜTAHYA MERKEZ MÜZEYYEN ÇİNİ AİLE SAĞLIĞI MERKEZİ,Kütahya,Merkez,39.80017,29.60916,Kütahya,Correct
8A04BB2F-54B0-4433-AEEE-06CA8BAC65EB,ŞERİFOĞLU ECZANESİ,Kütahya,Tavşanli,39.54789,29.49513,Kütahya,Correct
1174893B-603C-4BBD-8673-071E3FC9BBF3,HALE ECZANESİ,Kütahya,Merkez,39.41926,29.98803,Kütahya,Correct
D0880B7B-7157-440C-87A0-0767989D2318,ŞAHMARAN AĞIZ VE DİŞ SAĞLIĞI POLİKLİNİĞİ,Kütahya,Tavşanli,39.54323,29.48895,Kütahya,Correct
262B2107-FEFB-420D-9276-076E4E043B03,KÜTAHYA TAVŞANLI KURUÇAY AİLE SAĞLIĞI MERKEZİ,Kütahya,Tavşanli,39.50534,29.51324,Kütahya,Correct
4454F54F-DACC-4B85-854C-07EE01672220,SEZEN ECZANESİ,Kütahya,Merkez,39.41296,29.99973,Kütahya,Correct
B666902E-8F80-4562-9FA2-0800EF13B788,ŞİFA ECZANESİ,Kütahya,Hisarcik,39.25093,29.22238,Kütahya,Correct
7AB822CA-3965-4EA8-849C-081FC4DAB767,KAMA ECZANESİ,Kütahya,Merkez,39.19187,-76.62996,No Info,No Info
07D668D0-7FDD-4A56-9903-0873F70AB0E8,KÜTAHYA ÇAVDARHİSAR MERKEZ AİLE SAĞLIĞI MERKEZİ,Kütahya,Çavdarhisar,39.19456,29.61676,Kütahya,Correct
C3C8B2A7-617D-4E50-BCCC-09DA6F4C71B6,KÜTAHYA MERKEZ OKMEYDANI AİLE SAĞLIĞI MERKEZİ,Kütahya,Merkez,39.42054,29.95657,Kütahya,Correct
54B7C89B-1646-4E58-943D-0A2F10FA9D38,ÖMÜR ECZANESİ,Kütahya,Tavşanli,39.5468,29.48778,Kütahya,Correct
0C95275D-2ACA-42DC-849E-0A87DD08C5A1,ALI KÖRÜK ECZANESİ,Kütahya,Simav,39.09264,28.9791,Kütahya,Correct
43F9598C-0746-4D83-97F8-0C225C0CE2FA,GERMİYAN ECZANESİ,Kütahya,Merkez,39.40579,30.02329,Kütahya,Correct
FB9715E8-3505-4140-BF4A-0C287D02F1A1,HALK ECZANESİ,Kütahya,Simav,39.08858,28.98029,Kütahya,Correct
7174C831-1096-4864-A4FC-0C65B2151B58,HOROZOĞLU ECZANESİ,Kütahya,Merkez,39.41839,29.98883,Kütahya,Correct
FE38ED2B-0523-41E0-8BA0-0DC13E04A7CE,ÇAMLICA ECZANESİ,Kütahya,Merkez,39.40966,30.00504,Kütahya,Correct
F487F7D8-B35C-4468-8E92-0E404E79574A,ÖZLEM ECZANESİ,Kütahya,Merkez,39.40537,30.01217,Kütahya,Correct
3167F16E-B720-4585-9B1F-0F78A487323D,ÖZVURAL ECZANESİ,Kütahya,Merkez,38.99657,-76.89036,No Info,No Info
5E13BC73-55E0-4D9B-B1A2-103C94CEEB79,KARAHAN ECZANESİ,Kütahya,Pazarlar,38.99583,29.11804,Kütahya,Correct
86CECEA1-D070-4424-96F1-11100DA015E7,SELAM ECZANESİ,Kütahya,Merkez,39.42663,29.98667,Kütahya,Correct
73C91768-1BE1-436F-9BA9-124C6EEC3978,YİĞİT ECZANESİ,Kütahya,Merkez,39.41616,29.99327,Kütahya,Correct
0E16ACE9-9267-473D-A4E3-1306DD2DA5D0,KÜTAHYA MERKEZ BAHÇELİEVLER AİLE SAĞLIĞI MERKEZİ,Kütahya,Merkez,39.43189,29.95163,Kütahya,Correct
9041C96B-08A8-4261-801C-13453279CF4B,SAĞLIK ECZANESİ,Kütahya,Tavşanli,39.54447,29.49099,Kütahya,Correct
21992AD3-BA30-4C46-A76F-138B71824255,KÜTAHYA GEDİZ YUNUSLAR AİLE SAĞLIĞI MERKEZİ,Kütahya,Gediz,39.11462,29.48097,Kütahya,Correct
94D984AF-15C5-483A-AFA4-145D52095A48,HİSAR ECZANESİ,Kütahya,Domaniç,39.54521,29.48832,Kütahya,Correct
F5D3AD14-7D9E-43F4-A5CC-1473435C0692,GÖKHAN ECZANESİ,Kütahya,Altintaş,39.05548,30.10802,Kütahya,Correct
5E32B7A2-5E6B-433B-A488-18113F18035A,GÜVEN ECZANESİ,Kütahya,Merkez,39.42232,29.9958,Kütahya,Correct
5171447B-9BEB-481B-969F-1A8B6FD41E10,ŞULENUR ECZANESİ,Kütahya,Emet,39.33792,30.23959,Kütahya,Correct
7C4AF67A-403C-4ADF-AB67-1AF05F587041,NİDA ECZANESİ,Kütahya,Merkez,39.40237,30.02131,Kütahya,Correct
1BDEB579-7317-4109-9DB1-1BE063A9E139,KÜTAHYA HİSARCIK MERKEZ AİLE SAĞLIĞI MERKEZİ,Kütahya,Hisarcik,39.24986,29.2221,Kütahya,Correct
2E2C632F-F775-458F-89CA-1C56D4A54C12,KARATÜRK ECZANESİ,Kütahya,Tavşanli,39.54788,29.49516,Kütahya,Correct
DF1E3305-172B-4566-B394-1DBFE7C76221,AYKUT ECZANESİ,Kütahya,Merkez,39.42979,29.97587,Kütahya,Correct
6AE62B25-1372-4727-B5E8-1E97808FD44D,MERVE ECZANESI,Kütahya,Merkez,39.41748,29.98036,Kütahya,Correct
34FDE599-90B7-4C9D-AFB8-1ED052D2876C,GÜLTEN ECZANESİ,Kütahya,Simav,39.08897,28.97633,Kütahya,Correct
F228CF06-44FB-42C9-8724-1EED43F0CCEE,CEYLAN ECZANESİ,Kütahya,Merkez,39.42388,29.96391,Kütahya,Correct
5F3204A5-6BBB-4004-B4F9-1F412D65B997,SELÇUK ECZANESİ,Kütahya,Tavşanli,39.54557,29.49025,Kütahya,Correct
4657D6DB-8192-48A3-B263-2082E3C7C9F3,İNAL ECZANESİ,Kütahya,Simav,39.09065,28.97842,Kütahya,Correct
087BB714-6577-4D88-9B50-20891CB1250D,ERTAŞ ECZANESİ,Kütahya,Merkez,39.40076,30.02059,Kütahya,Correct
DAA5D3EF-220B-403B-A5A0-2166F94046C4,KÜTAHYA SİMAV HİSARBEY AİLE SAĞLIĞI MERKEZİ,Kütahya,Simav,39.1352,28.77218,Kütahya,Correct
7A058D96-AB08-468B-9BC1-21EF029BEA42,KÜTAHYA DOMANİÇ MERKEZ AİLE SAĞLIĞI MERKEZİ,Kütahya,Domaniç,39.80699,29.61105,Kütahya,Correct
A8DFC603-D5A0-49AF-B963-21F22EA7FC5F,LİMON ECZANESİ,Kütahya,Tavşanli,39.54806,29.48321,Kütahya,Correct
2F1A548E-07EC-409F-8497-220B2461E13A,GÜLŞAH YILDIRIM MUAYENEHANESİ,Kütahya,Gediz,38.98767,29.39124,Kütahya,Correct
9F3B48C0-525B-405D-8E07-22732B181F49,SİMAV ECZANESİ,Kütahya,Simav,39.09057,28.97089,Kütahya,Correct
C7520CA9-9AAA-41EA-8058-22A725CDD34B,TÜRKER ECZANESİ,Kütahya,Şaphane,39.02515,29.21968,Kütahya,Correct
5EC26FD6-B03F-418E-93EF-233AC17F3450,NİLGÜN ECZANESİ,Kütahya,Tavşanli,39.54908,29.48406,Kütahya,Correct
69545702-C04D-4905-831E-233ECB2ECABF,MERVE ECZANESİ,Kütahya,Tavşanli,39.54856,29.48838,Kütahya,Correct
28B98969-F241-48B4-AB08-255BD7C87F5E,KÜTAHYA MERKEZ ZAFERTEPE AİLE SAĞLIĞI MERKEZİ,Kütahya,Merkez,39.39021,30.04625,Kütahya,Correct
BCF0ECF9-BE68-44FE-B465-256C48A36644,KÜTAHYA ÇENE CERRAHİ VE DİŞ HEKİMLİĞİ KLİNİĞİ,Kütahya,Merkez,39.41844,29.98867,Kütahya,Correct
F491038E-9001-46A0-B132-26B26AF44F61,ÖZDEN ECZANESİ,Kütahya,Tavşanli,39.54948,29.48323,Kütahya,Correct
B3A5336A-2472-4078-8FD3-26F8432D491B,MERT ECZANESİ,Kütahya,Merkez,39.60767,-76.07556,No Info,No Info
B6293B49-622E-4BEC-843B-26FA9B579EBC,DOĞAN ECZANESİ,Kütahya,Merkez,39.43002,29.94506,Kütahya,Correct
5117F7AA-4B6C-4A63-B2D2-2723101C4573,ŞEKİP ÇİLDEN MUAYENEHANESİ,Kütahya,Merkez,39.41782,29.98611,Kütahya,Correct
CE67FEAA-C5FA-4414-ABD9-2A93278BE800,UMUT ECZANESİ,Kütahya,Merkez,39.33693,29.26076,Kütahya,Correct
4EBA199D-B3E0-4B3C-8CC6-2CCE5D1D7170,PAPATYA ECZANESİ,Kütahya,Merkez,39.41451,29.98401,Kütahya,Correct
791D305F-3E7D-4991-98C5-2DC6737E47D9,ZAFER ECZANESİ,Kütahya,Simav,39.11873,28.88313,Kütahya,Correct
FEDF2B81-BE17-43FD-877B-2E5F26F2E90E,ÖMER YACI MUAYENEHANESİ,Kütahya,Merkez,38.93807,-76.96836,No Info,No Info
91A40808-F9CC-486A-9206-2EE8D50AF305,MESUT GÜLDOĞAN MUAYENEHANESİ,Kütahya,Merkez,39.42188,29.98745,Kütahya,Correct
D06DF64D-45F8-4A61-AD7D-2EEBDFDD835E,DUMLUPINAR ÜNİVERSİTESİ KÜTAHYA EVLİYA ÇELEBİ FİZİK TEDAVİ VE REHABİLİTASYON HASTANESİ,Kütahya,Merkez,39.63377,-76.04076,No Info,No Info
64E56DAB-854D-4ED3-A4A8-2F0B8D931749,TOLGA ECZANESİ,Kütahya,Tavşanli,39.54707,29.47568,Kütahya,Correct
B28658A1-E5DF-480A-BA1B-30174DFA5E73,SİBEL ECZANESİ,Kütahya,Merkez,39.42778,29.98591,Kütahya,Correct
FAB2509A-033E-458E-9D0F-3142A234436F,KÜTAHYA ŞEHİR HASTANESİ,Kütahya,Merkez,39.42285,29.98716,Kütahya,Correct
15BE3516-0C28-44D6-BACF-361897195F7A,BEYZA ECZANESİ,Kütahya,Merkez,39.39365,30.03049,Kütahya,Correct
7244985A-6F08-4153-B139-365E83AB6607,SADIK ECZANESİ,Kütahya,Gediz,38.98793,29.39078,Kütahya,Correct
2E100CEB-ED0D-4C41-97F1-36BCC8DB7021,SİBEL ECZANESİ,Kütahya,Gediz,38.98698,29.3936,Kütahya,Correct
EAB88F9B-3659-46C1-9EE3-36E51B1AA12E,KÜTAHYA ALTINTAŞ MERKEZ AİLE SAĞLIĞI MERKEZİ,Kütahya,Altintaş,39.05491,30.10893,Kütahya,Correct
77E85B16-A8D4-4F8A-913C-38AFB85289A0,KÜTAHYA MERKEZ ILICA AİLE SAĞLIĞI MERKEZİ,Kütahya,Merkez,39.59136,30.05245,Kütahya,Correct
CA82DD22-3707-4581-B047-392F811DEC10,GÖKÇEN ECZANESİ,Kütahya,Altintaş,39.0541,30.10805,Kütahya,Correct
7DF38A21-FD97-455A-B94E-3A74F7DB121B,ANADOLU ECZANESİ,Kütahya,Emet,39.34236,29.25665,Kütahya,Correct
51991160-175B-45B3-A890-3A867C3ED1E4,DEVA ECZANESİ,Kütahya,Tavşanli,39.54514,29.48873,Kütahya,Correct
6AF0F07E-D446-4E13-A911-3BE3818FB9C1,FATİH ECZANESİ,Kütahya,Simav,39.08979,28.98024,Kütahya,Correct
11FC0A2D-9F39-420E-AFB9-3CDB596038A0,ŞULE ECZANESİ,Kütahya,Simav,39.08867,28.97838,Kütahya,Correct
F6F518D5-3705-454E-9531-3D386FDAEEE1,FATOŞ ECZANESİ,Kütahya,Merkez,39.41295,29.99971,Kütahya,Correct
0080CB8D-3A06-4A57-B6A2-3D64FC90A0E6,KÜTAHYA MERKEZ YENİDOĞAN -YUNUS EMRE AİLE SAĞLIĞI MERKEZİ,Kütahya,Merkez,39.40239,30.02231,Kütahya,Correct
40C67A08-BA13-46CF-836F-3DA0731B16B0,DENİZ ECZANESİ,Kütahya,Merkez,39.42568,29.96366,Kütahya,Correct
7B217626-9888-47FB-BC61-3DF10A53798C,KALE ECZANESİ,Kütahya,Merkez,39.41265,30.00002,Kütahya,Correct
F11400C5-3521-4827-9824-3EE2B9650A55,BİRGÜL ECZANESİ,Kütahya,Gediz,38.98558,29.38428,Kütahya,Correct
9AF56E95-E46D-414A-8F15-3F5EC29EC624,ÖZEL KÜTAHYA ANADOLU HASTANESİ ECZANESİ,Kütahya,Merkez,40.9528,28.6969,İstanbul,Wrong
24FBC380-6D07-4ADD-A786-411AA51851EF,İBRAHİM ŞORŞOR MUAYENEHANESİ,Kütahya,Tavşanli,39.54347,29.48846,Kütahya,Correct
BAF49164-6C4C-48C3-B858-41A79AC0596F,ÖMER PARLAK MUAYENEHANESİ,Kütahya,Merkez,39.41945,29.98276,Kütahya,Correct
6EFD9C96-98CF-492B-8F5C-422C93D16858,ÇAĞLA ECZANESİ,Kütahya,Tavşanli,39.48673,29.06025,Kütahya,Correct
57C3D064-90DC-42F4-91CA-453CCDBD4DCE,BÜYÜK ECZANESİ,Kütahya,Merkez,39.41746,29.9795,Kütahya,Correct
6D2F48D5-F525-41C4-BAC5-46123BF59404,CİHANGİR ECZANESİ,Kütahya,Merkez,39.41793,29.9891,Kütahya,Correct
661DDF48-DBAD-4328-AE93-46B48B8739CE,SİMAV NAŞA AİLE SAĞLIĞI MERKEZİ,Kütahya,Simav,39.15787,28.96752,Kütahya,Correct
48BE49B7-6C42-4A6C-A7B8-47F750B11F80,ÇAĞLAR ECZANESİ,Kütahya,Tavşanli,39.54239,29.51353,Kütahya,Correct
B509B846-EC90-49F1-8EC6-48169A46D0EE,BAŞOL ECZANESİ,Kütahya,Gediz,38.98787,29.39201,Kütahya,Correct
7F218E4E-9878-4494-8582-4A08D4B9C7DB,ŞULE ECZANESİ,Kütahya,Tavşanli,39.52119,29.45814,Kütahya,Correct
D3585093-5E5F-4D8C-AD62-4A35E414EDBF,KÜTAHYA MERKEZ MALTEPE AİLE SAĞLIĞI MERKEZİ,Kütahya,Merkez,39.41217,29.98346,Kütahya,Correct
24C89A44-73B9-463C-B7F0-4B136347A96C,KÜTAHYA GEDİZ MERKEZ DAİNLER AİLE SAĞLIĞI MERKEZİ,Kütahya,Gediz,38.99802,29.40069,Kütahya,Correct
509F43B1-F789-4BAE-9C08-4C6954842E9A,ASLANAPA ECZANESİ,Kütahya,Aslanapa,39.21778,29.86991,Kütahya,Correct
BAC645CD-539D-4F82-B04F-4C82543A53CA,KÜTAHYA SİMAV MERKEZ FATİH AİLE SAĞLIĞI MERKEZİ,Kütahya,Simav,39.08753,28.98107,Kütahya,Correct
EBC3EA31-F736-4365-B1AD-4CFF741F1EC6,KEMAL ÖZBOZ MUAYENEHANESİ,Kütahya,Simav,39.08932,28.97861,Kütahya,Correct
2C9D47E5-AD96-46EB-B7CF-4D394E64C99B,MELTEM ECZANESİ,Kütahya,Merkez,39.42252,29.99651,Kütahya,Correct
0B5187D7-2577-4718-AECE-4D9CA035B653,HAYAT ECZANESİ,Kütahya,Merkez,39.42505,29.97441,Kütahya,Correct
D55C9E87-9449-477B-BCE5-5047F53956C2,YAĞCILAR ECZANESİ,Kütahya,Simav,39.08874,28.98373,Kütahya,Correct
6D95CF74-3B22-4503-BAFB-51751CD0361F,KÜTAHYA MERKEZ ALAYUNT AİLE SAĞLIĞI MERKEZİ,Kütahya,Merkez,39.4849,29.91012,Kütahya,Correct
76D3C9C2-A10D-450D-9869-528175DF5FB3,SAĞLIK ECZANESİ,Kütahya,Gediz,38.98812,29.39293,Kütahya,Correct
DB460BEB-CFBA-42E9-B675-52B157FF2D5C,GEDİZ MERKEZ TSM,Kütahya,Gediz,38.98951,29.39727,Kütahya,Correct
5D24269F-F457-403F-926B-52D0C70E6B4E,SANİYE ECZANESİ,Kütahya,Gediz,38.98827,29.39351,Kütahya,Correct
99ED21D7-45A3-45FF-B319-5408897D1E75,FİTOL SAĞLIKLI YAŞAM VE BESLENME DANIŞMANLIK MERKEZİ,Kütahya,Simav,39.09097,28.9795,Kütahya,Correct
7F6143DA-CFDE-4FE0-BEFD-55118142161A,ÇELİK ECZANESİ,Kütahya,Merkez,39.42744,29.96429,Kütahya,Correct
D207E0B6-2EC5-43D2-B1CC-575BC99715EE,GÖNÜL ECZANESİ,Kütahya,Gediz,38.86964,29.28854,Kütahya,Correct
7AC950DB-7242-4613-870F-57EC40F8EA7E,SAĞLIK ECZANESİ,Kütahya,Simav,39.08915,28.97833,Kütahya,Correct
3389B33C-63FE-4420-AABD-5A6EC98E8270,KÜTAHYA DOMANİÇ KARAKÖY AİLE SAĞLIĞI MERKEZİ,Kütahya,Domaniç,39.73649,29.51945,Kütahya,Correct
CEE6D988-7DDF-457C-991B-5AB0737651E2,T.C. S.B. EMET DR. FAZIL DOĞAN DEVLET HASTANESİ,Kütahya,Emet,39.34026,29.26506,Kütahya,Correct
2ADFF816-E21C-4C31-AFB7-5CD343E03C08,ZEMZEM ECZANESİ,Kütahya,Tavşanli,39.55441,29.47342,Kütahya,Correct
ADF87EE6-898D-4DDB-8BCE-5CE903CC0266,DOMANİÇ ECZANESİ,Kütahya,Domaniç,39.8024,29.61248,Kütahya,Correct
8E72215E-D3D6-4C2D-8581-5DA44FFC5853,KÜTAHYA MERKEZ EVLİYA ÇELEBİ AİLE SAĞLIĞI MERKEZİ,Kütahya,Merkez,39.42985,29.94489,Kütahya,Correct
CE4320CF-0CA0-4D13-BAF5-5DBD6EDEFA80,KÜTAHYA GEDİZ GÖKLER AİLE SAĞLIĞI MERKEZİ,Kütahya,Gediz,39.0123,29.5477,Kütahya,Correct
16F1FCD2-222B-4BF1-8852-5DFB65B828C1,ARMUTLAR ECZANESİ,Kütahya,Merkez,39.40132,30.01342,Kütahya,Correct
5154A188-F17F-4D10-99B2-5F34BAC96031,KÜTAHYA TAVŞANLI DOÇ. DR. MUSTAFA KALEMLİ DEVLET HASTANESİ,Kütahya,Tavşanli,39.54395,29.48876,Kütahya,Correct
E583FF22-A9FF-4C59-AA81-5FB0654172EE,KÜTAHYA EMET MERKEZ AİLE SAĞLIĞI MERKEZİ,Kütahya,Emet,39.34391,29.25882,Kütahya,Correct
20A73F25-7F6C-4C7F-9DE0-61C868A5466F,SERKAN BÜLENT GENÇ MUAYENEHANESİ,Kütahya,Merkez,39.08774,28.97754,Kütahya,Correct
2CB9B347-44CD-4C6F-B7F6-63CFD0037AC1,SEVGİ YOLU ECZANESİ,Kütahya,Merkez,39.41873,29.98274,Kütahya,Correct
8187E63D-BD73-4E7D-854E-66EDE77308AD,KÜTAHYA MERKEZ GAYBİEFENDİ AİLE SAĞLIĞI MERKEZİ,Kütahya,Merkez,39.4256,29.98828,Kütahya,Correct
C9498152-F0EF-45CF-B5BA-679AB2A984D1,SEYİTÖMER ECZANESİ,Kütahya,Merkez,39.25127,-76.55076,No Info,No Info
E65DE4A3-D7B5-40E8-8E03-68A6A38655A2,AYŞEM ECZANESİ,Kütahya,Gediz,38.98536,29.38399,Kütahya,Correct
C5E1C290-17EC-412F-B4D9-68B01163C5EE,KÜTAHYA GÜNEŞ ECZANESİ,Kütahya,Merkez,39.16038,30.86263,Eskişehir,Wrong
97FD238F-C6BA-479A-BF54-68FB1CCF6A8C,ZAFERTEPE ECZANESİ,Kütahya,Merkez,39.39013,30.04537,Kütahya,Correct
D2ECDD5F-9255-48F3-A78C-69417672BCEB,KÜTAHYA TAVŞANLI MERKEZ HANIMÇEŞME AİLE SAĞLIĞI MERKEZİ,Kütahya,Tavşanli,39.53947,29.508,Kütahya,Correct
4194F492-D2BC-4DA8-8D2C-6BE417243587,HAYDAR ÖZBEK MUAYENEHANESİ,Kütahya,Merkez,39.42263,29.98788,Kütahya,Correct
DE206905-062E-4451-98B7-6C004FB95813,KÜTAHYA MERKEZ 100.YIL AİLE SAĞLIĞI MERKEZİ,Kütahya,Merkez,39.39458,30.02813,Kütahya,Correct
516C197A-87ED-4C5C-843B-6CC291CFB048,İREM ECZANESİ,Kütahya,Merkez,39.42957,29.95599,Kütahya,Correct
1072044C-EE5C-4228-A581-6D10D4FA0F4E,KÜTAHYA MERKEZ VEFA AİLE SAĞLIĞI MERKEZİ,Kütahya,Merkez,39.42487,30.0023,Kütahya,Correct
680871D3-D390-4895-A706-6E4FC3833FC1,KÜTAHYA MERKEZ BÖLCEK AİLE SAĞLIĞI MERKEZİ,Kütahya,Merkez,39.43501,29.95043,Kütahya,Correct
2B7A2226-459B-42CD-92C4-6EBD4AB1538C,ESRA ECZANESİ,Kütahya,Merkez,38.85182,29.9726,Kütahya,Correct
52DD0CD0-8152-4EEB-A935-6ED2EACBDE20,EMET ETİBOR MADEN İŞLETMELERİ İŞLETME MÜDÜRLÜĞÜ REVİRİ,Kütahya,Emet,39.40853,30.00834,Kütahya,Correct
39B94118-E050-4EA2-BC82-6FDAB5922E9E,ÖZTÜRK ECZANESİ,Kütahya,Gediz,38.8699,29.28864,Kütahya,Correct
40D2C801-6733-437A-BB50-705024D597EB,VEFA ECZANESİ,Kütahya,Merkez,39.42478,30.00212,Kütahya,Correct
2BC5F5EA-C3D1-4970-AFA9-72CE05849A1B,MURAT ECZANESİ,Kütahya,Gediz,38.98792,29.3922,Kütahya,Correct
2BEF25FE-04CD-41D1-8A3E-74F85BD49B79,KÜTAHYA EMET GÜNLÜCE AİLE SAĞLIĞI MERKEZİ,Kütahya,Emet,39.43745,29.29842,Kütahya,Correct
A42A9D13-E04C-45F7-92AA-753E197AAC22,KÜTAHYA MERKEZ 1453 HİLALKENT AİLE SAĞLIĞI MERKEZ,Kütahya,KÜTAHYA MERKEZ,39.52037,-76.19196,No Info,No Info
EEFAFF3A-4A24-49A6-8DE0-75448FC87A08,ATİLLA ÖZERDEM MUAYENEHANESİ,Kütahya,Tavşanli,39.5423,29.4892,Kütahya,Correct
01369D1D-E937-40AB-BF2A-763858F52944,ZELİHA ECZANESİ,Kütahya,Merkez,39.43802,29.95315,Kütahya,Correct
AEA392F3-BD2D-4318-9803-79422C84371C,KÜBRA ATEŞ ECZANESİ,Kütahya,Simav,39.08856,28.97923,Kütahya,Correct
80CB7867-57E7-41E1-AC7A-795029B8A484,AKSA ECZANESİ,Kütahya,Merkez,39.41679,29.99378,Kütahya,Correct
50D310B5-3E6E-4852-8FB6-7A4045975C6A,BÜYÜKER ECZANESİ,Kütahya,Simav,39.0893,28.97934,Kütahya,Correct
85E0D183-634E-48EC-9F66-7BE0218C775C,KÜTAHYA SİMAV ÇİTGÖL AİLE SAĞLIĞI MERKEZİ,Kütahya,Simav,39.12263,28.94857,Kütahya,Correct
C6EF1173-808D-4AD4-B2A7-7C174DC3FE0F,ÖZEL PARK HAYAT KÜTAHYA HASTANESİ,Kütahya,Merkez,39.46367,-76.26756,No Info,No Info
279FC84D-561D-4962-8476-7D0CCEFA1881,KÜTAHYA TAVŞANLI MERKEZ İSTASYON AİLE SAĞLIĞI MERKEZİ,Kütahya,Tavşanli,39.54716,29.47627,Kütahya,Correct
FC94E93B-5654-47A5-9B92-7EAD610CF5DF,ASLANAPA İLÇE DEVLET HASTANESİ,Kütahya,Aslanapa,39.41806,29.98999,Kütahya,Correct
AE0FC2C1-9897-4FFE-BF05-7F21137D9318,HATİPLER ECZANESİ,Kütahya,Tavşanli,39.54437,29.49096,Kütahya,Correct
51F2F963-7CB0-4EDA-A592-8256B9373996,KÜTAHYA SİMAV BEYCE AİLE SAĞLIĞI MERKEZİ,Kütahya,Simav,39.10131,28.9421,Kütahya,Correct
97CDFC04-8B28-43C5-85F4-82D330988336,KÜTAHYA TAVŞANLI MERKEZ MOYMUL AİLE SAĞLIĞI MERKEZİ,Kütahya,Tavşanli,39.55351,29.47222,Kütahya,Correct
C27A0812-F38B-46EC-B9A1-83543C29975B,SAYAR ECZANESİ,Kütahya,Simav,39.08942,28.98017,Kütahya,Correct
166287BA-20F5-4534-A30D-84C9EDF0BB52,EGE ECZANESİ,Kütahya,Merkez,38.97407,-76.92036,No Info,No Info
C94D61DB-DFA2-41A2-ADA4-8652719E18F7,EMEK ECZANESİ,Kütahya,Tavşanli,39.54695,29.48751,Kütahya,Correct
55E90E38-D0A7-4796-917D-8953EC87A970,İNCİ ECZANESİ,Kütahya,Merkez,39.42027,29.98616,Kütahya,Correct
ADF951CB-0E7B-4BE8-8852-89DE15C964B3,KÜTAHYA ASLANAPA MERKEZ AİLE SAĞLIĞI MERKEZİ,Kütahya,Aslanapa,39.21383,29.87156,Kütahya,Correct
A7CE3128-10F1-4F9C-87B5-8C1CDDA2A5AD,TÜLÜOĞLU ECZANESİ,Kütahya,Gediz,38.98792,29.39218,Kütahya,Correct
772CECA5-48CF-4012-9BC1-8CC3FF715E8A,AKSOY ECZANESİ,Kütahya,Tavşanli,39.52619,29.46036,Kütahya,Correct
C0EB0D11-A464-48F4-A1F8-8CE37D0305B6,KÜTAHYA MERKEZ SEYİTÖMER AİLE SAĞLIĞI MERKEZİ,Kütahya,Merkez,39.61422,29.89251,Kütahya,Correct
0D78EF1D-FB39-4A0D-98A2-8D1546D5CE7C,BALIKÖY ECZANESİ,Kütahya,Tavşanli,39.54656,29.49243,Kütahya,Correct
0C3E17C3-B126-4DD0-B746-8D4986E249B3,PEKER ECZANESİ,Kütahya,Merkez,39.40355,30.01597,Kütahya,Correct
6DA66C9E-97A4-44BB-AB8C-8E8D97C296AA,KÜTAHYA AĞİZ VE DIŞ SAĞLİĞİ HASTANESİ,Kütahya,Merkez,39.54847,29.48203,Kütahya,Correct
AABFF84F-B139-4207-ABEA-8F55ADFDA9B8,KÜTAHYA MERKEZ İSTİKLAL AİLE SAĞLIĞI MERKEZİ,Kütahya,Merkez,39.42395,29.96528,Kütahya,Correct
CA505C2F-3E55-4DD3-9401-8F8FD01E4E6D,EROL ÖZALP MUAYENEHANESİ,Kütahya,Simav,39.08999,28.97925,Kütahya,Correct
7B0AC9BB-1341-4958-8406-903BA1243D2A,DEMİRAL ECZANESİ,Kütahya,Merkez,39.42376,29.96375,Kütahya,Correct
82F9FD55-D793-4B72-B58C-90DE37ED79E7,KÜTAHYA MERKEZ TSM,Kütahya,Merkez,39.41735,29.98027,Kütahya,Correct
29CA48E6-85D3-4032-80CB-92993FCFAA18,KÜTAHYA MERKEZ RAŞİT ÖZER AİLE SAĞLIĞI MERKEZİ,Kütahya,Merkez,39.42422,29.98846,Kütahya,Correct
EF142595-825D-46A1-B57B-9361861599B6,KÜTAHYA MERKEZ SANAYİ AİLE SAĞLIĞI MERKEZİ,Kütahya,Merkez,39.42926,29.97468,Kütahya,Correct
2F6EE64E-0DBB-4C53-9B2F-938CF83ED361,DUMLUPINAR ÜNİVERSİTESİ KÜTAHYA EVLİYA ÇELEBİ EĞİTİM VE ARAŞTIRMA HASTANESİ VEFA EK HİZMET BİNASI,Kütahya,Merkez,39.24947,-76.55316,No Info,No Info
8A08FA3E-F4F1-4E80-8D25-93FB7E8F60EB,İSTANBUL ECZANESİ,Kütahya,Emet,39.33948,29.25895,Kütahya,Correct
B68B75EC-F216-4437-956B-95D147D0D6BB,TAVŞANLI DOÇ DR MUSTAFA KALEMLİ DEVLET HASTANESİ DİŞ TEDAVİ PROTEZ MERKEZİ,Kütahya,Tavşanli,39.49009,29.5492,Kütahya,Correct
8E7AC9A1-6727-4FE7-A6E5-98369461C5F2,TAVŞANLI ECZANESİ,Kütahya,Tavşanli,39.54324,29.48894,Kütahya,Correct
AB3C4EA9-84B4-4DF4-A668-99A940C4E607,PAŞAOĞLU ECZANESI,Kütahya,Merkez,39.42191,29.97401,Kütahya,Correct
8F975F86-8986-4E88-9351-9A831CB2A71D,KÜTAHYA SİMAV YEMİŞLİ AİLE SAĞLIĞI MERKEZİ,Kütahya,Simav,39.24709,28.96496,Kütahya,Correct
243EA4A6-3C25-4A3E-933D-9A9494D42585,KÜTAHYA TAVŞANLI TEPECİK AİLE SAĞLIĞI MERKEZİ,Kütahya,Tavşanli,39.52027,29.45706,Kütahya,Correct
5FA4168D-03F2-4625-ADE4-9ACA874F7FAD,GEDİZ AĞIZ VE DİŞ SAĞLIĞI MERKEZİ,Kütahya,Gediz,38.98988,29.39509,Kütahya,Correct
FA5601E1-5C87-44A6-A664-9B9D1929FEE4,KÜTAHYA ECZANESİ,Kütahya,Merkez,39.43048,29.94617,Kütahya,Correct
D165FC0F-3403-4CF8-9012-9BF33FD13309,ÇARŞI ZEYTİNLER ECZANESİ,Kütahya,Merkez,39.4172,29.98018,Kütahya,Correct
106B26C0-B234-4ABD-872A-9C987ADC6A1E,HAŞMET UYGUN MUAYENEHANESİ,Kütahya,Merkez,39.41918,29.98599,Kütahya,Correct
BB6E40B0-E3F1-47EB-9368-9CB95E29520B,EMET ECZANESİ,Kütahya,Emet,39.08885,28.97704,Kütahya,Correct
C3EA0443-2F8D-4316-8043-9D90469EC3CD,BERK ECZANESİ,Kütahya,Merkez,39.41214,29.98317,Kütahya,Correct
3BF9C0F1-B43F-46D0-9097-A07C33212D7D,KÜTAHYA TAVŞANLI TUNÇBİLEK AİLE SAĞLIĞI MERKEZİ,Kütahya,Tavşanli,39.61457,29.46337,Kütahya,Correct
FF747744-0986-4AC9-8F66-A18331A9213A,HAYAT ECZANESİ,Kütahya,Gediz,38.98919,29.39339,Kütahya,Correct
BDA9CDCC-C20C-4BF6-9D33-A5241CB1B9DC,ÇAVDARHİSAR ECZANE,Kütahya,Çavdarhisar,39.19712,29.61874,Kütahya,Correct
B3F40F02-656A-4D1C-898D-A64CAB99EEB6,NESRİN ECZANESİ,Kütahya,Dumlupinar,39.19348,29.61685,Kütahya,Correct
1FF9257A-A5BC-4114-831A-A73D7F315AEA,ÇINAR ECZANESİ,Kütahya,Simav,39.15568,28.80117,Kütahya,Correct
728C1CE3-96B8-4F21-8EE3-A848AC38036A,ORHAN ZEYTİNOĞLU MUAYENEHANESİ,Kütahya,Tavşanli,39.54177,29.49245,Kütahya,Correct
AF2C8335-2A3B-41B9-89DE-A966EF096CBD,KÜTAHYA MERKEZ YILDIRIM BEYAZIT AİLE SAĞLIĞI MERKEZİ,Kütahya,Merkez,39.4222,29.99611,Kütahya,Correct
A74984FA-4264-4E4E-8701-A995CBAF120C,ARIGÜL ECZANESİ,Kütahya,Gediz,38.9858,29.38483,Kütahya,Correct
3F518344-FFD6-4DBF-BE9D-AA2C87F3139C,SEDA SANCAKTAR MUAYENEHANESİ,Kütahya,Merkez,39.79968,29.61287,Kütahya,Correct
34405CEA-DE2A-4E35-A53E-AA5951661D12,PARK TEKNİK ELEKTRİK MADENCİLİK SAĞLIK BİRİMİ,Kütahya,Tavşanli,39.63005,29.47231,Kütahya,Correct
66E60629-85A4-4BC4-AB07-AAB9D396FFCE,ÖZEL DEREN DİŞ POLİKLİNİĞİ,Kütahya,Merkez,39.41734,29.98026,Kütahya,Correct
9F06E5DB-E9F0-4149-ACE6-ABCA0D0D8373,YAVUZ ECZANESI,Kütahya,Hisarcik,39.25195,29.23016,Kütahya,Correct
BFB0C97B-785C-4E1A-AA90-AC90D7BA5FCB,SEVİNÇ ECZANESİ,Kütahya,Şaphane,39.02593,29.22015,Kütahya,Correct
ABBC8984-733E-47DF-8E75-ACBEB6E873EE,KÜTAHYA DOMANİÇ İLÇE DEVLET HASTANESİ,Kütahya,Domaniç,39.80114,29.60469,Kütahya,Correct
604135D6-60CA-4A17-905F-ACDF0A1E658E,LOKMAN ECZANESİ,Kütahya,Emet,39.33945,29.25852,Kütahya,Correct
4B3A7222-472C-4615-A869-AF3390A03FE1,KÜTAHYA CUMHURİYET AİLE SAĞLIĞI MERKEZİ,Kütahya,KÜTAHYA MERKEZ,39.41732,29.99161,Kütahya,Correct
F3052BBE-1B17-49AD-A313-AFC540B24C58,ALTIPARMAK ECZANESİ,Kütahya,Merkez,39.42401,29.96409,Kütahya,Correct
5F4DCCD2-48EB-4C4B-8F26-B00F93050AAB,KÜTAHYA GEDİZ MERKEZ ULUOYMAK AİLE SAĞLIĞI MERKEZİ,Kütahya,Gediz,38.98861,29.39607,Kütahya,Correct
E537E787-1172-403F-B548-B029094466EF,HÜLYA ECZANESİ,Kütahya,Tavşanli,39.53974,29.49513,Kütahya,Correct
F5357903-FBE6-4B93-AFC3-B1FE46027742,ALTUN ECZANESİ,Kütahya,Merkez,39.39327,30.03116,Kütahya,Correct
BDE3C145-8ADC-43CF-B2FB-B576AE720D5C,BAŞAK ECZANESİ,Kütahya,Altintaş,39.05904,30.10839,Kütahya,Correct
E7D8F001-FAEC-4916-8ECF-B6004B12A85B,NERGİS ECZANESİ,Kütahya,Tavşanli,39.53949,29.49517,Kütahya,Correct
B0D41A67-DB7F-41E8-9106-B60CD8438007,BETÜL ECZANESİ,Kütahya,Merkez,39.42605,29.98707,Kütahya,Correct
421CA1EB-2534-4A3D-BBEA-B82D290FADC2,NAZLI YOLÜÇ KÖSE MUAYENEHANESİ,Kütahya,Merkez,39.4214,29.98688,Kütahya,Correct
6121A7B3-B695-41E9-8FE8-B9FAFBBC4B47,TANRIKULU ECZANESİ,Kütahya,Çavdarhisar,39.1968,29.61808,Kütahya,Correct
92E12800-0C3D-474A-9760-BA0C797C89A4,TUNÇBİLEK ECZANESİ,Kütahya,Tavşanli,39.54762,29.48561,Kütahya,Correct
5AF66D6F-987F-4D99-83D8-BA667CC60851,ZEYBEK ECZANESİ,Kütahya,Merkez,39.08863,28.97809,Kütahya,Correct
E4421C2F-18B4-445D-8D48-BA7C567B6112,KAYA ECZANESİ,Kütahya,Merkez,39.39451,30.02824,Kütahya,Correct
609A7309-5BFA-4960-834F-BBA41AA677E9,ÖZEL ÇAĞDAŞ DİŞ POLİKLİNİĞİ,Kütahya,Merkez,39.41722,29.97869,Kütahya,Correct
575BF6B8-A55C-4702-B370-BC590368CBAA,ÖZEL KÜTAHYA ANADOLU HASTANESİ,Kütahya,Merkez,39.41353,30.00627,Kütahya,Correct
9D0F31EC-AD6B-44B2-B84D-BCD97EF1229C,KÜTAHYA GEDİZ YENİKENT AİLE SAĞLIĞI MERKEZİ,Kütahya,Gediz,38.86938,29.2861,Kütahya,Correct
2C87F5AF-4625-4DB2-9B9F-BE1B818D6F77,MENEKŞE ECZANESİ,Kütahya,Merkez,39.41842,29.98873,Kütahya,Correct
2F675E3A-CC3F-4DFF-9AB4-C095350CADF2,DERMAN ECZANESİ,Kütahya,Gediz,38.9883,29.39416,Kütahya,Correct
FA5C1D22-A88A-4263-8A91-C1A4BCB40F24,TÜFEK ECZANESİ,Kütahya,Simav,39.15658,28.80237,Kütahya,Correct
7CDED09B-1853-46D7-908A-C222E2B99191,CUMHURİYET KONAK ECZANESİ,Kütahya,Merkez,39.42256,29.96241,Kütahya,Correct
9BDFB877-82A3-478A-AD22-C2D75D382009,SİMAV AĞIZ VE DİŞ SAĞLIĞI MERKEZİ,Kütahya,Simav,39.0868,29.00991,Kütahya,Correct
BF78DA3A-2125-42F1-BC45-C5170002377F,ÇİTGÖL ECZANESİ,Kütahya,Simav,41.1031,28.6025,İstanbul,Wrong
544E7EC6-CFEE-496C-8F04-C54AE1A76500,KÜTAHYA TAVŞANLI AĞIZ DİŞ SAĞLIĞI MERKEZİ,Kütahya,Tavşanli,39.54836,29.48846,Kütahya,Correct
E02A04C6-18E8-47C9-87A9-C565B48D74F8,DEĞİRMEN ECZANESİ,Kütahya,Merkez,39.4639,29.95309,Kütahya,Correct
41D04026-F0E0-49CE-AFEA-C6DBE49EBD57,KÜTAHYA MERKEZ ÇARŞI AİLE SAĞLIĞI MERKEZİ,Kütahya,Merkez,39.41772,29.98047,Kütahya,Correct
82927D2A-41BB-4D9B-8C50-C7771FCE60B8,ALİ VOLKAN SEZER MUAYENEHANESİ,Kütahya,Merkez,39.41802,29.98283,Kütahya,Correct
B647935B-B198-4C0A-A5DF-C8AD100188AD,UĞUREL ECZANESİ,Kütahya,Merkez,39.26387,-76.53396,No Info,No Info
CAF66EA7-A48C-4B8D-8315-C90CA9E20D87,ÇELEBİ ECZANESİ,Kütahya,Merkez,39.31517,-76.46556,No Info,No Info
889DC56D-842E-4706-822D-CC3D1FA4B43D,ÖZEL PARKHAYAT KÜTAHYA HASTANESİ ECZANESİ,Kütahya,Merkez,41.0301,29.0197,İstanbul,Wrong
8D0A8584-5165-469A-9BB7-CC5DE733C128,KÜTAHYA GEDİZ DEVLET HASTANESİ,Kütahya,Gediz,38.98769,29.39129,Kütahya,Correct
28F8E1CE-3C4B-4163-A0BF-CDF6E231DD1E,ARIK ECZANESİ,Kütahya,Merkez,39.43138,29.94737,Kütahya,Correct
0A9AF8DD-76A8-4C91-8CF2-D02C5D6454A8,ZELİHA AKSAZ MUAYENEHANESİ,Kütahya,Merkez,39.41786,29.98623,Kütahya,Correct
D2FDDF3E-9A75-4808-98C1-D04D1AFEAD5C,PELİN ECZANESİ,Kütahya,Merkez,39.05777,-76.80876,No Info,No Info
BC5089D6-51A1-4382-811C-D29ECB04CF49,OZAN ECZANESİ,Kütahya,Simav,39.08953,28.97739,Kütahya,Correct
4E0EAE35-5008-4FA8-A809-D2AD03C51755,GÖKKAYA ECZANESI,Kütahya,Tavşanli,39.54169,29.49478,Kütahya,Correct
1AAB1D87-BE84-4B9B-8D1F-D4F844D8DC88,BAHADIR ECZANESİ,Kütahya,Simav,39.08778,28.98095,Kütahya,Correct
CC757720-0607-440C-8408-D6E3A9B0DF61,KÜTAHYA SİMAV MERKEZ ESENEVLER AİLE SAĞLIĞI MERKEZİ,Kütahya,Simav,39.0861,29.0098,Kütahya,Correct
53156AF7-0456-4B0A-9188-D743B73E3535,ERENGÜL ECZANESİ,Kütahya,Merkez,39.40097,30.03521,Kütahya,Correct
8F62DBB6-B35A-4768-86B3-D7961E0B420A,DERMAN ECZANESİ,Kütahya,Simav,39.08903,28.97915,Kütahya,Correct
0D9FFC75-2A92-418B-AA14-D7E924FB93F9,AKYOL ECZANESİ,Kütahya,Tavşanli,39.54802,29.49484,Kütahya,Correct
5C8C3506-104A-481D-918B-D884CE6A5769,ŞİFA ECZANESİ,Kütahya,Merkez,39.41864,29.98244,Kütahya,Correct
7F760D5B-B048-456A-B7C6-D8850ADBBDBA,KÜTAHYA GEDİZ ERDOĞMUŞ AİLE SAĞLIĞI MERKEZİ,Kütahya,Gediz,38.95241,29.40861,Kütahya,Correct
3DB3A9A0-5E25-4F3C-8B3F-DA7F085EA6F7,IHLAMUR ECZANESİ,Kütahya,Merkez,39.42606,29.98723,Kütahya,Correct
384FB999-2659-466D-A974-DA9E1359C859,SEVER GÜNAY MUAYENEHANESİ,Kütahya,Tavşanli,39.54257,29.48735,Kütahya,Correct
10188C16-0503-4CC1-866B-DBA9E05FDEF0,DUMLUPINAR ÜNİVERSİTESİ KÜTAHYA EVLİYA ÇELEBİ EĞİTİM VE ARAŞTIRMA HASTANESİ EK HİZMET BİNASI,Kütahya,Merkez,39.41712,29.992,Kütahya,Correct
124E5C22-6848-41EE-8BF5-DC13941EC627,EYLÜL ECZANESİ,Kütahya,Merkez,39.42596,29.9876,Kütahya,Correct
D0F0759B-AD0A-412C-8442-DC1C68DEA378,ŞEKERCİOĞLU ECZANESİ,Kütahya,Simav,39.08964,28.98493,Kütahya,Correct
B392B4D4-7B34-4090-B4A3-E1D98E37B18F,UYGUN AĞIZ VE DİŞ SAĞLIĞI POLİKLİNİĞİ,Kütahya,Merkez,39.41836,29.98802,Kütahya,Correct
C304DF35-A09C-4DE4-9E53-E2DB0C18628B,KÜTAHYA MERKEZ KÖPRÜÖREN AİLE SAĞLIĞI MERKEZİ,Kütahya,Merkez,39.5095,29.76358,Kütahya,Correct
85E4F80B-D2DB-459D-81C9-E4485D096E30,MERKEZ ECZANESİ,Kütahya,Altintaş,39.0535,30.10832,Kütahya,Correct
F5D493C5-A0FC-49E2-AEA3-E4A7DB0AC6F3,ALİ İHSAN AKINCI MUAYENEHANESİ,Kütahya,Merkez,39.4177,29.98575,Kütahya,Correct
125A62ED-5F76-4574-9299-E4AD28CE393C,AYBİKE ECZANESİ,Kütahya,Merkez,39.41771,29.98047,Kütahya,Correct
4C7F69DC-DCD7-444C-9347-E57690F4E448,BARIŞ ECZANESİ,Kütahya,Merkez,39.80056,29.60916,Kütahya,Correct
3DB66E5D-FB91-42F0-80C3-E6DD94985DE5,MURAT GÜRLEK MUAYENEHANESİ,Kütahya,Gediz,38.9879,29.39507,Kütahya,Correct
D569C90A-6602-40EC-B296-E70683D16FB4,YAŞAM ECZANESİ,Kütahya,Merkez,39.42379,29.96521,Kütahya,Correct
E7804A2F-D53E-4A49-A596-E73C3CF9DDD2,KÜTAHYA ŞAPHANE MERKEZ AİLE SAĞLIĞI MERKEZİ,Kütahya,Şaphane,39.02032,29.21674,Kütahya,Correct
CAA2C70A-7552-4CD6-AD20-E78C7D3F6E4D,KÜTAHYA GEDİZ MERKEZ SALUR AİLE SAĞLIĞI MERKEZİ,Kütahya,Gediz,38.99613,29.38591,Kütahya,Correct
D0DB4AC6-E47F-441D-98DF-E82E190E1767,KÜTAHYA TAVŞANLI MERKEZ ÇUKURKÖY AİLE SAĞLIĞI MERKEZİ,Kütahya,Tavşanli,39.54247,29.51361,Kütahya,Correct
84506364-069A-4538-A844-E864556DBB48,ÖZEL KÜTAHYA ÇINAR DİYALİZ MERKEZİ,Kütahya,Merkez,39.79559,29.61063,Kütahya,Correct
67715A65-BAAA-4DCC-A1BF-E9620787F68F,KÜTAHYA MERKEZ DUMLUPINAR MAHALLESİ AİLE SAĞLIĞI MERKEZİ,Kütahya,Merkez,38.85488,29.9771,Kütahya,Correct
24AC43AB-0D2E-40FB-8DB3-EB5C0FE9C7CA,ORDU ECZANESİ,Kütahya,Tavşanli,39.54605,29.48908,Kütahya,Correct
B5BE8356-714C-4321-8247-EB6A01B54EA3,BAYER ECZANESİ,Kütahya,Merkez,38.98969,29.39493,Kütahya,Correct
C999B81F-50ED-4FC0-9CE1-EB72AC8C721D,EĞMİR ECZANESİ,Kütahya,Merkez,39.40114,30.03514,Kütahya,Correct
89045685-39DC-4599-A017-ED2A81DF2C1F,KÜTAHYA PAZARLAR MERKEZ AİLE SAĞLIĞI MERKEZİ,Kütahya,Pazarlar,38.99491,29.1234,Kütahya,Correct
37D6B2C7-8DD0-4D7C-ACB9-ED7F967B083D,KÜTAHYA GEDİZ ESKİGEDİZ AİLE SAĞLIĞI MERKEZİ,Kütahya,Gediz,39.04021,29.41115,Kütahya,Correct
A3B5CCCF-A548-4865-AA1B-EDC3717EC9FE,NEFES ECZANESİ,Kütahya,Merkez,39.40104,30.03742,Kütahya,Correct
2815083F-0178-4E94-BE80-EE2512FD2879,YASEMİN ECZANESİ,Kütahya,Merkez,38.73043,35.50481,Kayseri,Wrong
D30FA74F-AD68-4A9D-ACF3-EE760633F841,İKBAL ECZANESİ,Kütahya,Merkez,39.43396,29.9598,Kütahya,Correct
04E1EED8-9A64-418E-A420-EF45AD7DF2AE,DERMAN ECZANESİ,Kütahya,Tavşanli,39.05327,-76.81476,No Info,No Info
BF43AAED-BB01-4F9F-8A8B-F1FE9D64A03A,IŞIK ECZANESİ,Kütahya,Merkez,39.42696,29.98843,Kütahya,Correct
21F86AEB-4B5C-4873-9E58-F3314F3F8CF3,GÜNEŞ ECZANESİ,Kütahya,Simav,39.11853,28.94977,Kütahya,Correct
41B18EF9-4458-4E49-A7F1-F37944D49406,ÇİLEK ECZANESİ,Kütahya,Merkez,39.79601,29.61406,Kütahya,Correct
CDFA82D6-C78E-4B88-8282-F5BB2F8AC60A,ÇAVUŞOĞLU ECZANESİ,Kütahya,Merkez,39.40707,30.01064,Kütahya,Correct
2FFA8206-C9B0-44E3-8F46-F6D1C7B7F076,KÜTAHYA TAVŞANLI MERKEZ KAVAKLI AİLE SAĞLIĞI MERKEZİ,Kütahya,Tavşanli,39.54799,29.48772,Kütahya,Correct
132775FA-E7F5-411E-A2BB-F71FAA90BB30,YENİ HAYAT ECZANESİ,Kütahya,Tavşanli,39.54776,29.49541,Kütahya,Correct
DC53AC8F-400A-4F8B-903E-F737FEE3880D,ŞİFA ECZANESİ,Kütahya,Tavşanli,39.54455,29.49101,Kütahya,Correct
DA11BB9D-511C-4AD1-87CC-F7CEB7CDA682,POLEN ECZANESİ,Kütahya,Tavşanli,39.54373,29.48861,Kütahya,Correct
D1916BB4-EC2E-4CD8-BFF1-F917D74E2D00,DÖNMEZ ECZANESİ,Kütahya,Merkez,39.42172,29.97423,Kütahya,Correct
61195931-2382-4252-A439-FBA586BCF918,SILA ECZANESİ,Kütahya,Tavşanli,39.53777,29.50007,Kütahya,Correct
04409D80-0DDE-4442-8E6B-FBDD0C026B1A,HAYAT ECZANESİ,Kütahya,Simav,39.08963,28.97833,Kütahya,Correct
0B2978F0-1A21-4306-BBEC-FC072BABD2C6,TÜFEKÇİOĞLU ECZANESİ,Kütahya,Merkez,39.41788,29.98907,Kütahya,Correct
C9195396-6618-4BA5-A1CA-FD20E321DF19,SİMAV ANADOLU ECZANESİ,Kütahya,Simav,39.08731,28.98079,Kütahya,Correct
32E035F3-B98B-4099-84C1-FD2863EC8D60,ATAKENT ECZANESİ,Kütahya,Merkez,39.41752,29.99468,Kütahya,Correct
0BF9E714-A3BC-4892-839C-FD6FC79F31FA,ARI ECZANESİ,Kütahya,Merkez,39.12887,-76.71396,No Info,No Info
DEEB983A-97E5-4686-8381-FDF3F7935440,ŞAHİN ECZANESİ,Kütahya,Hisarcik,39.24971,29.23166,Kütahya,Correct
94FC62E8-1D82-4D7A-A4E8-FE902D6CED6B,ŞEHİR ECZANESİ,Kütahya,Merkez,39.79422,29.61388,Kütahya,Correct
F5BFE5B5-1F79-42F3-85E9-FF836C50D984,T.C.S.B. KÜTAHYA SAĞLIK BİLİMLERİ ÜNİVERSİTESİ EVLİYA ÇELEBİ E.A.H.,Kütahya,Merkez,39.42869,29.94823,Kütahya,Correct
C5282088-917D-4A32-8B24-FF9931DA4CB6,KÜTAHYA MERKEZ TOKİ AİLE SAĞLIĞI MERKEZİ,Kütahya,Merkez,39.45445,29.9817,Kütahya,Correct
