UnitId,UnitName,CityName,DistrictName,Latitude,Longitude,DetectedCity,Match
29F5EBDC-3853-4ABE-ADEC-008D714D5FB2,ELA ERDOĞAN ALTINARIK MUAYENEHANESİ,Amasya,Merzifon,40.87487,35.45998,Amasya,Correct
C35025BB-3989-49B5-9656-0246A5D04874,LOKMAN HEKİM ECZANESİ,Amasya,Merkez,40.65324,35.80449,Amasya,Correct
EAEE1310-1DED-425C-88F4-02B7D2D6781C,CANDAŞ ECZANESİ,Amasya,Merkez,40.65964,35.83579,Amasya,Correct
FEFFB6E5-CDE2-4E15-87BE-02EE2B9EE9A9,HAZNECİ ECZANESİ,Amasya,Merzifon,40.87488,35.44472,Amasya,Correct
2F3D87FA-355A-49CF-8EE0-04B7191ABB9A,AMASYA MERKEZ İPEKKÖY ASM,Amasya,Merkez,40.60099,35.80928,Amasya,Correct
42F710D2-8FA6-4957-9DCC-05479418E8CB,ARTVİN ECZANESİ,Amasya,Suluova,40.84068,35.65329,Amasya,Correct
9B1F6411-890B-4A3C-A2D1-077881145299,AMASYA MERKEZ 4 NOLU AİLE SAĞLIĞI MERKEZİ,Amasya,Merkez,40.65419,35.80352,Amasya,Correct
10D27A50-D194-4A17-8BD8-07EBAD63793C,MEHMET ZAHİD AKTAŞ MUAYENEHANESİ,Amasya,Suluova,40.82864,35.6507,Amasya,Correct
CD329E9D-F38F-455A-8887-093AE1F735EB,SAĞLIK ECZANESİ,Amasya,Taşova,40.75885,36.32048,Amasya,Correct
2879E28A-9328-4F8F-B62C-09B9857233D2,BESTE ECZANESİ,Amasya,Merkez,40.66079,35.85196,Amasya,Correct
ADCBBAED-D0CB-47DB-9975-0AA4DFCC4AC9,KÜBRA CANSU KARADAYI MUAYENEHANESİ,Amasya,Merkez,40.66517,35.84632,Amasya,Correct
4F3E0D51-E0D7-4361-9BFB-0B632D7DE991,AMASYA MERZİFON 4 NOLU AİLE SAĞLIĞI MERKEZİ,Amasya,Merzifon,40.86679,35.45885,Amasya,Correct
DE75AD76-22DC-44A7-A7FF-0DBE70439745,KADİR ACAR MUAYENEHANESİ,Amasya,Merzifon,40.87115,35.46204,Amasya,Correct
8B160719-CC09-40F4-A741-0E194572577F,AMASYA ECZANESİ,Amasya,Merkez,40.65069,35.8309,Amasya,Correct
31A75C3A-ED9D-4FFF-920D-0E606BE0A395,ŞAHİN ECZANESİ,Amasya,Merzifon,39.44477,-76.29276,No Info,No Info
8F0483F7-A1DA-443F-8BDF-10BA4637A681,MADEN ECZANESİ,Amasya,Merkez,40.65138,35.83254,Amasya,Correct
0DC9586F-C5A6-406E-B229-11E18288CA3F,LÜTFİ VARIŞ MUAYENEHANESİ,Amasya,Merkez,39.40157,-76.35036,No Info,No Info
E6C9856F-631C-4A19-B650-1412D07437C5,AMASYA GÖYNÜCEK İLÇE DEVLET HASTANESİ,Amasya,Göynücek,40.39792,35.52392,Amasya,Correct
250B95DA-F986-431B-9CDB-15400B66F522,KEREM ECZANESI,Amasya,Merzifon,40.86842,35.43971,Amasya,Correct
2CF5EF04-7E8C-43E4-B620-16875062AB06,GÜLFER ECZANESİ,Amasya,Merzifon,40.86557,35.46435,Amasya,Correct
42F71E8E-1CBB-426B-9004-17258CD4ECE9,SEVEN ECZANESİ,Amasya,Merkez,40.65043,35.83029,Amasya,Correct
B620DA17-16C9-46A6-B60F-19196FE1D3EA,MUTLU ECZANESİ,Amasya,Gümüşhaciköy,40.8371,35.64399,Amasya,Correct
EAA60204-DAC9-4CD6-95CC-1A47E4E6CA91,ÇELİK ECZANESİ,Amasya,Merzifon,40.8719,35.46373,Amasya,Correct
035F2082-0070-45D4-9572-1BF06D335B10,GÖKÇE ECZANESİ,Amasya,Taşova,40.75921,36.32262,Amasya,Correct
2E6AE4BC-5D0D-40F8-9A45-1C8BD2E835AE,AMASYA MERKEZ KIZILCA AİLE SAĞLIĞI MERKEZİ,Amasya,Merkez,41.00731,35.11103,Amasya,Correct
C57DBD5B-7B08-4DD4-B878-1D76439801CB,ALPER CANDAŞ MUAYENEHANESİ,Amasya,Merkez,40.65108,35.83249,Amasya,Correct
7A5B4DC0-7AAC-4E14-A6A7-1E2F44F1892F,MÜJDE ECZANESİ,Amasya,Merkez,40.6525,35.82245,Amasya,Correct
E91EEB66-0253-4C76-8262-1FD912266D64,FEVZİ TERZİ MUAYENEHANESİ,Amasya,Merkez,40.65162,35.83309,Amasya,Correct
DAAAB15E-C423-4001-AA79-20730CFEB6EB,YARAR ECZANESİ,Amasya,Gümüşhaciköy,40.85317,35.63229,Amasya,Correct
3C567200-AA0C-4796-B43A-23F7E4A64B8B,CANSARAN ECZANESİ,Amasya,Merkez,40.66682,35.837,Amasya,Correct
6BA7F09C-1FF8-41B9-B0C7-246F53DEC13C,ÖZLÜ ECZANESİ,Amasya,Merkez,40.65018,35.8292,Amasya,Correct
7DBB7DC3-1F7E-4755-AB5B-24E2E66CBF90,ERCÜMENT ÇAYCİ MUAYENEHANESİ,Amasya,Merkez,40.6517,35.83345,Amasya,Correct
FB9B85CA-1CA6-4A54-934E-25552431CEBD,YASEMİN ECZANESİ,Amasya,Merkez,40.65083,35.82952,Amasya,Correct
4F1DE456-B93F-4CAA-98EB-282A0820CC7D,ÜMİT ECZANESİ,Amasya,Merkez,39.18647,-76.63716,No Info,No Info
6896F6CA-424A-4371-B092-282AF82EB0E5,İSTANBUL ECZANESİ,Amasya,Merzifon,40.87918,35.45186,Amasya,Correct
9A87E535-E118-4636-839D-28421A7A3B1D,SERAP SAĞTÜRK MUAYENEHANESİ,Amasya,Merzifon,40.86835,35.46625,Amasya,Correct
2EA85121-42F2-41CB-B48D-2B1BF9765EB8,MERZİFON ECZANESİ,Amasya,Merzifon,40.87923,35.45221,Amasya,Correct
80D25319-AF68-4AC3-913C-2D3BD0098E5F,ENDER TEZEN MUAYENEHANESİ,Amasya,Merkez,40.64993,35.82832,Amasya,Correct
47416BE2-13D8-4D06-98D7-2DE62C689FB0,BAYEZIT ECZANESİ,Amasya,Merkez,40.66295,35.84737,Amasya,Correct
C7A5309D-0BA9-49BA-A46C-32A55B9807C4,AMASYA MERKEZ 1 NOLU AİLE SAĞLIĞI MERKEZİ,Amasya,Merkez,40.65072,35.82424,Amasya,Correct
B50A6D25-0AE1-4789-A25E-35B18F64E56C,ŞENAY BAŞARAN MUAYENEHANESİ,Amasya,Merkez,40.65056,35.83074,Amasya,Correct
A9C12D81-8E9B-4B87-8434-35BF2C2959D2,VİTAMİN ECZANESİ,Amasya,Merkez,40.65146,35.83349,Amasya,Correct
9DFB0900-3115-4752-A33A-35CAEA183EA8,AMASYA SULUOVA 2 NOLU AİLE SAĞLIĞI MERKEZİ,Amasya,Suluova,40.81635,35.66172,Amasya,Correct
A20BEAAC-EC28-48E5-9D14-366AD9BA66CE,AMASYA SULUOVA 1 NOLU AİLE SAĞLIĞI MERKEZİ,Amasya,Suluova,40.81545,35.66052,Amasya,Correct
7B368CDA-36D0-4BFF-926A-36F848355315,BAŞAK ECZANESİ,Amasya,Merkez,39.64187,-76.02996,No Info,No Info
11E31F26-42F2-46B1-858F-39010A314E4C,AMASYA MERKEZ ŞEHİT HÜSAMETTİN GÖKÇE AİLE SAĞLIĞI MERKEZİ,Amasya,Merkez,40.64989,35.82968,Amasya,Correct
8B948065-3C0F-4342-A34E-3927DF11EA58,AMASYA MERKEZ 3 NOLU AİLE SAĞLIĞI MERKEZİ,Amasya,Merkez,40.761,36.31484,Amasya,Correct
4FA96D8B-61DB-4157-B7D7-39EDBCEDBD95,AMASYA TAŞOVA TEKKE AİLE SAĞLIĞI MERKEZİ,Amasya,Taşova,40.71034,36.21055,Amasya,Correct
87A75F94-7915-4B9D-98CE-3A25804FB65E,HAYAT ECZANESİ,Amasya,Gümüşhaciköy,40.827,35.64931,Amasya,Correct
B7CB38C0-FC76-4FCE-A4CF-3AF9E502B0FE,DERMAN ECZANESİ,Amasya,Gümüşhaciköy,40.87417,35.46641,Amasya,Correct
DEB9193C-E215-4812-866F-3B6EECDBAE05,MEDİSAM AĞIZ VE DİŞ SAĞLIĞI POLİKLİNİĞİ MERZİFON,Amasya,Merzifon,40.87609,35.44574,Amasya,Correct
CC7C7B83-5998-4343-A047-3C313A054EC5,AMASYA ŞEKER FABRİKASI,Amasya,Suluova,40.8252,35.64299,Amasya,Correct
D46480FE-597D-4CDB-BAAE-3CE04C6F55DA,GÜNDOĞDU ECZANESİ,Amasya,Merzifon,40.87575,35.45965,Amasya,Correct
BEADE9C8-F005-4DD9-ACC6-4052825386C1,MERKEZ ECZANESİ,Amasya,Gümüşhaciköy,40.81237,35.66322,Amasya,Correct
93908D42-5D95-43A0-A083-42523D2B8DC6,OKAN ÇAY MUAYENEHANESİ,Amasya,Merzifon,40.87133,35.4627,Amasya,Correct
17D53380-E55D-44BC-9298-42986211B144,AMASYA GÜMÜŞHACIKÖY ŞEHİT VURAL GÜL AİLE SAĞLIĞI MERKEZİ,Amasya,Gümüşhaciköy,40.87141,35.22433,Amasya,Correct
5D3EA3FC-1C35-40DF-8257-42DEF2ADAE53,DİLEK ELİAÇIK MUAYENEHANESİ,Amasya,Merkez,40.46284,36.02362,Tokat,Wrong
3D16ECD0-418A-4ACE-84DE-42EA4A3EE68A,AMASYA SULUOVA 4 NOLU AİLE SAĞLIĞI MERKEZİ,Amasya,Suluova,40.82544,35.64446,Amasya,Correct
07A4491B-37C3-4272-B4CB-439224AE40C9,AMASYA MERKEZ TOPLUM SAĞLIĞI MERKEZİ,Amasya,Merkez,40.65849,35.80263,Amasya,Correct
C985A4F8-33A9-482A-93BD-4536536F4B00,ÇİĞDEM ECZANESİ,Amasya,Suluova,40.8684,35.6338,Amasya,Correct
33A997A8-1348-4364-969B-45A54D06DDBC,YUSUF ECZANESİ,Amasya,Merkez,40.64453,35.80527,Amasya,Correct
0C8C9972-C9BC-414B-977B-45B5F5DABC2D,EVRİM ECZANESİ,Amasya,Merkez,40.66269,35.8469,Amasya,Correct
D4EF01E2-28BE-4D2A-941F-46204FCBE8F2,GÜLŞAH ECZANESİ,Amasya,Merzifon,40.86793,35.4666,Amasya,Correct
4A131AAB-27CD-4A78-8241-496258DCC3BA,SEVİL ECZANESI,Amasya,Merkez,40.66706,35.83829,Amasya,Correct
C80F3A30-65BB-4D34-88D4-4B371C665602,ÇİĞDEM ECZANESİ,Amasya,Merzifon,40.88025,35.47237,Amasya,Correct
0AE3CC26-5FA5-4CDE-ACCF-4B7CD58BC594,HUZUR ECZANESİ,Amasya,Merkez,40.65843,35.80697,Amasya,Correct
75D2153A-7EB0-4D7E-A9A8-4B967F539C14,VURAL ECZANESİ,Amasya,Merkez,40.66205,35.84617,Amasya,Correct
8AF02EAD-DF63-4925-A346-4C8F8D9D22E6,AMASYA HAMAMÖZÜ 1 NOLU AİLE SAĞLIĞI MERKEZİ,Amasya,Hamamözü,40.78219,35.02316,Amasya,Correct
B16EE150-D75D-4553-A473-4E4953BAE2AA,AYDINLAR ECZANESI,Amasya,Taşova,40.76055,36.32282,Amasya,Correct
28FC26D6-D380-48AE-B62E-5334BC15EEFC,AMASYA AĞIZ VE DIŞ SAĞLIĞI MERKEZİ,Amasya,Merkez,40.64861,35.83112,Amasya,Correct
F38F97FD-E772-441A-B8CC-5487A02F2D91,AMASYA MERKEZ EZİNEPAZAR AİLE SAĞLIĞI MERKEZİ,Amasya,Merkez,40.56809,36.0638,Amasya,Correct
A77D6EF5-560B-47CD-AF54-54BC3F72C6F7,ZERRİN SÜRMELİ MUAYENEHANESİ,Amasya,Merzifon,40.87099,35.46503,Amasya,Correct
E4A40D5F-ED9E-48B9-9B8E-55A723102383,ARI ECZANESİ,Amasya,Taşova,40.75929,36.32222,Amasya,Correct
FA910C6D-4765-4AF5-9EFB-55B8D05913A5,EVREN ECZANESİ,Amasya,Göynücek,40.39195,35.52144,Amasya,Correct
F8DDB721-099A-486B-850A-56B49E1F7B2D,AMASYA MERZİFON MERKEZ TSM,Amasya,Merzifon,39.63287,-76.04196,No Info,No Info
1199A51B-C0E3-47A5-AC25-5AD18791FDC5,TUĞBA ERDENÖZ KLİNİĞİ,Amasya,AMASYA MERKEZ,40.66115,35.84231,Amasya,Correct
248F1E82-0581-410C-8B22-5B414C9570F9,AMASYA TAŞOVA DEVLET HASTANESİ,Amasya,Taşova,40.75225,36.34006,Amasya,Correct
6BB68CDD-55AD-41DA-A81D-5D2F862DFF64,HATİPOĞLU ECZANESİ,Amasya,Suluova,40.83985,35.6403,Amasya,Correct
D0701038-D6FF-41F5-9A13-5D580BB9ADD1,AMASYA GÖYNÜCEK 1 NOLU AİLE SAĞLIĞI MERKEZİ,Amasya,Göynücek,40.39192,35.52143,Amasya,Correct
A6667AFC-78E0-4F16-B5C7-5F58D3DD2476,HANÇERLİ ECZANESİ,Amasya,Merzifon,40.86776,35.43837,Amasya,Correct
9629C420-A416-45CE-815D-6081BF02D355,YILMAZ ECZANESİ,Amasya,Suluova,40.8275,35.65061,Amasya,Correct
BD5095BA-F28B-4F66-927F-60B72C8C0A1D,AMASYA SULUOVA AĞIZ VE DİŞ SAĞLIĞI MERKEZİ,Amasya,Suluova,40.83626,35.65109,Amasya,Correct
2BDA313C-E7A1-43A5-85C6-60C02D6A3E9A,BÜŞRA ŞAHİN MUAYENEHANESİ,Amasya,Merkez,40.66163,35.84126,Amasya,Correct
C59A063B-22BE-4BC6-93F2-61E197D4BAC5,HATİCE ECZANESİ,Amasya,Suluova,40.82093,35.65716,Amasya,Correct
C785E592-460E-4AD5-B4C2-62599E57A030,MUSTAFA SABRİ SEZER MUAYENEHANESİ,Amasya,Merkez,40.65011,35.82898,Amasya,Correct
6D3F5974-8376-47D2-9DEF-633839182904,BAYHAN PEKİN MUAYENEHANESİ,Amasya,Merkez,40.64972,35.82975,Amasya,Correct
336287B7-69A2-4438-A0AE-634494F3D566,AMASYA ÜNİVERSİTESİ SABUNCUOĞLU ŞEREFEDDİN EĞİTİM VE ARAŞTIRMA HASTANESİ,Amasya,Merkez,40.66242,35.84858,Amasya,Correct
1DA98982-0D40-4DDB-9C35-6379C1502AA8,BÜLENT SUSAM MUAYENEHANESİ,Amasya,Merzifon,40.87193,35.46224,Amasya,Correct
99B098CF-6C3A-4162-8ADC-638BFD91A473,ŞENEL ECZANESİ,Amasya,Merkez,40.65555,35.80868,Amasya,Correct
DE23ACC1-5DCF-4F0A-A832-649E65BBBCFC,GÖKHAN KARA MUAYENEHANESİ,Amasya,Taşova,38.97137,-76.92396,No Info,No Info
A93F6C73-408B-4BF9-9B7E-65675F10B3AF,SAĞLIK ECZANESİ,Amasya,Merzifon,40.88214,35.46,Amasya,Correct
403ABD8C-755E-47C1-8332-66AE082A8257,HİLAL ALTEKİN ECZANESİ,Amasya,Merkez,40.94832,38.70711,Giresun,Wrong
EFBED812-FD9E-46A7-A215-685C07949903,ÖZLEM ECZANESİ,Amasya,Suluova,40.8358,35.64493,Amasya,Correct
F44E9634-F4F5-4E0B-A1D3-686B2E0625B6,GİZEM ECZANESİ,Amasya,Merzifon,40.87594,35.45972,Amasya,Correct
DF29A3C1-20CB-4AA6-BD62-698754AB54D2,CAN VURGUN MUAYENEHANESİ,Amasya,Merkez,40.65138,35.83348,Amasya,Correct
4E2783B4-B275-4920-AD6F-6D3DE4774BA8,AMASYA ÜNİVERSİTESİ SABUNCUOĞLU ŞEREFEDDİN EĞİTİM VE ARAŞTIRMA HASTANESİ RUHİ TİNGİZ EK BİNASI,Amasya,Merkez,40.66152,35.84738,Amasya,Correct
0311E2CF-A6F4-4EBA-A557-6E527FF874C2,YILMAZ ECZANESİ,Amasya,Merkez,40.65003,35.82871,Amasya,Correct
A518191E-A6D4-41C4-9EE1-717B58183A02,EMRAH KAHVECİOĞLU MUAYENEHANESİ,Amasya,Merzifon,40.86837,35.46623,Amasya,Correct
4F262934-91A2-4034-B3F2-724E028BAC73,SAHİL ECZANESİ,Amasya,Merzifon,40.87649,35.46078,Amasya,Correct
74D586BF-C4D7-4012-9593-72746D94B850,ÖZEL DENTAPARK 05 AĞIZ VE DİŞ SAĞLIĞI POLİKLİNİĞİ,Amasya,AMASYA MERKEZ,40.64062,35.80469,Amasya,Correct
3CC68A47-E7CE-4626-B818-72A92C9A8502,HAYAT ECZANESİ,Amasya,Merzifon,40.87121,35.46357,Amasya,Correct
403EDC97-5699-4CE8-9BD9-72ACC610EF26,RECAİ NAYMAN MUAYENEHANESİ,Amasya,Merzifon,40.87134,35.46354,Amasya,Correct
6428E97C-6A94-4C9B-8820-7391A58B91AB,AMASYA ÖZEL ŞİFA TIP MERKEZİ,Amasya,Merkez,40.65192,35.83322,Amasya,Correct
79CB52A1-A747-4FCA-95EB-73FA56E00D5F,ÖZLEM ECZANESİ,Amasya,Merkez,40.60499,35.81113,Amasya,Correct
60016A94-4394-424F-8EB7-75938CD74CEA,ATAŞEHİR ECZANESİ,Amasya,Merkez,40.66881,35.84688,Amasya,Correct
51DF4894-1D4E-4781-9BBB-75E91BD5A79B,SAĞLIK ECZANESİ,Amasya,Merkez,40.65208,35.80168,Amasya,Correct
4B3237E3-BBED-47EA-9530-7723698856F4,TEKNECİ ECZANESİ,Amasya,Merzifon,40.87191,35.45457,Amasya,Correct
BB834B90-614E-435E-8E15-79D8E984D81E,UGUR ECZANESI,Amasya,Merkez,40.65798,35.8382,Amasya,Correct
2E9AE1DF-AEB0-475F-96D2-79EE68FB02B5,YENİ ECZANE,Amasya,Gümüşhaciköy,40.71688,35.61327,Amasya,Correct
C43429A9-F6B3-4F4B-AE1A-7CAA51E68B7B,AMASYA MERZİFON KAYADÜZÜ AİLE SAĞLIĞI MERKEZİ,Amasya,Merzifon,40.88774,35.59784,Amasya,Correct
AA15D748-75C4-44FA-B993-7D5F6BA0BA71,CİVEK ECZANESİ,Amasya,Merzifon,40.87217,35.45553,Amasya,Correct
4AA46EE6-791E-4F83-8874-7EE9CE0F16B9,MUHAMMET ÇİFTÇİ MUAYENEHANESİ,Amasya,Merkez,40.6604,35.84077,Amasya,Correct
E8AEE0D5-52E8-4176-B65F-7F0468F24608,AMASYA GÜMÜŞHACIKÖY MERKEZ TSM,Amasya,Gümüşhaciköy,40.97556,35.08041,Amasya,Correct
120901AC-F501-4EFF-96C9-7F448EA680F0,KÜBRA ECZANESİ,Amasya,Merkez,40.64979,35.81307,Amasya,Correct
6148FE9F-8B10-45DB-8C3B-7F4D08076D4B,TAŞOVA ECZANESİ,Amasya,Taşova,40.75994,36.3232,Amasya,Correct
F76ED1D4-A86F-44AE-B65E-80BC23023003,AMASYA TAŞOVA MERKEZ ASM,Amasya,Taşova,40.75909,36.32105,Amasya,Correct
82861331-5447-4A40-B5B2-812622B518CA,AMASYA MERZİFON KARA MUSTAFA PAŞA DEVLET HASTANESİ,Amasya,Merzifon,40.8713,35.44754,Amasya,Correct
558E9BDB-B487-4978-B4BE-8152E4A0658F,AMASYA MERZİFON 2 NOLU AİLE SAĞLIĞI MERKEZİ,Amasya,Merzifon,40.87185,35.45325,Amasya,Correct
95B0D4F6-66D1-4868-BFD6-82BA20C8FEDE,TİRYAKİOĞLU ECZANESİ,Amasya,Taşova,40.76029,36.32299,Amasya,Correct
B20C2C3C-C356-44CE-A2F6-82F1F03861DD,AMASYA MERKEZ DOKTOR ÖNDER ERDİN AİLE SAĞLIĞI MERKEZİ,Amasya,Merkez,40.65746,35.7962,Amasya,Correct
BC4DA5DB-CF6B-4F79-AD6A-832AB804D003,ÖZNUR ECZANESİ,Amasya,Gümüşhaciköy,40.87514,35.2132,Amasya,Correct
E766C9D5-9F2B-49B8-916D-84435DA88981,ÖZEL AMASYA AGİZ VE DİS SAĞLIĞI POLİKLİNİĞİ,Amasya,Merkez,40.64973,35.82881,Amasya,Correct
987DE86B-82E1-4366-93AD-85537BE1CB6B,MERZİFON ÖZEL D MED DİYALİZ MERKEZİ,Amasya,Merzifon,40.87259,35.4631,Amasya,Correct
3E81ED0E-4483-4D9D-B4A9-85AFDF66FF4C,LAVANTA ECZANESİ,Amasya,Merkez,40.65087,35.82394,Amasya,Correct
554C9200-439B-40CD-90BB-8670FDF85A14,HAKAN ECZANESİ,Amasya,Merzifon,37.71586,30.27568,Burdur,Wrong
AFC566B9-E858-41D3-9887-881FF5038351,AMASYA SULUOVA ERASLAN AİLE SAĞLIĞI MERKEZİ,Amasya,Suluova,40.71459,35.61636,Amasya,Correct
193C37C9-6E9F-4F38-8E6B-88E4C393D430,AMASYA TAŞOVA ESENÇAY AİLE SAĞLIĞI MERKEZİ,Amasya,Taşova,40.66764,36.37979,Amasya,Correct
CEF08517-600F-4B21-96CA-89BCE70F1BEE,ALİ FAİK KAYA MUAYENEHANESİ,Amasya,Merkez,40.66091,35.84071,Amasya,Correct
9343FE18-24F5-4A2F-9FB4-8AAEBC2C01F3,MUAMMER GÜMÜŞ MUAYENEHANESİ,Amasya,Merzifon,40.87513,35.46029,Amasya,Correct
763AF70D-8DCD-40EE-89E4-8C0C6B2F9658,ÖZEL AMASYA DİYALİZ MERKEZİ,Amasya,Merkez,40.65893,35.83561,Amasya,Correct
12A46E6E-FDD4-4339-96B7-8D782FB4C5C9,DERMAN ECZANESİ,Amasya,Merzifon,40.86802,35.43663,Amasya,Correct
1519699B-2ACF-4CE3-9EF5-8EDBB5100D43,MURAT AYDIN MUAYENEHANESİ,Amasya,Merkez,40.65003,35.82894,Amasya,Correct
3BCE29A7-3246-4BFC-9BA7-8F2F4509E4D2,DERMAN ECZANESİ,Amasya,Suluova,40.87417,35.46641,Amasya,Correct
3562D11C-31CA-463A-9217-91978C2E4079,BELMA ÇEKER MUAYENEHANESİ,Amasya,Merkez,40.87867,35.44686,Amasya,Correct
57A4A36D-1C6D-45AC-8496-91AEA50668AA,NURSEN ECZANESİ,Amasya,Merkez,40.65777,35.83769,Amasya,Correct
175B6C83-1BA0-40C9-AA76-9325E0620E4C,SAĞLIK ECZANESİ,Amasya,Gümüşhaciköy,40.87433,35.21425,Amasya,Correct
87826AB2-1AA0-4A1C-9264-9364206C2FCD,ÖZGÜR ECZANESİ,Amasya,Merkez,40.65746,35.79626,Amasya,Correct
4C23088E-1C8D-4CC8-9BB9-9432F21457C6,AMASYA MERKEZ 5 NOLU AİLE SAĞLIĞI MERKEZİ,Amasya,Merkez,40.65788,35.83778,Amasya,Correct
EAAFE038-B596-42EF-B0BD-97BEEE629A17,HAMZA YAZICI MUAYENEHANESİ,Amasya,Merkez,39.34577,-76.42476,No Info,No Info
24A21492-4C69-467B-9A3E-9B484319231F,AMASYA ÖZEL KOLMED HASTANESİ,Amasya,Merkez,36.59884,30.55787,Antalya,Wrong
A750BF30-378A-4A31-BBBC-9BBF30A89BE7,KOÇAK ECZANESİ,Amasya,Merzifon,40.76002,36.32489,Amasya,Correct
7C33848D-9B2C-411A-9CC5-9C2E2BE12302,TÜRKAN NADİRE YEŞİL MUAYENEHANESİ,Amasya,Merkez,40.65093,35.83014,Amasya,Correct
AF2B706B-330A-4DEA-9184-9C4EFD96C659,AMASYA MERKEZ 10 NOLU AİLE SAĞLIĞI MERKEZİ,Amasya,Merkez,40.65846,35.80665,Amasya,Correct
C74AD0BE-EED2-4B5F-B52B-9CF1B8C115A6,AMASYA SULUOVA MERKEZ TSM,Amasya,Suluova,40.83942,35.65249,Amasya,Correct
72ED1CD1-7BC1-4F63-921C-9D2931953A77,AMASYA MERKEZ 6 NOLU AİLE SAĞLIĞI MERKEZİ,Amasya,Merkez,40.64881,35.83268,Amasya,Correct
94E21C1B-4143-4915-A864-9D5E9561A948,GÖNÜL ECZANESİ,Amasya,Merkez,40.64977,35.81307,Amasya,Correct
08204C60-79E0-4228-AEFD-9DBBD55EB688,GONCA ECZANESİ,Amasya,Merkez,40.64445,35.80623,Amasya,Correct
9435DBD2-5504-4DFB-9C86-9E19A41174C2,ALBAYRAK ECZANESİ,Amasya,Merkez,40.65086,35.82415,Amasya,Correct
C6DB72EE-CCB1-4BDB-8A27-9E59A02B907F,AMASYA MERKEZ 2 NOLU AİLE SAĞLIĞI MERKEZİ,Amasya,Merkez,40.6412,35.8085,Amasya,Correct
9F5206CC-7AAD-4EFB-8C3A-A0E84FD2DC6C,EDANUR NAYMAN MUAYENEHANESİ,Amasya,Merzifon,40.87376,35.46244,Amasya,Correct
9FC7D39E-5985-4E37-93B9-A1F1327992AD,AMASYA MERZİFON AĞIZ VE DİŞ SAĞLIĞI MERKEZİ,Amasya,Merzifon,40.64854,35.83098,Amasya,Correct
4C840CDD-7D42-4DB7-B9F7-A48DEC7013F7,AMASYA MERKEZ AYDINCA AİLE SAĞLIĞI MERKEZİ,Amasya,Merkez,40.56332,36.13894,Amasya,Correct
CB9E5E3A-96C2-47D5-B2C4-A5E515811AC7,FATİH ECZANESİ,Amasya,Merkez,40.66166,35.84752,Amasya,Correct
7E111801-F2CB-4665-9A06-A69FF9E71B64,SARAÇOĞLU ECZANESİ,Amasya,Merkez,40.65987,35.85055,Amasya,Correct
627462F1-929D-442B-84EC-A874EB0C9E4B,MUTLU ECZANESİ,Amasya,Suluova,40.8371,35.64399,Amasya,Correct
051EE27C-6E3C-4547-B231-AC299C5D2191,ENES ECZANESİ,Amasya,Merkez,40.64974,35.82514,Amasya,Correct
F6C45580-04D9-4913-B553-AC557AFEA011,KIZIKLI ECZANESİ,Amasya,Suluova,40.82812,35.65315,Amasya,Correct
F2CD5116-861D-486B-A74C-ADDA3CFFDA0C,ZEYNEP ECZANESİ,Amasya,Merkez,40.1416,43.1204,Kars,Wrong
BB03A280-7A4E-4F1D-A463-AF78B32D816D,CANLI ECZANESİ,Amasya,Merkez,40.65989,35.85076,Amasya,Correct
C8858C9D-3359-405D-919C-B18621D47BF2,SAYGIN ECZANESİ,Amasya,Merkez,40.46201,36.02553,Tokat,Wrong
7C4D43CA-3130-4070-A28F-B28B9405803A,ÖZEL DENTOVA AĞIZ VE DİŞ SAĞLIĞI POLİKLİNİĞİ,Amasya,Suluova,40.83455,35.64564,Amasya,Correct
AA34B19D-E53F-4CDC-B20E-B30BAD0E7E21,EDA ERDOĞAN ALTİNARİK MUAYENEHANESİ,Amasya,Merzifon,40.87603,35.46149,Amasya,Correct
21F78447-C56E-4816-B1BF-B375EAFCF7EF,FATİH ACAR MUAYENEHANESİ,Amasya,Suluova,40.83828,35.64788,Amasya,Correct
66B2EF86-6C72-4E94-9402-B3991814A7FE,MUSTAFA BOL MUAYENEHANESİ,Amasya,AMASYA MERKEZ,40.64964,35.81307,Amasya,Correct
5AACF145-F9DA-4A30-9694-B445C08010E9,AMASYA MERZİFON 5 NOLU AİLE SAĞLIĞI MERKEZİ,Amasya,Merzifon,40.87089,35.44488,Amasya,Correct
30D3E954-A7D6-4F10-AC64-B7CDA0D11BCB,MERVE ECZANESI,Amasya,Merzifon,40.7018,35.91171,Amasya,Correct
502E2649-93DB-4090-BD54-B8168ECDFFDF,ERSAN DELİGÖZ MUAYENEHANESİ,Amasya,Gümüşhaciköy,40.87445,35.21407,Amasya,Correct
5EE76AF4-4DCD-406E-A9FE-B82E2B66D41F,AMASYA ANA ÇOCUK SAĞLIĞI VE AİLE PLANLAMA MERKEZİ,Amasya,Merkez,40.65864,35.80487,Amasya,Correct
E0C77C74-A8B8-4D8B-871F-B8ACE8005892,HALUK EKİCİ MUAYENEHANESİ,Amasya,Merzifon,40.87201,35.4634,Amasya,Correct
85EA6A24-DAC9-433A-ACB4-B92EF2862D3E,İLKAY ECZANESİ,Amasya,Merkez,40.64893,35.816,Amasya,Correct
15506363-7943-4375-8B67-B99C4C3CA9E8,AMASYA MERZİFON 1 NOLU AİLE SAĞLIĞI MERKEZİ,Amasya,Merzifon,40.88351,35.45962,Amasya,Correct
DE3D1C51-060C-4A82-9397-BA7CFEBC6478,SÜHA ÖZMUMCU MUAYENEHANESİ,Amasya,Merkez,40.65072,35.83101,Amasya,Correct
8E2F60F3-69E7-431B-8205-BE3309298000,YILDIRIM ECZANESİ,Amasya,Suluova,40.82558,35.64455,Amasya,Correct
1FA4168C-CE6B-4CC9-A4DE-C189DF18293D,ALPEREN BOL ECZANESİ,Amasya,Taşova,40.75913,36.32118,Amasya,Correct
64C0F613-677C-420D-9CDD-C26EAD4BC630,ÇAKIRTAŞ ECZANESİ,Amasya,Suluova,40.82618,35.65381,Amasya,Correct
3742D4FB-8D3F-4300-8311-C3174DC4957B,HAYRUNNİSA KASAP MUAYENEHANESİ,Amasya,AMASYA MERKEZ,40.84035,35.64684,Amasya,Correct
0D2ECD23-1282-406D-90BE-C471B2769270,MERKEZ ECZANESİ,Amasya,Merkez,40.65078,35.83121,Amasya,Correct
CEF1B9A5-74AD-402F-AE0D-C4C305F686CC,AMASYA SULUOVA 5 NOLU AİLE SAĞLIĞI MERKEZİ,Amasya,Suluova,40.81725,35.66292,Amasya,Correct
CB76C260-6485-4644-9F7A-C5EB33D50E2A,HAYAT ECZANESİ,Amasya,Merkez,40.39966,35.52533,Amasya,Correct
B48CD5F4-AD27-43F5-9C8B-C6BFD0204AB6,AMASYA TAŞOVA DESTEK AİLE SAĞLIĞI MERKEZİ,Amasya,Taşova,40.84839,36.18556,Amasya,Correct
4B7BDB90-958E-4F8D-A56C-C89799F63B4C,AMASYA MERKEZ UYGUR AİLE SAĞLIĞI MERKEZİ,Amasya,Merkez,40.56036,35.99923,Amasya,Correct
37D968E0-7B95-4905-813C-C8B45DE68B0B,AMASYA HAMAMÖZÜ İLÇE ENTEGRE HASTANESİ,Amasya,Hamamözü,40.78182,35.02326,Amasya,Correct
A0B86B87-C988-4FFB-A5FA-C9E8162913CE,AMASYA MERKEZ 9 NOLU AİLE SAĞLIĞI MERKEZİ,Amasya,Merkez,40.66595,35.84595,Amasya,Correct
1718FB19-BB0C-4271-BD07-CA11D8212745,SELCEN ÇAKMAK MUAYENEHANESİ,Amasya,Merkez,40.66201,35.84188,Amasya,Correct
45FC3395-17D2-4EEE-B6D4-CB279E91333B,YENİ ECZANESİ,Amasya,Taşova,40.75629,36.32361,Amasya,Correct
5114AAC7-34E7-4856-9BD7-CC0D5B5B5E96,ÖMÜR ECZANESİ,Amasya,Hamamözü,40.78203,35.02228,Amasya,Correct
1F84F782-9F6E-4716-BAD9-CD63F3B8B03E,AŞIK ECZANESİ,Amasya,Merzifon,40.86925,35.46745,Amasya,Correct
06343BBF-C75D-4984-BF28-CDFC7F6F5B23,DEMET ECZANESİ,Amasya,Merkez,40.65292,35.80363,Amasya,Correct
E1A9AE0B-6E7B-4F78-900D-CFA7B84EFA41,AMASYA ŞEHİT JANDARMA UZMAN ÇAVUŞ KADİR ÇAKI SEMT POLİKLİNİĞİ,Amasya,AMASYA MERKEZ,39.30437,-76.47996,No Info,No Info
8C625406-FCBF-4A59-AFC9-D063828CEDAE,MEDET DEMİR MUAYENEHANESİ,Amasya,Merkez,40.65102,35.83202,Amasya,Correct
7765E26A-D988-41FE-B2E4-D285E9425D84,ŞİFA ECZANESİ,Amasya,Gümüşhaciköy,40.65768,35.83577,Amasya,Correct
891052AE-5CAF-45FB-9312-D3A902CFE061,BALCI ECZANESİ,Amasya,Suluova,40.83614,35.64523,Amasya,Correct
6AC4A3C3-755B-4BC8-A396-D3D2A44E200A,DOĞANER ECZANESİ,Amasya,Merzifon,40.86824,35.43809,Amasya,Correct
513999DF-5D1C-4A74-AB9D-D5D699D1EFF5,AMASYA MERZİFON 3 NOLU AİLE SAĞLIĞI MERKEZİ,Amasya,Merzifon,40.87787,35.47127,Amasya,Correct
A3D6748C-1919-4C6C-A334-D616835AAC28,CANAN SAPAN MUAYENEHANESİ,Amasya,Merkez,40.66048,35.84119,Amasya,Correct
E131328D-C9FC-46D3-B808-D70B276480C6,HACIOĞLU ECZANESİ,Amasya,Merzifon,40.87317,35.46257,Amasya,Correct
18D75A0A-2445-4303-9DD4-D861FB5C1E4A,SAVAŞ ALBAYRAK MUAYENEHANESİ,Amasya,Merkez,40.65142,35.83339,Amasya,Correct
15293849-B726-42AE-90A0-D9C3C4205182,DAMLA ECZANESİ,Amasya,Merkez,40.36429,26.70742,Çanakkale,Wrong
4747B749-C86E-4C9A-BA2D-D9C73622082A,OKUDAN ECZANESİ,Amasya,Merzifon,40.87136,35.46356,Amasya,Correct
358B29CE-879E-4EC0-9E8A-D9D125CA2ED0,SERPİL ECZANESİ,Amasya,Suluova,40.8251,35.64425,Amasya,Correct
7B0AFB5D-1DBC-44A7-B2A8-D9D2C0253FD4,ÇAĞATAY ECZANESİ,Amasya,Merkez,40.65265,35.80185,Amasya,Correct
76A64793-C594-4A8E-A847-DA5CF3A1AC48,AMASYA GÜMÜŞHACIKÖY GÜMÜŞ AİLE SAĞLIĞI MERKEZİ,Amasya,Gümüşhaciköy,40.84527,35.17101,Amasya,Correct
1D4BE1D7-C316-41DC-8E1D-DCCCFD6398BA,SERKAN ECZANESİ,Amasya,Suluova,40.81708,35.65953,Amasya,Correct
91FA8BD9-A28B-4439-9AC4-DD5D4722A950,TAHSİN YOLCU MUAYENEHANESİ,Amasya,Gümüşhaciköy,40.874,35.21481,Amasya,Correct
6D039C7A-78F3-4ED5-BE80-DDAE541C3C88,ŞİFA ECZANESİ,Amasya,Merkez,40.65055,35.8307,Amasya,Correct
C66B0433-502B-4058-A143-DE82ED403AFB,TONKUŞ ECZANESİ,Amasya,Suluova,40.81824,35.65931,Amasya,Correct
8ABD6C71-B70F-4DC9-AB08-E352E771C6F2,ERCAN ECZANESİ,Amasya,Merzifon,40.86788,35.4383,Amasya,Correct
2D4A080F-5E45-4E6C-B5F3-E574310DE655,AMASYA MERKEZ 11 NOLU AİLE SAĞLIĞI MERKEZİ,Amasya,Merkez,40.6403,35.8073,Amasya,Correct
DEC3ABD5-149D-4432-B0F6-E58095EEE225,DERMAN ECZANESİ,Amasya,Merkez,40.6507,35.83119,Amasya,Correct
89767FF3-81B1-4200-BA8A-E5ED72461B09,NADİDE GÜRSES TOKATLI MUAYENEHANESİ,Amasya,AMASYA MERKEZ,39.63017,-76.04556,No Info,No Info
BB3507A9-F1DC-4086-9EBD-E688039FDED6,AMASYA GÜMÜŞHACIKÖY DEVLET HASTANESİ,Amasya,Gümüşhaciköy,40.87082,35.22435,Amasya,Correct
73CB7023-85DC-4B09-AF92-E6A8E3F7A038,AYŞEGÜL YAĞIZ ÖZEL MUAYENEHANESİ,Amasya,Merkez,40.66173,35.84748,Amasya,Correct
EA7FD047-8C3D-439A-9BE0-E810A1300106,BERRİN ECZANESİ,Amasya,Merzifon,40.86553,35.46461,Amasya,Correct
5F5A6E7A-7DB5-4DB8-AA55-E8F853C86866,AMASYA MERKEZ HALK SAĞLIĞI MÜDÜRLÜĞÜ,Amasya,Merkez,39.53567,-76.17156,No Info,No Info
804873B0-B110-458C-BB10-EB87B901E8A7,ÇAĞDAŞ ECZANESİ,Amasya,Suluova,40.81618,35.65958,Amasya,Correct
21E50F28-C5A8-4327-88DD-EB8E6A4F5FD3,MERVE ECZANESI,Amasya,Merkez,40.6585,35.80619,Amasya,Correct
A7C3B8A3-80E3-4B51-85B1-EC749997E126,AMASYA İL SAĞLIK MÜDÜRLÜĞÜ 112 KOMUTA MERKEZİ,Amasya,Merkez,40.66132,35.84327,Amasya,Correct
0726F9B4-81F9-44BB-A027-F1E6D5BF8ADD,GÖKMAN ECZANESİ,Amasya,Merkez,40.66234,35.84775,Amasya,Correct
8424AE9E-58FE-4FAF-A334-F3CFFAEB425F,GÜL ECZANESİ,Amasya,Merzifon,40.86752,35.43851,Amasya,Correct
4EE18958-61B8-4C16-8C6E-F3EAA3ADA2EB,AMASYA HAMAMÖZÜ MERKEZ TSM,Amasya,Hamamözü,40.78421,35.01784,Amasya,Correct
EBDA770F-F658-44BB-8D84-F4903143A024,EZGİ ECZANESİ,Amasya,Merkez,39.12077,-76.72476,No Info,No Info
AB12690F-FB16-4278-94E0-F5E5AAF6A30F,YAŞAM ECZANESİ,Amasya,Merzifon,40.86428,35.45811,Amasya,Correct
895C9AFC-C601-4B3C-B2C1-F759CAFC9780,BURÇİN ECZANESİ,Amasya,Gümüşhaciköy,40.87426,35.21627,Amasya,Correct
A0D2F37C-A062-4537-B658-FA61D705AF60,RESUL ŞAHİN MUAYENEHANESİ,Amasya,Suluova,40.82674,35.65112,Amasya,Correct
1EB155C5-BBEF-41CD-9879-FAD35D44B78E,YEŞİLOVA ECZANESİ,Amasya,Merkez,40.66127,35.84772,Amasya,Correct
E70CEE7C-8713-4393-B6BE-FAE166959064,ESRA ECZANESİ,Amasya,Suluova,40.83611,35.64646,Amasya,Correct
3971FCE4-716F-41A9-901B-FC52BFB2168D,AMASYA SULUOVA DEVLET HASTANESİ,Amasya,Suluova,40.82741,35.65338,Amasya,Correct
4135BA39-F2CB-46BA-BDED-FD2B2AA51C1D,AMASYA MERZİFON YENİMAHALLE AİLE SAĞLIĞI MERKEZİ,Amasya,Merzifon,40.87179,35.44608,Amasya,Correct
D9293AF8-45C3-4EBE-8FE9-FD504AF3730C,DİYETİSYEN ESRA BOZKURT MUAYENEHANESİ,Amasya,AMASYA MERKEZ,40.64892,35.80806,Amasya,Correct
3110F84A-D7BA-49CB-8A21-FE1457EE5BAD,VATAN ECZANESİ,Amasya,Merkez,40.64875,35.81586,Amasya,Correct
68D70578-8106-4837-ABF5-FED93D957669,HAKAN YİĞİT MUAYENEHANESİ,Amasya,Merzifon,40.87122,35.46211,Amasya,Correct
2C85151A-5ADD-4371-A069-FEDDAEBCC19F,YENİ ECZANESİ,Amasya,Merzifon,40.88231,35.45995,Amasya,Correct
E6C5EC36-78D1-412E-8969-FF0EAF40BDA5,KILIÇ ECZANESİ,Amasya,Göynücek,40.75994,36.31956,Amasya,Correct
7326F11E-EA19-4060-8AC3-FFC20E8DEE38,GÜNGÖR ECZANESİ,Amasya,Merkez,40.65803,35.83812,Amasya,Correct
