UnitId,UnitName,CityName,DistrictName,Latitude,Longitude,DetectedCity,Match
FCF4772A-50B2-445D-B2FF-00D10028169E,SAĞLIK ECZANESİ,Aksaray,Ağaçören,38.87022,33.91478,Aksaray,Correct
C8DB1561-2401-429B-ADDE-00D29173D69E,SERTDEMİR ECZANESİ,Aksaray,Merkez,38.736,34.04043,Aksaray,Correct
ACE0959C-53D0-456B-A64A-01ECE3894856,AKSARAY MERKEZ ŞEHİT ALİ ÇAKIR AİLE SAĞLIĞI MERKEZİ,Aksaray,Merkez,38.3382,34.00842,Aksaray,Correct
EF2D5AAD-C72E-4E57-A00B-0371298899E4,GÜLSÜN ECZANESİ,Aksaray,Merkez,38.37197,34.01154,Aksaray,Correct
B2C75FC7-3183-4310-A5FC-058B000DE511,AHMET MUHTAR ECZANESİ,Aksaray,Merkez,38.98624,33.84238,Aksaray,Correct
C6E5B0E6-89DE-49C8-B619-060DC5BEC8BB,KÖSELER ECZANESİ,Aksaray,Merkez,38.25629,33.44397,Aksaray,Correct
D9DF4938-A0D0-4602-B9F6-079EEBCFC038,ARİF MEYDAN ECZANESİ,Aksaray,Merkez,38.37405,34.0288,Aksaray,Correct
6276E0DC-3029-4FED-85A4-07E73243773E,MUSTAFA EROĞLU MUAYENEHANESİ,Aksaray,Merkez,38.3725,34.02945,Aksaray,Correct
47ED3276-8DCE-401E-A940-0840125FE718,YENİ KOÇ ECZANESİ,Aksaray,Merkez,38.36799,34.02504,Aksaray,Correct
99A2E3F4-AF68-4A6E-B4FE-085EF6D9E3CD,ALTINDAL ECZANESİ,Aksaray,Merkez,38.39439,33.42228,Aksaray,Correct
F59125A6-5559-430B-81AD-09C44681A195,ESKİL ECZANESİ,Aksaray,Eskil,38.40172,33.41212,Aksaray,Correct
5FF0982F-AC7A-4AEB-BE09-0A510004095C,UMUT ECZANESİ,Aksaray,Merkez,38.24613,33.54624,Aksaray,Correct
A470B71E-ED67-4B82-B556-0E72C10FA2C1,YAŞAR ECZANESİ,Aksaray,Ortaköy,38.73652,34.04085,Aksaray,Correct
EE9A4B44-4FE7-4477-9376-0F82B4664C88,HACI KARACA MUAYENEHANESİ,Aksaray,Merkez,38.37078,34.0251,Aksaray,Correct
B1551694-6B60-4D1B-8F70-11E3574C7CCE,İBRAHİM YÜCEL KÖSE MUAYENEHANESİ,Aksaray,aksaray,40.9542,29.1461,İstanbul,Wrong
5864ADA7-42DC-41DF-9D31-1255A99203E2,MELENDİZ ECZANESİ,Aksaray,Merkez,39.27737,-76.51596,Dundalk,Wrong
661642BD-4F32-4851-B95D-133E91345F90,MUHİTTİN AKDAĞ MUAYENEHANESİ,Aksaray,Merkez,38.37635,34.03254,Aksaray,Correct
81928F8D-640E-4999-8490-138100B20B64,AKSARAY MERKEZ 10 NOLU AİLE SAĞLIĞI MERKEZİ,Aksaray,Merkez,38.41388,33.99384,Aksaray,Correct
B9DC8C5E-596B-4D51-A140-16A31349D16E,ANADOLU ECZANESİ,Aksaray,Merkez,38.33701,34.00767,Aksaray,Correct
62A4B398-EC74-406D-8B30-172B79E9B646,ÇİĞDEM ECZANESİ,Aksaray,Merkez,41.1688,29.05748,İstanbul,Wrong
C8EAA89D-942C-4084-A550-1829EA1EB4E3,AKSARAY ECZANESİ,Aksaray,Merkez,38.36953,33.98217,Aksaray,Correct
70E0A7D8-229C-4B80-A053-18CDEBDC8652,YILMAZ ECZANESİ,Aksaray,Merkez,39.40607,-76.34436,Maryland,Wrong
CF3CDD3E-34A0-41A3-8DDB-1967B7DDC96B,IHLARA ECZANESİ,Aksaray,Güzelyurt,38.24084,34.30026,Aksaray,Correct
6024BF59-AD50-4A24-9784-1C4A766EE26D,BOZKURT ECZANESİ,Aksaray,Merkez,39.39977,-76.35276,Maryland,Wrong
DAE7CB89-EAC6-4BB4-8907-1DC1C2E59BEE,DAĞ ECZANESİ,Aksaray,Merkez,38.36801,34.02753,Aksaray,Correct
570F2166-44B6-4BA4-A509-1E6EEF0EF630,PEREK ECZANESİ,Aksaray,Merkez,40.07856,38.34586,Sivas,Wrong
55D16F9A-C261-4E7B-A9F9-207B8792C4FC,MELİKE ECZANESİ,Aksaray,Merkez,39.14147,-76.69716,Maryland,Wrong
D688E629-1A64-46C1-82C3-21A09FD82800,MEHMET SEVGİ ECZANESİ,Aksaray,Eskil,38.40174,33.41265,Aksaray,Correct
A0E3B2FE-0C8E-48BF-A55E-21C2562CA756,MIZRAK ECZANESİ,Aksaray,Merkez,39.35477,-76.41276,Maryland,Wrong
38EBD9E2-9E4D-4F4F-B7F7-225982CE82AD,SERDAR BAKIRCI MUAYENEHANESİ,Aksaray,Merkez,38.39477,33.4237,Aksaray,Correct
FFB468C6-9C97-4C7E-B1BB-22F372870DDA,AKSARAY MERKEZ SADIK GÜMÜŞSOY AİLE SAĞLIĞI MERKEZİ,Aksaray,Merkez,38.37018,34.0096,Aksaray,Correct
45F3AEDD-2B2C-449E-82B7-23DB7543C356,AKSARAY AĞAÇÖREN AİLE SAĞLIĞI MERKEZİ,Aksaray,Ağaçören,38.87712,33.91793,Aksaray,Correct
8A2A52FB-5DD1-4C83-8E30-24711D3035D9,GÖRGÜLÜ ECZANESİ,Aksaray,Merkez,38.36932,33.99246,Aksaray,Correct
3308C2D1-157D-4F02-8C50-24B9BBF531C3,AKSARAY GÜLAĞAÇ DEMİRCİ ŞEHİT OĞUZ İLKER TOSUN AİLE SAĞLIĞI MERKEZİ,Aksaray,Gülağaç,38.37502,34.28415,Aksaray,Correct
8A79E391-A65C-43FC-BF68-27DFCDF92589,ÖZÇİFTÇİ ECZANESİ,Aksaray,Merkez,39.30887,-76.47396,Maryland,Wrong
75B9EC1D-6C6D-45EA-92E5-2941475507D5,BERENDI ECZANESI,Aksaray,Merkez,38.37015,34.02608,Aksaray,Correct
373FC2C7-7B5E-4903-8F09-2A09757DBA6E,AKSARAY AĞİZ VE DIŞ SAĞLİĞİ MERKEZI,Aksaray,Merkez,38.33237,33.74925,Aksaray,Correct
706DA379-FB46-40DF-99B6-2B228994BE67,TURGUT ECZANESİ,Aksaray,Merkez,36.27007,36.56977,Hatay,Wrong
D989E2AB-E686-49FF-BD45-2C08AFC322C7,YAPILCAN ECZANESİ,Aksaray,Merkez,40.34387,26.68941,Çanakkale,Wrong
E3BD4223-D6FC-4432-AB9B-2CA88801B59A,BÜŞRA KOÇ ECZANESİ,Aksaray,Merkez,38.35119,34.02797,Aksaray,Correct
EB8AA38B-43A0-465C-928D-2CE2DDC9BDDE,İLERİ ECZANESİ,Aksaray,Merkez,38.3715,34.02663,Aksaray,Correct
5DA3D498-8C33-4EF6-BEAD-2E2CD7938443,CANLI ECZANESİ,Aksaray,Merkez,38.37463,34.02888,Aksaray,Correct
5816C3A6-0AF4-4AE0-AC79-2E77BB0172E7,YENİKENT ECZANESİ,Aksaray,Merkez,38.3711,34.03012,Aksaray,Correct
5E8BCA2C-2360-4AB9-B5A0-2FB7AB409227,NUR ECZANESİ,Aksaray,Eskil,38.40171,33.4117,Aksaray,Correct
FDCAB5DE-93CB-4E0C-A1CE-2FF3DE5A85A6,AKYOL ECZANESİ,Aksaray,Eskil,38.40173,33.41376,Aksaray,Correct
773A91CF-9FF0-4B1D-80DA-30E58118D788,ÖZEL AKSARAY HASTANESİ,Aksaray,Merkez,51.41176,77.57733,Малайсары ауылдық округі,Wrong
FAE23D5D-441E-4E98-BE0E-31C59CB72C78,ÖZEL MAYA KADIN VE DOĞUM HASTANESİ,Aksaray,Merkez,38.37265,34.035,Aksaray,Correct
872622F3-B02B-45B2-9EBC-320BFBC77854,AKEL ECZANESİ,Aksaray,Merkez,38.33676,34.03448,Aksaray,Correct
D89BB179-58D8-49B2-BE07-337CBE1E43F0,PANLI ECZANESİ,Aksaray,Ağaçören,38.46239,31.51559,Konya,Wrong
E35FCDEF-B158-40B8-A972-33A6A2738E02,EFE ECZANESİ,Aksaray,Merkez,38.9866,33.84447,Aksaray,Correct
70254477-13BA-41E7-AADB-37A6043FF085,ÖZEL AKSARAY HASTANESİ ECZANESİ,Aksaray,Merkez,40.892,29.3498,İstanbul,Wrong
6394D879-5678-428F-B2C0-37CF254DF076,GÜLAĞAÇ DEVLET HASTANESİ,Aksaray,Merkez,38.39353,33.41977,Aksaray,Correct
0BD300E9-01A3-4734-8700-38B695C7F9DC,TÜZÜN ECZANESİ,Aksaray,Merkez,39.20987,-76.60596,Maryland,Wrong
381DC89F-863D-4746-9AAB-39891E56E03A,KAYMAK ECZANESİ,Aksaray,Merkez,38.37001,34.02488,Aksaray,Correct
D8F91471-CDC1-45CD-80AC-3B501CF2F9B9,MELEK ECZANESİ,Aksaray,Merkez,38.36383,34.03572,Aksaray,Correct
516EF422-649E-47E5-A9E7-3BE2C4054BD6,AKSAY ECZANESİ,Aksaray,Merkez,38.3768,34.02549,Aksaray,Correct
CA431649-1F65-4862-8DA9-3C15770B7743,ÜNSAL ECZANESİ,Aksaray,Merkez,38.37045,34.02582,Aksaray,Correct
C3C800D4-D0DD-462B-A932-3C3943A9B6F2,AKSARAY ORTAKÖY 2 NOLU AİLE SAĞLIĞI MERKEZİ,Aksaray,Ortaköy,38.73288,34.04729,Aksaray,Correct
DDB9C365-9E69-4EB0-99F2-3EB453DB8C82,ÜNLÜ ECZANESİ,Aksaray,Merkez,38.39527,34.01321,Aksaray,Correct
477D3D02-302D-49E9-A111-3F2BD7BDD25D,TEKELİ ECZANESİ,Aksaray,Merkez,38.41245,33.99367,Aksaray,Correct
290026EC-7688-47AB-B5AF-401FE46BF8EB,AKSARAY ÜNV. AKSARAY E.A.H.,Aksaray,Merkez,38.27758,34.37222,Aksaray,Correct
4F1616A6-9DBB-44E8-A20E-40E83CAF6785,VOLKAN ECZANESİ,Aksaray,Merkez,38.93627,-76.97076,Washington,Wrong
518807D6-DAA7-46B3-91E4-418DEDC4D00F,AYSUN ECZANESİ,Aksaray,Merkez,38.37584,34.03562,Aksaray,Correct
EAFE8A38-A317-45CB-B12A-4258740F7115,ULUDENİZ ECZANESİ,Aksaray,Merkez,38.36039,34.01424,Aksaray,Correct
A0F4A547-F355-4FA2-B7D5-42FF2D4F8B82,AKSARAY VEREM SAVAŞ DİSPANSERİ,Aksaray,Merkez,51.41266,77.57853,Малайсары ауылдық округі,Wrong
351A4380-BA00-4527-8CE0-43AA56FF7654,ESKİL DEVLET HASTANESİ,Aksaray,Eskil,38.9232,27.83743,Akhisar,Wrong
128E2CE1-6C59-4163-B6CF-43D83954F935,FEYZANUR ECZANESİ,Aksaray,Ortaköy,38.75528,34.07026,Aksaray,Correct
9B721933-018A-4A22-81FD-44CFA5774111,HASANDAĞI ECZANESİ,Aksaray,Merkez,38.92547,-76.98516,Washington,Wrong
2DD4CC9E-E505-46E7-8253-45995F7E02F8,BELGİN ECZANESİ,Aksaray,Merkez,38.37538,34.03588,Aksaray,Correct
D70685E8-6300-4992-B3DC-48D665528FBA,İSAOĞLU ECZANESİ,Aksaray,Merkez,38.37481,34.02918,Aksaray,Correct
33536D31-C8C6-4176-8F85-48D9B36CC88B,AYAZ MEYDAN ECZANESİ,Aksaray,Merkez,38.36198,33.96258,Aksaray,Correct
1336FE87-5216-41D3-9100-49B322AC9955,DUYGU ECZANESİ,Aksaray,Merkez,38.37151,33.98464,Aksaray,Correct
71E72153-21CD-419B-9199-49F1EF854DE1,AKSARAY ÖZEL İNOVA HASTANESİ,Aksaray,Merkez,38.35865,34.04076,Aksaray,Correct
4FB1996D-41DC-4727-9B81-4CE28E6DFA91,SIMSIKI ECZANESİ,Aksaray,Merkez,38.37633,34.0278,Aksaray,Correct
9344B495-B3FA-43C3-B836-4CED93E7E463,ÖZEL FMC AKSARAY DİYALİZ MERKEZİ,Aksaray,Merkez,38.36903,34.03214,Aksaray,Correct
31710902-E189-4843-B5A7-4F407D430F02,YENİ MUTLU ECZANESİ,Aksaray,Merkez,38.35727,34.01544,Aksaray,Correct
C5DCB3BE-6863-4D7F-A86E-502B95ACED8C,AKSARAY MERKEZ 12 NOLU AİLE SAĞLIĞI MERKEZİ,Aksaray,Merkez,38.3765,34.02752,Aksaray,Correct
1DDB5907-88A9-47B6-B9E7-52D2538D268F,AKSARAY MERKEZ 13 NOLU AİLE SAĞLIĞI MERKEZİ,Aksaray,Merkez,38.35808,34.00121,Aksaray,Correct
9EB9D65F-FD3D-46D6-981D-530F586395F4,YALÇIN ECZANESİ,Aksaray,Merkez,39.36917,-76.39356,Maryland,Wrong
84D86424-CBC1-4179-8625-54CCFBD10F4F,ŞİFA ECZANESİ,Aksaray,Ortaköy,38.73804,34.04217,Aksaray,Correct
31465242-EB60-4F1B-891E-54FEC3766963,ORTAKÖY ECZANESİ,Aksaray,Ortaköy,38.73629,34.04018,Aksaray,Correct
489A28C1-A674-4BCC-AE8A-55276630EA03,ÇOBAN ECZANESİ,Aksaray,Merkez,38.66503,32.92295,Konya,Wrong
83E71333-C523-43F1-8B17-569FCAF4F493,AKSARAY MUZAFFER FİRDEVS CEYLAN ASM,Aksaray,Merkez,38.20618,34.46658,Niğde,Wrong
9B917A9C-873D-421A-BE97-56D233027358,AKSARAY MERKEZ 7 NOLU AİLE SAĞLIĞI MERKEZİ,Aksaray,Merkez,38.35803,34.04706,Aksaray,Correct
BCFDAF34-877F-4BE6-82B7-58CF01ED62A8,HEDİYE ECZANESİ,Aksaray,Merkez,39.11357,-76.73436,Maryland,Wrong
2D347CB2-BC04-4C2B-95EF-59FCDF855DFB,DEVA ECZANESİ,Aksaray,Merkez,38.37172,34.02688,Aksaray,Correct
336C0A1D-5FE4-4B52-9C08-5B74024F414F,BAŞAK ÇOCUK HASTALIKLARI MERKEZİ,Aksaray,aksaray,40.8255,29.03,İstanbul,Wrong
779CFAB0-C143-46CB-9F84-5C21B3A2630F,DERYA ECZANESİ,Aksaray,Merkez,38.37069,34.02576,Aksaray,Correct
8E7B3F06-664C-4867-836D-5D046E57B173,CAN ECZANESİ,Aksaray,Gülağaç,38.73335,34.04196,Aksaray,Correct
A2DF69AE-73A4-4226-9358-5D0672CE09E5,MUTLU KARDEŞ ECZANESİ,Aksaray,Ortaköy,38.73734,34.03977,Aksaray,Correct
BD4F3D7B-812E-4AEF-B39B-5FBAA5296AAD,İNCELİ ECZANESİ,Aksaray,Ortaköy,38.7432,34.04788,Aksaray,Correct
C06A3E59-2F99-466C-B439-60756FCFECDE,DENİZ ECZANESİ,Aksaray,Merkez,38.36009,34.00152,Aksaray,Correct
8D5F2B98-AEB0-4D9E-952D-6159D7022245,SOMUNCU BABA ECZANESİ,Aksaray,Merkez,39.24767,-76.55556,Baltimore,Wrong
6A2F0373-EBEF-44FC-88D1-63B1F0420299,SAĞLIK ECZANESİ,Aksaray,Ortaköy,38.87022,33.91478,Aksaray,Correct
DA54285F-4091-4140-BCAE-645B6591F428,AKSARAY MERKEZ AKÇAKENT AİLE SAĞLIĞI MERKEZİ,Aksaray,Merkez,38.08552,34.02897,Aksaray,Correct
F6E0C713-84CE-4958-8AC0-651969101A90,YUNAK ECZANESİ,Aksaray,Merkez,38.37157,34.00056,Aksaray,Correct
98812448-EF14-4C61-982D-6575441E56C8,BÜŞRA ECZANESİ,Aksaray,Merkez,38.37579,34.0081,Aksaray,Correct
653ECB0E-BF4B-4A07-827F-6588E7B90C2C,AKSARAY ESKİL MERKEZ AİLE SAĞLIĞI MERKEZİ,Aksaray,Eskil,38.39493,33.41508,Aksaray,Correct
B3840305-41FB-4D74-960F-65B21D7BECD7,BARIŞ ECZANESİ,Aksaray,Merkez,38.3827,34.02503,Aksaray,Correct
0A6D3328-77FA-409B-822D-65FDCBA0ADEB,AKSARAY MERKEZ GÜLİZAR MUSA İNCEÖZ ASM,Aksaray,Merkez,38.42391,33.98853,Aksaray,Correct
19A4BB45-B4C8-4C54-AFCB-673D27A0A2CF,AKSARAY MERKEZ HASİNE REŞAT KAHRAMAN ASM,Aksaray,AKSARAY MERKEZ,38.37551,34.03568,Aksaray,Correct
EFBEFAA5-53A7-4DA8-A5B9-67A245B75C27,AKPINAR ECZANESİ,Aksaray,Merkez,38.37436,34.00864,Aksaray,Correct
811B5852-3330-47EB-9ECD-67D2F095A439,MEVLANA ECZANESİ,Aksaray,Merkez,39.56537,-76.13196,Maryland,Wrong
A8FE7B8C-9B61-45B6-BB19-696BF7CDE040,ADNAN ÇİNAL MUAYNEHANE,Aksaray,Merkez,38.40288,33.41452,Aksaray,Correct
A5B22D08-7EDF-4F52-8F6F-6A32E699729D,NİLAY ECZANESİ,Aksaray,AKSARAY MERKEZ,38.73461,34.03751,Aksaray,Correct
1FC724C0-6196-4E9B-A239-6A93CE3AC9F2,MURAT ECZANESİ,Aksaray,Ortaköy,38.7431,34.04928,Aksaray,Correct
239B740C-C73E-4302-BF32-6AED7E3A2FD5,SILA ECZANESİ,Aksaray,Merkez,38.66525,32.92247,Konya,Wrong
430A8176-4221-45B2-9D2B-6BED63553321,EROL ECZANESİ,Aksaray,Merkez,38.3744,34.00825,Aksaray,Correct
DC550B8E-99A3-436F-A6C8-6C2D1585DAA3,KEMALETTİN DEMİRTAŞ MUA.,Aksaray,aksaray,41.1796,29.3321,İstanbul,Wrong
89169177-B504-428F-9B91-6C8AC1951279,TOPRAK ECZANESİ,Aksaray,Gülağaç,38.39308,34.346,Aksaray,Correct
E9573B92-A295-4AF0-9598-6D9A4137FAA9,AKSARAY ORTAKÖY 1 NOLU AİLE SAĞLIĞI MERKEZİ,Aksaray,Ortaköy,38.73694,34.03931,Aksaray,Correct
367FFD96-D95C-4A70-BE01-6FC5AF56D082,VATAN ECZANESİ,Aksaray,Merkez,38.37148,34.0023,Aksaray,Correct
CBCA9A24-9518-455F-A31A-71D72D2DDC7D,GÜLPINAR AİLE SAĞLIĞI MERKEZİ,Aksaray,Gülağaç,38.42286,34.36595,Aksaray,Correct
59195D09-5C19-4DDB-8AB9-7227B7975476,YASEMİN ECZANESİ,Aksaray,Merkez,40.72793,30.39553,Sakarya,Wrong
A9BCE4AB-A883-4418-A8E0-7255B9CFE742,RIDVAN ECZANESİ,Aksaray,Merkez,38.9199,34.03217,Aksaray,Correct
60964F3D-CE18-4827-B4D5-7288B34018B5,YENİ AĞAÇÖREN ECZANESİ,Aksaray,Ağaçören,38.87106,33.9142,Aksaray,Correct
993E0B3D-0A16-4941-BEDE-76E402644081,BİZİM ECZANESİ,Aksaray,Merkez,38.24647,33.54648,Aksaray,Correct
5111F87E-3DD4-4B20-8131-76FF17A85EF2,MUCİZE ECZANESİ,Aksaray,Merkez,38.37344,33.99785,Aksaray,Correct
38C51C3E-E063-42E5-B3E6-781BD2D9684C,YENİ MURAT ECZANESİ,Aksaray,Merkez,38.37062,33.98351,Aksaray,Correct
6D1B3325-24A1-445A-8C41-783ADE5D4F5E,AKSARAY MERKEZ 9 NOLU AİLE SAĞLIĞI MERKEZİ,Aksaray,AKSARAY MERKEZ,38.39322,34.34605,Aksaray,Correct
81C62974-5EE4-4FC3-8165-79F004B63D14,DERMAN ECZANESİ,Aksaray,Merkez,38.37723,34.029,Aksaray,Correct
17AC827D-8F5F-4C64-A408-7A0A526305D2,ÖMÜR ECZANESİ,Aksaray,Merkez,38.37829,34.0288,Aksaray,Correct
1000B5CC-A013-4DFA-9781-7B1BCDE41A60,ANIL ECZANESİ,Aksaray,Merkez,38.38722,34.03034,Aksaray,Correct
64615973-A707-444A-9069-7BA66E1C4337,SERVET DÖNDÜ POLAT ASM,Aksaray,Merkez,38.37546,34.00337,Aksaray,Correct
A05BFD25-6599-4D9F-A69A-7D2B9E1C711E,DİDEM ECZANESİ,Aksaray,Merkez,38.37201,34.02173,Aksaray,Correct
2C7B68C1-FDC9-4A21-9930-7E2DFD833A23,ELİF ECZANESİ,Aksaray,Merkez,38.37425,34.03002,Aksaray,Correct
B1E93788-89FC-4ACC-A8FC-800024A6597B,ÇALIŞKANLAR ECZANESİ,Aksaray,Ortaköy,38.73619,34.0406,Aksaray,Correct
9505ADE7-DF64-4D1B-8DD6-806454ED75FB,AKSARAY MERKEZ MESUDE PEREK AİLE SAĞLIĞI MERKEZİ,Aksaray,Merkez,38.37689,34.02559,Aksaray,Correct
E3E1F8FE-F761-4279-AD85-821F519B5A5B,SELCEN ECZANESİ,Aksaray,Merkez,40.34425,26.68972,Çanakkale,Wrong
2A9113CE-BC14-43AD-81A9-83407DE29480,DİYETİSYEN ESRA UÇAR BESLENME DANIŞMANLIĞI,Aksaray,Merkez,38.66482,32.92346,Konya,Wrong
3AB5FB50-5769-491B-B346-8474215ABF25,AKSARAY MERKEZ 6 NOLU AİLE SAĞLIĞI MERKEZİ,Aksaray,Merkez,38.36778,33.99691,Aksaray,Correct
5D1CAA13-36E9-442C-B5B3-84DB69A6B695,AKALIN AĞIZ VE DİŞ SAĞLIĞI POLİKLİNİĞİ,Aksaray,Merkez,41.17013,29.05896,İstanbul,Wrong
CA762767-CACA-43B5-B2E3-858CE91347AF,BANKAEVLERİ ECZANESİ,Aksaray,Merkez,38.3753,34.00408,Aksaray,Correct
FFE36DEF-4962-4D94-95ED-870FD94A7318,ARATOL AİLE SAĞLIĞI MERKEZİ,Aksaray,Merkez,38.40561,33.39885,Aksaray,Correct
E237315E-178C-46DE-8863-871531DA0EAF,EDA ECZANESİ,Aksaray,Merkez,38.39922,34.02024,Aksaray,Correct
04B7493A-5BBD-4EA4-8C62-8BA554DF1AB8,SADRETTİN SAMAN MUAYENEHANESİ,Aksaray,Merkez,38.25246,33.55173,Aksaray,Correct
3EBFA661-DCFB-4A82-A18B-8D6B64069BB0,SARIYAHŞİ DEVLET HASTANESİ,Aksaray,Sariyahşi,38.96746,33.83767,Aksaray,Correct
2E7C5CB5-E12F-4043-BDB2-91313EC35731,AKSARAY ESKİL BOZCAMAHMUT AİLE SAĞLIĞI MERKEZİ,Aksaray,Eskil,38.20663,33.36036,Aksaray,Correct
C8504A50-0C46-4FF4-B4E9-93457D5AD1B9,YEŞİLYURT ECZANESİ,Aksaray,Merkez,39.10817,-76.74156,Maryland,Wrong
76470A80-252B-48CA-9407-9399C7655219,ASLI SULTAN ECZANESİ,Aksaray,Merkez,38.39554,33.42334,Aksaray,Correct
61CD9BC3-DB47-46C5-9DCE-94044B0946BF,TÜMER ECZANESİ,Aksaray,Sariyahşi,38.96899,33.83993,Aksaray,Correct
69D2D724-06A6-4BAC-9B72-94C0C9C35769,HASAN AKSAY MUAYENEHANESİ,Aksaray,Merkez,40.04784,32.89651,Ankara,Wrong
87662BEB-16EF-48DF-93AD-9559D215E145,AKSARAY MERKEZ ADEM GİRGİN AİLE SAĞLIĞI MERKEZİ,Aksaray,Merkez,38.3621,34.04457,Aksaray,Correct
C0BBDE3E-6FB3-4A05-8E35-95BF09EFA1DF,AKSARAY MERKEZ TAŞPINAR ASM,Aksaray,Merkez,39.37637,-76.38396,Maryland,Wrong
C4F90739-3453-4A98-B298-9670AEFAD1D8,ÜLGEN ECZANESİ,Aksaray,Merkez,38.665,32.92301,Konya,Wrong
994B73F6-36FD-4688-BEB5-97814CAB0B11,ADALET ECZANESİ,Aksaray,Merkez,38.37061,33.98344,Aksaray,Correct
0CD9225D-E551-4308-BB52-98378FEEAC3C,SELÇUK ECZANESİ,Aksaray,Merkez,38.39464,33.42214,Aksaray,Correct
1D88C71F-321A-4E70-AE41-98B3C6021436,AKSARAY MERKEZ MUSA TOPRAK AİLE SAĞLIĞI MERKEZİ,Aksaray,Merkez,39.08567,-76.77156,Maryland,Wrong
318F718A-487E-49DB-9DB5-99638260C358,ÖZLEM ECZANESİ,Aksaray,Merkez,38.36417,34.0367,Aksaray,Correct
18FCBC3C-598F-479C-B157-99FFA6F20BBF,ALTINSOY ECZANESİ,Aksaray,Merkez,38.35849,34.04115,Aksaray,Correct
8E99EEC7-0A85-49C4-9A00-9B1F4803976A,ABDULKADİR BABA MUAYENEHANESİ,Aksaray,Ortaköy,38.73982,34.03844,Aksaray,Correct
0FF4A3AA-6501-41F9-9DDE-9B453D759A97,ELİF HANIM ECZANESİ,Aksaray,Merkez,38.45734,33.92794,Aksaray,Correct
541F86CF-5221-4329-B1DB-9D3F2403F292,FEZA ECZANESİ,Aksaray,Gülağaç,38.39341,34.34612,Aksaray,Correct
297FC163-B1E3-4B27-81E6-9D52BBAEEEED,ŞİFA ECZANESİ,Aksaray,Merkez,38.36993,34.02713,Aksaray,Correct
F832DECC-5216-4185-8E55-9D9FE6159837,MUTLU ECZANESİ,Aksaray,Merkez,38.3694,34.02332,Aksaray,Correct
B09BF1A6-7800-4318-8602-9DC6A9107D28,GAZI ECZANESİ,Aksaray,Merkez,38.37224,34.03515,Aksaray,Correct
13511064-DCCA-4F8B-B2E8-9E9BB8F8BFC4,KARATAY ECZANESİ,Aksaray,Merkez,40.47235,32.65935,Ankara,Wrong
60A6613D-5A1C-47F3-9497-A037113CFAC4,SERCEN SEDA BESLENME VE DANIŞMANLIK,Aksaray,Merkez,38.40198,33.41332,Aksaray,Correct
D32D8C32-B6B1-42DD-85FD-A19B40B9DBD3,SIHHAT ECZANESİ,Aksaray,Merkez,38.38065,34.02782,Aksaray,Correct
04C5F98E-9BC3-4DE7-9434-A1B98A387E45,ÜÇLER ECZANESİ,Aksaray,Merkez,39.61127,-76.07076,Maryland,Wrong
91A52970-FB55-4475-80E9-A228FA540541,AKSARAY ÖZEL İNCİ AĞIZ VE DİŞ SAĞLIĞI POLİKLİNİĞİ,Aksaray,Merkez,38.38695,34.02736,Aksaray,Correct
1E5148C8-4B8A-48A9-8888-A351E823BD62,SEMRA ECZANESİ,Aksaray,Merkez,38.46173,33.76552,Aksaray,Correct
551BF3E5-ADDF-4212-8F6D-A3FBAE40B406,AKSARAY MERKEZ 11 NOLU AİLE SAĞLIĞI MERKEZİ,Aksaray,Merkez,38.37639,34.0277,Aksaray,Correct
1F01430D-6177-4798-9714-A4689673DE24,YENİ IHLARA ECZANESİ,Aksaray,Merkez,38.35765,34.0409,Aksaray,Correct
35E25312-E76B-411E-98DA-A60F30EC5F81,ŞEYMA ECZANESİ,Aksaray,Merkez,38.37831,34.0065,Aksaray,Correct
771C9D7C-D91E-4FE3-9A53-A61515D2402A,DOĞAN ÇELİK MUAYENEHANESİ,Aksaray,Ortaköy,38.73477,34.04193,Aksaray,Correct
B71EC118-743F-48C9-8DD1-A7ADB5489750,EYLÜL ECZANESİ,Aksaray,Merkez,39.06227,-76.80276,Maryland,Wrong
E20E1497-B181-40E1-8D07-A85293AEAEB6,KAHRAMAN ECZANESİ,Aksaray,Merkez,38.36967,34.02609,Aksaray,Correct
4CD58419-351E-4BC0-B48B-A9D25C14AF03,AKSARAY ESKİL EŞMEKAYA AİLE SAĞLIĞI MERKEZİ,Aksaray,Eskil,38.25937,33.44303,Aksaray,Correct
2AF80C9D-91E4-4ABC-BDEE-ABCFAFD5B813,AKSARAY MERKEZ YEŞİLOVA ASM,Aksaray,Merkez,37.50706,29.75348,Burdur,Wrong
201C0B07-BBC6-492A-AD6D-AFBE68F3DFE7,ŞENER KARATAY MUAYENEHANESİ,Aksaray,Merkez,38.37113,34.02759,Aksaray,Correct
3FC577FC-E567-43F0-A2DC-B0BA0F1267C2,AKSARAY MERKEZ SAĞLIK AİLE SAĞLIĞI MERKEZİ,Aksaray,Merkez,38.30081,34.07151,Aksaray,Correct
F27A8C01-9FF0-4C28-B601-B1B982F24513,BEKMEZCİ ECZANESİ,Aksaray,Merkez,38.37471,34.02902,Aksaray,Correct
9B2D3141-AA8B-456D-BFE7-B20D388D19E1,ÖZDİL ECZANESİ,Aksaray,Merkez,38.39404,33.41401,Aksaray,Correct
07BF4C2E-9CFE-42E4-8FA0-B22901825BC4,SEVİNDİK ECZANESİ,Aksaray,Merkez,38.35683,34.01607,Aksaray,Correct
4CA1B6D3-8B33-4662-B25E-B44CB2063110,ÇORAKÇI ECZANESİ,Aksaray,Ortaköy,38.74928,34.04355,Aksaray,Correct
DC11DD5E-1E4E-4DC5-8214-B618DF46A88B,ÖZTÜRK ECZANESİ,Aksaray,Merkez,38.39387,33.4225,Aksaray,Correct
C8E2D06D-8FE3-482F-BD85-B680A74E5B8E,SENA ECZANESİ,Aksaray,Merkez,38.20486,34.17344,Aksaray,Correct
3A731C04-0436-468C-8478-BA828E31BA71,AHMET KAMİL ECZANESİ,Aksaray,Merkez,38.37741,34.0053,Aksaray,Correct
38A70FC1-4EC0-4BD9-BD99-BBBDA15C6692,EMNİYET ECZANESİ,Aksaray,Merkez,38.37287,34.01274,Aksaray,Correct
9CE1881B-E9A1-446B-B573-BCA2FAAB441C,ULUDAĞ ECZANESİ,Aksaray,Merkez,38.36971,33.98224,Aksaray,Correct
2BDFE4E3-59DF-4E0C-BE6D-BD3E50C0673E,SEVGİ ECZANESİ,Aksaray,Merkez,38.37655,34.0289,Aksaray,Correct
D0C36E7C-BF25-4B40-9127-BD80194BFCCA,GÜNDÜZ ECZANESİ,Aksaray,Gülağaç,38.37592,34.28535,Aksaray,Correct
F57F639F-3732-4AA5-976F-C31A533D4F27,YAĞMUR ECZANESİ,Aksaray,Merkez,38.39397,34.34707,Aksaray,Correct
3E1E59A7-5863-4AA7-A961-C3BBFFBC79D8,AKSARAY MERKEZ ÖMER KAŞİF AİLE SAĞLIĞI MERKEZİ,Aksaray,Merkez,38.36419,34.03639,Aksaray,Correct
9F971206-7001-4D18-892D-C3D9451BB4D0,MESUDE ECZANESİ,Aksaray,Merkez,38.37827,34.02078,Aksaray,Correct
EDBC0FE2-EFE7-421A-87E8-C98CFB570B16,YÜMER ECZANESİ,Aksaray,Merkez,38.38061,34.02798,Aksaray,Correct
C9DAE615-C328-4720-B398-CA17BB96F706,GÜNEŞ ECZANESİ,Aksaray,Merkez,38.25659,34.00455,Aksaray,Correct
0C274057-CC0B-43E0-A418-CAD212167CFF,TUĞBA ECZANESİ,Aksaray,Merkez,38.37388,34.01212,Aksaray,Correct
BFEA6902-E533-4C59-965A-CB66E7324B57,KILIÇ ECZANESİ,Aksaray,Merkez,38.37194,34.02671,Aksaray,Correct
5175885A-7719-41FC-9E68-CBA711F6FE65,AKSARAY MERKEZ YUVA AİLE SAĞLIĞI MERKEZİ,Aksaray,Merkez,38.24449,34.15509,Aksaray,Correct
33C1C2CD-13EE-43A2-8934-CCC3FEF668EB,EFLATUN ECZANESİ,Aksaray,Merkez,38.21651,34.20374,Aksaray,Correct
B8A501E6-0D92-4EEB-BC0C-CCDA6932577B,AKSARAY ORTAKÖY DEVLET HASTANESI,Aksaray,Ortaköy,38.742,34.04605,Aksaray,Correct
9C9CDC15-8D41-4913-9852-CD2BF32EE615,DİYETİSYEN AYŞE GÖKTAŞ BESLENME DANIŞMANLIĞI,Aksaray,Merkez,39.67877,-75.98076,Maryland,Wrong
AF591F48-4D18-47A7-841E-CE37463825A5,AKSARAY ÜNİVERSİTESİ EĞİTİM ARAŞTIRMA HASTANESİ MUZAFFER ÇAKIR SEMT POLİKLİNİĞİ,Aksaray,Merkez,38.73497,34.02695,Aksaray,Correct
33F2910D-3838-4B43-8DFB-CE8822F76C81,KOÇ ECZANESİ,Aksaray,Merkez,38.37359,34.01384,Aksaray,Correct
A51A4534-1DF8-4C06-8E30-CF29AB4EC440,AKSARAY MERKEZ TOPAKKAYA AİLE SAĞLIĞI MERKEZİ,Aksaray,Merkez,38.45469,33.92563,Aksaray,Correct
C3A6455F-4E99-4D34-936F-D263948160AA,AKSARAY MERKEZ ARMUTLU AİLE SAĞLIĞI MERKEZİ,Aksaray,Merkez,38.19812,33.8966,Aksaray,Correct
779EC8AC-5C4F-4189-BA20-D2CA90A59B53,AKSARAY SARIYAHŞİ AİLE SAĞLIĞI MERKEZİ,Aksaray,Sariyahşi,38.97867,33.84053,Aksaray,Correct
1525BE4C-EFC0-436F-B5E7-D3738A963724,HALE ECZANESİ,Aksaray,Merkez,38.37467,34.02894,Aksaray,Correct
A2502E28-C53E-42AC-B866-D398415EE0A8,ZEYNEP ŞAHİN BESLENME VE DİYET DANIŞMANLIĞI,Aksaray,Merkez,38.37002,34.02203,Aksaray,Correct
E2A238F3-817D-4827-A9AA-D658A494FE94,ÖZER ECZANESİ,Aksaray,Merkez,38.34192,33.74891,Aksaray,Correct
E54F0A4B-AB40-4033-85F7-D74F85B60622,TAŞPINAR ECZANESİ,Aksaray,Merkez,38.39314,33.41281,Aksaray,Correct
771FC8A7-C526-4B7E-9692-D816E7F77519,YASİN KÖSE MUAYENEHANESİ,Aksaray,Merkez,38.55021,34.50909,Nevşehir,Wrong
B0EF9C57-FD62-4270-A126-D93AC78FB2AC,ÇAĞDAŞ ECZANESİ,Aksaray,Merkez,38.40148,33.41284,Aksaray,Correct
90B8BD6F-2E4F-40B1-A798-D9FF100ED213,AKSARAY MERKEZ YEŞİLTEPE ASM,Aksaray,Merkez,38.4612,33.77276,Aksaray,Correct
70484267-1AF0-4193-8EE3-DCB35E12691B,BUSE ECZANESİ,Aksaray,Merkez,38.3527,34.02826,Aksaray,Correct
8D8A5E3C-45F6-4A76-A83F-DD7E8D2C1458,CİHAN ECZANESİ,Aksaray,Gülağaç,38.39327,34.34607,Aksaray,Correct
F22BA094-F206-4838-B95D-DDF140415F48,NAZLICAN ECZANESİ,Aksaray,Merkez,38.35758,34.01625,Aksaray,Correct
3B56DF49-79E5-4AE0-8B3D-DE74792E8788,AĞAÇÖREN DEVLET HASTANESİ,Aksaray,Ağaçören,38.86974,33.91637,Aksaray,Correct
70316E02-8A92-483B-AC11-E19A18C7B528,DENİZ ÖZTÜRK KARA MUAYENEHANESİ,Aksaray,aksaray,41.02,28.6344,İstanbul,Wrong
42A56EF3-3132-46ED-8061-E1D8AEDB4E54,ÖZEL HASANDAĞI CERRAHİ TIP MERKEZİ,Aksaray,Merkez,38.37651,34.02885,Aksaray,Correct
960DF765-05EA-4E9E-A075-E289AE67AC59,YUNUS EMRE ECZANESİ,Aksaray,Merkez,38.73169,34.0449,Aksaray,Correct
7A2181D6-C1C2-4BF2-9025-E4E9E78DB083,BOZKURT ECZANESİ,Aksaray,Güzelyurt,38.73338,34.04532,Aksaray,Correct
D235E797-3ED8-4CCB-A43E-E563B3D8B4E1,SAĞLIK ECZANESİ,Aksaray,Merkez,39.55547,-76.14516,Maryland,Wrong
F4BE026E-2146-40F6-9AC9-E587E6C15C97,DERVİŞ ECZANESİ,Aksaray,Merkez,38.89757,-77.02236,Washington,Wrong
936176F3-A24E-44BB-8D57-E84749A0DABB,İNOVA ECZANESİ,Aksaray,Merkez,38.35886,34.04124,Aksaray,Correct
CD73CF06-09FE-468C-B735-E8C96504D9DC,SOMUNCUBABA DİYALİZ MERKEZİ,Aksaray,Merkez,38.37689,34.0269,Aksaray,Correct
7F4A4E03-9496-4C48-8D72-E95AAFE9F9D0,ERKAN ECZANESİ,Aksaray,Merkez,38.37208,34.03426,Aksaray,Correct
B4C2309D-D8EF-4229-9A2E-EA8C7B26E0A2,EYÜP SULTAN ECZANESİ,Aksaray,Eskil,39.22067,-76.59156,Baltimore,Wrong
C5520FB7-0F98-4576-8403-EB2CCA320A30,HAYAT ECZANESİ,Aksaray,Merkez,40.5478,41.99921,Erzurum,Wrong
1C3C1966-208C-4856-A804-EC3EB004E21D,LOKMAN ECZANESİ,Aksaray,Gülağaç,38.43654,34.36756,Aksaray,Correct
A015D754-F983-4AD0-A85A-EE7CA2E24108,AKSARAY MERKEZ 17 NOLU AİLE SAĞLIĞI MERKEZİ,Aksaray,Merkez,38.36408,34.03608,Aksaray,Correct
BE62C093-DE7D-4A44-A082-EF0B229E525D,YILDIRIM ECZANESİ,Aksaray,Ortaköy,38.74238,34.04695,Aksaray,Correct
F0F6B889-D027-47EE-B4EC-EF90B45CF2AB,AKSARAY MERKEZ SULTANHANI ASM,Aksaray,Merkez,38.24753,33.54695,Aksaray,Correct
B0260375-CD77-4FCF-84C6-F3A846664FB2,AKKUŞ ECZANESİ,Aksaray,Merkez,38.45824,33.92914,Aksaray,Correct
1DA0664E-448B-469E-A98F-F4B123F2F345,AKSARAY MUSTAFA CENGİZ ABUR AİLE SAĞLIĞI MERKEZİ,Aksaray,Merkez,38.36657,34.019,Aksaray,Correct
719B8CF4-FB81-44C2-8103-F801C41C9BA0,ÖZEL HASANDAĞ CERRAHİ TIP MERKEZİ,Aksaray,Merkez,39.52307,-76.18836,Maryland,Wrong
1DE331FF-2404-4641-88D7-F8CB7A97CBF6,AKSARAY MERKEZ BAĞLIKAYA AİLE SAĞLIĞI MERKEZİ,Aksaray,Merkez,38.50697,33.95035,Aksaray,Correct
26384669-E214-4C20-B54A-FA5ED4FFA591,ŞEN ECZANESİ,Aksaray,Merkez,38.35788,34.03353,Aksaray,Correct
AC8FF7E9-BF62-4D8E-9687-FA8DC002C696,GÜZELYURT ECZANESİ,Aksaray,Güzelyurt,38.27418,34.37593,Aksaray,Correct
15287D86-B6EC-48B2-A1E5-FA8FA15B8AF7,YÜKSEL ECZANESİ,Aksaray,Merkez,38.3951,33.42189,Aksaray,Correct
CF9F4174-0FE6-44D3-8191-FA93AF27126F,FATİH ECZANESİ,Aksaray,Merkez,38.38276,34.02473,Aksaray,Correct
FA1E21B9-7607-436C-A5F0-FC6DA2B938EB,YAŞAM ECZANESİ,Aksaray,Eskil,38.261,33.44438,Aksaray,Correct
5543C191-A1EF-459D-BC45-FE1B319CAE4B,VEFA ECZANESİ,Aksaray,Merkez,39.50417,-76.21356,Maryland,Wrong
AB3BBA04-0A51-4E84-9046-FE5BD84ADF07,AKSARAY GÜLAĞAÇ AİLE SAĞLIĞI MERKEZİ,Aksaray,Gülağaç,38.39466,34.34512,Aksaray,Correct
73A222D3-E3D8-4B1C-9C5D-FFE45C768AFA,HAYAT ECZANESİ,Aksaray,Ortaköy,40.27087,35.25757,Çorum,Wrong
ED22CBDB-356F-453B-8B13-FFE5FD7C9BA4,AKSARAY MERKEZ 16 NOLU AİLE SAĞLIĞI MERKEZİ,Aksaray,Merkez,38.36525,34.00849,Aksaray,Correct
