UnitId,UnitName,CityName,DistrictName,Latitude,Longitude,DetectedCity,Match
2F352417-803B-4DAF-8B05-000E9795FAB0,EDİRNE İPSALA ESETÇE AİLE SAĞLIĞI MERKEZİ,Edirne,İpsala,40.87057,26.44413,Edirne,Correct
8D7FA242-EB0B-48EC-8EF9-005E0EF8A74D,YILDIZ ECZANESİ,Edirne,Enez,40.87058,26.44183,Edirne,Correct
1FD894DA-2F5C-4AC4-855D-009101A7A623,HAYAT ECZANESİ,Edirne,Keşan,40.84606,26.6296,Edirne,Correct
BAB17332-CD6B-4A63-B952-00ECB833D72E,EDİRNE MERKEZ İSTASYON ASM,Edirne,Merkez,40.88018,26.63419,Edirne,Correct
264B0957-8985-48C5-AE5A-01ACC124EE56,KEŞAN DERMAN DİYALİZ MERKEZİ,Edirne,Keşan,40.82697,26.66909,Edirne,Correct
E0B7B41E-D71F-4E97-9B2E-02DCA9FE4560,EDİRNE ENEZ AİLE SAĞLIĞI MERKEZİ,Edirne,Enez,40.71649,26.10414,Edirne,Correct
6B5B3AFB-DCB3-4273-8059-030F8C02BE08,ZEHRA NİHAL DOLGUN ALTINTAŞ MUAYENEHANESİ,Edirne,Merkez,41.66377,26.6014,Edirne,Correct
92AFD503-0B18-40B0-99D0-043C7665DF8F,ÖZEL EKOL HASTANESİ,Edirne,Merkez,41.65224,26.59441,Edirne,Correct
90D090AE-98A6-4DD2-B784-04901F525CEB,KEŞAN DEVLET HASTANESİ İPSALA EK HİZMET BİNASI,Edirne,İpsala,39.33497,-76.43916,No Info,No Info
3F4B3D00-1AC3-4D26-9616-050E4C9A2BFC,KEŞAN 2 NOLU YÖRÜK MAHALLESİ ASM,Edirne,Keşan,40.85326,26.63716,Edirne,Correct
A4865506-8117-45BB-BC64-053F7A7BBA0B,MERİÇ ECZANESİ,Edirne,Merkez,39.40697,-76.34316,No Info,No Info
902753E1-F2E3-4FF8-885F-05A20B1B88CC,ÖMÜR ECZANESİ,Edirne,Keşan,40.85275,26.63188,Edirne,Correct
E2936F45-249A-4BA5-BB40-06E62E87B6EF,BERİL KARAHAN ERSEVEN MUAYENEHANE,Edirne,Merkez,41.01787,28.87039,İstanbul,Wrong
44BDAB64-0AC5-406D-9018-06EA4843C03C,AYSUN SAKA MUAYENEHANESİ,Edirne,Uzunköprü,41.26833,26.68553,Edirne,Correct
CAB80C93-A3A4-48A1-96F5-0725CD192A6D,EDİRNE MERKEZ KARAKASIM AİLE SAĞLIĞI MERKEZİ,Edirne,Merkez,41.52356,26.63906,Edirne,Correct
429CCE5C-64E7-4464-B2CB-078D2DE25FE3,ŞİFA ECZANESİ,Edirne,Uzunköprü,41.26898,26.68468,Edirne,Correct
3135F25A-3AF9-48C6-B34C-07CB14B1907B,UĞUR ECZANESİ,Edirne,Uzunköprü,41.26565,26.68855,Edirne,Correct
46F5C643-9524-419D-BC22-08D9A68ABA99,DERDİMAN ECZANESİ,Edirne,Merkez,41.66537,26.5984,Edirne,Correct
D59AB286-08BB-4C87-B5C1-0A8255E6188F,SAĞLIK ECZANESİ,Edirne,Merkez,41.6738,26.56362,Edirne,Correct
ECBD9AA0-4D0C-4C54-B0A0-0B037DD3631F,BALKAN ECZANESİ,Edirne,Merkez,41.63713,26.61061,Edirne,Correct
A7191858-492B-4E19-AF9A-0BD223498266,ÖZGEN GÖKTAY HÜSEYİNOĞLU MUAYENEHANESİ,Edirne,Merkez,41.66651,26.58436,Edirne,Correct
553E8282-E946-4560-A6CD-0BFF4A14004F,ÖZKAN ÖZVERİM MUAYENEHANESİ,Edirne,Keşan,40.95941,26.63627,Edirne,Correct
F425A2B9-50AB-49BA-9F13-0C35D5C2FD0D,TEKİN ECZANESİ,Edirne,Merkez,41.67011,26.56863,Edirne,Correct
E0874AC3-278D-4CD3-9731-0C85F84131B8,UYSAL ECZANESİ,Edirne,İpsala,40.92209,26.38504,Edirne,Correct
35C51396-B7E6-4194-87CF-0EB585BB502D,ŞAHİN ECZANESİ,Edirne,Merkez,41.67295,26.55559,Edirne,Correct
8B46500A-2889-4E2C-998F-0FC2370E8000,DİDEM BORAL ALTIER MUAYENEHANESİ,Edirne,Merkez,41.67395,26.57977,Edirne,Correct
75856070-F9D2-4249-93DE-0FED2108C5BB,HAYAT ECZANESİ,Edirne,Enez,40.72476,26.08688,Edirne,Correct
12C58F67-4CF6-40D2-8770-107641F89AD9,BACA ECZANESİ,Edirne,Merkez,38.86308,35.53156,Kayseri,Wrong
7CE47A5D-8DFB-42FF-9526-10D5DD7AEE49,ERKİN ECZANESİ,Edirne,Merkez,41.66925,26.58502,Edirne,Correct
46FBB61C-6A25-4A7B-96CD-119C204F538F,ÇEBE ECZANESİ,Edirne,Merkez,41.83945,26.73659,Edirne,Correct
1E9E1782-6F30-40DC-8DD1-11C7FBA4A1EE,BİZİM ECZANESİ,Edirne,Uzunköprü,41.2705,26.70307,Edirne,Correct
BF08EE3B-7C58-43F0-8139-13DC346159C0,AHMET HALUK ÇAYLI MUAYENEHANESİ,Edirne,Merkez,41.67431,26.55344,Edirne,Correct
A386F7D0-CC97-45C6-8409-144A4FBACCEC,UĞUR ECZANESİ,Edirne,Keşan,40.85497,26.63167,Edirne,Correct
5B8BDA6B-F9AB-4FC2-AE35-1478F9EC5EAF,EDİRNE KEŞAN BEĞENDİK AİLE SAĞLIĞI MERKEZİ,Edirne,Keşan,40.92891,26.57241,Edirne,Correct
1C26FEA0-3982-4105-9E9C-14D38FE9C001,EDİRNE MERKEZ ESENTEPE AİLE SAĞLIĞI MERKEZİ,Edirne,Merkez,41.65921,26.59599,Edirne,Correct
642101A3-8F1C-432C-A80F-1501BF5221DE,TÜRKKAL ECZANESİ,Edirne,Keşan,40.84482,26.6294,Edirne,Correct
633CB73B-608F-4509-A310-158264652F37,BASRİ ÖZTÜRK MUAYENEHANESİ,Edirne,Merkez,41.67483,26.55173,Edirne,Correct
7A3345D8-5F34-43A4-A735-15B49A7B7EAB,HAVSA ECZANESİ,Edirne,Havsa,41.54382,26.84113,Edirne,Correct
658BB101-48DC-49A9-A324-168ADA9FE519,SERCAN ULUGÖL MUAYENEHANESİ,Edirne,Merkez,41.67419,26.54995,Edirne,Correct
C3568C7C-34C0-47AD-A508-1973E0FC5FF9,MURAT ECZANESİ,Edirne,Keşan,40.85652,26.62941,Edirne,Correct
9CF2FDA0-3405-4E4B-9621-1984D6232561,RUKİYE KANTAR ECZANESİ,Edirne,Merkez,41.67336,26.58219,Edirne,Correct
E7342BFF-761E-49D4-ACBC-199EAEB7DE82,PAMUK ECZANESİ,Edirne,Merkez,41.67185,26.59359,Edirne,Correct
A6188EED-2F0D-4FF4-9633-19F06A1DEDCF,BABÜRHAN GÜLDİKEN MUAYENEHANESİ,Edirne,EDİRNE MERKEZ,41.66307,26.60213,Edirne,Correct
CDFEC387-EA25-4413-B95E-1BF419611253,VERESELİ CAN ECZANESİ,Edirne,Merkez,41.65281,26.60499,Edirne,Correct
A4869E3B-396D-4223-9994-1D6DCF32D398,EDİRNE LALAPAŞA AİLE SAĞLIĞI MERKEZİ,Edirne,Lalapaşa,41.83908,26.7318,Edirne,Correct
20725C18-6301-4ABD-92B5-1E1127C2D705,TRAKYA ÜNİVERSİTESİ DİŞ HEKİMLİĞİ FAKÜLTESİ HASTANESİ,Edirne,Merkez,38.45673,27.22553,İzmir,Wrong
853B69A2-146C-441E-A8AE-1EEAAD7E615F,SELİN BASKURT KLİNİĞİ,Edirne,Merkez,41.66126,26.60222,Edirne,Correct
8286EC32-B1ED-4C7A-AF8A-1F792D55B4FE,ESRA ÇERAKIL BESLENME DİYET,Edirne,Merkez,41.6633,26.5889,Edirne,Correct
F1F9C196-DF5E-45A7-B07A-204DD5180779,BEYHAN ECZANESİ,Edirne,Lalapaşa,41.55144,26.83355,Edirne,Correct
702726A7-77FF-4A09-9454-20C2D928C0E1,HAYAT ECZANESİ,Edirne,Uzunköprü,41.26903,26.68528,Edirne,Correct
A9C57698-381B-4C82-BB64-20F4B526C504,BİLGE NUR ECZANESİ,Edirne,Keşan,40.84885,26.63754,Edirne,Correct
AF82D9BC-1DF2-4103-A466-2126F8ADA486,AYTİN ECZANESİ,Edirne,Uzunköprü,41.54826,26.82124,Edirne,Correct
72CB5773-354A-43CD-965B-215E3922774C,BAŞAK ECZANESİ,Edirne,Uzunköprü,41.26722,26.68728,Edirne,Correct
47C10ABF-DF9A-48A7-83CA-21AAE1E84A1C,GÜNEŞ ECZANESİ,Edirne,Uzunköprü,41.26839,26.68546,Edirne,Correct
1F3931EF-51A0-4C08-A057-21FCA85FB473,ŞEREN ECZANESİ,Edirne,Merkez,41.6932,26.57529,Edirne,Correct
EB92DBE3-9BEE-4105-B615-2237F035AAF4,TOKER ECZANESİ,Edirne,Keşan,40.84941,26.63688,Edirne,Correct
FE1FB169-6F97-415F-B464-22D3A2869CFF,TAŞKIRAN ECZANESİ,Edirne,Merkez,41.67475,26.55384,Edirne,Correct
2EFB0F4C-C001-4424-B1F6-2442803D320A,VERESELİ MERİÇ ECZANESİ,Edirne,Uzunköprü,41.2681,26.6895,Edirne,Correct
A6509460-C55B-4516-B05F-24B7CF051B0D,SAMİ FURKAN YENİOCAK MUAYENEHANESİ,Edirne,Uzunköprü,41.2685,26.68796,Edirne,Correct
9A8FA8E8-210A-4980-8E66-24C69FDE4D91,FARUK ETKER MUAYENEHANESİ,Edirne,Merkez,41.67534,26.55438,Edirne,Correct
099E47A4-E8EE-4651-ACED-24E2CC540089,ONUR SERDAR KESKİN MUAYENEHANESİ,Edirne,Keşan,40.82787,26.67029,Edirne,Correct
A79623E2-CA3F-4DC0-9166-2555637E1420,EDİRNE MERİÇ KÜPLÜ AİLE SAĞLIĞI MERKEZİ,Edirne,Meriç,41.11074,26.35175,Edirne,Correct
E145C6AE-C585-4A5A-9F90-261CE96B74D1,GÜRKAN ECZANESİ,Edirne,Merkez,41.65279,26.59503,Edirne,Correct
D9A48476-60EA-466B-B91A-261CEB360C74,UZUNKÖPRÜ ECZANESİ,Edirne,Uzunköprü,41.26768,26.6865,Edirne,Correct
D0381533-3307-4BB3-B6E0-2646EE1E7523,EDİRNE MERKEZ HASAN SEZAİ AİLE SAĞLIĞI MERKEZİ,Edirne,Merkez,41.67123,26.55913,Edirne,Correct
777E3A6B-549A-439D-9709-27E1E614F292,HATİPOĞLU ECZANESİ,Edirne,Merkez,41.66969,26.56322,Edirne,Correct
FB9FDFB4-47AD-42D3-8E19-2831115DDE8C,EZGİ ENGİN ECZANESİ,Edirne,Merkez,38.04175,29.88478,Afyonkarahisar,Wrong
74CCFD60-ED39-40D9-92D3-28FEAA681CF0,İPSALA MERKEZ TSM,Edirne,İpsala,40.91803,26.38488,Edirne,Correct
5CF60920-1E1D-4FD8-A4E9-291560C3981A,HATİCE DURSUNOĞLU MUAYENEHANESİ,Edirne,Merkez,41.67599,26.55235,Edirne,Correct
5E2AE212-F70A-4CD9-94DC-291A7AA0391E,EDİRNE MERKEZ GAZİMİHAL AİLE SAĞLIĞI MERKEZİ,Edirne,Merkez,41.67289,26.55253,Edirne,Correct
C06851B9-B141-4668-8586-2A8C813FE3A4,EDİRNE SULTAN 1 NCİ MURAT DEVLET HASTANESİ HAVSA ÜNİTESİ,Edirne,Havsa,41.65881,26.60323,Edirne,Correct
67253C80-8083-4256-A740-2A9FBAFD77BE,SEDEF AĞCABAY ERSÖZ MUAYENEHANESİ,Edirne,Merkez,41.65859,26.5882,Edirne,Correct
55360B69-D5EA-4154-BE23-2B32CCE72831,BÜLENT HALLAÇ MUAYENEHANESİ,Edirne,Havsa,41.54952,26.82195,Edirne,Correct
6615111A-ED8E-4685-B356-2BE0156F512E,ÜNAL EREN MUAYENEHANESİ,Edirne,Merkez,41.76596,26.90807,Edirne,Correct
445794A0-A3D9-4444-BF1B-2BF782234A9B,VAREL ECZANESİ,Edirne,Merkez,39.13337,-76.70796,No Info,No Info
89854158-ACB4-419C-ACC9-2C715C942287,UZUNKÖPRÜ DEVLET HASTANESİ EK BİNASI,Edirne,Uzunköprü,41.26429,26.68748,Edirne,Correct
51FD595E-E3EA-4932-AB63-2DCACB5E761C,NAR ECZANESİ,Edirne,Merkez,41.02054,28.84229,İstanbul,Wrong
EFD41B74-A17A-4F31-8D93-2E80D5A0159D,MECHMET MEMET MUAYENEHANESİ,Edirne,İpsala,40.91964,26.38219,Edirne,Correct
2A3D2E91-84B0-4129-B8D7-2EA0ED712266,EDİRNE KEŞAN 8 NOLU AİLE SAĞLIĞI MERKEZİ,Edirne,Keşan,40.86522,26.62982,Edirne,Correct
3D5D448D-8C48-4FC6-B6C2-2EA729013BEB,YALÇIN ATAY MUAYENEHANESİ,Edirne,Merkez,41.67527,26.55628,Edirne,Correct
7A1E8C2E-D647-4713-9EA2-2F05C741AA40,MODAVİZYON TEKSTİL SAĞLIK BİRİMİ,Edirne,Merkez,39.16127,-76.67076,No Info,No Info
ADF37A07-2155-4DED-A414-30AFF89DDB06,KAYA ECZANESİ,Edirne,Merkez,41.67423,26.56278,Edirne,Correct
796867F0-1DA1-44DB-87F3-31B6767DBED8,DERMAN ECZANESİ,Edirne,Havsa,41.54977,26.82211,Edirne,Correct
AE7F5A32-CE0F-4844-857D-33769E40E41F,EDİRNE MERİÇ MERKEZ AİLE SAĞLIĞI MERKEZİ,Edirne,Meriç,41.19115,26.39627,Edirne,Correct
274736AB-1648-4B4C-8D85-353EEE4264AF,ÖZDEMİR ECZANESİ,Edirne,Merkez,40.66416,26.06874,Edirne,Correct
A681747E-093B-4A4B-85D3-36CCBE814C95,TRAKYA ECZANESİ,Edirne,Merkez,41.67553,26.5584,Edirne,Correct
34424256-8FF1-49FC-B3D8-37F6AC27CD79,BİRGÜL ECZANESİ,Edirne,Keşan,40.85306,26.63242,Edirne,Correct
E2EA2B34-9918-486F-9634-3848D17CC6EE,EDİRNE KEŞAN 1 NOLU AİLE SAĞLIĞI MERKEZİ,Edirne,Merkez,40.85007,26.63824,Edirne,Correct
05B9E186-8087-4A3A-9462-38A5D358032A,DEVA ECZANESİ,Edirne,Uzunköprü,41.2671,26.68748,Edirne,Correct
D8446AB5-9BA1-4125-82AA-39DEB6200136,EDIRNE KEŞAN DEVLET HASTANESI,Edirne,Keşan,40.83397,26.63324,Edirne,Correct
9154CA57-F455-49C9-B827-3A5A26C2CE6E,TUFAN ECZANESİ,Edirne,Uzunköprü,41.21186,26.68041,Edirne,Correct
A216C6E8-CAA2-4AF6-92E3-3A6DB1C4F1A2,AKIN ECZANESİ,Edirne,Merkez,41.67627,26.5529,Edirne,Correct
52266A12-7B42-47B2-A101-3DDC79AE7A4A,UYSAL ECZANESİ,Edirne,Keşan,40.83487,26.63444,Edirne,Correct
17198D42-C168-4845-8D72-3EEE07A6C1C7,ŞİMŞEK ECZANESİ,Edirne,Merkez,41.678,26.55603,Edirne,Correct
F7FC7ADF-067B-4EF6-AE0F-3F02742F851E,EDIRNE AĞİZ VE DIŞ SAĞLİĞİ MERKEZI,Edirne,Merkez,41.7335,27.22137,Kırklareli,Wrong
4810C7E8-F778-4B5D-A7ED-3F7AB16E97B7,EDİRNE MERKEZ KUTLUTAŞ AİLE SAĞLIĞI MERKEZİ,Edirne,Merkez,41.65282,26.59638,Edirne,Correct
9BB8EF2C-2BCA-4D2C-93D0-3F883E1BB5AF,UMUT ECZANESİ,Edirne,Merkez,41.66381,26.59231,Edirne,Correct
02FE30E6-2042-4D4D-BA99-3FF7E54FAF47,ALİ KÖSE MUAYENEHANESİ,Edirne,Uzunköprü,41.26907,26.68418,Edirne,Correct
B04F5BFC-6243-49BA-ACED-42A2BBDEEB2C,HATİCE AKYOL MUAYENEHANESİ (MED-DENT),Edirne,EDİRNE MERKEZ,41.67509,26.55115,Edirne,Correct
A018582D-ACB5-4618-AB1D-4402EB7F74DA,EREN KESER MUAYENEHANESİ,Edirne,Keşan,40.85865,26.63173,Edirne,Correct
6F6599D2-D1C1-4826-AB34-44D23738441B,ENEZ DEVLET HASTANESİ,Edirne,Enez,40.72504,26.08456,Edirne,Correct
E5DB733F-1C35-42EA-8F8F-46F38DF33CE6,SULTAN ECZANESİ,Edirne,Keşan,40.85573,26.62942,Edirne,Correct
41FDDD7F-917E-4CB4-9ECB-476C2CDF1FE9,UZUNKÖPRÜ MERKEZ TSM,Edirne,Uzunköprü,41.2607,26.6867,Edirne,Correct
AD76A6D2-A64F-4B09-919B-480245FC5D86,PETEK ECZANESİ,Edirne,Havsa,41.54596,26.83001,Edirne,Correct
11F78054-43EF-49E6-BCB0-48D7A7DCF33A,EDİRNE ECZANESİ,Edirne,Merkez,39.01817,-76.86156,No Info,No Info
B1B57961-D1A5-46DF-A179-494AF73144B6,BAKSEL AY TEMELLİ MUAYENEHANESİ,Edirne,Merkez,41.65984,26.59227,Edirne,Correct
FC5C708B-CDD2-4B1C-9CCF-4AAC88A64565,ESEN AYDOĞDU MUAYENEHANESİ,Edirne,Merkez,41.65954,26.58577,Edirne,Correct
AA7974FD-C1F7-4900-BA44-4AF32AD23E73,MENGÜHAN ARAZ ALTAY MUAYENEHANESİ,Edirne,Merkez,41.67318,26.57902,Edirne,Correct
488DA2D6-E696-4C30-A9B3-4B1C3AAA666C,SÜLEYMAN ENGİN YÖRÜK-SACİDE YÖRÜK MUAYENEHANESİ,Edirne,Keşan,40.8538,26.63156,Edirne,Correct
067B0E76-BA3C-4339-85F7-4B7EE0AC3146,SİMGE BESLENME VE DİYET DANIŞMANLIĞI,Edirne,Merkez,39.26747,-76.52916,No Info,No Info
924D9AE1-16C4-407A-85A5-4C639BFD6CBC,LALAPAŞA İLÇE ENTEGRE HASTANESİ,Edirne,Lalapaşa,41.83927,26.7342,Edirne,Correct
A706DACD-8CC1-4120-88C4-4CFF1A172A18,FIÇICIOĞLU ECZANESİ,Edirne,Merkez,40.97849,28.72238,İstanbul,Wrong
AA25340C-4CDD-4A76-8E04-4D9EB5925F33,ALTIERLER ECZANESİ,Edirne,Merkez,41.65449,26.59618,Edirne,Correct
45CEF048-4C24-4489-A457-4E391A76F908,KURAN ECZANESİ,Edirne,Keşan,40.84975,26.62785,Edirne,Correct
D49C8DC5-D500-4337-AB1A-4F3C1E4D8610,ARZU ECZANESİ,Edirne,Uzunköprü,41.26972,26.68531,Edirne,Correct
2B486061-E3FC-4CC5-8E98-4FAE2AE175EA,EDİRNE KEŞAN PAŞAYİĞİT AİLE SAĞLIĞI MERKEZİ,Edirne,Keşan,40.94631,26.63691,Edirne,Correct
0D0B68C6-2AB1-4AA8-89C7-507D670560F3,MURAT ECZANESİ,Edirne,Merkez,41.67527,26.56107,Edirne,Correct
A6127307-267E-4FAF-91EE-51EF8CDF2E9F,GÜVEN ECZANESİ,Edirne,Keşan,40.85293,26.6322,Edirne,Correct
5BA7BE95-3089-45A0-8CF4-5272407FA87C,MERİÇ ECZANESİ,Edirne,Keşan,40.85299,26.63231,Edirne,Correct
143D2A56-97F3-4AF3-A17A-53B312BF902E,TURGAY REDZHEB MUAYENEHANESİ,Edirne,Keşan,40.85313,26.63329,Edirne,Correct
4791F4AA-2228-4BAD-B9A6-53C86D9AC0F0,GÖLEMEN ECZANESİ,Edirne,Keşan,40.85302,26.63235,Edirne,Correct
92803AD2-EA4A-4E6B-9C63-5685115A60C2,GÜLHAN ERDİNÇLER GENÇEL KLİNİĞİ,Edirne,EDİRNE MERKEZ,41.66234,26.57138,Edirne,Correct
4662E6D1-1C68-444C-88D0-57189C923CBD,EDİRNE KAMU HASTANELERİ BİRLİĞİ GENEL SEKRETERLİĞİ,Edirne,Merkez,41.69215,26.57572,Edirne,Correct
32682E14-EFCB-4D41-B238-5AB6746CD3F2,REYHAN ECZANESİ,Edirne,Merkez,41.67486,26.56147,Edirne,Correct
A0A767C8-18E3-415C-8BAA-5B406CCDEBDD,TEKİN SAYINBAŞ MUAYENEHANESİ,Edirne,Merkez,41.67378,26.5525,Edirne,Correct
F35487C6-A5BD-4D31-AA6A-5B5866C2303D,AYTAÇ ECZANESİ,Edirne,Merkez,41.67699,26.54681,Edirne,Correct
67A16C4E-500D-4D88-9DCB-5B5BA247E2D9,DENİZ ECZANESİ,Edirne,Merkez,41.67443,26.56226,Edirne,Correct
C1C13E81-749B-415F-8A2C-5BD347171892,SÜLOĞLU DEVLET HASTANESİ,Edirne,Süloğlu,41.67634,26.5651,Edirne,Correct
8807BDAD-9102-4E27-8E64-5CF24B638F54,DENİZ ECZANESİ,Edirne,Keşan,40.84879,26.62795,Edirne,Correct
73DD8FB6-34B4-4568-955D-5DFA7A93E57A,EBRU ECZANESİ,Edirne,Keşan,40.85214,26.63206,Edirne,Correct
92640940-63EC-4FE2-A06D-5E04578DAAD7,ÖZEL DİYAMAR DİYALİZ MERKEZİ,Edirne,Merkez,41.67007,26.58607,Edirne,Correct
4D7BA596-6116-4C0C-AAF0-5E4798B15EDF,ÇİFTÇİ ECZANESİ,Edirne,Merkez,41.16811,29.05708,İstanbul,Wrong
E8BDCBC3-DBED-4B0E-BBA0-5EB8FDFA2626,EDİRNE MERKEZ FATİH AİLE SAĞLIĞI MERKEZİ,Edirne,Merkez,41.66749,26.59945,Edirne,Correct
F0753D91-BD05-4DE3-8125-5F68E9BFE685,GÜN ECZANESİ,Edirne,Havsa,41.54941,26.82107,Edirne,Correct
6D5B1FAF-5521-4C9F-913C-620E9F48EB4D,UZUN ECZANESİ,Edirne,Merkez,41.66627,26.5996,Edirne,Correct
956D029D-C820-4327-8EAC-633AAFB8E514,ESRA ÇELAKIL MUAYENEHANESİ,Edirne,Merkez,41.67795,26.56528,Edirne,Correct
09ACB1E5-A4E5-4CFE-8F0D-64A83E271DE3,EDİRNE HAVSA 1 NOLU AİLE SAĞLIĞI MERKEZİ,Edirne,Havsa,41.55056,26.81634,Edirne,Correct
913F1C23-70DE-46EA-B0B4-65B7C0F65E4D,ÖZEL SAROS AĞIZ VE DİŞ SAĞLIĞI POLİKLİNİĞİ,Edirne,Keşan,40.8522,26.63529,Edirne,Correct
7273AE5B-C29C-4242-B323-65BB1A3BDFED,ÖZGE ECZANESI,Edirne,Uzunköprü,41.26719,26.68734,Edirne,Correct
28C54169-2686-432D-9027-6822A4A70A2C,KUTLUTAŞ ECZANESİ,Edirne,Merkez,41.65087,26.59405,Edirne,Correct
301A22DC-4976-401F-837B-6824F56E617C,SİMGE ECZANESİ,Edirne,Keşan,40.86179,26.62985,Edirne,Correct
876650A4-86CE-44AC-8E70-6955461B23A7,EDİRNE KEŞAN 7 NOLU AİLE SAĞLIĞI MERKEZİ,Edirne,Keşan,40.84732,26.6408,Edirne,Correct
FE76E457-76F1-403F-914E-6AE586FEDD3C,AYDIN KAYA MUAYENEHANESİ,Edirne,Merkez,41.83854,26.73321,Edirne,Correct
A16A1502-5C93-4ED6-B989-6B3122C3FAE3,EDİRNE MERKEZ KIYIK AİLE SAĞLIĞI MERKEZİ,Edirne,Merkez,41.67729,26.56664,Edirne,Correct
F2CBC248-47DF-4462-842D-6ED2850E76C2,NİHAT EREN-AYTEN EREN MUAYENEHANESİ,Edirne,Merkez,41.67419,26.54994,Edirne,Correct
350AF39B-8FB9-437A-A1EC-6F99814E134F,BELGİN ECZANESİ,Edirne,Merkez,41.68247,26.52752,Edirne,Correct
B4CF5644-49B1-4B3A-8A12-6FBB93DCC8E7,YAVUZ ECZANESI,Edirne,Uzunköprü,41.26787,26.6862,Edirne,Correct
AF0D3543-A249-48B3-8B1E-6FD49F28C27F,HAYRANİ-NEVZAT TABAK MUAYENEHANESİ,Edirne,Merkez,38.98577,-76.90476,No Info,No Info
D04E87C4-81CD-4FE6-B688-6FD836CDFCE6,SERHAT ECZANESİ,Edirne,Merkez,41.67843,26.56875,Edirne,Correct
0F7CE435-9BE0-4B90-979D-71C5C469D06C,EDİRNE UZUNKÖPRÜ 2 NOLU AİLE SAĞLIĞI MERKEZİ,Edirne,Uzunköprü,41.27007,26.70534,Edirne,Correct
02F02B3D-3BF8-4378-BB95-71D8A07C5416,EDIRNE UZUNKÖPRÜ DEVLET HASTANESI,Edirne,Uzunköprü,41.26519,26.68868,Edirne,Correct
14867F93-D3E0-47ED-B56E-725692660959,SELİMİYE ECZANESİ,Edirne,Merkez,41.65702,26.59874,Edirne,Correct
219C889F-2182-4378-B800-7323B125F816,EDİRNE SÜLOĞLU AİLE SAĞLIĞI MERKEZİ,Edirne,Süloğlu,41.76679,26.9121,Edirne,Correct
50C12AE5-A662-43CA-B1F2-73CA17840286,OSMAN İŞBAŞAR MUAYENEHANESİ,Edirne,Keşan,40.8525,26.63135,Edirne,Correct
8935A837-0C5D-47A8-BAC2-7609865AA60C,EREN SAVAŞCI ECZANESİ,Edirne,Merkez,41.66018,26.58468,Edirne,Correct
13D49A4A-B421-4211-9633-7651481CCAF7,GÜVEN ECZANESİ,Edirne,Merkez,41.67641,26.55287,Edirne,Correct
0FD331C0-9257-4386-A30B-768D67F68C0B,SÜER ECZANESİ,Edirne,Merkez,41.65437,26.59638,Edirne,Correct
849E1EB7-C677-49AB-A287-773022BAD449,MEHMET AY ECZANESİ,Edirne,Merkez,41.67438,26.55351,Edirne,Correct
8659C492-D323-40A2-A5FC-784CB9477844,MÜGE ECZANESİ,Edirne,Uzunköprü,41.26549,26.68854,Edirne,Correct
57C7CCFA-E366-435B-82B2-7917C56AA4EE,KIRKPINAR ECZANESİ,Edirne,Uzunköprü,41.21167,26.68037,Edirne,Correct
E3BE2E93-FFC6-47E4-8769-7A15C773A0C9,ŞAHİN ŞENGÜL MUAYENEHANESİ,Edirne,Uzunköprü,41.26874,26.685,Edirne,Correct
91D33753-B608-4842-B38C-7A6509B1636B,ÖMÜR ECZANESİ,Edirne,Merkez,41.67624,26.55558,Edirne,Correct
BC5A90A2-620E-4FDD-9E32-7B5C95036BFA,HER ŞEY ÇOCUKLAR İÇİN,Edirne,EDİRNE MERKEZ,39.08387,-76.77396,No Info,No Info
B220474C-507A-4E1E-98A6-7CEF15FC93DA,BEGÜM ECZANESİ,Edirne,Merkez,41.66024,26.59645,Edirne,Correct
2AAAA3B9-07B9-45C7-92C6-7DC26C9A5D87,MEHMET ÇORBACI MUAYENEHANESİ,Edirne,Uzunköprü,41.26675,26.68704,Edirne,Correct
9DDEA2DB-BA31-4251-BA6F-7E4316EDBFD9,EDİRNE KEŞAN 3 NOLU AİLE SAĞLIĞI MERKEZİ,Edirne,Keşan,40.86202,26.62988,Edirne,Correct
EB6C5DF2-613C-4EFC-AE4A-7E82632D49C1,CUMHURİYET ECZANESİ,Edirne,Uzunköprü,41.24819,26.67994,Edirne,Correct
DA989F2A-4063-4A9D-B7C1-7EBC367353DD,CANSU BERİL KIZILIRMAK BESLENME VE DİYET,Edirne,Merkez,41.66695,26.58907,Edirne,Correct
8E2700AB-7748-437C-B292-7F00F3509C03,BAŞAK ECZANESİ,Edirne,İpsala,40.87096,26.44282,Edirne,Correct
7C5244CB-A0D0-45CD-831B-7F365B397159,ÇINAR ECZANESİ,Edirne,İpsala,40.97718,26.54734,Edirne,Correct
AA51E74D-E3A8-4E13-BDFC-801D0D3D2DC4,EDİRNE MERKEZ YENİ İMARET AİLE SAĞLIĞI MERKEZİ,Edirne,Merkez,41.68839,26.54021,Edirne,Correct
020DF1A1-D339-45D9-AEC3-8066E317FF69,GÖZDE GÜLTEKİN KINCI MUAYENEHANESİ,Edirne,Keşan,40.84572,26.6306,Edirne,Correct
742CDA49-6CA9-42F9-A1BD-8175AC3747EF,MANKALİYE ECZANESİ,Edirne,Keşan,40.85286,26.63208,Edirne,Correct
1D32080B-5493-494B-B68E-819CA5D0F5CF,YAVUZ ECZANESI,Edirne,Havsa,41.53049,26.81599,Edirne,Correct
0F6681A2-A02F-4246-9D76-830E58234650,TÜLİN ECZANESİ,Edirne,Merkez,41.67758,26.56599,Edirne,Correct
B6075735-FA20-4454-8809-853B9957F513,SERAY ECZANESİ,Edirne,Merkez,41.66951,26.59505,Edirne,Correct
C53ED9F7-A7EF-4F48-9D4B-8587342B8E23,SÖZER ECZANESİ,Edirne,Uzunköprü,41.26842,26.68542,Edirne,Correct
269E86D5-AE36-406D-81F4-8756B5B12431,EDİRNE MERKEZ SERHAT AİLE SAĞLIĞI MERKEZİ,Edirne,Merkez,41.66964,26.59265,Edirne,Correct
4084F2D6-F3EB-4E29-B745-8940AFFDFDD1,SÖZER ECZANESİ,Edirne,Merkez,41.66638,26.56299,Edirne,Correct
39830FEE-382E-4722-B65E-8AB25780B709,EDİRNE MERKEZ TUNCA AİLE SAĞLIĞI MERKEZİ,Edirne,Merkez,41.65822,26.58718,Edirne,Correct
CD5FDAE6-F37A-4199-B1FC-8C6FB23E78EF,ÇAĞLAR ECZANESİ,Edirne,Merkez,37.7514,29.27339,Denizli,Wrong
3513BE9D-20E9-403E-A187-8FC143C82331,EDİRNE MERİÇ SUBAŞI AİLE SAĞLIĞI MERKEZİ,Edirne,Meriç,41.13925,26.3745,Edirne,Correct
FFDDA70D-FBD5-442E-AB94-8FC9C55212EB,CEMAL ÖZOCAK MUAYENEHANESİ,Edirne,Merkez,39.29447,-76.49316,No Info,No Info
0BD4B930-3C32-4513-8A60-912764F1479F,RECEP PEKCAN MUAYENEHANESİ,Edirne,Keşan,40.85562,26.62821,Edirne,Correct
D8A6BEC0-240B-4B43-903E-920FC08DAABF,ERKAN ECZANESİ,Edirne,Keşan,40.85339,26.63075,Edirne,Correct
866770FA-C5F5-45A3-8FE1-9294754F881C,GÜLDEN ECZANESİ,Edirne,Merkez,41.66663,26.58117,Edirne,Correct
62C3DA2E-7910-4022-BE7F-92B195B738FB,MEHTAP TOPUZ MUAYENEHANESİ,Edirne,Merkez,39.21167,-76.60356,No Info,No Info
4AAB0F33-CE11-4BB6-9B1C-92C6F5C0CE0F,BANGUOĞLU ECZANESİ,Edirne,Keşan,40.84982,26.6459,Edirne,Correct
D905B124-C159-4389-A9D4-93EBC7B9563C,SENEM ÖZGÜR TARHAN MUAYENEHANESİ,Edirne,Keşan,40.9272,26.57284,Edirne,Correct
66B8F7C1-7DC1-468E-AAB1-9582E409563F,KANIK ECZANESI,Edirne,Keşan,40.85327,26.63713,Edirne,Correct
541A2533-FB10-461A-A9B2-9759B2E040BE,UĞUR GÜZEY MUAYENEHANESİ,Edirne,Merkez,36.1352,-86.8545,No Info,No Info
ACD50A31-F27C-4A18-A657-9A402B65600B,EDİRNE MERKEZ ŞÜKRÜPAŞA AİLE SAĞLIĞI MERKEZİ,Edirne,Merkez,41.66924,26.58543,Edirne,Correct
987B444E-466C-4E17-A622-9AAE89F26792,GÖKHAN ECZANESİ,Edirne,Keşan,40.86755,26.63161,Edirne,Correct
74483CC5-AA83-46B4-9E1A-9B152B4A5997,OGAN ERSOY MUAYENEHANESİ,Edirne,Uzunköprü,41.26743,26.68693,Edirne,Correct
8B0DB8E1-D579-47EF-9362-9C7B43BC9A72,EDİRNE MERKEZ BİNEVLER AİLE SAĞLIĞI MERKEZİ,Edirne,Merkez,41.66453,26.58541,Edirne,Correct
6FFB3A66-D5DA-4A4C-8EF0-9D1D3FB1E667,KORKUT ECZANESİ,Edirne,Merkez,37.88947,41.12991,Batman,Wrong
737CC454-9C93-4189-8CA9-9DC734C12D68,SANCAKLI ECZANESI,Edirne,Merkez,41.67407,26.55182,Edirne,Correct
A1CBCCDB-C38B-45AE-9083-9ECE9ACBA33B,GÜRAK ECZANESİ,Edirne,Merkez,41.67355,26.58581,Edirne,Correct
6EEDA993-F8A1-4915-8387-9F5E42E049C5,MERCAN ECZANESİ,Edirne,Merkez,41.67699,26.54679,Edirne,Correct
7440BEE0-DDDA-4E2D-939D-9FA4CDF42FB9,EDİRNE TRAKYA ÜNİVERSİTESİ TIP FAKÜLTESİ HASTANESİ ECZANESİ,Edirne,Merkez,41.62677,26.67024,Edirne,Correct
64589E7B-7386-4E2B-BA21-A0A7ECD4C963,MEHMET ALİ TUNÇ MUAYENEHANESİ,Edirne,Keşan,40.84601,26.62959,Edirne,Correct
60CA7155-F03B-4AA0-8C1A-A0EDC626C4B2,EDİRNE UZUNKÖPRÜ 1 NOLU AİLE SAĞLIĞI MERKEZİ,Edirne,Uzunköprü,41.2666,26.68709,Edirne,Correct
3377E455-4AC9-4DC3-9D6E-A178F37B4923,VATAN ECZANESİ,Edirne,Uzunköprü,41.54696,26.82068,Edirne,Correct
232A8A30-798C-4976-A1DF-A1B4D88618FB,GİZEM BİRKAN ECZANESİ,Edirne,Merkez,41.66963,26.59176,Edirne,Correct
EFE83348-6965-4937-967B-A24CBC000768,YENİ MERİÇ ECZANESİ,Edirne,Meriç,41.54907,26.82168,Edirne,Correct
1908400A-EF38-4C09-B164-A3918EFF1AC1,EDİRNE HAVSA 2 NOLU AİLE SAĞLIĞI MERKEZİ,Edirne,Havsa,41.5447,26.83442,Edirne,Correct
E70ACF22-C61F-4BDC-AA2A-A3936DC777AB,FİLİZ ECZANESİ,Edirne,Merkez,39.48887,-76.23396,No Info,No Info
B09DE41C-F04A-4879-96FE-A43472C1D666,SAĞLAM ECZANESİ,Edirne,Merkez,41.65527,26.59758,Edirne,Correct
B16A4E82-710E-4000-8AEC-A58133932346,KORAY ECZANESİ,Edirne,Merkez,40.85662,34.81564,Çorum,Wrong
09FA11C3-6FBA-4D66-94DF-A6D6511920CD,TUNALI DENTAL AKADEMİ DİŞ KLİNİĞİ,Edirne,EDİRNE MERKEZ,41.66457,26.56282,Edirne,Correct
481151FD-8A31-493D-88F0-A6FA658EFF21,BABAYİĞİT ECZANESİ,Edirne,Uzunköprü,41.2192,26.82317,Edirne,Correct
1D134BFE-D9D3-46C8-AF77-A870586BAD80,DİNÇER ECZANESİ,Edirne,Merkez,41.66945,26.58937,Edirne,Correct
AF18B55D-5446-43E4-B954-AB88AB76B9A1,ÖZGÜR ECZANESİ,Edirne,Merkez,41.67269,26.55234,Edirne,Correct
1F17BE17-B7B8-484A-8B70-AE0B359ACFB2,SÜLOĞLU ECZANESİ,Edirne,Süloğlu,41.76564,26.90781,Edirne,Correct
581AA627-3BD0-4AB6-B5E4-AEE985ACBB7A,PİRKO ECZANESİ,Edirne,Merkez,41.67411,26.55109,Edirne,Correct
7501B112-65FF-4023-955E-B0882A12637C,EDİRNE UZUNKÖPRÜ 3 NOLU AİLE SAĞLIĞI MERKEZİ,Edirne,Uzunköprü,41.26042,26.68592,Edirne,Correct
CF2714C8-4157-4651-9FA5-B2685E434AE1,MANGA ECZANESİ,Edirne,Uzunköprü,41.26703,26.68759,Edirne,Correct
D0844BE1-9B51-47AC-B449-B26A3486C6E2,EMRE ERSOY MUAYENEHANESİ,Edirne,Uzunköprü,41.26458,26.68842,Edirne,Correct
5825BA33-F0A7-4F96-9CB3-B29245308A91,HÜSEYİN FİLİZ MUAYENEHANESİ,Edirne,Keşan,40.85277,26.6317,Edirne,Correct
7329B29F-4E18-4C93-96D0-B410EF20A41D,EDİRNE KEŞAN 4 NOLU AİLE SAĞLIĞI MERKEZİ,Edirne,Keşan,40.84931,26.6279,Edirne,Correct
DAC94715-4832-437F-919E-B466ABBBC06D,SUBAŞI ECZANESİ,Edirne,Meriç,39.66887,-75.99396,No Info,No Info
BC82DA02-0166-4F21-9B2C-B476B90C2A9E,GİRAY ECZANESİ,Edirne,Merkez,41.65349,26.6001,Edirne,Correct
9233AB07-AC93-44C3-8FF1-B51F91A415DF,AGAH TÜMAY AKGÜN MUAYENEHANESİ,Edirne,Merkez,41.67558,26.55485,Edirne,Correct
AA2FD042-AB31-43F6-B325-B5E3625BFC36,ÖZEL DENT EDİRNE AĞIZ VE DİŞ SAĞLIĞI MERKEZİ,Edirne,Merkez,41.65257,26.58718,Edirne,Correct
CC70E134-FDEA-40EE-A315-B6EEFA9745B9,EDİRNE ENEZ BÜYÜKEVREN AİLE SAĞLIĞI MERKEZİ,Edirne,Enez,40.65725,26.21607,Edirne,Correct
E97B7F0B-08F0-4391-A948-B7F246069823,EDİRNE HAYAT ECZANESİ,Edirne,Merkez,40.88011,26.6342,Edirne,Correct
5937E8D9-7537-4155-94AB-B82D50B503A8,EDİRNE MERKEZ SELİMİYE AİLE SAĞLIĞI MERKEZİ,Edirne,Merkez,40.03825,30.61838,Eskişehir,Wrong
51E9C79F-4469-41C7-B803-B846DBEDFCD4,EDİRNE MERKEZ MURADİYE AİLE SAĞLIĞI MERKEZİ,Edirne,Merkez,41.67944,26.5709,Edirne,Correct
ED2D17FA-1C05-4A25-8746-B909646F6CF5,GENCAN ECZANESİ,Edirne,Uzunköprü,41.26031,26.68585,Edirne,Correct
812597CD-B354-430E-986A-B90C34FD4247,ÇARŞI ECZANESİ,Edirne,Merkez,41.67675,26.55177,Edirne,Correct
F21A4D4E-25C8-4CD4-A6A9-B970D912F27F,ECE TEKÜN BESLENME VE DİYET UZMANLIĞI,Edirne,Merkez,41.66636,26.59641,Edirne,Correct
9FCABD4E-9E74-4DCA-B5A0-BA7E1E29650E,EDİRNE MERKEZ YILDIRIM AİLE SAĞLIĞI MERKEZİ,Edirne,Merkez,41.68337,26.5259,Edirne,Correct
3F12DCF9-2602-44BA-8124-BB3B3077A633,BARAJ ECZANESİ,Edirne,Merkez,39.15407,-76.68036,No Info,No Info
4495372B-42AE-4880-B2D3-BC097D81D118,YAŞAM ECZANESİ,Edirne,Merkez,41.67429,26.5626,Edirne,Correct
F5B9D26E-6AA3-460C-99FE-BD0A2E6CF9A5,SAYGIN ECZANESİ,Edirne,Enez,40.72472,26.0837,Edirne,Correct
D3A8E102-9ACB-4DDC-86CA-C32D0CD8BD48,ÖZEL TRAKYA HASTANESİ,Edirne,Merkez,41.67544,26.55772,Edirne,Correct
C5114546-FA8E-47AF-9AC1-C4C1C6C3F9A3,İREM ECZANESİ,Edirne,Keşan,40.85933,26.61818,Edirne,Correct
D77625C1-00C4-40E3-8806-C74B67350613,SERAP ECZANESİ,Edirne,Keşan,40.85134,26.64103,Edirne,Correct
E0EBAADB-33A1-4D37-9B8D-C8A282F57E0E,102.TOPCU ALAY KOMUTANLIĞI UZUNKÖPRÜ,Edirne,Uzunköprü,39.29177,-76.49676,No Info,No Info
ACA1563B-3F43-4AB5-8708-C8A8D2BBA8BF,SEVİL ECZANESI,Edirne,Lalapaşa,41.67261,26.54985,Edirne,Correct
F6074489-C695-4851-B1B8-C95B8902B832,YENİ ECZANESİ,Edirne,Keşan,40.85374,26.63108,Edirne,Correct
4B5ED310-CDFF-4FB3-9A38-CA30882DB1F7,DENİZİM ECZANESİ,Edirne,Merkez,40.72649,26.08488,Edirne,Correct
F0AB8179-55C4-4775-85E4-CA8C682DCBCB,ÇİĞDEM ECZANESİ,Edirne,Uzunköprü,41.39465,26.80193,Edirne,Correct
6FDE39A6-A17B-4B78-AA31-CB2B624DA397,EDİRNE UZUNKÖPRÜ ÇÖPKÖY AİLE SAĞLIĞI MERKEZİ,Edirne,Uzunköprü,41.22236,26.81722,Edirne,Correct
074997B9-0C55-4372-B67F-CBAC88AB4FF8,ALKAN ECZANESİ,Edirne,Keşan,40.82607,26.66789,Edirne,Correct
4A2F562D-9353-4405-BA2C-CC5920E64E65,KEŞAN MERKEZ TSM,Edirne,Keşan,40.86783,26.63156,Edirne,Correct
6EEB7B8C-BC70-450D-97E8-CD9B7B8077A3,EDİRNE MERKEZ SARAÇHANE AİLE SAĞLIĞI MERKEZİ,Edirne,Merkez,41.68183,26.55724,Edirne,Correct
BCFE665E-380E-45B8-9148-CDE5BBD3BE7B,EDİRNE UZUNKÖPRÜ KIRCASALİH AİLE SAĞLIĞI MERKEZİ,Edirne,Uzunköprü,41.39667,26.80781,Edirne,Correct
95C80A02-B856-4A9B-949D-CE34EE0EF827,SURİYE ALTIAY MUAYENEHANESİ,Edirne,EDİRNE,40.8906,28.6047,İstanbul,Wrong
0E29C291-1729-4B57-81A0-D195078228CB,GÜNAYDIN ECZANESİ,Edirne,Merkez,41.66108,26.58588,Edirne,Correct
E536E0D6-ED86-45C8-887C-D28EFE6B4875,EDİRNE İPSALA AİLE SAĞLIĞI MERKEZİ,Edirne,İpsala,40.92753,26.39387,Edirne,Correct
6D7CE586-28CE-47B1-BDA3-D2F8B65B6476,DOKTOROĞLU ECZANESİ,Edirne,Merkez,41.665,26.59876,Edirne,Correct
E087A6AD-F60E-406F-BF85-D3AA1FED395A,EDİRNE AÇIK CEZAEVİ İNFAZ KURUMU REVİRİ,Edirne,Merkez,41.67666,26.55496,Edirne,Correct
314C0A4C-C8D7-493A-BD70-D59D25D02891,EDİRNE İPSALA YENİKARPUZLU AİLE SAĞLIĞI MERKEZİ,Edirne,İpsala,40.83904,26.30021,Edirne,Correct
9B7148CA-02E1-42C1-AC93-D7DF8CDD6D59,NESRİN AKAN KÜÇÜK MUAYENEHANESİ,Edirne,Merkez,41.67537,26.55375,Edirne,Correct
FC5C45C4-9505-49A5-B046-D8F7376CB54B,EDİRNE SULTAN 1. MURAT DEVLET HASTANESI,Edirne,Merkez,41.65971,26.60443,Edirne,Correct
1B47C719-64F5-433D-ACFF-D997F59435C4,EDİRNE MERKEZ TOKİ AİLE SAĞLIĞI MERKEZİ,Edirne,Merkez,41.70142,26.54494,Edirne,Correct
3E170293-4949-4A69-B450-DA63E93B125B,PINAR ECZANESİ,Edirne,Keşan,40.86192,26.62987,Edirne,Correct
917F42CC-8171-4345-8E80-DBB6E64D0E98,ÖZEL MUSTAFA BAŞ AĞIZ VE DİŞ SAĞLIĞI POLİKLİNİĞİ,Edirne,Keşan,40.82877,26.67149,Edirne,Correct
4EBF8AF5-F544-4B2A-82FC-DD851FFE269F,COŞKUN ECZANESİ,Edirne,İpsala,40.92207,26.38365,Edirne,Correct
F8D9E216-E996-4978-A5CE-DE0A8093E9D0,SALİM DOĞAN MUAYENEHANESİ,Edirne,Merkez,41.67485,26.55394,Edirne,Correct
2A814A92-6A1D-4123-8638-DEA02DDA3992,FİT KLİNİK BESLENME VE DANIŞMANLIK,Edirne,EDİRNE MERKEZ,41.6511,26.59552,Edirne,Correct
2139A119-5E8A-413F-9CB1-DF06D16EED7E,MURAT YILDIRIM MUAYENEHANESİ,Edirne,Keşan,40.85299,26.6323,Edirne,Correct
19BCA780-2044-4D12-B5D9-E03647D5BCC7,BERKAY ECZANESİ,Edirne,Merkez,41.65586,26.59901,Edirne,Correct
5AEB8EBB-7327-4DD3-9DE3-E1F399A81957,İPSALA TAŞ ECZANESİ,Edirne,İpsala,40.91736,26.38056,Edirne,Correct
C475BB81-8805-4798-887A-E2292F0EB775,KARPUZLU ECZANESİ,Edirne,İpsala,40.83132,26.29838,Edirne,Correct
0DCAC41C-1728-4A77-9E46-E28621F01BBF,EDİRNE UZUNKÖPRÜ KURTBEY AİLE SAĞLIĞI MERKEZİ,Edirne,Uzunköprü,41.1439,26.57958,Edirne,Correct
BD09D6D5-926F-4D56-B634-E2EDA26D1AE3,SAĞLIK ECZANESİ,Edirne,Enez,40.72477,26.08386,Edirne,Correct
B37D8BFF-6828-414F-B998-E315682E0D40,ÖDEN ECZANESİ,Edirne,Meriç,41.26921,26.68501,Edirne,Correct
A2AC6E50-59E8-418D-B3C6-E3C31A8D3A56,EDİRNE MERKEZ TOPLUM SAĞLIĞI MERKEZİ,Edirne,Merkez,41.67705,26.56408,Edirne,Correct
2604E6D2-C08D-4D59-ACFE-E645B3E30FBC,EDİRNE MERKEZ KIRKPINAR AİLE SAĞLIĞI MERKEZİ,Edirne,Merkez,41.66605,26.58787,Edirne,Correct
688846BA-7C03-4DF7-9C2C-E6BDFE58B5DD,ÖZEL DENT 22 AĞIZ VE DİŞ SAĞLIĞI POLİKLİNİĞİ,Edirne,EDİRNE MERKEZ,41.66565,26.5989,Edirne,Correct
627CE995-F906-4033-AE9E-E726978F5499,İNCİNUR ECZANESİ,Edirne,Merkez,41.67856,26.56941,Edirne,Correct
538D5CCA-01D2-48EB-B472-E864C5DE869E,KIYIK ECZANESİ,Edirne,Merkez,41.67843,26.56877,Edirne,Correct
7DBF5CA2-B54E-49FE-96D4-EA30983F7A7E,TRAKYA ÜNİVERSİTESİ TIP FAKÜLTESİ HASTANESİ,Edirne,Merkez,41.64175,26.61581,Edirne,Correct
1FFBF10C-9190-47F5-8380-EB93CEEE09B8,KEŞAN ÇAMLICA AİLE SAĞLIĞI MERKEZİ,Edirne,Keşan,40.76659,26.67374,Edirne,Correct
45DC770B-CA71-4EDA-BA12-EDE958F9E69D,SEYREK ECZANESİ,Edirne,Merkez,39.12797,-76.71516,No Info,No Info
A63FBC45-41C0-4BA0-9F6A-EDF043932D68,ERTUĞRUL ÇEKİÇ MUAYENEHANESİ,Edirne,Keşan,40.85025,26.6377,Edirne,Correct
2FE09635-DE15-4F96-AB8E-EF7E08E435C8,UYGAR ECZANESİ,Edirne,Merkez,41.84108,26.73864,Edirne,Correct
6E1B7C4B-EDC8-48C0-B340-EF8A007E1FAB,MERKEZ ECZANESİ,Edirne,Keşan,40.85528,26.63241,Edirne,Correct
45215333-C926-455A-B319-F011B2049F98,ÖZEL KEŞAN HASTANESİ,Edirne,Keşan,40.85032,26.63564,Edirne,Correct
34A57CA9-75F0-4650-B08F-F044790E2D52,EDİRNE MERKEZ KARAAĞAÇ AİLE SAĞLIĞI MERKEZİ,Edirne,Merkez,41.65457,26.52547,Edirne,Correct
10BB40AD-B513-4309-B765-F1FD5AF966AC,ÖZLE NAZ AKIN ECZANESİ,Edirne,Uzunköprü,41.2688,26.68553,Edirne,Correct
5F9ABE9E-48AF-45DB-855B-F2D405507DF2,KEŞAN 5 NOLU AİLE SAĞLIĞI MERKEZİ,Edirne,Keşan,40.86347,26.62811,Edirne,Correct
21978663-DD8E-4501-A00A-F3275AA97370,EDİRNE İPSALA İBRİKTEPE AİLE SAĞLIĞI MERKEZİ,Edirne,İpsala,41.01101,26.50304,Edirne,Correct
19B142BC-C48A-49C9-B3CB-F34AAD726739,HALİT ORHON ECZANESİ,Edirne,Uzunköprü,41.26713,26.68743,Edirne,Correct
D5C8EE9E-4D03-436D-A4A9-F3A72D3FEAB0,54.PİYADE TUGAY REVİRİ ŞÜKRÜPAŞA KIŞLASI,Edirne,Merkez,41.66887,26.58577,Edirne,Correct
6E9A71DF-D7D5-4FB5-81B5-F43FE2041AF0,GÜNEŞİM ECZANESİ,Edirne,Merkez,41.66598,26.59877,Edirne,Correct
1829F0D9-746B-436B-94EB-F5AFF19ED2AE,EDİRNE CENT ECZANESİ,Edirne,Merkez,41.67524,26.55429,Edirne,Correct
899D829D-3B46-43BB-82EC-F74D759CD620,ÇAKBİL ECZANESİ,Edirne,Merkez,41.67691,26.55064,Edirne,Correct
7FE8CC86-0AC4-4B5A-ABE4-F75090CABCCC,ŞİFA ECZANESİ,Edirne,Merkez,41.677,26.54717,Edirne,Correct
A1D4E152-4DDE-4A56-BA8D-F96BBB0EE902,ÜLKÜ ECZANESİ,Edirne,Merkez,41.17987,31.38622,Zonguldak,Wrong
9DBEF16A-7AD7-4426-98F8-FBD97FF98861,İDİL TAŞKIN MUAYENEHANESİ,Edirne,EDİRNE,40.9202,28.6921,İstanbul,Wrong
76FBF49A-3895-405A-BE3F-FC3890AD92B6,GÖLET ECZANESİ,Edirne,Merkez,41.67251,26.59161,Edirne,Correct
7177133E-7902-479B-888E-FCBB3B97F1DB,EDİRNE MERKEZ YANCIKÇI ŞAHİN AİLE SAĞLIĞI MERKEZİ,Edirne,Merkez,41.67139,26.56725,Edirne,Correct
12F2F0F0-8875-4652-AB0C-FD7ED84D620E,ÇAĞLA ECZANESİ,Edirne,Uzunköprü,41.26722,26.68806,Edirne,Correct
7661019C-BDBC-4A17-BF96-FE6D9BE9EA9A,AYHAN MURAT DURSUNOĞLU MUAYENEHANESİ,Edirne,EDİRNE MERKEZ,41.67423,26.5494,Edirne,Correct
9DE7539C-8DDF-4F64-BA8E-FF390C2B864D,MUNİSE EREN MUAYENEHANESİ,Edirne,Merkez,41.65949,26.5894,Edirne,Correct
35E5E904-C378-412E-BD0E-FF6CB79E1DC1,AYTEN YALÇIN MUAYENEHANESİ,Edirne,Merkez,41.67506,26.55598,Edirne,Correct
