UnitId,UnitName,CityName,DistrictName,Latitude,Longitude,DetectedCity,Match
0954B895-B5F8-4151-ADE1-0042A10CA59C,EMEK ECZANESİ,Van,İpekyolu,38.4991,43.39089,Van,Correct
804A3D5C-AF14-4375-B1B3-005988EC2EDF,GÜVENER ECZANESİ,Van,Tuşba,38.51744,43.43354,Van,Correct
6560D27B-605F-4292-95ED-00A26089569A,KAMPÜS ECZANESİ,Van,Tuşba,38.56277,43.31223,Van,Correct
AA638F9B-3BED-439A-8A6E-00CA09CD197B,ZEYLAN ECZANESİ,Van,Erciş,39.03265,43.35852,Van,Correct
F03DA475-D8E1-4142-9EDE-01D91BC52206,ENGİN ECZANESİ,Van,Erciş,39.03009,43.35917,Van,Correct
20D769C0-0F7A-4705-9261-02122A1264E2,CANAN ECZANESİ,Van,Edremit,38.4716,43.39152,Van,Correct
3276CDB9-277A-4A92-99E6-021C8C08F217,SAKİ ECZANESİ,Van,Çaldiran,39.63917,-76.03356,Maryland,Wrong
0DFAF109-EF4B-4D15-B1C0-035BCB1E4D76,VAN MURADİYE DEVLET HASTANESI,Van,Muradiye,38.38964,43.28888,Van,Correct
3B591B03-362C-44C6-BC77-04816BD102AB,BİLDİRİCİ ECZANESİ,Van,Edremit,38.45477,43.34567,Van,Correct
55866815-102B-4432-83B8-04E3E4D92B41,YENİ KARTAL ECZANESİ,Van,İpekyolu,38.44317,43.32343,Van,Correct
3068C290-E4C8-4EBE-B3B6-04F0027D797A,ÇAĞDAŞ ECZANESİ,Van,İpekyolu,38.50241,43.37985,Van,Correct
AF7D435D-D871-4253-B950-054093EA34DD,BAŞAK ECZANESİ,Van,İpekyolu,38.50205,43.3975,Van,Correct
7AB7412D-9A05-4E4B-8095-0550C23FCE10,YİĞİT ECZANESİ,Van,Tuşba,38.48756,43.35912,Van,Correct
D8FCAD2C-B717-48E5-AE7B-056021E0636A,ZEYNEP ÖNER ECZANESİ,Van,Edremit,38.46883,43.3487,Van,Correct
366E113E-8ED6-43D4-B384-056C985711D7,KEREM ATSAK MUAYEHANEHESİ,Van,Çaldiran,39.13447,43.90079,Van,Correct
3075220A-7BA4-4145-B044-05B11416754E,YENİ ŞİFA ECZANESİ,Van,Çaldiran,39.02685,43.3639,Van,Correct
3ECA1C1A-E33B-4562-96D5-05B68633949B,TİMAÇİN ECZANESİ,Van,İpekyolu,38.48865,43.41313,Van,Correct
FF3F52D6-8A2B-4F0E-8F6E-05D12EB5C634,YILDIRIM ECZANESİ,Van,İpekyolu,38.5031,43.39967,Van,Correct
6FB33CDC-A4A8-484B-8DCF-0662464C4D46,AKAY ECZANESİ,Van,İpekyolu,38.50397,43.3985,Van,Correct
11ADDB91-9CED-476C-8537-07BB2E98B984,ÖZEL LUMİNANS DİŞ KLİNİĞİ,Van,İpekyolu,38.49959,43.37757,Van,Correct
74A9976D-5829-4DAD-BB65-08C44153FF29,BUŞRA ECZANESİ,Van,Tuşba,38.50045,43.38425,Van,Correct
055C515C-DF98-47C6-BA67-0901C4A2941B,EREK ECZANESİ,Van,İpekyolu,38.50465,43.39449,Van,Correct
7860CF92-5E2C-433D-82D7-0B06979865F3,MURADİYE MERKEZ TSM,Van,Muradiye,38.98902,43.7635,Van,Correct
0F10A90A-54C5-4252-B5F2-0B50A606E380,MÜCAHİT MUHAMMED İKBAL YAŞAR MUAYENEHANESİ,Van,İpekyolu,38.493,43.36972,Van,Correct
0050EB00-1257-4B60-A7D8-0C4E98AA3CD7,ERCİŞ ÖZEL ED DİŞ KLİNİĞİ,Van,Erciş,39.44387,-76.29396,Maryland,Wrong
FCA73C49-1028-41EB-84E2-0C80B56E356D,VAN ECZANESİ,Van,İpekyolu,38.50297,43.37706,Van,Correct
36614631-0827-4721-BA81-0D2BC98DB75D,ŞİFA ECZANESİ,Van,Erciş,39.02869,43.36002,Van,Correct
66DEEE4E-E8AB-4E4A-A7B6-0D3988797BEB,KARANFİL ECZANESİ,Van,Erciş,39.02683,43.35782,Van,Correct
F49D660F-4052-4906-AB96-0D9788DBD645,VAN AĞİZ VE DIŞ SAĞLİĞİ MERKEZI,Van,İpekyolu,38.50447,43.39806,Van,Correct
F4EAE531-DDDB-4A9E-8633-0DC4F11B52F5,HAVVA ECZANESİ,Van,Tuşba,39.48167,-76.24356,Maryland,Wrong
285D0F93-3F22-4419-8EFF-0DC53F51AA46,VAN İPEKYOLU KADIN DOĞUM VE ÇOCUK HASTALIKLARI HASTANESİ,Van,Edremit,38.45848,43.34889,Van,Correct
DB512368-AC77-42CF-B184-0DED17B6B311,MEHMET GÜLCAN MUAYENEHANESİ,Van,İpekyolu,38.50337,43.39809,Van,Correct
5C4A7A0C-E1B2-4BD9-953C-0DF23D153F75,ROZALİN AYAZ FORM DİYET,Van,İpekyolu,38.49703,43.37191,Van,Correct
1BA40D49-37C9-4CDF-BD3E-0F511B7ECA65,BİLİCİ ECZANESİ,Van,Erciş,39.01819,43.385,Van,Correct
7561B44F-03FE-4F97-B20F-0F97692715F0,BÜLENT BIÇAK MUAYENEHANESİ,Van,İpekyolu,38.49765,43.39509,Van,Correct
6FEF60FE-81B9-4199-98F0-0FB2529EFDE1,İPEKYOLU ECZANESİ,Van,Edremit,38.48515,43.36537,Van,Correct
9DD6E989-2710-4F86-A2D3-1048D1AC1A1B,ŞİFA ECZANESİ,Van,Gürpinar,38.32382,43.40692,Van,Correct
93331124-58FA-4975-AAFF-104BA59C8135,MEHMET KALO MUAYENEHANESİ,Van,İpekyolu,38.49479,43.40826,Van,Correct
09C02755-7F89-482B-ACC4-10F979A1B089,ÇATAK ECZANESİ,Van,Çatak,38.65684,43.9854,Van,Correct
770672D1-01F8-4CC5-B930-118AC9E9DB42,REVSAN ECZANESİ,Van,Tuşba,38.51118,43.36115,Van,Correct
9720013E-AD61-41C9-9AAE-11ABA46938F7,GÖLKENT ECZANESİ,Van,Tuşba,38.51062,43.38266,Van,Correct
304E2BCB-DBDE-467C-A298-12F7308F3A76,ZÜMRÜT ECZANESİ,Van,Tuşba,38.51061,43.39576,Van,Correct
257DA88E-B90B-46E6-91D4-14951078AABF,ÇAĞATAY ECZANESİ,Van,Özalp,38.65644,43.98939,Van,Correct
ACF1E117-444E-4859-9F9C-14B5C83FF9A1,TAHSİN AYTEKİN,Van,İpekyolu,38.50345,43.39811,Van,Correct
C12F28BC-5C14-4DBC-AA0C-14EC50373942,VEDAT KAYA DENTCENTER KLİNİĞİ,Van,Erciş,39.028,43.35817,Van,Correct
585BFC83-9EAD-452B-B541-16190D09FD87,VAN GÜRPINAR GÜZELSU AİLE SAĞLIĞI MERKEZ,Van,Gürpinar,38.31663,43.80082,Van,Correct
EDF5568C-2509-4B90-BCB3-16F11F005487,SAYDAN ECZANESİ,Van,İpekyolu,38.49858,43.39437,Van,Correct
49F04E71-AE35-447C-BB05-16FB860D5B75,MIZRAK ECZANESİ,Van,Tuşba,38.49185,43.36958,Van,Correct
F5844C82-6443-4C1A-936E-1770281E0421,DENT GO AĞIZ DİŞ KLİNİĞİ,Van,İpekyolu,38.50364,43.39873,Van,Correct
C2F095A3-9CBB-4D9F-812C-17792EC033F2,SERA ECZANESİ,Van,İpekyolu,38.49677,43.3936,Van,Correct
A5EFF5C8-1045-4E55-96A6-17E5B51DA910,ÖZKAN KARAASLAN KLİNİĞİ,Van,İpekyolu,38.49847,43.39497,Van,Correct
C5B18BD0-BAF5-4046-B617-18AD4358C6EC,VAN TUŞBA MERKEZ 3 NOLU AİLE SAĞLIĞI MERKEZİ,Van,Tuşba,38.52767,43.342,Van,Correct
C63B8FC2-8CF2-47CB-8F24-19633DD48E36,ÇİÇEK ECZANESİ,Van,Erciş,39.02839,43.35871,Van,Correct
A519B95F-24E2-4C0B-97A0-196AE391A5FB,ÖZEL SMİLE CENTER DİŞ KLİNİĞİ,Van,İpekyolu,38.50119,43.38442,Van,Correct
B9B0EBAD-9EEA-40F0-9414-19DB0448BDB6,PINAR ECZANESİ,Van,İpekyolu,38.50064,43.39567,Van,Correct
C3F4652D-C5DC-4E14-B3F9-1AE0233342E6,VAN İPEKYOLU MERKEZ 9 NOLU AİLE SAĞLIĞI MERKEZİ,Van,İpekyolu,38.49041,43.40298,Van,Correct
2759999D-DF90-4F2E-9D53-1B44F7369156,EYÜP ECZANESİ,Van,Edremit,38.49511,43.37141,Van,Correct
E5DCDD5D-E73B-447C-BF01-1B66A43E9F25,UMUT ECZANESİ,Van,Edremit,38.4789,43.35788,Van,Correct
5BB094BC-8D86-4D68-AD52-1C97C3AEBAE1,NADİR BAKİ KAYA DİŞ KLİNİĞİ,Van,Erciş,39.02767,43.36122,Van,Correct
A6F036F4-EF3A-45CA-B089-1CED607C7804,OSMAN YİĞİT,Van,İpekyolu,38.49272,43.38853,Van,Correct
8A3774CB-0869-417C-8B99-1E32F113D6CF,YENİ DERMAN ECZANESİ,Van,Tuşba,38.49758,43.37199,Van,Correct
E7697EE0-4848-4557-A229-1ECEB63D544C,NARİN ECZANESİ,Van,İpekyolu,38.49261,43.37503,Van,Correct
860C1057-D1F9-4939-893D-1FCDCE9C4415,HUZUR ECZANESİ,Van,İpekyolu,38.49763,43.40953,Van,Correct
0950C4A2-CE43-405F-B093-20D6AF59EAD0,YALÇIN SÖNMEZ MUAYENEHANESİ,Van,İpekyolu,38.50287,43.39792,Van,Correct
31E71BDF-358C-4656-AC4D-21767EA4927A,ASMİN ECZANESİ,Van,İpekyolu,38.50109,43.37536,Van,Correct
5BA5270D-B64F-45D3-BE8E-222A042F64D2,AYDIN ECZANESİ,Van,Çaldiran,39.48797,-76.23516,Maryland,Wrong
ECD1BF8C-A29D-4282-9495-22BD3831BEF0,ARJİN ECZANESİ,Van,Erciş,39.03043,43.35898,Van,Correct
590C3609-A200-49DB-B500-243C0A0B42D4,HEKİMOĞLU ECZANESİ,Van,Erciş,39.02386,43.37113,Van,Correct
54C2183E-7004-4177-8016-247BA5DA8530,URARTU ECZANESİ,Van,İpekyolu,38.50235,43.39771,Van,Correct
8F1B7C5C-9BF6-43CE-A42F-2589487D680E,VAN BEGONYA DİYET KLİNİĞİ,Van,İpekyolu,38.50078,43.38466,Van,Correct
24259688-87C2-4216-94BD-25E0339D89F5,ÖZEL KLİNİK,Van,İpekyolu,38.50221,43.40624,Van,Correct
A8EEC850-87F7-4762-B154-260AC271CCF9,BÜYÜK ECZANESİ,Van,Erciş,39.02832,43.36054,Van,Correct
A00F28BA-5E8E-4368-BB17-263E90C2B03C,ÖZALP DORUTAY ASM,Van,Özalp,38.79675,44.08169,Van,Correct
86FB000E-3D99-47EE-B888-26D20AE5CCB4,VAN ÇALDIRAN MERKEZ 1 NOLU AİLE SAĞLIĞI MERKEZİ,Van,Çaldiran,39.13442,43.90154,Van,Correct
52103A4B-3900-45DD-BCCC-2718E91861B8,POLAT ECZANESI,Van,İpekyolu,38.50565,43.40207,Van,Correct
92CE3634-E3AE-47DE-B736-2754CC3A7608,AKIN ECZANESİ,Van,Edremit,38.45325,43.33141,Van,Correct
BD86D399-29B4-46C8-8FFF-278C6541DACB,GAMZE ECZANESİ,Van,İpekyolu,38.50229,43.37791,Van,Correct
0354BCBE-571C-421B-A26E-27B13AA09EC0,VAN ERCİŞ ÇELEBİBAĞI 1 NOLU AİLE SAĞLIĞI MERKEZİ,Van,Erciş,39.03372,43.32888,Van,Correct
F19D5293-E12B-4501-B4F9-28252ACAD07A,ADA ECZANESİ,Van,İpekyolu,39.98169,32.6974,Ankara,Wrong
62ABED36-5759-4211-BA46-286F856D47AD,SELİN ECZANESİ,Van,İpekyolu,41.15443,28.61449,İstanbul,Wrong
0A2268C4-7921-449A-8AD6-287F7AFF4E5D,HİLAL ECZANESI,Van,Tuşba,38.52117,43.3761,Van,Correct
56C9B75B-4E8F-4C76-A3D3-28FE89011C72,VAN EDREMİT MERKEZ 3 NOLU AİLE SAĞLIĞI MERKEZİ,Van,Edremit,38.39314,43.28358,Van,Correct
A6AB6D1F-BA94-4AA3-B840-2A12E76F87CC,MERKEZ ECZANESİ,Van,Çaldiran,38.92187,-76.98996,Washington,Wrong
B9D163F1-4F3D-4BB6-BE4B-2A24B3C2A1F0,VAN ÖZALP DEVLET HASTANESI,Van,Özalp,38.65695,43.97152,Van,Correct
AEBA143D-036D-43C7-B115-2B562DDE70DA,HAYAT ECZANESİ,Van,Muradiye,37.57108,29.06956,Denizli,Wrong
D760FF91-A2BC-484D-95CC-2BFF9F06E8D7,DOĞAN ECZANESİ,Van,Tuşba,38.51708,43.33163,Van,Correct
5F1F8CF7-D3C4-423E-AA24-2C1CC979EF22,EMEK ECZANESİ,Van,Erciş,39.02058,43.34066,Van,Correct
FCF70FB0-4C1A-41E2-916C-2C66B08AD221,ŞURA ECZANESİ,Van,Tuşba,38.51315,43.363,Van,Correct
3C371B9E-3FC5-47F5-A975-2CC6D5F7144F,ÖZ TUNÇ ECZANESİ,Van,Erciş,39.02773,43.35902,Van,Correct
CC34424B-57E1-4ACF-922A-2D142CE63C36,ZEYTİN ECZANESİ,Van,İpekyolu,38.49658,43.38626,Van,Correct
09DDA152-97CD-493A-92EF-2D955C11BEB6,ÇAĞLAR ECZANESİ,Van,Erciş,39.02576,43.37326,Van,Correct
46C87C39-699F-4388-82C3-2F93DA78F8BE,FIRAT TEKDUR KLİNİĞİ,Van,İpekyolu,38.49822,43.38936,Van,Correct
E02F3DEA-B89C-4D24-A260-306B220150CA,FATİH ECZANESİ,Van,Çaldiran,38.90657,-77.01036,Washington,Wrong
3BEAE162-5811-47D6-9D74-31358E67E03D,AZAD ŞEPİK MUAYENEHANESİ,Van,Muradiye,38.99027,43.75973,Van,Correct
59CB38B8-DAFC-42C8-9C91-316261A96A13,ÖMER ECZANESİ,Van,Tuşba,38.51109,43.38505,Van,Correct
10875B0F-4A1C-416A-BEC2-3174A6D02BFD,DARÜŞŞİFA ECZANESİ,Van,Edremit,38.41708,43.26626,Van,Correct
2D0E28D0-D554-4A82-BB72-317DD36AFD73,VİTAMİN ECZANESİ,Van,Erciş,39.01097,-76.87116,Maryland,Wrong
5CB744D4-D119-4DD7-A5AB-32C449086A86,VAN İPEKYOLU DEVLET HASTANESİ,Van,İpekyolu,38.48605,43.36657,Van,Correct
389ED10D-54B0-4FDA-AF54-3399E0AD5C4E,ALİ GÜNDÜZALP,Van,İpekyolu,38.50131,43.40504,Van,Correct
2A686A22-354C-466E-BFDB-33C833FD8ADB,VAN ERCİŞ MERKEZ 3 NOLU AİLE SAĞLIĞI MERKEZİ,Van,Erciş,39.04139,43.35027,Van,Correct
BBF11F2C-D9ED-48CF-BA55-33FEF688C2AA,UZMAN ECZANESİ,Van,Çaldiran,39.03859,43.35696,Van,Correct
48102A49-2F50-498E-BCD0-33FF4CA3E9BB,FURKAN ECZANESİ,Van,Tuşba,38.51141,43.43509,Van,Correct
8C1E3024-DF84-4572-9210-346D1EC294FC,SEVDA ECZANESİ,Van,Erciş,39.01772,43.35112,Van,Correct
63D1C1B2-3F5A-4AA1-98C9-34736116CF0F,VAN EDREMİT MERKEZ 7 NOLU AİLE SAĞLIĞI MERKEZİ,Van,Edremit,38.40684,43.25116,Van,Correct
B7562CAA-A069-482E-AFAC-3474DDBD70E5,ALTINBAŞAK ECZANESİ,Van,İpekyolu,39.11627,-76.73076,Maryland,Wrong
6829E673-094F-46A2-8765-3640F7F2B205,BAŞKALE ECZANESİ,Van,Başkale,38.04519,44.01516,Van,Correct
1268A29B-4E6A-44DF-9D95-3827349F0903,BAŞKALE MERKEZ TSM,Van,Başkale,38.04588,44.01533,Van,Correct
F90082AE-639B-4AAB-A6FA-3833A6DA1F58,TARÇIN ECZANESİ,Van,İpekyolu,38.49211,43.38979,Van,Correct
27F1F210-BA6A-4741-8466-38A2E11D5423,DİKİCİ ECZANESİ,Van,Tuşba,38.51516,43.36325,Van,Correct
23187030-CC13-426B-9855-38ABF4F52257,PROFDENT AĞIZ DİŞ KLİNİĞİ,Van,İpekyolu,38.50466,43.39212,Van,Correct
CDA2DFA3-0852-4365-81DA-38CDAD38F843,HEKİMOĞLU ECZANESİ,Van,İpekyolu,38.50235,43.39618,Van,Correct
36E0CA2C-7DAC-4EA7-8C13-3942613461A0,SARAY ECZANESİ,Van,Saray,38.64897,44.16843,Van,Correct
B8D49E2C-777C-4CE3-A9ED-3B0EC254B930,YILDIZ ECZANESİ,Van,Muradiye,38.98901,43.75991,Van,Correct
845A6F34-F83A-49A4-9FF1-3B2CB308F230,ATABAY ECZANESİ,Van,Çaldiran,39.62567,-76.05156,Maryland,Wrong
B9D06871-4514-4327-8771-3B9854FDE38B,KARAALP ECZANESİ,Van,İpekyolu,38.50151,43.37865,Van,Correct
CDC10E45-5851-41D5-A1A3-3C46451E25D6,SUAT GEZER ÖZEL MUAYENEHANESİ,Van,İpekyolu,38.50114,43.37188,Van,Correct
950D9268-44C6-4DFD-AAE9-3DD14061BB46,ELBAK ECZANESİ,Van,Başkale,38.10309,44.10819,Van,Correct
1E02476B-396D-4815-ADC5-3E216249405C,VAN İPEKYOLU MERKEZ 1 NOLU AİLE SAĞLIĞI MERKEZİ,Van,İpekyolu,38.50491,43.39797,Van,Correct
BF1165FC-B047-4EC8-B930-3E7965EFF37E,KUMSAL ECZANESİ,Van,Gevaş,38.29636,43.10942,Van,Correct
0550EAEF-690B-4408-919D-3E90C028E373,GEVAŞ MERKEZ TSM,Van,Gevaş,38.2958,43.10619,Van,Correct
F03D8C90-7601-4858-9E7F-3F5B9BE972C9,VAN İPEKYOLU MERKEZ 19 NOLU AİLE SAĞLIĞI MERKEZİ,Van,İpekyolu,38.49403,43.3902,Van,Correct
AE5B27C4-5A02-4F05-A332-3F8BFB0EAAC1,VAN BAŞKALE DEVLET HASTANESI,Van,Başkale,38.03843,44.02235,Van,Correct
A6FE05F9-3ACD-4B9E-B6E8-3F95F740500F,ONUR ECZANESİ,Van,Çaldiran,39.31607,-76.46436,Maryland,Wrong
EE3D3E6D-A9C9-4C98-9301-3FADFFB3492D,DOLUNAY ECZANESİ,Van,İpekyolu,38.50469,43.39201,Van,Correct
4FFBDC34-4FA2-474A-B1C8-3FE54C664E99,IHLAMUR ECZANESİ,Van,Edremit,38.44981,43.32943,Van,Correct
7D92BA98-297A-49E1-A186-40894004B1A7,FERAY YILDIZ MUAYNEHANESİ,Van,İpekyolu,38.509,43.37553,Van,Correct
39CAF87F-AE47-41A2-A388-40D71480AE5B,BEYDE ECZANESİ,Van,Tuşba,38.50994,43.38874,Van,Correct
3283A155-A698-48B2-9199-412DE2FD472F,DOĞA ECZANESİ,Van,İpekyolu,38.50704,43.38632,Van,Correct
DB171506-2FB0-4432-9EC3-4134154CB492,GÜLSEVEN ECZANESİ,Van,İpekyolu,38.50057,43.39458,Van,Correct
B6E77CBB-F61D-4D9B-A887-41CD8FCF8DDF,İKİ NİSAN ECZANESİ,Van,İpekyolu,38.50204,43.37308,Van,Correct
0D73DB82-5726-4B7F-94F7-4201EE6F6331,GÖNÜL ECZANESİ,Van,İpekyolu,38.65371,43.65338,Van,Correct
4B68EEAF-BCEC-4C19-9881-431D201044CF,VAN İPEKYOLU MERKEZ 2 NOLU AİLE SAĞLIĞI MERKEZİ,Van,İpekyolu,38.49169,43.38807,Van,Correct
2E8FDA1C-CD97-48AB-AB8B-452A3BBB3361,OFLAS ECZANESİ,Van,İpekyolu,38.50024,43.37068,Van,Correct
202194D3-0A34-4EC0-A6BA-46110B46C337,AYSEL ECZANESİ,Van,İpekyolu,38.4969,43.38905,Van,Correct
BACFE4A0-7AFF-49E1-8CE5-462E57E806A6,SENAR BOZAN MUAYENEHANESİ,Van,Erciş,39.02089,43.3886,Van,Correct
F9FAC20B-DF05-4EAC-8CB6-46678358471B,NEVİN ECZANESİ,Van,Edremit,38.49162,43.33626,Van,Correct
2E6AEEB8-47FB-428D-B4CA-47D3D956F96A,MERVE ECZANESI,Van,Edremit,38.44701,43.32647,Van,Correct
000618AA-88A3-48AA-B41E-47E45FF5718C,BÜLENT SAMANLI MUAYENEHANESİ,Van,İpekyolu,38.49919,43.39264,Van,Correct
6D123E10-2FD0-4BD9-AB9C-49A3E27EE6F8,YUVA ECZANESİ,Van,Muradiye,38.99004,43.75734,Van,Correct
39869D03-2738-47A7-9A35-4A6F2CC629C7,EVİN ECZANESİ,Van,İpekyolu,38.50469,43.40199,Van,Correct
D4DDA7F3-0EBE-4638-BDAE-4A97B06CFB3D,İPEKYOLU MERKEZ KARPUZALAN ASM,Van,İpekyolu,38.50792,43.45911,Van,Correct
B02DCAD6-C28E-41C1-8261-4C23591766C6,ENGİN ECZANESİ,Van,İpekyolu,38.50294,43.37428,Van,Correct
63705941-3FDA-44BD-9A9A-4C51CC6DFBC7,ASYA ECZANESİ,Van,Tuşba,39.02463,43.36922,Van,Correct
6B9EEC03-E772-497D-BB06-4C64B4C809F0,ÇAKIR ECZANESİ,Van,Erciş,39.01257,43.4024,Van,Correct
618F72D8-8DDB-4ACE-B0D0-4D0B470BED2E,BEYOĞLU ECZANESİ,Van,Edremit,38.4994,43.43011,Van,Correct
B4A2E528-A1C2-49A6-9EDD-4E4D8543DAF7,VAN SARAY MERKEZ AİLE SAĞLIĞI MERKEZİ,Van,Saray,38.64954,44.17213,Van,Correct
1DE80768-21BC-40EF-B599-4EF0295E6044,HERDEM ECZANESİ,Van,İpekyolu,38.4967,43.39193,Van,Correct
79C0F68C-0005-4AF7-A5E4-4EF7D7157616,EMİN ECZANESİ,Van,Özalp,38.65769,43.9917,Van,Correct
1C7C096C-0B41-452C-8483-5051873892CB,AYAZ ECZANESİ,Van,Başkale,39.40427,-76.34676,Maryland,Wrong
63EC44AB-A0BE-479B-A31D-505AC3CDAD4D,GEVAŞ DEVLET HASTANESİ,Van,Gevaş,38.30776,43.10976,Van,Correct
460F857F-59FB-436A-833D-506AEBE5017A,BAHÇESARAY MERKEZ TSM,Van,Bahçesaray,38.12438,42.80772,Van,Correct
0A76F4D1-7183-4648-B845-511E856D916D,DEFNE ECZANESİ,Van,İpekyolu,38.50021,43.38074,Van,Correct
BEFFF9AF-C76E-4A3D-B210-5142FEE3E4A1,İSTASYON ECZANESİ,Van,Tuşba,39.50777,-76.20876,Maryland,Wrong
F39A38BD-A6E6-44E2-9277-51EF40580E4C,MUHLİS ECZANESİ,Van,İpekyolu,38.50283,43.39957,Van,Correct
D6490917-F295-4AD4-9662-51F106E3E98D,VAN BAHÇESARAY MERKEZ AİLE SAĞLIĞI MERKEZİ,Van,Bahçesaray,38.12669,42.80641,Van,Correct
F151BBD5-F80F-4373-A9C3-524D3A9FB433,PİADENT GEVAŞ DİŞ KLİNİĞİ,Van,Gevaş,39.05687,-76.80996,Maryland,Wrong
63B49116-24BA-47F2-97C7-52ADF55888B6,TARIK ÜLGEN MUAYEHANESİ,Van,İpekyolu,38.50263,43.4314,Van,Correct
C4FD4202-D766-46F7-9A3F-52BAAB105C4D,ELİF ECZANESİ,Van,İpekyolu,38.50151,43.39039,Van,Correct
B15A683D-AFD4-43AA-B4F5-550BE0BF36B7,GÜLTEPE ECZANESİ,Van,Edremit,38.48515,43.36538,Van,Correct
6FB6AFC2-9099-4050-BEBF-55CA84415132,VAN EDREMİT MERKEZ 2 NOLU AİLE SAĞLIĞI MERKEZİ,Van,Edremit,38.41073,43.27255,Van,Correct
4BCC6B46-69E7-4C70-9C5D-56C689A22988,NURULLAH SARITAŞ KLİNİĞİ,Van,İpekyolu,38.50235,43.38479,Van,Correct
50D0F3C8-B805-4400-B1EE-575C108704E4,VAN ERCİŞ Y. IŞIKLI AİLE SAĞLIĞI MERKEZİ,Van,Erciş,39.06399,43.33594,Van,Correct
B273333E-6837-48DB-B205-5774AB245C46,VAN İPEKYOLU MERKEZ 7 NOLU AİLE SAĞLIĞI MERKEZİ,Van,İpekyolu,38.48769,43.41049,Van,Correct
F26AE470-8D33-495A-8CD9-57C358CE4665,VAN ÖZALP MERKEZ 2 NOLU AİLE SAĞLIĞI MERKEZİ,Van,Özalp,38.64595,43.99286,Van,Correct
771855AB-888F-4A3F-8B8B-57E59EAB3E95,ADEM CANAN MUAYENEHANESİ,Van,İpekyolu,38.49362,43.38973,Van,Correct
A686D12B-83A5-4C34-98C9-5917F723C904,VAN MERKEZ TUŞBA 7 NOLU AİLE SAĞLIĞI MERKEZİ,Van,Tuşba,38.55852,43.32582,Van,Correct
EC48A99B-F511-411A-A121-59F81AA52BBC,MERCAN ECZANESİ,Van,Tuşba,38.49874,43.44219,Van,Correct
8694367D-FAB6-41C4-800C-5A54B342762E,VAN ERCİŞ MERKEZ 2 NOLU AİLE SAĞLIĞI MERKEZİ,Van,Erciş,39.02612,43.34713,Van,Correct
A1859D87-F6AC-4812-AAAE-5B9D4ED79716,SERKAN SAYYİĞİT MUAYENEHANESİ,Van,İpekyolu,38.50407,43.40089,Van,Correct
7BA1F723-3566-4010-8DC6-5C2D1C6DDEA8,VAN YOLU ECZANESİ,Van,Erciş,38.89577,-77.02476,Washington,Wrong
97C4B509-9E60-4B13-847E-5C508E2C1DE9,MERVE ECZANESI,Van,Erciş,39.03179,43.35856,Van,Correct
2249DAB6-16D7-44B3-9F46-5C7C8123034B,MURAT SİVRİ MUAYEHANEHESİ,Van,İpekyolu,38.49977,43.39955,Van,Correct
4F452A80-1D4A-4C11-9AA5-5CF9E4A691CC,ELİF ECZANESİ,Van,Muradiye,39.02811,43.36177,Van,Correct
61D29476-EC43-419A-ACFF-5EEAE0374C7E,GÜVEN ECZANESİ,Van,Edremit,38.47948,43.37486,Van,Correct
0F38F5D0-17F0-4809-9EB2-5EFEB63E28AF,AKCAN ECZANESİ,Van,Tuşba,38.50678,43.34872,Van,Correct
A4C96CCE-DBA1-4DB1-B9AC-5F914F772761,ARSLAN SAĞLIK ECZANESİ,Van,Özalp,38.87165,43.91434,Van,Correct
3E9D8948-D5CA-4083-A7F9-5F9ED3AB5340,KARAMAN ECZANESİ,Van,İpekyolu,38.50357,43.39816,Van,Correct
F2ABCBF8-765D-4DCC-9819-5FD66D4C6781,VAN İPEKYOLU MERKEZ 3 NOLU AİLE SAĞLIĞI MERKEZİ,Van,İpekyolu,38.49364,43.37156,Van,Correct
1A1CEA79-63EE-4968-AD98-5FE6CD8BDC54,BÜŞRA ŞEN ÖZEL MUAYENEHANE,Van,İpekyolu,38.50293,43.38682,Van,Correct
F82426B6-86C8-426E-AC7C-61406FB3D11E,LOKMAN HEKİM ECZANESİ,Van,Erciş,39.02396,43.37086,Van,Correct
CAC8F278-ABC9-4475-BC8F-6192E1FFEF2E,LAVANTA ECZANESİ,Van,Erciş,39.0289,43.35937,Van,Correct
9325C1BC-1517-4D97-9C6A-61DC496C9E99,MURAT ECZANESİ,Van,İpekyolu,38.50246,43.39818,Van,Correct
808C6A5A-47BF-41CD-942B-62D2631E4A16,VAN ERCIŞ ŞEHİT RIDVAN ÇEVİK DEVLET HASTANESI,Van,Erciş,39.02124,43.35424,Van,Correct
DBDCB714-B543-4271-9388-6380C4B2AD82,VAN MERKEZ TUŞBA 8 NOLU AİLE SAĞLIĞI MERKEZİ,Van,Tuşba,38.52462,43.38932,Van,Correct
BE6CE646-D3BA-498F-BF04-64041EEF8916,SERHAT ECZANESİ,Van,İpekyolu,38.50321,43.3997,Van,Correct
F4BCFF56-519F-40C8-87E5-64F8540DBC2B,MURADİYE ECZANESİ,Van,Muradiye,38.98899,43.75993,Van,Correct
69B31301-3CD9-4785-9733-64F8F5335EAF,CİHANGİR ECZANESİ,Van,Gürpinar,38.80455,44.11367,Van,Correct
FA7741B1-A8F5-49EE-9CC0-6563EAC30D94,EVİN ECZANESİ,Van,Erciş,39.02777,43.35717,Van,Correct
2D7B0033-34F8-4B09-A092-6591CB7537BC,KENT ECZANESİ,Van,Edremit,38.44611,43.32527,Van,Correct
ACF67FD4-CC86-42F3-87D8-661FFCE5BFD1,ÖZALP ECZANESİ,Van,Özalp,38.86377,44.00825,Van,Correct
8DCD00A4-EF9C-42D5-8C39-662FFE23562C,SELÇUK ECZANESİ,Van,Çatak,38.65683,43.98522,Van,Correct
33558AD5-36D3-44D9-B56F-66D03A689A6B,ÖZEL BEYAZ IŞIK AĞIZ VE DİŞ KLİNİĞİ,Van,İpekyolu,38.49301,43.39099,Van,Correct
5F1CBC0B-D6E4-4CB6-8A60-678E84CCE856,ERKAN ECZANESİ,Van,Erciş,39.02782,43.36174,Van,Correct
4E25AC31-DFE8-40AB-B7FE-685B034A3A5D,SEDA ECZANESİ,Van,Tuşba,38.58631,43.2953,Van,Correct
E45E608D-7CD4-46D1-9681-68BCD2D47794,SEMA NUR ARSLAN DİYET KLİNİĞİ,Van,İpekyolu,38.50182,43.38393,Van,Correct
5C566E91-6B1E-496A-9A5E-68DA4793F5D3,ÖZEL URARTU DİŞ KLİNİĞİ,Van,İpekyolu,38.49934,43.36948,Van,Correct
2843AA7E-9545-4542-BC1C-696155489813,ERVA ARVAS KLİNİĞİ,Van,İpekyolu,38.50196,43.39743,Van,Correct
40165E08-B026-40DE-97FD-6988FDA6041F,TEKBİR ECZANESİ,Van,Erciş,39.01954,43.35342,Van,Correct
624E7DE9-6988-4560-9CB2-699BCB20D3D9,VAN EDREMİT ELMALI AİLE SAĞLIĞI MERKEZİ,Van,Edremit,38.47588,43.35931,Van,Correct
ADC652DE-AE53-4B25-903F-69BB7A49CF08,HACER MERCAN AKKOÇ KLİNİĞİ,Van,İpekyolu,38.50607,43.40169,Van,Correct
58FEEE5D-EA2B-4E97-88EC-6A04AB6ECD8C,ARI ECZANESİ,Van,İpekyolu,38.49524,43.3988,Van,Correct
48C11A65-351E-4B24-B032-6A71514EECB2,ATLAS ECZANESİ,Van,İpekyolu,38.49844,43.36828,Van,Correct
DFF012D0-1B89-4AFA-8416-6B4BFB1B4E89,BÖLGE ECZANESİ,Van,Edremit,38.49361,43.37163,Van,Correct
6163A340-64ED-4FAC-ADF4-6BEF549A90A4,VAN İPEKYOLU MERKEZ 4 NOLU AİLE SAĞLIĞI MERKEZİ,Van,İpekyolu,38.51871,43.324,Van,Correct
F1A81837-EB36-41A9-A7EC-6C1D2C6887C0,VAN ERCİŞ ÇELEBİBAĞI 2 NOLU AİLE SAĞLIĞI MERKEZİ,Van,Erciş,39.03462,43.33008,Van,Correct
7211031E-5770-4ECB-9D36-6C7F1C471D9B,RONAHİ ECZANESİ,Van,Tuşba,38.53338,43.3975,Van,Correct
84FAA738-BF71-44F1-9FBD-6CB2756B1D2D,KAYA ECZANESİ,Van,İpekyolu,38.49225,43.39281,Van,Correct
80C55394-1E8E-4839-B5FE-6D5FD4B78A4A,VAN TUŞBA MERKEZ 1 NOLU AİLE SAĞLIĞI MERKEZİ,Van,Tuşba,38.52097,43.37623,Van,Correct
6BE6CEFD-AEF9-41DB-9DB2-6D78501D4587,ALİ GEZER MUAYENEHANESİ,Van,Erciş,39.02686,43.36409,Van,Correct
5FABB925-223D-4FD3-B0C8-6F62A6CBE9BF,DENTVAN DİŞ KLİNİĞİ,Van,İpekyolu,38.4994,43.37754,Van,Correct
DF402D93-E835-4E0D-8DB9-7035665221E8,VAN SARAY ÖRENBURÇ AİLE SAĞLIĞI MERKEZİ,Van,Saray,38.64864,44.17093,Van,Correct
939EC12D-A797-41A5-A553-70391A08DC34,HALK ECZANESİ,Van,Özalp,38.6562,43.98945,Van,Correct
4AAAC177-582E-499A-B977-70E21AFB88B4,MEHMET SAİD ÇAĞAÇ BESLENME DİYET KLİNİĞİ,Van,İpekyolu,38.5002,43.3808,Van,Correct
F6634C6B-E40F-4919-B487-70F6CFEAE96F,AYHAN ECZANESİ,Van,Edremit,38.47859,43.38072,Van,Correct
2143B952-7091-4A56-888E-71618BA654AA,DEVA ECZANESİ,Van,Erciş,39.03292,43.35848,Van,Correct
15220904-5089-4C0B-956A-7184A4D6B308,FİLİZ ECZANESİ,Van,İpekyolu,38.50464,43.39471,Van,Correct
F5D9F994-93E9-4327-93F9-722891B48C6D,KALECİK ECZANESİ,Van,Tuşba,38.5485,43.32846,Van,Correct
E2FC9FF9-A680-4F06-9ED7-7289B5E286E5,ONUR ECZANESİ,Van,İpekyolu,38.49931,43.38841,Van,Correct
D9913D05-10AC-40F0-9A62-7306F44E1C25,ÖZEL VAN AKDAMAR HASTANESİ,Van,İpekyolu,38.50181,43.37412,Van,Correct
322D834E-B562-4946-9CD7-730F0A88D9BE,VAN TUŞBA MERKEZ 6 NOLU AİLE SAĞLIĞI MERKEZİ,Van,Tuşba,38.5494,43.32966,Van,Correct
C1AC5F01-20F8-4861-80BD-74E38C8D323F,GÜZELSU ECZANESİ,Van,Gürpinar,38.3237,43.40494,Van,Correct
9EA6B9E3-18A1-49A0-A83F-750A721B55CC,ÖZEL ONE DENTAL DİŞ KLİNİĞİ,Van,İpekyolu,38.49279,43.37706,Van,Correct
5009780B-FDB1-44F2-8137-75203B00D67F,KAPLAN ECZANESİ,Van,İpekyolu,38.50301,43.39567,Van,Correct
9F80272D-3A64-46BE-88C5-7546B87C6B3F,MUHAMMED ECZANESİ,Van,Özalp,38.65689,43.98745,Van,Correct
1E5F2711-2215-400B-97DE-754D5F3D339B,BÜYÜK ECZANE,Van,Gevaş,38.29632,43.11296,Van,Correct
EDD0054B-6F96-4DAD-AD98-7564A47CB93F,BARAN SERDAR KIZILYILDIZ VE FIRAT BEDİR ÖZEL MUAYENEHANESİ,Van,İpekyolu,38.49435,43.38268,Van,Correct
1379D6E8-9E2E-4D1A-ACAE-7572053EDD3C,ÇİÇEKLER HAYAT ECZANESİ,Van,Edremit,38.48695,43.36777,Van,Correct
240E6B98-76F3-497C-B24F-75FD0415D4B2,VAN TUŞBA MERKEZ 5 NOLU AİLE SAĞLIĞI MERKEZİ,Van,Tuşba,38.51422,43.36315,Van,Correct
C2862751-6B3B-4A1F-983E-767D5F371803,YAVUZ ECZANESI,Van,İpekyolu,38.50655,43.40327,Van,Correct
6FDB542C-8BB1-4F3E-90BD-77879C62DB96,GEVAŞ ECZANESİ,Van,Gevaş,38.66027,43.9977,Van,Correct
92CA5B5C-AF62-4D12-B0C1-77D089FA3130,PARK ECZANESİ,Van,Edremit,38.46763,43.34731,Van,Correct
288A43EB-0F6B-424C-858A-77D42DAD90B0,GÜNDÜZ ECZANESİ,Van,Özalp,36.62209,29.11355,Muğla,Wrong
8C3971BC-FC3D-41E1-81D4-793EA8E8B8A0,ALİPAŞA ECZANESİ,Van,İpekyolu,38.50664,43.38986,Van,Correct
4EEE615A-D7CC-4FA2-A9E6-798243C9C3A4,ANATOLİA ECZANESİ,Van,İpekyolu,38.50122,43.36948,Van,Correct
B4B60C8B-676C-4412-B9A9-799B077B9D97,FATMA GÜL MADRAN MUAYENEHANESİ,Van,İpekyolu,38.50614,43.38512,Van,Correct
CA1EF807-5DD2-4AFB-92B2-7A9B358F4AF6,VAN BÖLGE EĞİTİM VE ARAŞTIRMA HASTANESİ İPEKYOLU EK BİNASI,Van,İpekyolu,38.45799,43.33795,Van,Correct
2E16144F-C9EE-4B61-8E87-7B0341DB4447,VAN EDREMİT MERKEZ 4 NOLU AİLE SAĞLIĞI MERKEZİ,Van,Edremit,38.47907,43.37922,Van,Correct
44AD2B47-3337-46F1-A5B6-7B1BF3EAC1CF,AZİZOĞLU ECZANESİ,Van,Edremit,38.31042,43.11776,Van,Correct
7C878637-343B-4F6B-9D31-7BE4C0DF6CE9,KASIM TURAN ÖZEL MUAYENEHANE,Van,İpekyolu,38.49389,43.40706,Van,Correct
5A14CE0A-8EF4-4E15-A605-7E7FACBD01D6,MED DENTAL DİŞ KLİNİĞİ,Van,İpekyolu,38.50706,43.3807,Van,Correct
73B446F5-047E-418C-8405-7F88C9E4401E,KAMER ECZANESİ,Van,Tuşba,38.51468,43.34358,Van,Correct
F05F9AF2-97DE-4DE3-AA41-80C1E88608D0,DEFNE ECZANESİ,Van,Erciş,39.01862,43.35232,Van,Correct
9DFD55B6-F526-441B-9228-815A37FE6F68,CAN ECZANESİ,Van,Tuşba,38.51748,43.43365,Van,Correct
7C765BB8-94D7-43A8-9E04-81622166064D,NERİMAN ŞENDİŞÇİ,Van,Erciş,39.02688,43.36829,Van,Correct
D2A24582-72DE-436A-899C-82C428841AD3,MUSTAFA ÖCAL,Van,Erciş,39.02834,43.36402,Van,Correct
C8E15A7E-1BFB-4572-A77E-82FC9B2A6E07,İBRAHİM CAN DİŞ KLİNİĞİ,Van,Erciş,38.96507,-76.93236,Maryland,Wrong
26350ACE-B16B-4019-B62D-836AC56E5078,AKDAMAR ECZANESİ,Van,İpekyolu,38.49159,43.38863,Van,Correct
71D30F13-755D-44B1-B94B-8374B27DD789,AKILLI ECZANESİ,Van,Erciş,39.02823,43.36076,Van,Correct
0399E631-8225-43FA-976E-83EF9C61FA18,YUSUF ÖZER,Van,İpekyolu,38.50286,43.3972,Van,Correct
F0466EC6-A1C6-40F1-90D1-8449D531E064,MUHAMMED DAĞDEVİREN,Van,İpekyolu,38.5027,43.3974,Van,Correct
DA612220-1ADF-48EB-987F-8466F8BEF254,ANKA ECZANESİ,Van,Tuşba,38.53253,43.3818,Van,Correct
ED120889-BCF2-4BF0-BA74-85EA5F46ACB7,YAREN DİLAN KUBİLAY KLİNİĞİ,Van,İpekyolu,38.50168,43.38586,Van,Correct
24B075BA-2129-4115-A68A-8657041987B2,ERCİŞ AĞIZ VE DİŞ SAĞLIĞI MERKEZİ,Van,Erciş,39.02887,43.35943,Van,Correct
4204E114-7774-4A8E-BCC1-86647344709E,VAN İPEKYOLU MERKEZ 17 NOLU AİLE SAĞLIĞI MERKEZİ,Van,İpekyolu,38.50195,43.37679,Van,Correct
91F73861-B555-4FD9-9C52-86B3238D3FDD,NİLÜFER ECZANESİ,Van,İpekyolu,38.50336,43.39808,Van,Correct
D57B288B-938F-4DEE-AF0C-883244652895,VEFA ECZANESİ,Van,İpekyolu,38.50317,43.39969,Van,Correct
1FC1BA72-7C45-47DA-A826-88339023B1B2,VAN BÖLGE EĞİTİM VE ARAŞTIRMA HASTANESİ İSKELE EK HİZMET BİNASI,Van,Tuşba,38.5154,43.34317,Van,Correct
442CF739-5725-40EB-901B-888802B297FC,DENTSİPİ DİŞ KLİNİĞİ VAN,Van,İpekyolu,38.49988,43.38346,Van,Correct
BBAE1917-ED0C-44E6-A7C6-88942F859BD7,YASİR ÇİFTÇİ,Van,İpekyolu,38.49889,43.39407,Van,Correct
664E55B0-636C-4AB5-9395-89FB6C111B95,ERDOĞAN ECZANESİ,Van,İpekyolu,38.50292,43.39661,Van,Correct
7D3DED60-C2B2-48A6-8A7B-8A77D3E16FBC,FEYYAZ ATAY,Van,Çaldiran,39.13511,43.90142,Van,Correct
B044A596-6D14-4D01-88AE-8BBA88C1215D,İHSAN RUA MUAYENEHANESİ,Van,MERKEZ,41.0662,29.0067,İstanbul,Wrong
37D25BA2-AC56-4A12-B347-8C864458BF91,DOĞU ECZANESİ,Van,Erciş,39.02778,43.36949,Van,Correct
2358BEFB-1199-4532-BB5A-8CB0E796FD0F,ÇINARLI ECZANESİ,Van,Erciş,39.02183,43.35456,Van,Correct
88451896-0CE8-48E0-8E4F-8CC7D2F9B928,AYDEMİR ECZANESİ,Van,Tuşba,38.50104,43.38438,Van,Correct
37455BF5-31F6-433A-8E3C-8D4819ACEB50,HAYAT ECZANESİ,Van,Erciş,37.57108,29.06956,Denizli,Wrong
E3182934-0A71-4ACE-91E4-8D5795C3BB47,BELİS ECZANESİ,Van,Edremit,38.45365,43.33182,Van,Correct
464BEC01-4870-4837-B322-8D8807B88309,ÖZEL VAN TUŞBA DİŞ KLİNİĞİ,Van,İpekyolu,38.49974,43.38001,Van,Correct
AE14DB46-D68C-43D3-AE7F-8DC5D7D9FC82,ESMA ECZANESİ,Van,Tuşba,38.50135,43.38545,Van,Correct
A65F3575-CDCA-4BFE-B6B8-8E4B1A9C6B00,EMRE NAİBOĞLU MUAYENEHANESİ,Van,İpekyolu,38.49948,43.39557,Van,Correct
AA78FDBB-D641-48DC-8B1B-8EF91568792E,LÜTFİYE HANIM ECZANESİ,Van,İpekyolu,38.50142,43.3903,Van,Correct
C867CAC7-DF8F-4FBD-82F8-8F035463F960,MAHYA ECZANESİ,Van,İpekyolu,38.49792,43.39029,Van,Correct
917F90E8-C8CD-4968-9947-8F375D1F7DFB,BURAK ECZANESİ,Van,İpekyolu,38.49937,43.39617,Van,Correct
651C10E0-DE2E-4910-8C85-8F466F3F8876,SAĞLIK ECZANESİ,Van,Gevaş,39.83912,30.54322,Eskişehir,Wrong
CB1A240C-2D02-4789-AF34-8F5ED9FE8F4A,VAN İPEKYOLU MERKEZ 10 NOLU AİLE SAĞLIĞI MERKEZİ,Van,İpekyolu,38.50151,43.36331,Van,Correct
24DE3B65-DC1C-4E71-90BB-8FBF2BCE6A05,DİYETİSYEN AYŞE KAYCİ VAN DİYETİSYEN,Van,İpekyolu,38.50292,43.39047,Van,Correct
5F598250-77F8-4DF8-820E-8FC9630B7583,ONUR ECZANESİ,Van,Erciş,39.31607,-76.46436,Maryland,Wrong
BD4D7D8C-A04E-40FB-90DE-90386B66FDBF,VAN İPEKYOLU MERKEZ 6 NOLU AİLE SAĞLIĞI MERKEZİ,Van,İpekyolu,38.52128,43.41914,Van,Correct
0CAA4917-47B3-4EB4-8A2D-915644C105B3,BURAK ECZANESİ,Van,Çatak,38.65683,43.98497,Van,Correct
BE7723B8-01BD-487D-955C-928657E4BD08,MURAT TUNCER MUAYENEHANESİ,Van,İpekyolu,38.50351,43.39814,Van,Correct
856ABA88-39BB-415D-A537-9382FAC6D59F,EMİR ECZANESİ,Van,Tuşba,38.51707,43.43254,Van,Correct
BA294DD3-1F47-4531-800A-93E95821C6E5,HAYLAZ ECZANESİ,Van,Tuşba,38.52074,43.34867,Van,Correct
70679B02-52C8-4E5B-B030-9437B4D57EF9,VAN GÜRPINAR MERKEZ AİLE SAĞLIĞI MERKEZİ,Van,Gürpinar,38.32379,43.40649,Van,Correct
15A66E25-92B6-4915-BFBD-94771111DEF1,ÇINAR ECZANESİ,Van,İpekyolu,38.50348,43.39739,Van,Correct
68D50A33-1CC7-45AB-80D8-959E8EC846F7,ŞİFA ECZANESİ,Van,Özalp,39.02869,43.36002,Van,Correct
1530394F-DEA9-456A-9979-95BC70A04782,VAN EDREMİT MERKEZ 8 NOLU AİLE SAĞLIĞI MERKEZİ,Van,Edremit,38.45758,43.34769,Van,Correct
8F51414B-AE21-498C-8B33-96DDADCD19A7,HARMAN ECZANESİ,Van,İpekyolu,38.50145,43.39498,Van,Correct
5726426B-E146-4490-9AFD-96FA9486EEF5,ERCİŞ ECZANESİ,Van,Erciş,39.37907,-76.38036,Maryland,Wrong
3F177E7A-0C8E-4E82-9EB0-9732C62B7A51,ÖZGE ECZANESI,Van,İpekyolu,38.50158,43.37775,Van,Correct
30661309-1B94-4164-BB5F-9737FCDFC641,ÖZEL UZMANDENT DİŞ KLİNİĞİ,Van,İpekyolu,38.49318,43.37564,Van,Correct
D63439F2-169F-46F2-820D-98391A9595D4,YILDIZ YAŞAR MUAYENEHANESİ,Van,İpekyolu,38.49892,43.38846,Van,Correct
1EF373D2-4973-4DB0-9D00-989051C2EEB8,GÜLAY ECZANESİ,Van,İpekyolu,38.49181,43.41106,Van,Correct
469E716F-F6AD-4A44-BAF3-995ADB76D460,ÖZEL FLORANSA DENT DİŞ KLİNİĞİ,Van,İpekyolu,38.49258,43.38852,Van,Correct
B5544DA9-691B-4ED0-85FF-99775EBAA7BD,VAN İPEKYOLU MERKEZ 5 NOLU AİLE SAĞLIĞI MERKEZİ,Van,İpekyolu,38.50936,43.43507,Van,Correct
510B329C-E5FB-4B42-BE1A-9980DBDF8AF3,KOÇ ECZANESİ,Van,İpekyolu,38.5024,43.39945,Van,Correct
3FAECE92-CDB4-42E7-8466-999520272ABF,ALİPAŞA AİLE SAĞLIK MERKEZİ,Van,İpekyolu,38.50848,43.38708,Van,Correct
E854EBC3-DC28-40D6-B005-99A2C48FDF9F,UÇAR ECZANESİ,Van,İpekyolu,38.50375,43.39329,Van,Correct
89DE5BB7-22E4-4E2C-9227-99D223378452,AKGÜN ECZANESİ,Van,İpekyolu,38.4988,43.39935,Van,Correct
CB128BB6-8ABE-47A9-83B5-9B1EEEE9B7A2,ÖMER BOZAK,Van,İpekyolu,38.50349,43.39947,Van,Correct
5056C6F8-3010-4368-AA79-9C67BD7260F3,DERMAN ECZANESİ,Van,Erciş,39.14327,-76.69476,Maryland,Wrong
D38F804A-5B15-4E65-8CD9-9D0D03584FBC,CADDE ECZANESİ,Van,İpekyolu,38.50225,43.38665,Van,Correct
1D49AA4F-6F7A-4D43-BD59-9DAD110E64B6,İNCİR ECZANESİ,Van,İpekyolu,38.49614,43.4,Van,Correct
118AA6AA-5460-4C0B-9D76-9DCA8C9F948E,BİLAL KARLIDAĞ MUAYENEHANESİ,Van,İpekyolu,38.50297,43.39616,Van,Correct
E8ABCA44-995E-4257-9318-9DEB26D5F8A0,EMRE ECZANESİ,Van,İpekyolu,38.50374,43.39351,Van,Correct
139E1D4B-E2D3-4463-B253-9EDD7A73D31E,YENİ KIŞLA ECZANESİ,Van,Erciş,39.02357,43.34533,Van,Correct
B245E12B-DCBB-483F-AFA5-9F1D3620DE97,ÇALIMLI ECZANESİ,Van,Tuşba,38.49087,43.36916,Van,Correct
D6489E18-B6FB-4580-8674-A05B2EF5DC9B,BARANSEL ECZANESİ,Van,İpekyolu,38.50275,43.39522,Van,Correct
4D3D9778-6F3D-4AE1-9C92-A378860668BD,VAN ERCİŞ MERKEZ 6 NOLU AİLE SAĞLIĞI MERKEZİ,Van,Erciş,39.04051,43.32903,Van,Correct
59A6F157-4292-4530-B235-A3F57B17CD3D,DÜNYA ECZANESİ,Van,İpekyolu,38.50279,43.39717,Van,Correct
8D354EF5-D3D2-42F2-8FB0-A40368EA8F08,LİMON ECZANESİ,Van,İpekyolu,38.48526,43.40165,Van,Correct
8EF0DA96-C724-4CA1-B7DB-A420B65967D6,AFŞAR ECZANESİ,Van,İpekyolu,38.50061,43.37745,Van,Correct
AE691318-5534-4FB2-BB29-A4450962D4E8,MÜFİDE ECZANESİ,Van,Tuşba,38.50612,43.38519,Van,Correct
23FA8151-DCCB-4A39-A1AF-A48F5083CD9A,VAN EDREMİT MERKEZ 6 NOLU AİLE SAĞLIĞI MERKEZİ,Van,Edremit,38.45845,43.34772,Van,Correct
83E3E4C0-2D6C-4D90-A269-A58F3784224D,DERMAN ECZANESİ,Van,Gevaş,38.29542,43.11176,Van,Correct
F223D1A5-CF5F-449E-875E-A6587BD0BA5A,GÜLSUYU ECZANESİ,Van,Bahçesaray,38.12409,42.80774,Van,Correct
8B1D31F6-642C-4F2A-BA43-A686EE02397F,GÜLEŞÇE ECZANESİ,Van,Gürpinar,38.32374,43.40563,Van,Correct
111DFF25-349D-4A3E-A53F-A6B1334947CA,EDREMİT ECZANESİ,Van,Edremit,38.42494,43.27869,Van,Correct
6BBC5539-DFD6-4E21-B8E5-A800F33E97A0,DOĞA ECZANESİ,Van,Muradiye,38.88556,40.49341,Bingöl,Wrong
0BDE6246-66CD-496D-BCEC-A80DBFE1CD9A,HALK ECZANESİ,Van,İpekyolu,38.50475,43.40087,Van,Correct
3C7AC878-E68A-47F9-A29E-A8E7BDEDC6F2,NESLİ ECZANESİ,Van,Gürpinar,38.32387,43.40772,Van,Correct
6BB00CA5-088E-4BD6-89C2-A9976199983F,YALÇINKAYA ECZANESİ,Van,Erciş,39.0031,43.39481,Van,Correct
5E0EE4F6-E908-4247-803E-AA2859EB0B9D,ALTUN DURMAZ,Van,Erciş,39.02744,43.36282,Van,Correct
45C0C1C4-BE11-4CC0-9A63-AA3296CD74CB,SUSAN AĞLAMIŞ MUAYENEHANESİ,Van,İpekyolu,38.4982,43.38936,Van,Correct
A99FD451-983D-45F1-B616-AA79827EC4F3,DORUK KARTAL ECZANESİ,Van,Tuşba,38.48566,43.42181,Van,Correct
390965DC-DB3D-4CC5-A800-AA7D99F652E0,AYDIN EVLİYAOĞLU MUAYENEHANESİ,Van,İpekyolu,38.50308,43.39842,Van,Correct
C3626CA4-6135-403A-B3ED-AB545C92540E,HANÇER ECZANESİ,Van,Erciş,39.01774,43.35102,Van,Correct
F17266DD-2924-4F78-B71E-ABC7D695FFE0,SANAT ECZANESİ,Van,Başkale,38.04989,44.01738,Van,Correct
E795C806-3B17-4C5E-A8C8-ABF7FC480834,DENTALZONE AĞIZ VE DİŞ SAĞLIĞI POLİKLİNİĞİ,Van,MERKEZ,41.0714,29.2881,İstanbul,Wrong
74EE6521-9A90-407A-80D6-AD80B0076B69,MUHAMMED FERHAT KESMEZ MUAYENEHANESİ,Van,İpekyolu,38.50342,43.39977,Van,Correct
C62FA61C-2A90-4AF3-9291-ADCEFECA9817,ROZERİN ECZANESİ,Van,Erciş,39.01864,43.35222,Van,Correct
C012B1B5-BD74-42C8-B254-AE57CD194545,ÖZEL VAN DÜNYA AĞIZ VE DİŞ SAĞLIĞI POLİKLİNİĞİ,Van,İpekyolu,38.50142,43.37772,Van,Correct
5C44EC46-4E51-4BDE-B8B6-AEA8AD61FC7C,NECİP AKGÜL MUAYENEHANESİ,Van,İpekyolu,38.4939,43.37092,Van,Correct
8032107E-2119-4595-B539-AEB255A8C339,ALİ KOLUSARI MUAYENEHANESİ,Van,İpekyolu,38.5061,43.37545,Van,Correct
0E19598C-622C-4C4A-8523-AFB25EF8F8BC,SAĞLIK ECZANESİ,Van,İpekyolu,38.50289,43.39959,Van,Correct
F645127B-5D73-4BCA-8F86-AFB5EA08BDD6,VEYSEL POLAT MUAYENEHANESİ,Van,İpekyolu,38.49925,43.39944,Van,Correct
4C0A1A76-9641-423F-BE4D-B049092DD780,AYDIN YAKIŞIR MUAYENEHANESİ,Van,MERKEZ,41.0454,29.3696,İstanbul,Wrong
D558EB13-3B11-4D4B-BD8B-B06810486059,VAN MURADİYE MERKEZ 1 NOLU AİLE SAĞLIĞI MERKEZİ,Van,Muradiye,38.98917,43.76353,Van,Correct
78ED31BC-45AF-4C4C-9087-B1103CCE07CA,MERMİT ECZANESİ,Van,İpekyolu,38.49843,43.39514,Van,Correct
71FB5FF3-733E-49C4-8C24-B16AD046CE45,VAN İPEKYOLU MERKEZ 14 NOLU AİLE SAĞLIĞI MERKEZİ,Van,İpekyolu,38.48433,43.36347,Van,Correct
405D6F87-C8FF-439A-80D9-B2CA4635B67E,YAĞIZ ECZANESİ,Van,Tuşba,38.51086,43.36269,Van,Correct
123EE5AB-59A9-42A1-9D63-B2E892B8BF96,YAĞMUR ECZANESİ,Van,İpekyolu,39.41867,-76.32756,Maryland,Wrong
9403F4C9-2ACE-4456-8E6E-B3FCFDB9FA6C,NURETTİN ŞEN DİŞ KLİNİĞİ,Van,İpekyolu,38.50334,43.39807,Van,Correct
818E070E-0794-428F-9CEA-B496DEF347F5,YENİ ECZANESİ,Van,Erciş,39.01999,43.3874,Van,Correct
DA21EF58-D07E-4C4C-A73A-B51283382FC2,NEFES ECZANESİ,Van,İpekyolu,38.49849,43.39483,Van,Correct
35B4F86A-687F-4D50-B913-B5A14DC3AD5D,VAN SARAY İLÇE DEVLET HASTANESİ,Van,Saray,38.1172,42.80778,Van,Correct
860ADE71-620F-429A-9FF8-B5FB2DEB0A52,AKKÖPRÜ ECZANESİ,Van,İpekyolu,38.49649,43.38888,Van,Correct
CDEE64DC-BF13-42C7-9C1D-B6AA4CD8F66D,BARIŞ KİYAĞ MUAYENEHANESİ,Van,İpekyolu,38.50111,43.39513,Van,Correct
6CDC73DF-2EC9-40A2-816B-B6F90ECFF25E,GÜMÜŞ ECZANESİ,Van,İpekyolu,38.49368,43.37145,Van,Correct
0C02D417-7445-47DD-BF4A-B728FB319126,ÖZYAŞAM ECZANESİ,Van,Erciş,39.02666,43.37446,Van,Correct
B7DB3E4D-8E6C-40E3-9CEA-B848BA0DAE6A,OTOGAR ECZANESİ,Van,Tuşba,38.51648,43.37797,Van,Correct
73C1B70D-D4D2-4981-AF93-B9056D4AB5EB,VAN ERCİŞ MERKEZ 8 NOLU AİLE SAĞLIĞI MERKEZİ,Van,Erciş,39.00665,43.40064,Van,Correct
91AE7528-8A0D-4AB0-A460-B9720FA923CC,İLYAS KAYA DİŞ KLİNİĞİ,Van,Erciş,39.28367,-76.50756,Dundalk,Wrong
F77A0220-ECCA-4B10-9FBC-B9803BA84BCA,MEHMET HAFİT GÜR ÖZEL MUAYENEHANESİ,Van,İpekyolu,38.50027,43.39737,Van,Correct
38EFF2BE-6FD5-4E2B-B0E7-B9C8CAEC2DE8,ONAY ECZANESİ,Van,İpekyolu,38.49846,43.4051,Van,Correct
C4181F90-578F-478B-9F14-BA12DFA9EA00,ŞEHADET ECZANESİ,Van,MERKEZ,39.00827,-76.87476,Maryland,Wrong
2457993F-ADB4-4E1F-8EB0-BA2832258955,KÜLTÜR ECZANESİ,Van,İpekyolu,38.49813,43.40314,Van,Correct
8AE02314-EAEF-43FD-BB18-BA84C152C2B7,GÖREN ECZANESİ,Van,Edremit,38.69066,43.92302,Van,Correct
7C67A18C-BB6D-41D2-A5FA-BA8E61E0FB39,ÖZEL DENTSTOP DİŞ KLİNİĞİ,Van,İpekyolu,38.49339,43.37226,Van,Correct
75826D72-9C59-4D3B-A43C-BAFA9A29CA70,VAN ERCİŞ MERKEZ 1 NOLU AİLE SAĞLIĞI MERKEZİ,Van,Erciş,39.02598,43.36709,Van,Correct
91321485-A622-438C-9B1C-BB0A7F40619F,ÖZÜTOPRAK ECZANESİ,Van,Edremit,38.48113,43.36072,Van,Correct
7AD55330-422D-4E4D-A646-BC6857D88330,GÜRKAN KATAR MUAYEHANEHESİ,Van,MERKEZ,41.0163,28.6579,İstanbul,Wrong
6D4CA087-4AAD-437E-B12F-BD250A169A61,PEKER ECZANESİ,Van,Tuşba,38.48562,43.36235,Van,Correct
F38E3298-159B-4570-9F11-BD541A98D5D5,VAN ESTETİK DİŞ KLİNİĞİ,Van,İpekyolu,38.49201,43.39364,Van,Correct
6EF97E31-25F7-482C-B45F-BDEB28C4D1A7,VAN İL SAĞLIK MÜDÜRLÜĞÜ,Van,İpekyolu,38.48647,43.36567,Van,Correct
E931A754-609A-4395-8993-BE6296CB6E8D,VAN BAŞKALE MERKEZ 1 NOLU AİLE SAĞLIĞI MERKEZİ,Van,Başkale,38.04768,44.01773,Van,Correct
6D87A0C8-DBB6-40EB-A248-BEF61011DAC1,ÖZEL LOKMAN HEKİM VAN HASTANESİ,Van,İpekyolu,38.49654,43.38899,Van,Correct
0C5FEEF9-302B-4165-AB2E-BFA2970829D2,ARSLAN ECZANESİ,Van,Erciş,39.02889,43.36016,Van,Correct
25B6A5A2-653C-41F7-B7C0-BFE15BAB5D4B,VAN ÖZALP MERKEZ 1 NOLU AİLE SAĞLIĞI MERKEZİ,Van,Özalp,38.65799,43.98921,Van,Correct
23B4E120-C9CE-4D13-A70C-BFEB3E50FB93,EMEK ECZANESİ,Van,Özalp,38.65773,43.98616,Van,Correct
3FB0DAD3-07DC-434B-8A32-BFF743648B52,ÖZEL VAN DOĞU HAYAT DİŞ KLİNİĞİ,Van,İpekyolu,38.494,43.40258,Van,Correct
989D0F33-94B8-41C9-B4F2-C0014436F6FE,GÜNEŞ ECZANESİ,Van,Erciş,39.02044,43.35462,Van,Correct
62283B67-5F10-4D0A-BDA8-C0631B7C388A,ÖZEL LOKMAN HEKİM HAYAT VAN HASTANESİ,Van,İpekyolu,38.50232,43.3915,Van,Correct
1FF45E21-8F29-4038-BE84-C0FA4F227C5F,ÖZ SEVGİ ECZANESİ,Van,Erciş,39.01909,43.3862,Van,Correct
E29F3021-CC8C-40F7-AB60-C1F6773837B9,ZAMBAK ECZANESİ,Van,Tuşba,38.50929,43.37017,Van,Correct
C2797A04-E333-4212-8631-C25590A2D037,SERAP GÜNEŞ BİLGİLİ MUAYENEHANESİ,Van,İpekyolu,38.49766,43.37224,Van,Correct
461A0B92-D482-477E-9D7F-C26658A3CEF0,ÖZEL İPEKYOLU AĞIZ VE DİŞ SAĞLIĞI KLİNİĞİ,Van,İpekyolu,38.50111,43.38188,Van,Correct
E5B3E810-36B0-4771-9D7A-C2E9C0BCB930,DENİZ ECZANESİ,Van,İpekyolu,38.49702,43.38909,Van,Correct
18728BFA-38FB-4AE3-A57E-C45F99D1E57E,GÜRBÜZ ECZANESİ,Van,Erciş,39.02486,43.37206,Van,Correct
92B50CAD-6AED-46EA-9EE3-C4771B66B2DC,DEVA ECZANESİ,Van,İpekyolu,38.49933,43.39634,Van,Correct
1417CCD1-25F1-4B27-A0E0-C4D2D3FBB902,ÖZEL ÖZALP DENT DİŞ KLİNİĞİ,Van,Özalp,38.65689,43.98754,Van,Correct
8B2B0377-5DC9-4D61-AB43-C52548D8CC8D,ÇELEBİ ECZANESİ,Van,Erciş,39.02866,43.35889,Van,Correct
81728FF1-B2EE-4000-A04F-C53E68E9C742,FİLİZ AKYOL KADIN DOĞUM KLİNİĞİ,Van,İpekyolu,38.50076,43.3776,Van,Correct
F083BC6F-8195-4344-90C0-C5F5E93B7980,VAN İPEKYOLU MERKEZ 11 NOLU AİLE SAĞLIĞI MERKEZİ,Van,İpekyolu,38.50187,43.39295,Van,Correct
620B089F-FCEA-4DA7-83CF-C6A5FFA51167,SERAY ECZANESİ,Van,Tuşba,40.96764,29.26316,İstanbul,Wrong
46C35FB6-99A4-49EE-B842-C6B8D01BA95D,UMUT ECZANESİ,Van,Muradiye,40.94844,40.54339,Rize,Wrong
6605C0EA-478A-4DD1-A023-C733C1B1616E,EDİP DÜNDAR MUAYENEHANESİ,Van,İpekyolu,38.50279,43.37807,Van,Correct
F9537005-1B4B-497E-B724-C783B2D16541,GÜLCE ECZANESİ,Van,İpekyolu,38.50062,43.3774,Van,Correct
D7BC9561-886C-46C4-89CD-C79F03A94D72,DİLEK KUŞASLAN AVCI MUAYENEHANESİ,Van,İpekyolu,38.5035,43.37431,Van,Correct
8150763D-E5E7-4B7D-B4EF-C7FC48D15B8B,ZÜBEYDE GÜLER GÜNEŞ MUAYENEHANESİ,Van,İpekyolu,38.49917,43.38959,Van,Correct
23B7D1C8-6790-4EFF-BDBE-C82C42DD2D72,TOLGA YAZLIK MUAYENEHANESİ,Van,Tuşba,38.50427,43.39929,Van,Correct
1750AABC-43C1-4DAC-AE4C-C86D1D301703,ÖZEL CAN EBİRİ MUAYENEHANESİ,Van,İpekyolu,38.49676,43.37104,Van,Correct
7DA3AE85-934B-4602-928E-C8B49E89CCBC,VAN BAŞKALE ALBAYRAK AİLE SAĞLIĞI MERKEZİ,Van,Başkale,38.14344,44.20559,Van,Correct
F099CC36-E5EA-4D00-A9CA-C8FC38F73D4E,VAN ÇATAK MERKEZ AİLE SAĞLIĞI MERKEZİ,Van,Çatak,38.00804,43.06104,Van,Correct
789676F6-3D71-4D91-AA12-CA2EEF012B3B,POLEN ECZANESİ,Van,İpekyolu,38.5044,43.39337,Van,Correct
CEC128E7-F6AE-425D-8FC9-CA3BCE1E31C3,GÖNÜL ECZANESİ,Van,Muradiye,38.88572,40.49332,Bingöl,Wrong
D469D195-22D2-4351-9F12-CAD4F0224D51,ORTOVAN AĞIZ VE DİŞ KLİNİĞİ,Van,İpekyolu,38.50021,43.38068,Van,Correct
FD020028-5EE4-41B6-A9A8-CBD169EE442E,VAN MURADİYE MERKEZ 2 NOLU AİLE SAĞLIĞI MERKEZİ,Van,Muradiye,38.98957,43.75568,Van,Correct
37F27A08-DF14-4F87-9E2E-CC8377667E02,KAYRAN ECZANESİ,Van,Edremit,38.41732,43.26617,Van,Correct
65A56834-E9A3-4CF2-9330-CC9D016E16D9,ÖZEL URARTU GÖZ TIP MERKEZİ,Van,İpekyolu,38.49694,43.37149,Van,Correct
7F1001C6-914E-4901-A5C6-CCA027FA6EF2,ÖZEL BARLADENT DİŞ KLİNİĞİ,Van,İpekyolu,38.50166,43.3788,Van,Correct
3166F5A8-D12C-4A03-AF16-CD1DCD56D29C,ARAŞTIRMA ECZANESİ,Van,Tuşba,39.02687,43.36406,Van,Correct
F7227572-A5BE-422B-B797-CD985AC66372,YENİ VAN ECZANESİ,Van,İpekyolu,38.5065,43.39845,Van,Correct
70694725-948D-4EA2-A229-CE3B1A844F5A,MERKEZ ECZANESİ,Van,İpekyolu,38.50497,43.42891,Van,Correct
35C9D34D-4739-494C-9231-CE883CEACC4E,SEVGİ ECZANESİ,Van,İpekyolu,38.50439,43.39807,Van,Correct
22EE5B98-EE8F-4913-9EE5-CE91174F4DC7,NİSA ECZANESİ,Van,İpekyolu,38.49655,43.3889,Van,Correct
0A9D692B-0F6B-4140-9C11-CEAD68F287BB,AYDIN ECZANESİ,Van,Tuşba,38.51147,43.35942,Van,Correct
9C2FC59E-C4B8-49FD-8307-CF193F7602A0,UĞUR YORGUN MUAYENEHANESİ,Van,İpekyolu,38.4921,43.37991,Van,Correct
314FB89A-96B3-4CFD-9662-CF49FA7CAC54,GÜLÜZAR ECZANESİ,Van,Tuşba,38.52203,43.3492,Van,Correct
1A9F34C5-675B-4A57-84D3-CF6DD2DEF48F,UĞURLU ECZANESİ,Van,İpekyolu,38.50501,43.39455,Van,Correct
0EBB8C51-4873-47AA-AB76-CFC1FBDB3165,SEVİNÇ ECZANESİ,Van,Erciş,39.02851,43.35891,Van,Correct
941CB97E-4CBE-4ADF-9B17-D057921259AD,ÖLMEZ ECZANESİ,Van,Tuşba,38.51238,43.35498,Van,Correct
4F20DD05-1A71-45BF-88FF-D0625CCBE3D2,OVADENT DİŞ KLİNİĞİ VAN,Van,İpekyolu,38.50019,43.3809,Van,Correct
655F5756-55FC-4506-ADFA-D2179F3EE744,RUHAT KARAKUŞ KADİN DOĞUM KLİNİĞİ,Van,İpekyolu,38.50007,43.39079,Van,Correct
669EA1C7-2200-41C7-908E-D2EE3DD6461D,VAN İPEKYOLU MERKEZ 15 NOLU AİLE SAĞLIĞI MERKEZİ,Van,İpekyolu,38.49529,43.34565,Van,Correct
D8BBC0F8-5975-4E2A-B9A8-D308A5F3F84E,YÜZÜNCÜ YIL ÜNİVERSİTESİ DİŞ HEKİMLİĞİ FAKÜLTESİ,Van,Tuşba,38.56626,43.28432,Van,Correct
7BF3568F-2F62-4C80-A3B8-D41D8F481E03,GALATA ECZANESİ,Van,Çaldiran,39.13739,43.90533,Van,Correct
C398E631-4C62-40DF-98E5-D45BBDB2583A,GÜLEN KAYA KAPTANOĞLU MUAYENEHANESİ,Van,İpekyolu,38.4985,43.3948,Van,Correct
BAA3E844-1598-4249-830B-D49D979228A3,ÖZNUR ECZANESİ,Van,Özalp,38.65683,43.98496,Van,Correct
A7B3A2B5-F436-49C1-99E7-D4FFA7257147,NEHİR ECZANESİ,Van,İpekyolu,38.50169,43.40213,Van,Correct
95229A10-226B-4B52-91FA-D51979F91584,TUNA ECZANESİ,Van,Edremit,38.41662,43.26636,Van,Correct
61996783-82F5-47D2-8D1C-D603C9715C17,VAN TUŞBA MERKEZ 4 NOLU AİLE SAĞLIĞI MERKEZİ,Van,Tuşba,38.51084,43.3882,Van,Correct
DAA9C1A1-FDFA-430C-BBA8-D6A94611A051,POLATER ECZANESİ,Van,İpekyolu,38.50196,43.39038,Van,Correct
A01BA840-D920-47E1-8F06-D6D1DA6B78D3,GENÇ ECZANESİ,Van,İpekyolu,38.49434,43.3976,Van,Correct
7E0F346E-37E9-4F6A-8321-D78B7FDFC745,PERİHANOĞLU ECZANESİ,Van,İpekyolu,38.49932,43.34988,Van,Correct
A3A00A9B-3A9A-49EE-8A90-D7A1C15F3250,VAN İPEKYOLU MERKEZ 12 NOLU AİLE SAĞLIĞI MERKEZİ,Van,İpekyolu,38.50084,43.42842,Van,Correct
DAB167A5-6FA4-4072-A502-D8BDC003E5DC,YÜZÜNCÜ YIL ÜNİVERSİTESİ DURSUN ODABAŞ TIP MERKEZİ,Van,Tuşba,38.56556,43.27483,Van,Correct
17D4DCB5-8A9F-48FB-8CF1-D8DA65DC213B,VAN EDREMİT MERKEZ 5 NOLU AİLE SAĞLIĞI MERKEZİ,Van,Edremit,38.48818,43.34686,Van,Correct
6DC07255-7F0C-4569-ADBF-D9CB3AA15AF1,VAN İPEKYOLU MERKEZ 8 NOLU AİLE SAĞLIĞI MERKEZİ,Van,İpekyolu,38.48171,43.40254,Van,Correct
123811BD-FE40-4B02-BCB6-DA05D4A90399,BEŞYOL ECZANESİ,Van,İpekyolu,38.50707,43.39627,Van,Correct
9B121036-76B7-48FE-B365-DA384CCB3EB6,MESUT ALGÜN,Van,Erciş,39.02901,43.36297,Van,Correct
86A56E15-F7EC-46E2-9FC8-DA593CDC40BC,YENİ YAŞAM ECZANESİ,Van,Tuşba,38.56238,43.32419,Van,Correct
4B6E7446-B37A-49B4-B3AB-DB1B032D9915,DEMİR ECZANESİ,Van,Gevaş,38.29734,43.12009,Van,Correct
6008404F-725C-417F-B1B3-DB804E667DDB,BAKIR ECZANESİ,Van,İpekyolu,38.50001,43.39029,Van,Correct
88C6D90A-7063-4146-835F-DC254DB15D42,SİBEL ECZANESİ,Van,MERKEZ,38.5046,43.39803,Van,Correct
54000338-8AB3-431F-A497-DC344B37BF7D,OSMAN AZİZOĞLU MUAYENEHANESİ,Van,İpekyolu,38.50517,43.40049,Van,Correct
A7DCD9FA-152B-4422-ADD4-DCDD7C3BFFC3,VAN İPEKYOLU ERÇEK AİLE SAĞLIĞI MERKEZİ,Van,İpekyolu,38.65481,43.65248,Van,Correct
8882F84E-A2C6-4B6C-BC3A-DD2FAEA0ADB6,GÜRPINAR MERKEZ TSM,Van,Gürpinar,38.32563,43.40683,Van,Correct
34D80C68-5113-4B34-B397-DE63E9C8DE89,VAN ERCİŞ MERKEZ 4 NOLU AİLE SAĞLIĞI MERKEZİ,Van,Erciş,39.042,43.36227,Van,Correct
9B398CD6-BC9E-4115-8AB1-DE8D87935FDB,ERÇEK ECZANESİ,Van,İpekyolu,38.65354,43.65207,Van,Correct
480D8915-4CBE-41DA-A77D-DF1C0A6FA97E,VAN EDREMİT ÇİÇEKLİ AİLE SAĞLIĞI MERKEZİ,Van,Edremit,38.35794,43.18864,Van,Correct
0CC7FED5-335B-4B2C-BB42-DFF804F5618E,NUR ECZANESİ,Van,Edremit,38.49311,43.36907,Van,Correct
B3D89ABE-C320-4EFC-AA5A-E22E6E8150ED,ARTOS ECZANESİ,Van,Gevaş,38.29824,43.10674,Van,Correct
05F90D90-9671-4FB4-95C5-E39A8198A0AD,KIZILTAŞ ECZANESİ,Van,Edremit,38.81429,44.138,Van,Correct
D8D5A0F3-C6F8-475E-AFB6-E3E062FA483F,BERFİM ASLAN MUAYENEHANESİ,Van,İpekyolu,38.49868,43.40498,Van,Correct
D3DD2049-C416-4F33-8155-E42CB1E49708,VİYA DENT AĞIZ VE DİŞ KLİNİĞİ,Van,İpekyolu,38.50454,43.38936,Van,Correct
E5B5A5EE-C0AE-4FC5-A44C-E483B0D8BC75,KAYA ECZANESİ,Van,Erciş,39.0289,43.35904,Van,Correct
CB5FEB92-F516-4EA7-A67B-E4942F899D62,BAHÇESARAY DEVLET HASTANESI,Van,Bahçesaray,38.12434,42.80727,Van,Correct
4DDA619B-6954-4C86-BC11-E4DB46E56FEF,MUSTAFA SALİH BAYRAMOĞLU MUAYENEHANESİ,Van,İpekyolu,38.50697,43.40289,Van,Correct
292C0897-0DFA-49F7-8831-E5E8B778541C,SERKAN UÇUM,Van,Gürpinar,38.32653,43.40803,Van,Correct
AD1AF049-FB78-4075-8049-E61D094B9EA0,ÖZEL ERCİŞ MED TIP MERKEZİ,Van,Erciş,38.49696,43.37191,Van,Correct
EC499D9D-D876-4FEA-828A-E6AA66B4CD4F,VAN GEVAŞ MERKEZ AİLE SAĞLIĞI MERKEZİ,Van,Gevaş,38.29592,43.10692,Van,Correct
4DE25F2B-C204-4E71-BCD9-E812FE8E3610,TALAY ECZANESİ,Van,Edremit,38.45461,43.34596,Van,Correct
2F03C594-E7F2-4790-B8E4-E8AA5A7966E4,VAN TUŞBA MERKEZ 2 NOLU AİLE SAĞLIĞI MERKEZİ,Van,Tuşba,38.5347,43.38202,Van,Correct
57E307B3-1E61-4DF6-80E1-E8C9F60F7D7D,ARYA ROZA ÇAKIR DİYET KLİNİĞİ,Van,İpekyolu,38.49904,43.39079,Van,Correct
AF65D2E8-5187-46A1-AD1B-E91F3094CDD1,MUAMMER KUŞAK MUAYENEHANESİ,Van,İpekyolu,38.50775,43.37739,Van,Correct
58C6DABB-5B24-4552-82BA-E9790F48B99F,GÜLCAN ECZANESİ,Van,Tuşba,38.50311,43.40744,Van,Correct
6DD2F7B5-3BF6-475C-8EC9-E9799EB6200B,RAHMİ ERCAN MUAYENEHANESİ,Van,Tuşba,38.50007,43.37994,Van,Correct
97E180C3-83B0-48DB-90BB-EA0632E39C44,ALTINKAYISI ECZANESİ,Van,Başkale,38.04899,44.01618,Van,Correct
96688287-6562-4924-B5B5-EA87732C5A51,ESİN ECZANESİ,Van,Edremit,38.48805,43.36744,Van,Correct
57754ECA-ED70-4915-AC8E-EA984BA9C85C,ATASEVER ECZANESİ,Van,Edremit,38.68999,43.92434,Van,Correct
C9844A5E-4D38-457F-A77F-EADB5B8B9A4A,GÜRPINAR DEVLET HASTANESİ,Van,Başkale,38.03753,44.02115,Van,Correct
88D35C38-5775-4F39-86BD-EC58924A75D6,ERVAN ECZANESİ,Van,Erciş,38.50745,43.40447,Van,Correct
4158AA99-7258-4544-B5F1-ECC56C3D4BB2,GÜLSİPAN YAŞAR MUAYENEHANESİ,Van,İpekyolu,38.50021,43.38073,Van,Correct
E76153C0-97DA-464F-80E2-EE64BFDD89D0,YUNUS ECZANESİ,Van,İpekyolu,38.50014,43.38986,Van,Correct
6AD3FA5A-F994-4E63-AB2F-EE96D31A291C,FERHAT ECZANESİ,Van,İpekyolu,38.50271,43.39954,Van,Correct
C69E2F90-F72F-4B7D-8F65-EF245FC2D9D8,YILDIZ ECZANE,Van,Tuşba,38.50505,43.39565,Van,Correct
794E227B-D538-4355-8F52-EFA46DF73F3B,ŞİFA ECZANESİ,Van,İpekyolu,38.50164,43.39486,Van,Correct
8D2F9BB7-95D2-4EB1-BF94-F07CA2F4DAAF,İSKELE ECZANESİ,Van,Tuşba,38.51145,43.3595,Van,Correct
F30FFB07-D9D0-45F0-BF16-F239B5ECF338,DERMAN ECZANESİ,Van,İpekyolu,38.50059,43.37822,Van,Correct
70362C6A-E59E-48E4-B379-F3FBB0B24B49,NAR ECZANESİ,Van,İpekyolu,38.4991,43.38343,Van,Correct
C5C46AC2-7CFA-4574-AA4D-F47C95E8C6F6,VAN GEVAŞ GÜZELKONAK AİLE SAĞLIĞI MERKEZİ,Van,Gevaş,38.31119,42.9826,Van,Correct
424ABB21-DC41-4EDF-B1F8-F495AB167332,AKDAĞ ECZANESİ,Van,Edremit,38.43666,43.31444,Van,Correct
AB3B54AD-9778-4609-8746-F50432E63EF3,VAN İPEKYOLU MERKEZ 13 NOLU AİLE SAĞLIĞI MERKEZİ,Van,İpekyolu,38.48013,43.39889,Van,Correct
58C2639A-DFD2-46C1-9B7A-F5AF88D5BA20,DENTRESS AĞIZ VE DİŞ SAĞLIĞI POLİKLİNİĞİ,Van,İpekyolu,38.50367,43.39859,Van,Correct
8DF4B7B9-41E8-4C2B-9D54-F5D54B924B6F,VAN BAŞKALE MERKEZ 2 NOLU AİLE SAĞLIĞI MERKEZİ,Van,Başkale,38.04678,44.01653,Van,Correct
8508B31F-5541-45DC-B97A-F6A22925B6C3,VAN ÖZEL DİYALİZ MERKEZİ,Van,İpekyolu,38.49541,43.3715,Van,Correct
BD9BC67F-59F7-4DE3-8910-F6A70C4200D3,T.C.S.B. VAN KAMU HASTANELERİ BİRLİĞİ SAĞLIK BİLİMLERİ ÜNİ.VAN EĞİT. VE ARAŞ.HASTANESİ,Van,Edremit,38.90207,-77.01636,Washington,Wrong
1A12E0FD-53C1-4A50-AF12-F6BB65CFA581,VAN İPEKYOLU MERKEZ 16 NOLU AİLE SAĞLIĞI MERKEZİ,Van,İpekyolu,38.49775,43.42673,Van,Correct
E9DB29CB-3573-42A3-8255-F6D2C1A8F79B,YAĞMUR KARAMAN ECZANESİ,Van,Edremit,38.47041,43.35574,Van,Correct
DA38D72C-328F-4CBF-86A9-F6F2CB908D9F,AY IŞIĞI,Van,Tuşba,38.66861,43.25664,Van,Correct
A877E8EF-934D-4A54-990F-F7038B1BAB59,ZÜLFİNAZOĞLU ECZANESİ,Van,Tuşba,38.52154,43.3759,Van,Correct
B3BC34CE-957C-4572-AFB5-F7656DA24D61,ÇİÇEKLİ ECZANESİ,Van,Edremit,38.14981,42.72792,Van,Correct
F93428A5-1B83-4903-8A79-F783D64C9B03,ŞEFKAT ECZANESİ,Van,İpekyolu,38.5002,43.38988,Van,Correct
33F86011-510C-4C3D-95B3-F81BCF67D656,OZAN ECZANESİ,Van,İpekyolu,38.50198,43.39506,Van,Correct
87020BFC-3E24-4564-B4A6-F82B1DA7560D,TUŞBA ECZANESİ,Van,İpekyolu,38.48689,43.40196,Van,Correct
348BC026-9208-4D2D-AB13-F91E40461EA4,DİCLE ECZANESİ,Van,Edremit,38.47244,43.35221,Van,Correct
20D28581-8BDA-437F-B89F-F9834913C69A,MEHMET ECZANESİ,Van,Özalp,38.65469,43.98776,Van,Correct
B6A672D7-23D3-467D-B97A-F9C9684EDC19,GÜNDÜZALP ECZANESİ,Van,Edremit,38.48114,43.36074,Van,Correct
C046F371-8396-4171-9321-FA6F9CEFB8B8,VAN EDREMİT MERKEZ 1 NOLU AİLE SAĞLIĞI MERKEZİ,Van,Edremit,38.39518,43.19847,Van,Correct
448172C9-8BA7-47CE-BFBC-FBB09C539C3E,RABİA TAŞ KARADİZ DİYET KLİNİĞİ,Van,İpekyolu,38.50121,43.37298,Van,Correct
268B1DB2-38ED-4D65-B5EE-FCBE8F8B26A7,ÇATAK DEVLET HASTANESİ,Van,Çatak,38.02772,43.14321,Van,Correct
F05739EE-88A5-4AE1-A308-FDD1C7C2FA70,PAPATYA ECZANESİ,Van,Erciş,39.02354,43.34546,Van,Correct
75F2D7A2-85E3-4E08-8553-FF6548D82DA3,VAN ÇALDIRAN MERKEZ 2 NOLU AİLE SAĞLIĞI MERKEZİ,Van,Çaldiran,39.13532,43.90274,Van,Correct
92C203D6-903A-4388-B179-FFE0939E7DA0,İSTANBUL ECZANESİ,Van,İpekyolu,38.50379,43.40079,Van,Correct
