UnitId,UnitName,CityName,DistrictName,Latitude,Longitude,DetectedCity,Match
3E5F92C0-97F9-4B2F-9887-00114C736286,GÜL ECZANESİ,Isparta,Merkez,39.50507,-76.21236,No Info,No Info
52463BF4-9208-48CB-BB23-0120349E9A16,ISPARTA YALVAÇ 1 NOLU AİLE SAĞLIĞI MERKEZİ,Isparta,Yalvaç,38.2949,31.1821,Isparta,Correct
AE42D403-F956-4D5B-A7E9-0149816689DC,ISPARTA MERKEZ KULEÖNÜ AİLE SAĞLIĞI MERKEZİ,Isparta,Merkez,37.87225,30.62221,Isparta,Correct
45312205-C9DC-4637-8628-023C3E607C3D,EYLÜL ECZANESİ,Isparta,Merkez,37.77682,30.56298,Isparta,Correct
438C0BC6-623E-441B-8B73-0394351F1552,ŞAFAK ECZANESİ,Isparta,YENİŞAR BADEMLİ,37.71239,31.39357,Isparta,Correct
8A3B116E-C251-4162-928B-03C596CC1FEB,SÜTÇÜLER ECZANESİ,Isparta,Sütçüler,38.11689,31.41484,Isparta,Correct
1E29A2D5-0BE3-46AE-A60A-0733B53C0EA3,ISPARTA ŞEHİT YUNUS EMRE DEVLET HASTANESİ,Isparta,Merkez,40.9396,40.05502,Trabzon,Wrong
5E1A6F48-6DE0-41A7-8BDB-07B1EE27CF5E,ISPARTA MERKEZ BİNBİREVLER AİLE SAĞLIĞI MERKEZİ,Isparta,Merkez,37.76741,30.51267,Isparta,Correct
93174C52-5E6C-4F23-822F-083103333334,ÇETİNKAYA ECZANESİ,Isparta,Gönen,37.87527,30.85108,Isparta,Correct
18947539-6A52-4D00-AE9B-099FAEA34862,HIZIR ECZANESİ,Isparta,Merkez,37.77507,30.5603,Isparta,Correct
38D132F5-738A-4B61-84CE-09FD08761C43,GÜNEŞ ECZANESİ,Isparta,Merkez,37.7743,30.53946,Isparta,Correct
A9AE7F0B-2E17-49D5-836F-09FF62605494,ISPARTA MERKEZ ZAFER AİLE SAĞLIĞI MERKEZİ,Isparta,Merkez,37.77742,30.53115,Isparta,Correct
C4C52625-7AFE-42A8-A58D-0C21FD1B73D5,ISPARTA MERKEZ GÜLCÜ AİLE SAĞLIĞI MERKEZİ,Isparta,Merkez,37.75545,30.56225,Isparta,Correct
E195A1A0-452B-4452-9E12-0D5CB28DE8C7,ISPARTA KEÇİBORLU AİLE SAĞLIĞI MERKEZİ,Isparta,Keçiborlu,37.94243,30.2976,Isparta,Correct
27F194B6-FA8F-4A4B-B6A8-0D8584932681,ERSİN KAPLAN MUAYENEHANESİ,Isparta,Merkez,37.76396,30.55965,Isparta,Correct
0BC70723-418D-458E-95D9-0D8B3E935CF5,DSİ KURUM TABİPLİĞİ,Isparta,ISPARTA MERKEZ,39.32867,-76.44756,No Info,No Info
B7337982-40CC-44FE-9174-0E2BF4A51E33,OKYANUS ECZANESİ,Isparta,Merkez,39.25577,-76.54476,No Info,No Info
FAEA1FDF-D055-47A1-93F4-0EFDD43F8BEA,MAVİGÖL ECZANESİ,Isparta,Eğirdir,37.87349,30.85013,Isparta,Correct
2C6A2483-3AFE-49AD-93F5-11D519414F65,ÖZEL İNCİ DENT AĞIZ VE DİŞ SAĞLIĞI MERKEZİ,Isparta,Merkez,37.76324,30.54839,Isparta,Correct
ACB420B7-96CC-416B-A191-137375829406,ULUBORLU ECZANESİ,Isparta,Uluborlu,37.87423,30.84999,Isparta,Correct
B9475411-BF66-4F87-8AF1-15DFD01C54CD,ISPARTA YALVAÇ KOZLUÇAY AİLE SAĞLIĞI MERKEZİ,Isparta,Yalvaç,38.2018,31.29736,Isparta,Correct
E7B74979-6837-4182-90AC-1860BF46910D,ISPARTA MERKEZ GÜLİSTAN AİLE SAĞLIĞI MERKEZİ,Isparta,Merkez,37.76719,30.54046,Isparta,Correct
CF0B42A8-C880-46AC-A3C0-19A65FFA3568,ÇAĞDAŞ ECZANESİ,Isparta,Merkez,41.16892,29.05754,İstanbul,Wrong
584EED23-4D4D-4FFA-8887-1CB274816AF7,GÜLTEKİN KÖKLÜ MUAYENEHANESİ,Isparta,Eğirdir,38.01747,30.78299,Isparta,Correct
5EB1D2C2-F1DF-41C9-A4B2-1DC6CBAAEFFF,DOĞAN ECZANESİ,Isparta,Gelendost,37.78532,30.54843,Isparta,Correct
53574B56-0947-48A4-A79F-1E8F3B24FB48,KEVSER ECZANESİ,Isparta,Şarkikaraağaç,38.11813,31.4158,Isparta,Correct
3FAF210E-66A0-4DF4-A965-1EA1C82AA0FF,ONUR ECZANESİ,Isparta,Merkez,39.32417,-76.45356,No Info,No Info
8CCB0F75-59AB-4BA3-A355-1EE63663EFE6,MUTLU ERDAL MUAYENEHANESİ,Isparta,Merkez,39.32957,-76.44636,No Info,No Info
7168A252-79A7-4001-A7D1-1F734D68D056,ÇİĞDEM ECZANESİ,Isparta,Yalvaç,38.29838,31.17631,Isparta,Correct
3762AFC0-C882-4ACB-8AF5-1FC925B28B53,AKSU TOPLUM SAĞLIĞI MERKEZİ,Isparta,Aksu,37.79998,31.06392,Isparta,Correct
A44384EE-80AD-4726-ACA7-1FF5A2F70047,HASAN ALİ SAVAŞ MUAYENEHANESİ,Isparta,Merkez,38.10823,30.5504,Isparta,Correct
5E1DB54A-62F2-487C-BF1C-200E853C3334,ARIKAN ECZANESİ,Isparta,Merkez,37.7653,30.54666,Isparta,Correct
A9E6C579-448A-4098-83BF-213A321D0905,DOĞA FORMTERAPİ MERKEZİ,Isparta,Merkez,37.71405,30.64705,Isparta,Correct
914C5E70-FFE7-4D61-B81E-21C9021407E3,ÖZGÜ ECZANESİ,Isparta,Merkez,40.81489,38.91523,Giresun,Wrong
9C75B0A1-D63B-4A17-AB9E-23675CA2206B,HAKAN M. ÜNSEREN KLİNİĞİ,Isparta,ISPARTA MERKEZ,37.76311,30.55318,Isparta,Correct
7B58588B-D3A6-41FD-9E28-24C211883E89,GÖRGÜLÜ ECZANESİ,Isparta,Merkez,37.76915,30.57046,Isparta,Correct
3392BC97-EC6A-45CB-971A-26D87034E78A,SİDRE ECZANESİ,Isparta,Merkez,37.75154,30.56542,Isparta,Correct
AC3EE42E-6C51-4775-ACF1-28DB75324AE9,VİTAMİN ECZANESİ,Isparta,Merkez,37.76214,30.53881,Isparta,Correct
87816781-3EA1-41F9-8D16-2A33351301E8,KEÇİBORLU ECZANESİ,Isparta,Keçiborlu,39.9725,32.8798,Ankara,Wrong
F4B8BB67-C536-4E43-841F-2AE6ACD8E5C7,ÖZGÜR YILMAZ MUAYENEHANESİ,Isparta,Eğirdir,37.87536,30.85259,Isparta,Correct
5C4B56E7-59F1-43BD-BB2D-2BD581376E57,ISPARTA MERKEZ BAĞLAR AİLE SAĞLIĞI MERKEZİ,Isparta,Merkez,37.76542,30.54713,Isparta,Correct
45E0D567-6F58-4BC0-BAE7-2C782D865DAB,ÖZEL NİLDENT AĞIZ VE DİŞ SAĞLIĞI POLİKLİNİĞİ ISPARTA,Isparta,Merkez,37.76184,30.5521,Isparta,Correct
68F79BD1-8490-45A8-9CC7-2C7896B480C4,GÜLŞEN ULUÇAY MUAYENEHANESİ,Isparta,Merkez,37.70821,31.38895,Isparta,Correct
2C76817C-F08C-4EE9-B030-2D099640F841,BEKİR ÜNAL MUAYENEHANESİ,Isparta,Yalvaç,38.29772,31.18069,Isparta,Correct
F4060B8A-B518-429B-A9C6-2DBDE9C9B38F,DERMAN ECZANESİ,Isparta,Şarkikaraağaç,38.11903,31.41641,Isparta,Correct
4EEE336A-DBB0-4230-A876-2DE476B1C86E,KARACA ECZANESİ,Isparta,Merkez,37.76598,30.57367,Isparta,Correct
1A577DA5-4514-49AD-A659-2E18BE50FECC,KEZİBAN DOĞANAY MUAYENEHANESİ,Isparta,Şarkikaraağaç,38.08217,31.36748,Isparta,Correct
EA8B6620-88FB-4A89-B985-2E81F73D0A6B,DEVA ECZANESİ,Isparta,Merkez,38.97947,-76.91316,No Info,No Info
4A4990D0-A95F-43AF-B2B5-2EB22DF8413C,İSMET TOSUN ECZANESİ,Isparta,Şarkikaraağaç,38.08439,31.37035,Isparta,Correct
B18259A5-31D1-4BA3-B28F-2F536457587B,FURKAN ECZANESİ,Isparta,Merkez,37.86746,30.63034,Isparta,Correct
6639F545-947C-4176-824B-307C5A192D5B,ISPARTA AĞIZ VE DİŞ SAĞLIĞI MERKEZİ,Isparta,Merkez,37.78014,30.55649,Isparta,Correct
C87E8B88-FB57-44A9-9ED7-30900806DF4E,GİZEM GÖK BESLENME VE DANIŞMANLIK MERKEZİ,Isparta,Merkez,39.29897,-76.48716,No Info,No Info
B08872F8-0739-40C8-AA93-30A07EF0035A,GÜLTAÇ ECZANESİ,Isparta,Merkez,37.76962,30.57151,Isparta,Correct
630809CA-A24A-4A33-BD0F-313D127ED2F6,AKÇA ECZANESİ,Isparta,Merkez,38.92637,-76.98396,No Info,No Info
AF344D06-CA09-4A47-B60D-3150D3573B82,YARAR ECZANESİ,Isparta,Merkez,37.19011,38.81031,Şanlıurfa,Wrong
8F1B3103-97EB-4734-AC56-31ACCA3029DD,MELİKE ECZANESİ,Isparta,Merkez,39.08477,-76.77276,No Info,No Info
74D05FDB-BAFD-441F-9D31-32511A5D71C4,KILIÇ ECZANESİ,Isparta,Keçiborlu,39.54017,-76.16556,No Info,No Info
AC1EC892-695E-43FD-B9B0-32F5F9C498F6,ÖZEL DAVRAZ YAŞAM HASTANESİ,Isparta,Merkez,37.76775,30.55156,Isparta,Correct
B9BE951F-28C2-4349-9C80-330B22F16631,HAYAT ECZANESİ,Isparta,Yalvaç,38.30297,31.16886,Isparta,Correct
C9629C62-4D25-4F45-859B-3319B01B3B55,BAŞPINAR ECZANESİ,Isparta,Senirkent,37.86036,30.84782,Isparta,Correct
09249EBF-3E5E-4454-8EFA-333761C6B683,SAĞLIK ECZANESİ,Isparta,Merkez,37.79921,31.07286,Isparta,Correct
C96EE9BF-CC2F-44B2-B0D8-3382C34F778F,ISPARTA MERKEZ YEDİŞEHİTLER AİLE SAĞLIĞI MERKEZİ,Isparta,Merkez,37.77646,30.54059,Isparta,Correct
D8942807-AFD1-4470-B92A-3634A2E52AE1,LAÇİN ECZANESİ,Isparta,Gelendost,39.58517,-76.10556,No Info,No Info
157C7282-042B-4755-979E-363CD892DDF5,TUĞÇE ECZANE,Isparta,Şarkikaraağaç,38.08125,31.3671,Isparta,Correct
AC0EA739-548F-4BD3-9E0C-37A067051650,HEYBELİOĞLU ECZANESİ,Isparta,Senirkent,38.10505,30.55914,Isparta,Correct
B815A0A1-F3E0-4E6B-ABCD-37CC664AD32D,ŞARKİKARAAĞAÇ DR. SADETTİN BİLGİÇ DEVLET HASTANESİ,Isparta,Şarkikaraağaç,38.08893,31.36077,Isparta,Correct
96B54107-1D52-47AB-A546-39F981E33B19,SANAYİ ECZANESİ,Isparta,Merkez,37.74845,27.29855,Aydın,Wrong
D894BE53-A670-487C-9FAB-3B0FA0C96578,ISPARTA ŞEHİR HASTANESİ,Isparta,Merkez,37.79797,31.07315,Isparta,Correct
83432026-754E-459B-882E-3D5CE0A3D264,SEVİNÇ KARATAŞ TEKELİ MUAYENEHANESİ,Isparta,Merkez,38.28947,40.50319,Diyarbakır,Wrong
37E87143-1CAE-4195-84F6-3D7FA3D0E752,ISPARTA DEVLET HASTANESİ GÜLKENT EK HİZMET BİNASI,Isparta,Merkez,39.14867,-76.68756,No Info,No Info
8A0A6A6D-88A3-4D67-ADD1-3E864FBE827B,ÖZEL DİŞ DOSTU AĞIZ VE DİŞ SAĞLIĞI POLİKLİNİĞİ,Isparta,Merkez,37.7631,30.55334,Isparta,Correct
D30FC883-E7E1-46A7-B53D-3F2B9B4AF700,KARAAĞAÇ ECZANESİ,Isparta,Merkez,37.7666,30.56408,Isparta,Correct
A38C57AE-2AB9-42D4-B902-3F565967D8B4,DAMLA ECZANESİ,Isparta,Gönen,37.87437,30.84988,Isparta,Correct
872ADD85-5172-440C-9046-4149B4FE6604,AKDENİZ ECZANESİ,Isparta,Merkez,37.82046,30.53244,Isparta,Correct
231A8056-3E98-4A8F-8293-42527754ACED,AKBAŞ ECZANESİ,Isparta,Merkez,37.74847,27.29854,Aydın,Wrong
6603C3C1-5471-4896-AAF3-4289F9E91BBA,MEHMET FAİK TORTOP-HAKKI TORTOP MUAYENEHANESİ,Isparta,Merkez,37.7617,30.55536,Isparta,Correct
4BF64336-EC18-4DD4-922D-44C508B19265,ÇANKAYA ECZANESİ,Isparta,Eğirdir,38.01595,30.79288,Isparta,Correct
566C89A8-0ED3-4B80-851F-466106777236,GÖNEN TOPLUM SAĞLIĞI MERKEZİ,Isparta,Gönen,37.95702,30.51298,Isparta,Correct
71B5ACAE-AF56-48E3-A57C-469702D4C0D3,HALIKENT ECZANESİ,Isparta,Merkez,39.06857,-76.79436,No Info,No Info
285A3602-F168-405A-8699-4A9213F1FAA0,BURCU YARAR ECZANESİ,Isparta,Merkez,37.76976,30.55726,Isparta,Correct
95D07287-9A4E-41E1-AC21-4B6CC576E413,DERMAN ECZANESİ,Isparta,Yalvaç,38.42979,31.00687,Isparta,Correct
5EEA3488-BFFC-42EF-A77F-4BB308108497,LEVENT ECZANESİ,Isparta,Şarkikaraağaç,38.08412,31.37027,Isparta,Correct
693081C4-50A0-4171-877F-4BB46EF3A855,AB-I HAYAT ECZANESİ,Isparta,Merkez,37.78379,30.5317,Isparta,Correct
50B873AA-85B9-4FDA-A1CC-4CD18C2A2CA6,ISPARTA MERKEZ DAVRAZ AİLE SAĞLIĞI MERKEZİ,Isparta,Merkez,37.76919,30.57085,Isparta,Correct
4EF56490-06E3-4B7B-9E74-4CDF4FFCBD0F,FİZYOMED ISPARTA,Isparta,ISPARTA MERKEZ,37.77033,30.57369,Isparta,Correct
902B095F-08C3-416B-AD3B-4DD27D5C7B10,LÜBABE GÜNEŞTEPE MUAYENEHANESİ,Isparta,Merkez,37.76734,30.53888,Isparta,Correct
E8380563-8A12-4088-BE3C-4E760D7BBE31,SENİRKENT BÜYÜKKABACA 4 NOLU ASM,Isparta,Senirkent,38.17207,30.64409,Isparta,Correct
24A5C504-1C06-4D4C-B13F-4EBD3BBBEF0D,SELCAN ECZANESİ,Isparta,Merkez,37.7578,30.57954,Isparta,Correct
F0388AAB-C7CF-4C81-9EB6-53AE22635906,DEFNE ECZANESİ,Isparta,Merkez,39.60407,-76.08036,No Info,No Info
C3C5DEF2-6318-4FF2-B027-542273B48F2A,ISPARTA KEÇİBORLU SENİR AİLE SAĞLIĞI MERKEZİ,Isparta,Keçiborlu,37.81785,30.2964,Isparta,Correct
D0890F39-5D90-43FC-A77F-56097B9ABC76,KÖKLÜ ECZANESİ,Isparta,Merkez,37.97105,30.39207,Isparta,Correct
A31AECCA-ED1C-4591-A6F1-567F1F1D89CE,BANU TANDOĞAN-FAZLI ÖZGÜR TANDOĞAN MUAYENEHANESİ,Isparta,Eğirdir,38.01657,30.78179,Isparta,Correct
C3A5FC58-F2AC-40AA-B904-588E0B09FBB1,AYGÜN ECZANESİ,Isparta,Merkez,37.76495,30.54745,Isparta,Correct
33C2482C-B145-4014-A1E9-59078F50B6A1,TOLA ECZANESİ,Isparta,Senirkent,39.49607,-76.22436,No Info,No Info
BE8289B9-C233-4F8D-B814-5915C51DBFAD,EGE ECZANESİ,Isparta,Merkez,37.77701,30.5412,Isparta,Correct
DC1AF9D8-BF44-4F85-B5BA-59BF7CC24459,EBRU ECZANESİ,Isparta,Merkez,37.77173,30.5533,Isparta,Correct
2089A6B9-91A5-40FA-8261-59CCD2BBA035,ISPARTA SÜTÇÜLER İLÇE HASTANESI,Isparta,Sütçüler,37.49555,30.98126,Isparta,Correct
7C7E047B-E40B-4837-95FF-5A2737073797,VAROL ECZANESİ,Isparta,Merkez,37.7756,30.56165,Isparta,Correct
8DC60186-BF1E-4726-ABDC-5A53CA8E7EAF,BAŞAK ECZANESİ,Isparta,Merkez,37.77426,30.53565,Isparta,Correct
55F7F774-FAC1-4CA5-94DB-5A75011340B5,GÖK ECZANESİ,Isparta,Merkez,37.76124,30.54603,Isparta,Correct
695E9FCB-D660-4445-A9BA-5AFE39E76A4E,TOLA ZAFER ECZANESİ,Isparta,Merkez,37.78035,30.53068,Isparta,Correct
7F4250B9-016B-4026-971F-5B18CABCCE5D,YASİN AYYILDIZ MUAYEHANESİ,Isparta,ISPARTA MERKEZ,39.13427,-76.70676,No Info,No Info
9989D425-1E59-4498-B9A9-5B6891151265,ÖZEL DENTISPARTA AĞIZ VE DİŞ SAĞLIĞI POLİKLİNİĞİ,Isparta,Merkez,37.78092,30.54646,Isparta,Correct
C16E90E8-1499-4FF1-AD91-5BF84503D591,AŞKIN DALDAL MUAYENEHANESİ,Isparta,Merkez,37.79227,30.54275,Isparta,Correct
D390ADE0-D182-42B2-A98F-5D318E2B6E65,EROL ECZANESİ,Isparta,Gelendost,37.78622,30.54963,Isparta,Correct
A1823C02-4A20-45F7-AC3A-5D7F2AAE3E26,HÜSEYİN ÖZBEY MUAYENEHANESİ,Isparta,Merkez,37.7641,30.55352,Isparta,Correct
15047F5E-8956-4EB7-A91F-5E28F2F7CB04,GÜRDAL ECZANESİ,Isparta,Merkez,37.77451,30.55652,Isparta,Correct
95D4E7D1-930D-4FC2-8D95-5E472538A424,YAĞMUR ECZANESİ,Isparta,Merkez,37.76039,30.54847,Isparta,Correct
311E9BC1-F074-40F8-ADF7-5EFFA235E612,BURÇ ECZANESİ,Isparta,Merkez,37.75578,30.54409,Isparta,Correct
E65EAB93-9904-4762-929C-5FD8BA0B4564,ISPARTA MERKEZ HIZIRBEY AİLE SAĞLIĞI MERKEZİ,Isparta,Merkez,37.76299,30.53814,Isparta,Correct
59D00F70-1491-4B5A-BB7E-606ED60CF8AB,BENGİSU ECZANESİ,Isparta,Merkez,39.09107,-76.76436,No Info,No Info
0BD17702-7CFB-49EE-9D4B-60B378EC1BEA,YİĞİTBAŞI ECZANESİ,Isparta,Eğirdir,37.92294,30.80197,Isparta,Correct
A859C1F1-D94B-458C-A340-60D9FC68E681,ÇÜNÜR ECZANESİ,Isparta,Merkez,37.81953,30.5326,Isparta,Correct
14161650-1761-4F45-B5C8-61525721E32F,EREN ECZANESİ,Isparta,Yalvaç,38.29523,31.18038,Isparta,Correct
0DD6B9C7-E58B-40F0-BFC7-6256AFBC26B8,SELVER ECZANESİ,Isparta,Yalvaç,38.42997,31.00812,Isparta,Correct
60DE5BB4-1F04-4E99-9573-626EBFFEF154,ÖNDER ECZANESİ,Isparta,Merkez,37.7884,30.55668,Isparta,Correct
3936E70B-A7FE-4AD7-8665-64CC41BA2E35,UZMAN ECZANESİ,Isparta,Eğirdir,37.87019,30.84831,Isparta,Correct
74F5A759-880F-4BA4-8B88-6517C743FA7D,DENİZ ECZANESİ,Isparta,Merkez,39.17477,-76.65276,No Info,No Info
ABD012DF-A2ED-475F-B051-66A37071994A,SEMA ECZANESİ,Isparta,Merkez,36.1038,32.96964,Mersin,Wrong
8C2186F6-D8D9-4FA2-A532-67B17D5818F7,ISPARTA SENİRKENT AİLE SAĞLIĞI MERKEZİ,Isparta,Senirkent,38.10593,30.5517,Isparta,Correct
84095FD9-F853-4E19-AE59-6C5F74023F26,BERAT ALTINTABAK MUAYENEHANESİ,Isparta,Merkez,37.76595,30.55097,Isparta,Correct
9D8EA82C-1332-4532-950C-6CC6D2EF0AEB,AYTAÇ ECZANESİ,Isparta,Merkez,39.52757,-76.18236,No Info,No Info
882D2F5F-19BA-45D8-ABC9-6CCFB54E56B3,ISPARTA MERKEZ SAV AİLE SAĞLIĞI MERKEZİ,Isparta,Merkez,37.76744,30.648,Isparta,Correct
F0ED4CC0-2483-4BB8-852A-6D19707229E9,IŞIL DÜVER MUAYENEHANESİ,Isparta,ISPARTA MERKEZ,38.63253,34.91517,Nevşehir,Wrong
5FA4D995-D4BB-4C03-AEAF-6E220B200A81,KARDELEN ECZANESİ,Isparta,Merkez,37.79831,30.53928,Isparta,Correct
FDB4BAD9-C04A-4166-BA1E-6E8F14A8DC7F,GÜLŞEHİR ECZANESİ,Isparta,Merkez,39.80803,27.21248,Çanakkale,Wrong
BD472F22-9BA6-4488-8B65-6F382DFFAC93,GÜREŞİR ECZANESİ,Isparta,Yalvaç,38.20036,31.29448,Isparta,Correct
3DCD9144-F1FA-4BE1-9E28-708391E10E35,YENİ ECZANESİ,Isparta,Gelendost,38.13473,31.27941,Isparta,Correct
E3444FC3-3354-42A2-BD45-71A3034F7146,ATABEY ECZANESİ,Isparta,Atabey,37.8745,30.8498,Isparta,Correct
5F57C351-34BD-432C-B0CA-71ED74F2FD00,ISPARTA KIZILAY KAN MERKEZİ,Isparta,Merkez,39.17387,-76.65396,No Info,No Info
A797EE85-4C47-46F8-ADFF-7212448BD837,ÖZLEM SOYMEN MUAYENEHANESİ,Isparta,Merkez,37.76344,30.55507,Isparta,Correct
985A9963-5DF4-4397-9610-72AC5CACF866,SIHHAT ECZANESİ,Isparta,Merkez,37.77735,30.531,Isparta,Correct
764D5423-2F4D-4F2A-BB48-72F65E498F80,ZEYNEP ECZANESİ,Isparta,Merkez,37.81726,30.54261,Isparta,Correct
08015A48-B2EC-4D50-97F3-744BD8147486,HÜSEYİN NURİ TANDOĞAN MUAYENEHANESİ,Isparta,Merkez,38.10747,30.54999,Isparta,Correct
44C9C5A4-F674-42CF-AD66-74F3CBDF4AFF,MİMAR SİNAN ECZANESİ,Isparta,Merkez,37.76937,30.55227,Isparta,Correct
2F5BCAE1-ED79-40E5-A23B-7506D22BCB2D,HEKİMOĞLU ECZANESİ,Isparta,Merkez,37.81773,30.53599,Isparta,Correct
5B0EA7BF-7364-4EEA-9464-752A846F82F5,ULUBORLU AİLE SAĞLIĞI MERKEZİ,Isparta,Uluborlu,38.07826,30.45761,Isparta,Correct
BE37B123-D06E-4D6C-9057-75BA699118F7,DUYGU COŞKUN ÖZBAKIR MUAYNEHANESİ,Isparta,Merkez,41.03209,29.17949,İstanbul,Wrong
A65DDC16-4718-49DC-B84F-75D80341532E,ŞİFA ECZANESİ,Isparta,Merkez,37.76339,30.55468,Isparta,Correct
94198CF1-0176-4A35-8DB2-75E81A3EEB86,YENİ UMUT ECZANESİ,Isparta,Yalvaç,38.29607,31.18371,Isparta,Correct
6708AF51-420F-49EE-A077-76ED2C26062E,ISPARTA MERKEZ ŞEHİT DURMUŞ ÖCAL AİLE SAĞLIĞI MERKEZİ,Isparta,Merkez,37.75862,30.54374,Isparta,Correct
20DADC66-A608-43C3-ABFC-77BC29BFC88B,GÖKYÜZÜ ECZANESİ,Isparta,Merkez,37.7562,30.57954,Isparta,Correct
A4A22D8D-6B99-4E14-8F61-782185A46B50,ISPARTA MERKEZ KARAAĞAÇ AİLE SAĞLIĞI MERKEZİ,Isparta,Merkez,37.76744,30.56485,Isparta,Correct
65CBEEAB-BD4C-4612-A62C-79FB2D8FE1CC,BEYZA ECZANESİ,Isparta,Merkez,37.82522,30.54363,Isparta,Correct
607797CC-5150-49BD-A9FA-7AC894807095,ULUSOY ECZANESİ,Isparta,Merkez,36.76789,28.80546,Muğla,Wrong
FA80404C-3B05-46A1-ACE8-7C1148BE8189,FULYA ECZANESİ,Isparta,Merkez,37.7633,30.5609,Isparta,Correct
D13592A3-5DCE-4551-B5B4-7E35CD677951,KALAYOĞLU ECZANESİ,Isparta,Merkez,39.67697,-75.98316,No Info,No Info
7B5472DD-1E21-45B4-AF9F-7EF870BB50B7,DAVRAZ ECZANESİ,Isparta,Merkez,37.76704,30.56885,Isparta,Correct
C26BE10A-3611-4D0E-802F-7F5F1DBFC6D2,TUĞBA ECZANESİ,Isparta,Merkez,37.97104,30.39219,Isparta,Correct
7166D89D-9223-47BC-BFE1-7FC25B49DCFF,SEMİHA ŞEN KAYA MUAYENEHANESİ,Isparta,Merkez,37.77119,30.55264,Isparta,Correct
C5495AF0-45F3-4C52-8F5F-8023D13AD9BF,GÜLDEMİR ECZANESİ,Isparta,Merkez,37.76604,30.57024,Isparta,Correct
F6E2A2EA-8BFB-48E8-9BF1-808104AEDE49,ISPARTA DEVLET HASTANESI,Isparta,Merkez,36.76999,28.79951,Muğla,Wrong
C2F06109-91C8-44BF-B602-826ABC887BEE,DKM KLİNİK,Isparta,Merkez,37.75976,30.53933,Isparta,Correct
BD14C72A-BA4F-4A7C-93FB-834222D12725,ATABEY TOPLUM SAĞLIĞI MERKEZİ,Isparta,Atabey,37.9506,30.64055,Isparta,Correct
E40449A0-0C2C-4FC8-9100-8364A6E863C6,TEKELİ ECZANESİ,Isparta,Merkez,37.77473,30.54331,Isparta,Correct
BE73DF52-AC2B-4A32-8E07-8412EFB95185,ISPARTA YALVAÇ DEVLET HASTANESI,Isparta,Yalvaç,38.29733,31.17972,Isparta,Correct
7FACA09F-C442-485C-B97F-8541C34506F6,BAŞER ECZANESİ,Isparta,Merkez,37.76561,30.54773,Isparta,Correct
D7A3418E-8B22-4A41-88E7-85FD99ACD4D1,ÇANKAYA ECZANESİ,Isparta,ISPARTA MERKEZ,37.78828,30.55018,Isparta,Correct
7463DBEF-0EC8-4A16-933D-8615799CAC6D,NANE LİMON ECZANESİ,Isparta,Merkez,37.75843,30.55236,Isparta,Correct
099DF46A-1055-48C0-8671-868F189DC973,ISPARTA EĞIRDIR KEMIK EKLEM HASTALİKLARİ TEDAVI VE REHABILITASYON HASTANESI,Isparta,Merkez,37.85868,30.84832,Isparta,Correct
D1E14875-6297-4B20-A3BE-871285D6385D,TÜZÜN ECZANESİ,Isparta,Merkez,39.46457,-76.26636,No Info,No Info
DB8E2533-3D7C-45ED-9554-87D850163097,YALVAÇ KUMDANLI ASM,Isparta,Yalvaç,38.32343,30.97938,Isparta,Correct
A7E2C5FB-A78D-48F6-913C-899C2ABAEAF4,ISPARTA MERKEZ IYAŞ FATİH AİLE SAĞLIĞI MERKEZİ,Isparta,Merkez,37.78109,30.54621,Isparta,Correct
BD98A072-18DD-4641-8A2A-89EE9234FBC7,GELENDOST AİLE SAĞLIĞI MERKEZİ,Isparta,Gelendost,38.12606,31.00208,Isparta,Correct
070957D9-8523-4C27-94D9-8A2A8ECB95C6,AYAZ ECZANESİ,Isparta,Yalvaç,38.29842,31.1763,Isparta,Correct
E9FB103C-84B9-41ED-83D0-8A36357DD425,ERSOY ECZANESİ,Isparta,Merkez,39.45433,29.98845,Kütahya,Wrong
E4C12895-F1D9-4C31-9FAE-8A8102B9B114,MEHMET EMRAH CEYLAN MUAYENEHANESİ,Isparta,Merkez,37.78054,30.54714,Isparta,Correct
8738E8E0-49FC-4E47-A2D9-8B4CB6520A49,GİZEM YÜKSEL UYGUN BESLENME VE DANIŞMANLIK MERKEZİ,Isparta,Merkez,41.03326,29.17674,İstanbul,Wrong
03205215-EDAE-42F2-A897-8CECE62D7FF1,ŞENOL ECZANESİ,Isparta,Yalvaç,38.29577,31.17792,Isparta,Correct
871D2D0D-A2C7-46DC-9802-8D4659C0CDEA,BURAK ECZANESİ,Isparta,Merkez,39.43127,-76.31076,No Info,No Info
94494D5A-B851-4C1F-B220-8DD04C971DED,BÜŞRA ECZANESİ,Isparta,Merkez,37.79706,31.07266,Isparta,Correct
53D96EA0-8BDB-4FFF-BDF7-8DE387E4D199,IŞIK ECZANESİ,Isparta,Merkez,37.77454,30.55659,Isparta,Correct
3BD39D45-5028-4E63-B751-8F56A70DD7C5,ZÜMRÜT ECZANESİ,Isparta,Merkez,37.77326,30.5388,Isparta,Correct
7398E079-26D5-4E9A-A14C-9094F3DAF5F0,KADRİ ERDEN EREN MUAYENEHANESİ,Isparta,Merkez,38.10777,30.55001,Isparta,Correct
2BC22929-3829-4B96-8218-9383B92AD225,ISPARTA MERKEZ HALIKENT AİLE SAĞLIĞI MERKEZİ,Isparta,Merkez,37.75143,30.57642,Isparta,Correct
64CC2B62-D314-40E4-908E-94FA608CEE95,KOCABEY ECZANESİ,Isparta,Yalvaç,38.29482,31.18033,Isparta,Correct
17C194F3-EAFC-483D-9CB1-97676770FB1E,CANAN AYDIN VE NAMIK KEMAL AYDIN MUAYENEHANESİ,Isparta,Merkez,37.75836,30.54283,Isparta,Correct
073D53AA-564E-419C-A7BE-9854E2F31D1B,ALİ İNCE MUAYENEHANESİ,Isparta,Yalvaç,38.29743,31.17683,Isparta,Correct
73B6A07B-5A81-4E3C-A77B-98BA490DBB40,SOFULU ECZANESİ,Isparta,Merkez,38.10845,30.54671,Isparta,Correct
88AFE6FB-2311-4A00-810C-98C01F330B93,SAYGIN ECZANESİ,Isparta,Merkez,37.74938,27.29912,Aydın,Wrong
38004D26-21FF-4421-A3E4-9999A3A835C0,BAĞLAR ECZANESİ,Isparta,Merkez,37.76541,30.54708,Isparta,Correct
6B239F71-C783-4ECB-9A97-9AB914E0A85C,SÜLEYMAN DEMİREL ÜNİ.DİŞ HEK.,Isparta,Merkez,38.10843,30.5657,Isparta,Correct
325B3E19-D9B6-4554-BF82-9B6B3940B1A3,YÜKSEL ECZANESİ,Isparta,Merkez,37.9564,30.51231,Isparta,Correct
45FB870E-BB3B-4B47-BAB8-9DC61BF14C8A,PINAR ECZANESİ,Isparta,Merkez,37.76238,30.55277,Isparta,Correct
7E4D95A4-3043-45C7-AD4D-9E54666F81E8,ÖRMECİ ECZANESİ,Isparta,Merkez,37.76561,30.54775,Isparta,Correct
973B05C9-C8B1-46E7-9ECC-9E9D5810D4E9,ERTURAN ECZANESİ,Isparta,Keçiborlu,37.88676,31.00817,Isparta,Correct
46DA77C3-9789-45CC-8AA9-9EB7003BFE43,ESRA ECZANESİ,Isparta,Merkez,37.81812,30.29901,Isparta,Correct
84420593-C577-4307-8376-9ECEDCFF0558,HÜSEYİN AYTAÇ MUAYENEHANESİ,Isparta,Merkez,37.76128,30.55203,Isparta,Correct
011F0268-30EC-4FF4-B8D9-9F0828AEA7C6,ŞARKİKARAAĞAÇ MERKEZ 1 NOLU ASM,Isparta,Şarkikaraağaç,38.08344,31.36928,Isparta,Correct
9343B2D4-1B00-407A-A6E5-A028292AE883,YILDIZ ECZANESİ,Isparta,Merkez,38.29362,31.17952,Isparta,Correct
D96A5CE1-03B5-4CF4-8C5B-A0D927282A16,ESTEMİTA KLİNİK,Isparta,Merkez,37.78292,30.54424,Isparta,Correct
F1890343-D0C4-41D4-86EA-A1DA9889D5C5,YEDİŞEHİTLER ECZANESİ,Isparta,Merkez,39.43757,-76.30236,No Info,No Info
76208A14-5C25-4601-9B3A-A211C4A882CE,GÜLTEKİN ECZANESİ,Isparta,Merkez,37.76514,30.54745,Isparta,Correct
0DAC5B15-5DAA-4C7F-8655-A29AF58FA4BB,OĞUZ SAĞLIK MUAYENEHANESİ,Isparta,Merkez,39.13967,-76.69956,No Info,No Info
F069531F-B3AE-4216-859A-A2B554F6DB08,ISPARTA MERKEZ MEHMET TÖNGE ASM,Isparta,Merkez,37.82385,30.5119,Isparta,Correct
F44DC778-EDCF-4D4F-81BC-A3D46589E743,ARI ECZANESİ,Isparta,Yalvaç,38.29627,31.17829,Isparta,Correct
B5A1F88D-9CF2-438A-BD14-A48EAD4CD7AF,ÖZEL ATANUR GÖZ HASTANESİ,Isparta,Merkez,37.76864,30.55253,Isparta,Correct
5CDABA1F-B528-4E21-B9E0-A496BFFF56EB,DOLUNAY ECZANESİ,Isparta,Merkez,37.77512,30.5608,Isparta,Correct
B5A4E5D0-BEB8-44ED-BB6F-A5741CDABCD0,ECE ECZANESİ,Isparta,Merkez,37.75159,30.57967,Isparta,Correct
D42B79E0-BFB4-4859-AF3B-A5FD2FD3EE5A,ISPARTA MERKEZ VATAN AİLE SAĞLIĞI MERKEZİ,Isparta,Merkez,37.75772,30.55176,Isparta,Correct
0031B16E-F408-43B8-9BD9-A6E8EF54CECE,İBRAHİM GÜNDOĞAY MUAYENEHANESİ,Isparta,Merkez,37.78202,30.54304,Isparta,Correct
A069837C-EA1F-4FAB-BECC-A79E341F5EEC,BİLGE ECZANESİ,Isparta,Yalvaç,38.29445,31.17886,Isparta,Correct
DC29DE7B-248B-4C52-8B45-A82A7A4FF364,GULER ACAR SIVRI MUAYENEHANESI,Isparta,Merkez,37.7622,30.55214,Isparta,Correct
9731E131-A816-4568-8328-A8B8793DB840,DİLEK ECZANESİ,Isparta,Aksu,38.13378,31.27405,Isparta,Correct
90F7EAA7-2B25-4699-92B7-A9B56370E91D,ISPARTA MERKEZ SİDRE AİLE SAĞLIĞI MERKEZİ,Isparta,ISPARTA MERKEZ,37.75296,30.56683,Isparta,Correct
67379964-FDEF-4C55-8BBC-AAB1271EBDED,ÜMMÜ BAYKAN AİLE SAĞLIĞI MERKEZİ,Isparta,ISPARTA MERKEZ,37.78257,30.54749,Isparta,Correct
2AC625CC-CA93-49D8-B7A0-ACE100C16609,MANOLYA ECZANESİ,Isparta,Merkez,37.78256,30.5475,Isparta,Correct
DE52C0E3-9851-4076-B573-AD6AAAA9AAFF,MEHTAP ECZANESİ,Isparta,Merkez,37.77041,30.54913,Isparta,Correct
71C3672E-DB5E-4794-BB1D-B019E2ECEC77,CANSOY ECZANESİ,Isparta,Eğirdir,37.87538,30.85127,Isparta,Correct
3B2F206D-8EBB-491B-A458-B077E201860B,SERAP KOCABEY UZUN MUAYEHANESİ,Isparta,ISPARTA MERKEZ,38.97317,-76.92156,No Info,No Info
25EC98EA-E83F-4E8C-81EA-B09C99EF9977,ZELİHA ÖZLEM BÜYÜKKAYTAN MUA.,Isparta,ISPARTA,41.1312,29.1359,İstanbul,Wrong
D81AEBCD-D31A-42FB-9D59-B194DBC26FE9,DİLEM GÖKSU TOKATLİ MUAYENEHANESİ,Isparta,ISPARTA MERKEZ,37.78083,30.48387,Isparta,Correct
A9EF6158-E843-47D2-9AB7-B1C702DEF9CA,ISPARTA MERKEZ IŞIKKENT AİLE SAĞLIĞI MERKEZİ,Isparta,Merkez,37.76456,30.52099,Isparta,Correct
7DC60051-FE49-44D2-9E4E-B3157CA30C61,MERVE NUR TÜRK MUAYENEHANESİ,Isparta,ISPARTA MERKEZ,37.79782,31.07311,Isparta,Correct
5975269D-3A5E-4543-83C3-B382377C94D2,EZGİ ECZANESİ,Isparta,Merkez,38.91197,-77.00316,No Info,No Info
E6EE2607-E0A4-4C27-9921-B51EC7A6B740,DERELİ ECZANESİ,Isparta,Merkez,37.76779,30.51298,Isparta,Correct
42F5CF64-8CA3-4F79-A1FC-B548EAC4BC46,ÖZEL BEYAZDENT AĞIZ VE DİŞ SAĞLIĞI POLİKLİNİĞİ,Isparta,ISPARTA MERKEZ,39.49517,-76.22556,No Info,No Info
874405D5-BB55-4DAF-8137-B568CB657FE7,GÜLİSTAN ECZANESİ,Isparta,Merkez,37.76506,30.53806,Isparta,Correct
2E9EDFEF-3691-4A57-9081-B5BDD12F9ABA,YAŞAR ÖZMEN MUAYENEHANESİ,Isparta,Merkez,37.76295,30.54844,Isparta,Correct
2B79265A-2FE6-4EF5-B0E7-B635B6B9A1DA,YAVUZHAN SÜLLÜ MUAYENEHANESİ,Isparta,ISPARTA MERKEZ,37.77652,30.54051,Isparta,Correct
CE2DC244-A103-453B-94F7-B7B572ED8967,DERMAN ECZANESİ,Isparta,Merkez,38.97857,-76.91436,No Info,No Info
29A04094-8ED0-495A-9F35-B7DE8101D97D,ISPARTA KEÇİBORLU KILIÇ AİLE SAĞLIĞI MERKEZİ,Isparta,Keçiborlu,37.87514,30.31455,Isparta,Correct
A3493867-176B-4D71-BE8D-B8E6514B4BEE,HIZIRBEY ECZANESİ,Isparta,Merkez,37.76238,30.53834,Isparta,Correct
DF7C5AB7-7DE6-44BD-ADD9-B93433FCDB1F,BİZİM ECZANESİ,Isparta,Merkez,37.76496,30.57265,Isparta,Correct
15655C98-8372-4D40-B92F-BA33AABB1F25,DENİZDENT,Isparta,ISPARTA MERKEZ,37.76153,30.55164,Isparta,Correct
951F5BF6-C69F-4D9E-B167-BAA2A1324A67,ÇOPUR ECZANESİ,Isparta,Merkez,37.77592,30.56178,Isparta,Correct
369FA244-CD61-4EAA-8FAC-BBD31186FE56,BERK ECZANESİ,Isparta,Merkez,37.76513,30.56556,Isparta,Correct
ED3BF7C2-D8D2-40FC-9575-BEBD83EDFCE8,ISPARTA İL SAĞLIK MÜDÜRLÜĞÜ EK HİZMET BİNASI,Isparta,Merkez,37.76185,30.5544,Isparta,Correct
96141898-37DA-449A-B31E-BF6B7FC9D6DF,ISPARTA ULUBORLU DEVLET HASTANESI,Isparta,Uluborlu,38.07801,30.4589,Isparta,Correct
598D929D-42E6-445D-9CD9-C04DA599F661,YALÇIN ECZANESİ,Isparta,Merkez,39.16667,-76.66356,No Info,No Info
E52F9E2C-E839-4229-BE76-C174A20AACAB,DERMAN ECZANESİ,Isparta,Atabey,39.60317,-76.08156,No Info,No Info
AEEC2757-A6A8-4B4D-8489-C2B0B12824AE,MURAT ERSAL MUAYENEHANESİ,Isparta,Merkez,38.10832,30.55047,Isparta,Correct
CF309587-AA4D-4970-8402-C413F32ED177,DEMİR ECZANESİ,Isparta,Keçiborlu,37.9416,30.3008,Isparta,Correct
4A743D4B-6E4A-4367-859D-C436E483F527,SARIİDRİS ECZANESİ,Isparta,Eğirdir,37.94805,31.00419,Isparta,Correct
25AD5AB5-EC86-4BC7-9AA0-C4F064CA1085,İŞLER ECZANESİ,Isparta,Merkez,37.82295,30.5107,Isparta,Correct
6B9063E1-E6CD-4478-A7F2-C54F93D202DB,İREM ECZANESİ,Isparta,Merkez,37.77653,30.56322,Isparta,Correct
841A56D4-8DD7-4E27-9EBA-C5A0A977AF38,ÇINAR ECZANESİ,Isparta,Yalvaç,38.29613,31.18158,Isparta,Correct
6A45DB94-D32C-4D3B-9C50-C8382C12BACB,ISPARTA SENIRKENT DEVLET HASTANESI,Isparta,Senirkent,38.17007,30.64374,Isparta,Correct
8F71803E-1FDE-4BF1-B225-C8CDB3F2CECB,ELİF ECZANESİ,Isparta,Merkez,37.81849,30.53195,Isparta,Correct
38B2A856-E728-49C5-AE37-C8CDB6D365D6,HALİT ALTAN DOĞAN AİLE SAĞLIĞI MERKEZİ,Isparta,Merkez,37.78914,30.54864,Isparta,Correct
20D43DE0-CC44-43B2-A145-CA2EF256F914,HASEKİ ECZANESİ,Isparta,Yalvaç,38.23746,31.1339,Isparta,Correct
312F17B8-9D1E-4E6B-8FB6-CC770FB3492F,YENİ ECZANESİ,Isparta,Merkez,37.7626,30.55656,Isparta,Correct
50A1A418-8A53-4E97-A325-CD18A1FBADBF,DENİZHAN ECZANESİ,Isparta,Yalvaç,38.29828,31.17636,Isparta,Correct
2BCFCBE3-8547-480C-B983-CDDCD269E140,İHSAN ECZANESİ,Isparta,Gelendost,39.55817,-76.14156,No Info,No Info
1729B5C3-A441-4B7F-9CE3-CFDD86E3C0DF,AHMET ÖRMECİ MUAYENEHANESİ,Isparta,Merkez,37.76254,30.55325,Isparta,Correct
5266ABE2-9BD9-441C-BEDF-CFFAFB80A8A2,PINAR KAHRAMAN MUAYENEHANESİ,Isparta,Merkez,41.68528,33.55221,Kastamonu,Wrong
30E2A291-5731-45CF-9198-D15BA9DF853D,UĞUR ECZANESİ,Isparta,Merkez,37.77561,30.56204,Isparta,Correct
63D6C274-3863-4722-A43A-D1EE8C3CD27D,CLİNİC-O,Isparta,ISPARTA MERKEZ,37.78645,30.5465,Isparta,Correct
6E379977-385B-4554-AA01-D386A690F5FD,ISPARTA MERKEZ BAHÇELİEVLER AİLE SAĞLIĞI MERKEZİ,Isparta,Merkez,37.7716,30.54719,Isparta,Correct
5B753952-14CD-43D2-9D01-D38D3C61BBB1,ISPARTA YALVAÇ 2 NOLU AİLE SAĞLIĞI MERKEZİ,Isparta,Yalvaç,38.29248,31.17488,Isparta,Correct
4345227C-BDA5-4E94-B9A8-D40ACF02BB49,HATİCE KARAKÖSE ÖRNEK MUAYENEHANESİ,Isparta,Merkez,37.78916,30.54159,Isparta,Correct
F02AA749-CB41-4B8A-AB85-D553C881F4A4,ŞİFA ECZANESİ,Isparta,Şarkikaraağaç,38.08198,31.3672,Isparta,Correct
1F9D1307-84D4-486C-AA4D-D7065AE3C2EB,TANSELİ TOSUN MUAYENEHANESİ,Isparta,Merkez,39.74524,39.49512,Erzincan,Wrong
EE0B5F36-7EB7-441A-8E29-D7E13CD4A84F,ÖZEL UZMANLAR DİŞ AĞIZ VE DİŞ SAĞLIĞI POLİKLİNİĞİ,Isparta,Merkez,39.06947,-76.79316,No Info,No Info
50BA55ED-ED98-4581-A316-D8DEED25E9A5,ÖZGE ECZANESI,Isparta,Merkez,37.77563,30.56202,Isparta,Correct
9E2BCDA1-7F44-4C60-852F-D957F0E139CD,DİLAY ECZANESİ,Isparta,Merkez,37.7695,30.57093,Isparta,Correct
CAD694B3-BAD3-4957-8C07-DA2F4CC5A067,UMUT ECZANESİ,Isparta,Merkez,39.28637,-76.50396,No Info,No Info
830C452D-75EB-48BE-AFE7-DAAEF6D55BEE,BAĞILLI AİLE SAĞLIĞI MERKEZİ,Isparta,Gelendost,38.13663,31.04253,Isparta,Correct
5398D799-6967-452F-989D-DBD66260204B,ÖMÜR ECZANESİ,Isparta,Yalvaç,40.65733,29.25993,Yalova Merkez,Wrong
7EB65887-F3D5-4586-8CE2-DC5EFD74FF12,EMRAH KISACIK MUAYENEHANESİ,Isparta,ISPARTA MERKEZ,37.76959,30.552,Isparta,Correct
6A4F6605-8592-4427-95A3-DC69C3C44154,BERAT KOYUN ALTİNTABAK MUAYENEHANESİ,Isparta,Keçiborlu,37.7608,30.55416,Isparta,Correct
A57DC841-D3BA-43C4-AE4B-DDBFD340BCCC,ULUBORLU DEVLET HASTANESİ,Isparta,Uluborlu,38.07711,30.4577,Isparta,Correct
4FA57AC6-1F32-47A1-8C57-DE10CE9EB08D,ISPARTA EĞİRDİR AİLE SAĞLIĞI MERKEZİ,Isparta,Eğirdir,37.86929,30.84711,Isparta,Correct
9E680282-AB0C-4181-81CD-DFB9D5B7AC57,NADİR ECZANESİ,Isparta,Uluborlu,37.87435,30.8499,Isparta,Correct
E6726FC7-9A31-4B29-9573-E030D0866988,YAŞAM ECZANESİ,Isparta,Şarkikaraağaç,38.08213,31.36742,Isparta,Correct
C937BD23-21E1-49A6-AAB3-E04E0D0D66CE,İLKAY ÖZGEN MUAYENEHANESİ,Isparta,Yalvaç,38.29895,31.17601,Isparta,Correct
B57C7ABB-C2AF-4654-B0D4-E1DF260D2947,ERCAN BAŞ KLİNİĞİ,Isparta,Merkez,39.37547,-76.38516,No Info,No Info
D7819692-9CFC-42C6-BB21-E3A06803C2FD,SENİR ECZANESİ,Isparta,Keçiborlu,37.94308,31.0082,Isparta,Correct
7A50FE52-093E-4ACB-BE6B-E3D031DF0434,TÜLAY GÜNGÖR MUAYENEHANESİ,Isparta,Merkez,37.76349,30.55284,Isparta,Correct
5776EFF6-5E76-400F-9A07-E4AFC8A50B0E,CANDEMİR ECZANESİ,Isparta,Eğirdir,37.87453,30.84978,Isparta,Correct
B76FBAC8-E5C9-43AB-A114-E56347F1782A,GELENDOST İLÇE HASTANESİ,Isparta,Gelendost,38.11918,31.01771,Isparta,Correct
5B9F0825-4445-4E38-B180-E63CFAA364A1,AYDOS ECZANESİ,Isparta,Merkez,37.75587,30.56235,Isparta,Correct
6F4EBD07-E4D5-4A70-AAEA-E6B5044C3428,ÖZKAN ECZANESİ,Isparta,Merkez,37.8723,30.61824,Isparta,Correct
D43A3152-426A-4804-8C8B-E847C2CD73C0,ÜLGEN ECZANESİ,Isparta,Merkez,37.76333,30.56085,Isparta,Correct
BB66A55D-802C-4C3E-ABC8-E91AF835CD51,ISPARTA 15 NCİ BÖLGE ECZACILAR ODASI,Isparta,Merkez,39.65717,-76.00956,No Info,No Info
93CEC886-B5B4-43D5-A0BA-E97E07775926,ISPARTA MERKEZ CEZAEVİ ASM,Isparta,Merkez,36.912,30.7031,Antalya,Wrong
262034B1-734F-46C7-A144-EA20B7F48C88,ISPARTA KEÇIBORLU DEVLET HASTANESI,Isparta,Keçiborlu,37.93219,30.24763,Isparta,Correct
E03BBC0D-B804-41DA-AB3F-EA9C35603A17,FATİH ECZANESİ,Isparta,Merkez,37.78424,30.53187,Isparta,Correct
3A454E59-7AA5-42DC-9C76-EAABD4366C3C,DİLEK ECZANESİ,Isparta,Merkez,37.77502,30.56058,Isparta,Correct
DE619FA4-6A86-4A54-AF16-EB1D834441DB,ZEYNEP YÜCETÜRK BİLGİN MUAYENEHANESİ,Isparta,Merkez,37.75754,30.54059,Isparta,Correct
6ECEDDD3-9524-4AF6-B93C-EBE746E957E2,GONCA ECZANESİ,Isparta,Senirkent,39.43577,-76.30476,No Info,No Info
37BD611E-3BCD-4555-BC02-EC61E24AFEF0,ISPARTA MERKEZ ÇÜNÜR AİLE SAĞLIĞI MERKEZİ,Isparta,Merkez,37.81883,30.53122,Isparta,Correct
8C1507CB-AAC9-40B5-BA4F-ECA8C7108D68,TAŞLIPINAR ECZANESİ,Isparta,Eğirdir,37.85485,30.85254,Isparta,Correct
709CD2C6-371A-4CB2-AFDD-ECBF2989B72C,ISPARTA AKSU AİLE SAĞLIĞI MERKEZİ,Isparta,Aksu,37.80017,31.07261,Isparta,Correct
73271B41-E6AF-4991-9D0E-ECC9E08229CD,ISPARTA MERKEZ YENİCE AİLE SAĞLIĞI MERKEZİ,Isparta,Merkez,37.75337,30.53788,Isparta,Correct
8ED760C3-0703-4017-A59D-ED7ADC9B222F,BORA ÜNAL MUAYENEHANESİ,Isparta,Merkez,38.10641,30.55513,Isparta,Correct
4CC06C16-1C72-4AAA-B8CD-EE31824D934D,ISPARTA MERKEZ KURTULUŞ AİLE SAĞLIĞI MERKEZİ,Isparta,Merkez,37.75939,30.5535,Isparta,Correct
20E3CF86-6196-400A-AA05-EEAB681AC992,ISPARTA ATABEYAİLE SAĞLIĞI MERKEZİ,Isparta,Atabey,37.95102,30.63347,Isparta,Correct
1586CF6D-3711-49BF-AD73-EF171A263044,ÖZEL KARİYER AĞIZ VE DİŞ POLİKİNLİĞİ,Isparta,Merkez,37.76142,30.55312,Isparta,Correct
CE87C69E-9CDE-4571-9697-EFCC18D8BAC2,MEVLANA ECZANESİ,Isparta,Merkez,37.75668,30.54529,Isparta,Correct
75BAC2CA-BCA0-4D1B-9D06-F08B414BF8D4,EĞİRDİR ECZANESİ,Isparta,Eğirdir,37.87343,30.85007,Isparta,Correct
8138B4AE-4F1F-480A-8B68-F125802A8A67,ISPARTA TELEKOM İL MÜDÜRLÜĞÜ SAĞLIK BİRİMİ,Isparta,Merkez,37.76482,30.55597,Isparta,Correct
FAC0A58F-A9DF-4532-A1F8-F2117D9A964B,TUĞÇE ECZANESİ,Isparta,Merkez,37.76757,30.51269,Isparta,Correct
49E95408-852C-4F23-BFF0-F2A68EA257A8,ÇAĞRI ECZANESİ,Isparta,Merkez,39.41507,-76.33236,No Info,No Info
6246E214-189B-455C-A527-F2D241D02361,DUYGU ECZANESİ,Isparta,Merkez,37.7657,30.57567,Isparta,Correct
1CDBB6A0-8890-4240-BEDF-F305AC9167D1,ISPARTA 40 NCI PİYADE ALAYI REVİRİ,Isparta,Merkez,37.86523,30.80697,Isparta,Correct
27457183-9874-4145-8038-F42658BC0B00,ŞEHİR ECZANESİ,Isparta,Merkez,37.77743,30.56442,Isparta,Correct
64C17E9A-A25A-4409-AF21-F48514979963,ISPARTA GÖNEN AİLE SAĞLIĞI MERKEZİ,Isparta,Gönen,37.95815,30.51724,Isparta,Correct
D35F6855-31BB-437D-8B08-F5635C31E0E1,HEPER ECZANESİ,Isparta,Merkez,37.75389,29.26395,Denizli,Wrong
577840DA-EEC2-4719-87CB-F5AC247351E8,SAV ECZANESİ,Isparta,Merkez,37.76564,30.64425,Isparta,Correct
DF031711-C56A-4050-8457-F6961D52902D,KAYHAN ECZANESİ,Isparta,Keçiborlu,37.94317,30.30152,Isparta,Correct
6F05C72E-4771-4ACF-AE4C-F7D486AECF54,ISPARTA MERKEZ SANAYİ AİLE SAĞLIĞI MERKEZİ,Isparta,Merkez,37.77722,30.55346,Isparta,Correct
E011245E-A762-4B19-913F-F7E29CD5A5F1,SULTAN ECZANESİ,Isparta,Merkez,37.78293,30.55053,Isparta,Correct
4F9777EE-136E-4A84-8482-F8AAF2FCE8F3,BAHAR ECZANESİ,Isparta,Merkez,37.77656,30.56272,Isparta,Correct
48BC17EB-CFBD-41A0-B6FC-F8AE6BBC974A,ISPARTA MERKEZ İSTİKLAL AİLE SAĞLIĞI MERKEZİ,Isparta,Merkez,37.77066,30.55846,Isparta,Correct
F4A537CC-D3D5-42CC-B068-F9560AFEC13C,OZAN ECZANESİ,Isparta,Merkez,40.72013,29.81835,Kocaeli,Wrong
362C02C2-1BF6-4882-8B6B-FC762A1BA7AF,VATAN ECZANESİ,Isparta,Merkez,37.75723,30.58044,Isparta,Correct
C005AD5B-C97D-4D37-9EFB-FD0F5CBE486D,ISPARTA MERKEZ SERMET AİLE SAĞLIĞI MERKEZİ,Isparta,Merkez,37.76331,30.56088,Isparta,Correct
360CFF41-7744-43E1-AEDF-FD101466E84C,ERGÜN ECZANESİ,Isparta,Merkez,37.76908,30.57066,Isparta,Correct
B80E0987-7A73-42CE-81C7-FD5938025813,DİLEK GÖKSU MUAYENEHANESİ,Isparta,Merkez,36.26899,36.56932,Hatay,Wrong
B341E80E-4E80-43C1-A3A5-FE34B0597C91,BALOĞLU ECZANESİ,Isparta,Merkez,37.76991,30.55747,Isparta,Correct
C6E0F46B-A4E5-4E7C-A544-FFC01C711A8F,DEMİREKİN ECZANESİ,Isparta,Eğirdir,37.87354,30.8502,Isparta,Correct
95EC34F0-72E6-4B3A-BD9F-FFD36A8475F6,MUHAMMET ALPARSLAN EKİNCİ MUAYENEHANESİ,Isparta,Merkez,39.28007,-76.51236,No Info,No Info
A0AA3ECD-0204-4243-9B2D-FFE0E9A10082,ÖZEL MEDDEM HASTANESİ,Isparta,Merkez,37.76239,30.54953,Isparta,Correct
