UnitId,UnitName,CityName,DistrictName,Latitude,Longitude,DetectedCity,Match
D604F250-245D-46FE-A171-001BB9BDF846,ERZİNCAN ÇUKURKUYU AİLE SAĞLIĞI MERKEZİ,Erzincan,Merkez,39.77452,39.43869,Erzincan,Correct
42B91E61-D884-4BBF-AB6F-04152EED3C16,ÖZKAN ECZANESİ,Erzincan,Merkez,39.76324,39.51283,Erzincan,Correct
DD7AB9D4-1574-48A7-BF6C-0891CC8D215E,ERZİNCAN ÇAYIRLI AİLE SAĞLIĞI MERKEZİ,Erzincan,Çayirli,39.81434,40.05426,Erzincan,Correct
30EA59A4-8B98-4766-87E6-0953F2EE0FE6,KEMAH İLÇE HASTANESİ,Erzincan,Kemah,39.25884,38.50108,Erzincan,Correct
0079D9B1-7E87-44AB-8D17-0C5EA35DE833,ARI ECZANESİ,Erzincan,Merkez,39.74686,39.48964,Erzincan,Correct
CA86B9A3-DB0A-436F-88F0-0CD64A4BA3EF,SAĞLIK ECZANESİ,Erzincan,Merkez,39.74562,39.49193,Erzincan,Correct
6A0C828B-D0C7-4F13-A8F8-0E082FD12FD6,ŞİFA ECZANESİ,Erzincan,Merkez,39.42587,-76.31796,No Info,No Info
7E0B98CB-FE2A-460E-AB75-0FDC7EE2C6BD,ÇAĞLA ECZANESİ,Erzincan,Merkez,39.74636,39.49646,Erzincan,Correct
4D0FC977-E9B4-4113-BC38-11A05A73A3F1,AKSOY ECZANESİ,Erzincan,Merkez,39.74774,39.49111,Erzincan,Correct
5D9B799E-B478-40C2-9848-16E0780E7F58,BURAK ECZANESİ,Erzincan,Merkez,39.75964,39.50803,Erzincan,Correct
FEAE6F06-22E7-46A2-9BDC-175646250A80,ERZİNCAN AĞIZ VE DİŞ SAĞLIĞI MERKEZİ,Erzincan,Merkez,39.75372,39.49537,Erzincan,Correct
E354FC69-E68A-4022-9791-17BCE4263D89,T.C. S.B. ERZİNCAN DEVLET HASTANESİ,Erzincan,Merkez,38.03499,38.25339,Adıyaman,Wrong
510CA3B6-3CD9-4AC6-8AA2-17F529D96862,AKTAŞ ECZANESİ,Erzincan,Merkez,39.76054,39.50923,Erzincan,Correct
53D9F4CD-54C4-45CE-A3D8-1DC29FB39150,YENİ NİL ECZANESİ,Erzincan,Merkez,39.74652,39.50945,Erzincan,Correct
159DA80C-6C12-4A86-B817-1F49EB2ABD55,AHSEN ECZANESİ,Erzincan,Merkez,39.74553,39.49333,Erzincan,Correct
83035E36-B41D-4869-BAB0-1FCADFB89841,GÜROL ECZANESİ,Erzincan,Merkez,39.74561,39.49203,Erzincan,Correct
EF16E442-BD75-46B8-B645-2064B2C4BEFE,HIDIR ERDAL MUAYENEHANESİ,Erzincan,Merkez,39.74972,39.4936,Erzincan,Correct
3AE72BFB-C488-4D85-A3C6-22E8EFE2E79A,HİZMET ECZANESİ,Erzincan,Merkez,39.36017,39.21704,Tunceli,Wrong
4CE5F707-8B96-4E43-A5FE-26FD74AA5B71,ÇAYIRLI ECZANESİ,Erzincan,Çayirli,39.80944,40.04111,Erzincan,Correct
1614BBF5-F285-4826-9694-28D01FE94832,ŞEBNEM ECZANESİ,Erzincan,Merkez,39.74687,39.49732,Erzincan,Correct
EBE178F8-D5EE-49FF-9929-2C8AD18B3643,DÜNYA ECZANESİ,Erzincan,Merkez,39.74601,39.49099,Erzincan,Correct
03F58A6B-A6BA-4EFD-8F73-2ED25A6515F2,ŞİFA ECZANESİ,Erzincan,ERZİNCAN MERKEZ,39.42587,-76.31796,No Info,No Info
9EB71B5B-325C-4F86-810A-2F6E7BCC7CF3,DERMAN ECZANESİ,Erzincan,Merkez,39.75955,39.50627,Erzincan,Correct
F60F128C-A097-4EC2-BCDE-34627CB6992E,OTLUKBELİ DEVLET HASTANESİ,Erzincan,Merkez,39.97226,40.02231,Erzincan,Correct
2817F2CA-1A6E-4342-B67C-34B520D0D439,ERZİNCAN BİNALI YILDIRIM ÜNV. AĞIZ VE DİS E.A.H.,Erzincan,Merkez,39.74899,39.51892,Erzincan,Correct
BE703CA9-FE3D-46F7-9B32-35073EF5DF85,ERZİNCAN DEMİRKENT AİLE SAĞLIĞI MERKEZİ,Erzincan,Merkez,39.767,39.46691,Erzincan,Correct
9F8D3900-4622-4BD0-B449-36405582F733,TUĞÇE ECZANESİ,Erzincan,Merkez,39.78084,39.43202,Erzincan,Correct
97253CB0-D61B-4ECE-BE44-393EAF5A35D2,BARIŞ ECZANESİ,Erzincan,Tercan,39.77765,40.38326,Erzincan,Correct
2706F0E0-3F94-4F89-8776-3A204CD3240B,CAN ECZANESİ,Erzincan,Merkez,39.74794,39.4912,Erzincan,Correct
45701989-DE83-4250-9403-3C16602D5D30,ÖNER ECZANESİ,Erzincan,Merkez,39.74494,39.4908,Erzincan,Correct
B6F0A8BF-C305-4DC4-9B93-3EFAE2CCB9BC,KÜLTÜR ECZANESİ,Erzincan,Merkez,39.7478,39.49118,Erzincan,Correct
D8B559FF-9B30-49C3-9AC8-427FC22CD879,BEYZANUR GÖNEN MUAYENEHANESİ,Erzincan,Merkez,39.26207,-76.53636,No Info,No Info
DD6D0E8D-4009-4796-83F3-46386FC7281A,FATMA ECZANESİ,Erzincan,İliç,39.45603,38.56382,Erzincan,Correct
7B1B25C7-F0F7-4C24-9A49-48E397AA9C1D,ERZİNCAN ÜZÜMLÜ AİLE SAĞLIĞI MERKEZİ,Erzincan,Üzümlü,39.69607,39.68351,Erzincan,Correct
C30447A4-B0C6-4BE6-8949-49312EBCD34D,ELİF ECZANESİ,Erzincan,Merkez,39.74791,39.4912,Erzincan,Correct
A708E697-1672-487D-8A51-4972BF79B627,ÇAYIRLI DEVLET HASTANESİ,Erzincan,Çayirli,39.80261,40.03838,Erzincan,Correct
B83DEBE7-B6F3-4BAB-8351-4C6B80F05021,ERHAN ECZANESİ,Erzincan,Merkez,39.74765,39.49338,Erzincan,Correct
13D79EF5-320A-45C5-9ACD-4F45F96986CC,ÜZÜMLÜ DEVLET HASTANESİ,Erzincan,Üzümlü,39.71045,39.70191,Erzincan,Correct
9A1ECE78-3A65-436A-BDA6-4F6E6F9FA1FF,ÖZKAYA ECZANESİ,Erzincan,Merkez,39.73776,39.51105,Erzincan,Correct
E61C9E36-35EA-413A-9E88-4FB874CDFF70,ERZINCAN KEMAH İLÇE HASTANESI,Erzincan,Kemah,39.25794,38.49988,Erzincan,Correct
C879682B-66FA-4D9E-B2D2-56BD2A042653,BOĞAZİÇİ ECZANESİ,Erzincan,Merkez,39.74557,39.49268,Erzincan,Correct
6E36AD0E-7427-438E-BFB5-59271FD84D2B,ÖZEL NEON HASTANE ECZANESI,Erzincan,Merkez,39.74875,39.46814,Erzincan,Correct
92276CB9-1E75-473A-A751-5C2E01753536,ERZİNCAN ÜNİVERSİTESİ MENGÜCEK GAZİ EĞİTİM VE ARAŞTIRMA HASTANESİ SEMT POLİKLİNİĞİ,Erzincan,Merkez,39.76119,39.50941,Erzincan,Correct
63FE0EA5-C91A-4914-9BC1-5D4E721CCD58,ZEHRA ECZANESİ,Erzincan,Merkez,39.50057,-76.21836,No Info,No Info
4AEF75C9-E932-4796-8ED6-5FD217CCD9E4,GÜLER ECZANESİ,Erzincan,Merkez,39.74643,39.49453,Erzincan,Correct
631F72E8-D3CF-466E-881A-62E1893F07F9,İLYAS DURMAZ-SERVET ERDOĞMUŞ MUAYENEHANESİ,Erzincan,Merkez,39.74811,39.49235,Erzincan,Correct
1D957D73-FC80-42D9-A60D-675F385D0F88,ERZİNCAN KEMAH AİLE SAĞLIĞI MERKEZİ,Erzincan,Kemah,39.60207,39.03462,Erzincan,Correct
DA4D63AE-FE5B-48F1-8BDA-6D5F485A5371,ÇİÇEK ECZANESİ,Erzincan,Merkez,39.74942,39.4689,Erzincan,Correct
14BD6AFE-E43F-4893-A72A-7645AD6894D9,ERZİNCAN KAVAKYOLU AİLE SAĞLIĞI MERKEZİ,Erzincan,Merkez,39.31787,-76.46196,No Info,No Info
BD8D04BB-602B-4017-8AE7-778A173D5874,ÖZEL SERDAR ÇETİNKAYA AĞIZ VE DİŞ SAĞLIĞI POLİKLİNİĞİ,Erzincan,Merkez,39.74717,39.49512,Erzincan,Correct
69F56D02-6EF0-4A52-A041-794105BF0B72,AHMET KAYA MUAYENEHANESİ,Erzincan,Merkez,39.74948,39.46964,Erzincan,Correct
A1F89D51-C8D4-4E04-8BB5-7A4038F23D66,MESUT İLTER MUAYENEHANESİ,Erzincan,Merkez,39.74792,39.4912,Erzincan,Correct
3F912E24-4D9C-4A8C-9098-7AC59F752B5E,DENİZ ECZANESİ,Erzincan,Merkez,39.76414,39.51403,Erzincan,Correct
6C54782A-A53F-4CD6-B250-7D452D2705F4,KEMALİYE DEVLET HASTANESİ,Erzincan,Kemaliye,39.26155,38.49386,Erzincan,Correct
D84FAB08-113F-4B43-9BD1-83E14342AF73,ERZİNCAN REFAHİYE AİLE SAĞLIĞI MERKEZİ,Erzincan,Refahiye,39.90483,38.77245,Erzincan,Correct
F035CA6F-007D-4742-8E88-9090346F4BC7,ERZİNCAN YAYLABAŞI AİLE SAĞLIĞI MERKEZİ,Erzincan,Merkez,39.64128,39.52552,Erzincan,Correct
5C06352E-2175-4D50-974E-95CCDCD1ECBA,DEVA ECZANESİ,Erzincan,Merkez,39.7613,39.50922,Erzincan,Correct
60A28228-A019-475C-8FBD-9B7F4C989397,T.C. S.B. ERZİNCAN DR FAHRETTİN UĞUR REFAHİYE DEVLET HASTANESİ,Erzincan,Refahiye,39.90176,38.76787,Erzincan,Correct
5D683297-4894-4917-B031-9EF9600C4CE7,ERZİNCAN BİNALİ YILDIRIM ÜNİVERSİTESİ MENGÜCEK GAZİ EĞİTİM VE ARAŞTIRMA HASTANESİ,Erzincan,Merkez,39.76209,39.51061,Erzincan,Correct
3383A3AE-317F-4F27-80D6-9FE1BEAA5E95,ÖZEL ERZİNCAN YAŞAM DİYALİZ MERKEZİ,Erzincan,Merkez,39.74727,39.47867,Erzincan,Correct
57272EF9-4A50-46E2-B81E-A5466DB0F0EE,ERZİNCAN GEÇİT AİLE SAĞLIĞI MERKEZİ,Erzincan,Merkez,39.75195,39.52109,Erzincan,Correct
CC58BDBF-060E-4A09-AC6E-A62BC0223103,GEÇİT ECZANESİ,Erzincan,Merkez,39.47807,-76.24836,No Info,No Info
6B521EE3-DFD6-4069-8283-A6ADB35F87FF,RANA BAYRAM ZENGİNCE MUAYEHANESİ,Erzincan,Merkez,41.02832,28.84117,İstanbul,Wrong
CB85A13A-317E-4B3D-8C8D-A74E35288813,ERZİNCAN MENGÜCELİ AİLE SAĞLIĞI MERKEZİ,Erzincan,Merkez,39.74442,39.52603,Erzincan,Correct
12183419-5A1E-4698-854B-A9DFD27B4776,FIRAT ECZANESİ,Erzincan,Merkez,39.74516,39.49413,Erzincan,Correct
9FCD2C7F-1E86-4C7C-B428-AC4B92EDBDB9,DOĞA ECZANESİ,Erzincan,Üzümlü,39.69802,39.68425,Erzincan,Correct
F274606D-466C-41B0-BE36-AD3792092F02,CAN FIRAT ECZANESİ,Erzincan,Merkez,39.75166,39.49582,Erzincan,Correct
BDADA155-E3DB-49B5-B815-ADE3CDE451F4,GÜL ECZANESİ,Erzincan,Merkez,39.7482,39.45706,Erzincan,Correct
52C8C380-62FE-4517-90DA-AE0668467744,ESRA ECZANESİ,Erzincan,Merkez,39.7744,39.45452,Erzincan,Correct
0B8860A9-170D-480A-AF65-B002DDF3040C,PINAR ECZANESİ,Erzincan,Merkez,39.74684,39.48991,Erzincan,Correct
37E75182-6305-4DAE-9909-B02BC9DB1640,CEREN ECZANESİ,Erzincan,Merkez,39.46547,-76.26516,No Info,No Info
5C9CFD48-4EB0-4AED-B3C0-B2910ED62D5A,ÖZGE ECZANESI,Erzincan,Merkez,39.74426,39.49081,Erzincan,Correct
4C27C8B7-6833-4324-9D82-B376F9C1B71F,ERZİNCAN MERKEZ KARAAĞAÇ AİLE SAĞLIĞI MERKEZİ,Erzincan,Merkez,39.73987,39.50863,Erzincan,Correct
2D631B21-23A8-4DAA-8930-B4BED9D12E7D,MERYEM DOĞAN MUAYENEHANESİ,Erzincan,ERZİNCAN MERKEZ,39.74721,39.49115,Erzincan,Correct
84B1F922-52A1-4AC5-83B8-B774F3756ECA,EDİS ECZANESİ,Erzincan,Merkez,39.74586,39.49089,Erzincan,Correct
01DAB495-907D-4093-BEFF-B82017713BB1,ERZİNCAN MOLLAKÖY AİLE SAĞLIĞI MERKEZİ,Erzincan,Merkez,39.64084,39.57844,Erzincan,Correct
32E1ECFA-A4E2-4032-9C68-BB7577D8FDAC,ÖZEL ERZİNCAN DİŞ KLİNİĞİ,Erzincan,Merkez,39.74803,39.49121,Erzincan,Correct
17E98780-5052-4D7C-915F-BBE038B5ABB4,ERZİNCAN VEREM SAVAŞ DİSPANSERİ,Erzincan,Merkez,39.74667,39.49262,Erzincan,Correct
871949F5-BFAF-4B84-9600-BCDB0C079A06,ERZINCAN İLİÇ İLÇE DEVLET HASTANESI,Erzincan,İliç,39.60067,39.03817,Erzincan,Correct
6D646088-9B94-4AFE-B2A8-C0AAF3556243,MERCAN ECZANESİ,Erzincan,Tercan,39.84459,40.21589,Erzincan,Correct
EA68C549-FA77-498A-B7A5-C397BA3653E0,ERZİNCAN MERKEZ FATİH AİLE SAĞLIĞI MERKEZİ,Erzincan,Merkez,39.74658,39.50917,Erzincan,Correct
411D5FAC-24E2-47E9-8735-C4071F53ABB5,MENGÜCELİ ECZANESİ,Erzincan,Merkez,39.74624,39.49835,Erzincan,Correct
A5CB97A9-D7E5-4679-A8E8-C71091C23EB6,EMRULLAH AKYÜZ ÖZEL MUAYENEHANESİ,Erzincan,ERZİNCAN MERKEZ,39.75861,39.5005,Erzincan,Correct
B6C72005-8B16-4F98-AB66-CA6AF044CBDF,KÜBRA NAZIR ECZANESİ,Erzincan,Merkez,39.00647,-76.87716,No Info,No Info
D8E8CED3-4224-4445-B524-CF43C4D06B87,KÜBRA NUR ECZANESİ,Erzincan,Refahiye,39.90504,38.77586,Erzincan,Correct
5BE6CA7A-0BA0-4AE0-A307-D5D740A0D05D,TERZİOĞLU ECZANESİ,Erzincan,Merkez,39.75337,39.48313,Erzincan,Correct
CF5A39CE-B56E-4C7C-AE1F-D66F741567C5,AYLA KARADAVUT MUAYENEHANESİ,Erzincan,Merkez,39.74948,39.49129,Erzincan,Correct
22AC68F0-EB48-4C9E-B6DA-D711CB392686,KEMAH ECZANESİ,Erzincan,Kemah,39.6024,39.0354,Erzincan,Correct
61A333EB-3DAC-47D4-9F6B-D7F66B77DFF8,ERZİNCAN ÖZEL NEON HASTANESİ,Erzincan,Merkez,39.74839,39.46874,Erzincan,Correct
639FA796-475E-4E15-8CCE-D805509C1467,ZÜBEYDE ECZANESİ,Erzincan,Merkez,39.74675,39.49218,Erzincan,Correct
8220F03C-EBAC-4C4C-9BB1-D93547037D4B,FERİT ECZANESİ,Erzincan,Merkez,39.74812,39.49649,Erzincan,Correct
9D229097-A0B5-4511-B26A-D96D549B9999,ŞEYDA YAKUT-AHMET KAYA MUAYENEHANESİ,Erzincan,Merkez,39.74743,39.49171,Erzincan,Correct
B589527D-C1C8-42A2-BE8F-E03483B87FFB,EBRU BOYNUKALIN EDİS MUAYENEHANESİ,Erzincan,Merkez,39.74585,39.49098,Erzincan,Correct
03DAB8D1-7D75-408F-BEA6-E0694EB54A8E,ERZİNCAN TERCAN AİLE SAĞLIĞI MERKEZİ,Erzincan,Tercan,39.77777,40.38447,Erzincan,Correct
A14EF5A8-E950-4F9A-8537-E1B22D75B28A,ERZİNCAN MERKEZ MİMARSİNAN AİLE SAĞLIĞI MERKEZİ,Erzincan,Merkez,39.74505,39.46919,Erzincan,Correct
34D140A2-6307-4598-97AF-E22B16F2E6B5,MERKEZ ECZANESİ,Erzincan,Merkez,38.92997,-76.97916,No Info,No Info
D6F266C8-378F-4084-9334-E2E28D44A2CF,ALTINKENT ECZANESİ,Erzincan,İliç,39.45513,38.56262,Erzincan,Correct
23AFB06C-68CB-47D8-8F3B-E2E3759A3289,IHLAMUR ECZANESİ,Erzincan,Merkez,39.74524,39.49414,Erzincan,Correct
23170F74-DB8C-40F2-AC94-E53AAFD7311A,OSMAN NURİ YILDIZ AĞIZ VE DİŞ KLİNİĞİ,Erzincan,Merkez,39.74734,39.49282,Erzincan,Correct
2CD0FF1C-B059-4D4F-A5E7-E66E4867603A,REFAHİYE ECZANESİ,Erzincan,Refahiye,39.65447,-76.01316,No Info,No Info
68754BE1-8B6E-4EE1-B2B1-E6AFE26CF5FD,ÇAKIR ECZANESİ,Erzincan,Merkez,39.76504,39.51523,Erzincan,Correct
F73CC20F-E1AB-476E-991A-E7FD00ABA682,DOĞAN YÜREK-MURAT DİNÇ MUAYENEHANESİ,Erzincan,Merkez,39.74803,39.49113,Erzincan,Correct
7CC8D9A7-3915-414B-80E5-E99E17274A72,ERZİNCAN MERKEZ İNÖNÜ AİLE SAĞLIĞI MERKEZİ,Erzincan,Merkez,39.75389,39.48361,Erzincan,Correct
561E49C4-4700-439E-98E4-EAA87329FE61,DİLARA DOĞAN BESLENME VE DİYET KLİNİĞİ,Erzincan,ERZİNCAN MERKEZ,39.74722,39.49529,Erzincan,Correct
60007654-C09D-4947-8AB8-ECB358AE1704,EMRAH ECZANESİ,Erzincan,Tercan,39.77775,40.38264,Erzincan,Correct
EE582738-8D34-46FB-93F1-EFDC09DDD597,ERZİNCAN ULALAR AİLE SAĞLIĞI MERKEZİ,Erzincan,Merkez,39.7469,39.45947,Erzincan,Correct
72A203BB-D951-4E72-8758-F2A4B92E242D,ÜZÜMLÜ ECZANESİ,Erzincan,Üzümlü,39.69775,39.68405,Erzincan,Correct
BFF9C3F3-568A-4FED-B915-F2D299F09739,ERZİNCAN MERKEZ YAVUZ SELİM AİLE SAĞLIĞI MERKEZİ,Erzincan,Merkez,39.75492,39.47067,Erzincan,Correct
73DFAD85-7BC1-4A50-975C-F3CF0AA75D14,KEMALİYE ŞİFA ECZANESİ,Erzincan,Kemaliye,39.26207,38.49455,Erzincan,Correct
1A0A87E6-06CC-4AB7-AFE1-F430C0206484,HATİCETÜL KÜBRA SARI MUAYENESİ,Erzincan,Merkez,39.67337,-75.98796,No Info,No Info
101E0498-0869-462F-A4B6-F46590E6D70C,ONUR ECZANESİ,Erzincan,Merkez,39.75559,39.46891,Erzincan,Correct
33924419-B02D-49B9-91EE-F49107FE9E56,GÜLİZ ECZANESİ,Erzincan,Çayirli,39.80854,40.03991,Erzincan,Correct
5EB6CE7F-6A61-4B2E-A128-F6BB82988393,GAZI ECZANESİ,Erzincan,Merkez,39.76144,39.51043,Erzincan,Correct
3976F76D-6228-4EED-8EB6-F72B91111E36,MURAT ECZANESİ,Erzincan,Merkez,39.76234,39.51163,Erzincan,Correct
14CA9D02-0C25-40E0-83C7-F8659B6D41DB,ERZİNCAN TERCAN DEVLET HASTANESİ,Erzincan,Tercan,39.7449,39.49327,Erzincan,Correct
19775F6E-D5D7-433A-88C9-FE556E76C0A6,MESUT GAZİ MUAYENEHANESİ,Erzincan,Merkez,39.74882,39.4924,Erzincan,Correct
F7697516-F6D6-4C62-A5B2-FF10CFD6B966,LOKMAN HEKİM ECZANESİ,Erzincan,Refahiye,39.90041,38.76993,Erzincan,Correct
