UnitId,UnitName,CityName,DistrictName,Latitude,Longitude,DetectedCity,Match
971E0669-16F6-49A2-8C42-00054C598F76,ELİF ECZANESİ,Kahramanmaraş,Onikişubat,37.57345,36.91934,Kahramanmaraş,Correct
ADC219CA-C30B-4249-97C8-02243673F4D5,KAZANCI ECZANESİ,Kahramanmaraş,Dulkadiroğlu,37.58726,36.92696,Kahramanmaraş,Correct
A0670192-FF92-4414-8908-0237707AF7E6,MARAŞ ECZANESİ,Kahramanmaraş,Onikişubat,37.38549,36.84671,Kahramanmaraş,Correct
CCE07C41-9565-4556-9D23-0240A4696456,KAHRAMANMARAŞ ELBISTAN AĞİZ VE DIŞ SAĞLİĞİ MERKEZI,Kahramanmaraş,Elbistan,38.1928,37.19133,Kahramanmaraş,Correct
FB53BE5F-EFD7-4F1C-B5B8-0381BAA89B31,ARGAMA ECZANESİ,Kahramanmaraş,Türkoğlu,37.38547,36.84669,Kahramanmaraş,Correct
B640400A-BC10-489A-8F3E-03CBAE98DCF2,CEREN ECZANESİ,Kahramanmaraş,Elbistan,38.19422,37.19202,Kahramanmaraş,Correct
AB375D5A-8A94-403C-9A17-04B96569EBC5,KAHRAMANMARAŞ ONİKİŞUBAT 25 NOLU TEKİR AİLE SAĞLIĞI MERKEZİ,Kahramanmaraş,Onikişubat,37.8802,36.6261,Kahramanmaraş,Correct
2C6BAFBC-7A62-4BD5-963F-051B5527F432,VERESELİ YILDIRIM ECZANESİ,Kahramanmaraş,Türkoğlu,37.39394,36.8595,Kahramanmaraş,Correct
723D6C51-2E08-48DF-BC95-058B64FA2B6E,OCAK ECZANESİ,Kahramanmaraş,Dulkadiroğlu,37.57763,36.95792,Kahramanmaraş,Correct
6679F2BE-25DD-4E89-B1AE-0658399F6543,JİNEST KLINIK,Kahramanmaraş,Dulkadiroğlu,37.57823,36.92875,Kahramanmaraş,Correct
F282487D-7F0F-4363-ACE5-072D7A90E1A9,SAİM ÇOTUR KARACAOĞLAN ASM,Kahramanmaraş,Onikişubat,37.88484,36.62189,Kahramanmaraş,Correct
7B12C65B-B514-4DA4-AA31-074139ACCC7A,CİNKARA ECZANESİ,Kahramanmaraş,Andirin,37.57442,36.35073,Kahramanmaraş,Correct
9F1EF947-E241-40FF-AE7A-07631A9FFA2B,ŞAHİN ECZANESİ,Kahramanmaraş,Pazarcik,37.50652,37.32583,Kahramanmaraş,Correct
C1F9F51F-425A-4524-98B1-077A56854477,SÜMER ECZANESİ,Kahramanmaraş,Dulkadiroğlu,37.54937,36.93911,Kahramanmaraş,Correct
46709011-B43B-488F-AF5D-08338C8CEAE7,MEHPARE ECZANESİ,Kahramanmaraş,Onikişubat,37.58965,36.83999,Kahramanmaraş,Correct
4051309A-00FA-408E-A68A-08CEDED2ACFD,LOKMAN ECZANESİ,Kahramanmaraş,Dulkadiroğlu,37.58002,36.93106,Kahramanmaraş,Correct
9F61E572-79EE-47CC-AD79-09168B2D553F,DENTPARK,Kahramanmaraş,Onikişubat,37.58743,36.86936,Kahramanmaraş,Correct
9E91F04C-631E-4233-9DB4-091C339DAB7C,PARK SANTE POLİKLİNİĞİ,Kahramanmaraş,MERKEZ,40.9928,29.1383,İstanbul,Wrong
7F321DAB-AA41-48EF-B4F2-0995580903AD,NAR ECZANESİ,Kahramanmaraş,Onikişubat,37.58444,36.8696,Kahramanmaraş,Correct
9F63AED8-4DAB-4C6B-93DB-09DDEC540E73,ÖZEL MARAŞ DENT AĞIZ VE DİŞ SAĞLIĞI POLİKLİNİĞİ,Kahramanmaraş,Onikişubat,37.57643,36.92326,Kahramanmaraş,Correct
85326C4B-AD5F-43AC-ADF5-0B3A7B53AE8C,GÜVEN ECZANESİ,Kahramanmaraş,Dulkadiroğlu,37.58222,36.94414,Kahramanmaraş,Correct
D136BE41-7EA7-46BE-A0F4-0D2EE876C754,GÖKSUN ECZANESİ,Kahramanmaraş,Göksun,37.3866,36.84754,Kahramanmaraş,Correct
9BDE9A0B-C96C-4B54-8ACA-0DB1DAEBCF15,KAHRAMANMARAŞ ELBİSTAN İĞDE AİLE SAĞLIĞI MERKEZİ,Kahramanmaraş,Elbistan,38.15412,37.09498,Kahramanmaraş,Correct
22A89332-1F14-4B64-B1E5-0F6A37D586D9,SİMYA ECZANESİ,Kahramanmaraş,Onikişubat,37.58473,36.88142,Kahramanmaraş,Correct
C70C20DA-87E5-4279-AE41-1071EAD9A74F,GÖKSUN DEVLET HASTANESİ,Kahramanmaraş,Göksun,38.11822,36.61428,Kahramanmaraş,Correct
389AA219-C1D3-44C6-9A13-1154786250D4,MUTLU ECZANESİ,Kahramanmaraş,Elbistan,38.20194,37.19178,Kahramanmaraş,Correct
FEFB0B5C-21A3-49F0-A188-11BD2AC9236F,TUĞRUL ECZANESİ,Kahramanmaraş,Afşin,38.24834,36.91429,Kahramanmaraş,Correct
3E15D0C1-6C46-4E8E-B531-11DB49436CFC,KAHRAMANMARAŞ TÜRKOĞLU 2 NOLU AİLE SAĞLIĞI MERKEZİ,Kahramanmaraş,Türkoğlu,37.39274,36.84898,Kahramanmaraş,Correct
962BD9AF-0691-42B1-AD49-127041011AB2,SULTAN ECZANESİ,Kahramanmaraş,Göksun,37.38846,36.84895,Kahramanmaraş,Correct
D8225714-14EC-410F-8BA0-1280A9602216,BİLAL ECZANESİ,Kahramanmaraş,Dulkadiroğlu,37.59174,36.9305,Kahramanmaraş,Correct
351A363B-8D68-4E5C-8737-12BE0A1F3ACD,GAMZE ECZANESİ,Kahramanmaraş,Dulkadiroğlu,37.58622,36.93622,Kahramanmaraş,Correct
19D63525-968E-42A5-919B-12CEE947552E,ALAATTİN MAHİR ŞİŞMAN MUAYENEHANESİ,Kahramanmaraş,Dulkadiroğlu,37.58058,36.93217,Kahramanmaraş,Correct
4580F100-B5E2-4A7C-8C72-146E54AC262F,ŞEREFOĞLU ECZANESİ,Kahramanmaraş,Dulkadiroğlu,37.57793,36.92819,Kahramanmaraş,Correct
99FAD241-1406-4B8A-AB15-155644A53394,CLİNİK HİS,Kahramanmaraş,Onikişubat,37.59736,36.87127,Kahramanmaraş,Correct
8F52432B-E8F4-4F60-84CC-1572840A4116,KIZILER ECZANESİ,Kahramanmaraş,Pazarcik,37.49438,37.30615,Kahramanmaraş,Correct
9CEA024E-DFB4-43DD-B832-15752A7564A0,KAHRAMANMARAŞ SÜTÇÜ İMAM ÜNİVERSİTESİ,Kahramanmaraş,Onikişubat,37.58046,36.84366,Kahramanmaraş,Correct
22254071-D751-41F2-9A5A-15872B80E5E1,NECİP FAZIL ŞEHİR HASTANESİ KADIN DOĞUM VE ÇOCUK HASTALIKLARI HASTANESİ,Kahramanmaraş,Onikişubat,37.59332,36.8837,Kahramanmaraş,Correct
8927448E-6DD9-408F-B5CB-169CBF8AFBFA,ARISOY ECZANESİ,Kahramanmaraş,Onikişubat,37.58138,36.86469,Kahramanmaraş,Correct
317E5F30-6B59-4C5F-898C-1715152017E7,YENİ ECZANESİ,Kahramanmaraş,Afşin,38.251,36.91422,Kahramanmaraş,Correct
13AD2B00-D2E5-42BC-B37E-176EC30E3EBF,ERHAN ECZANESİ,Kahramanmaraş,Dulkadiroğlu,37.58958,36.94798,Kahramanmaraş,Correct
B42F03BD-5D3E-4091-8C64-17817DECE5E1,KAHRAMANMARAŞ ONİKİŞUBAT 3 NOLU CUMHURİYET AİLE SAĞLIĞI MERKEZİ,Kahramanmaraş,Onikişubat,37.59409,36.86453,Kahramanmaraş,Correct
270D6D18-D459-4E64-9D16-17A317EDE031,KAHRAMANMARAŞ ONİKİŞUBAT 13 NOLU OSMAN GAZİ AİLE SAĞLIĞI MERKEZİ,Kahramanmaraş,Onikişubat,37.58959,36.9106,Kahramanmaraş,Correct
8667D1C7-B340-4CF9-8D56-182FA458400F,HUSNA ECZANESI,Kahramanmaraş,Onikişubat,37.6,36.87666,Kahramanmaraş,Correct
165C576B-3C3A-48FD-A899-19C5CA549BFE,ÇAĞRI ECZANESİ,Kahramanmaraş,Onikişubat,37.59372,36.883,Kahramanmaraş,Correct
14043079-CAAA-407A-8F4C-1A471604AA89,ESMA ECZANESİ,Kahramanmaraş,Onikişubat,37.57585,36.92116,Kahramanmaraş,Correct
5B29043F-84DF-4067-9DB0-1A7387524C5F,KAHRAMANMARAŞ GÖKSUN MERKEZ 1 NOLU AİLE SAĞLIĞI MERKEZİ,Kahramanmaraş,Göksun,38.01304,36.49522,Kahramanmaraş,Correct
EF973083-0902-4E67-B300-1B8FC1536BA1,SEVDA ECZANESİ,Kahramanmaraş,Elbistan,38.20286,37.18867,Kahramanmaraş,Correct
1852B634-75A6-4F05-94D2-1DB1104D56E4,KARAKÜÇÜK ECZANESİ,Kahramanmaraş,Dulkadiroğlu,37.50582,37.00199,Kahramanmaraş,Correct
2B111EB4-005D-421B-8FEF-1DD5D8C1AE5A,DULKADİROĞLU EBE DÖNDÜ ÇOMAK ASM,Kahramanmaraş,Dulkadiroğlu,37.74024,37.12035,Kahramanmaraş,Correct
DE9578AD-D369-45A0-AE0E-1E46C56C455A,ÖMER ÜNSAL MUAYENEHANESİ,Kahramanmaraş,Elbistan,38.19967,37.19154,Kahramanmaraş,Correct
947E65D6-C1C5-4E20-85DB-1F1E8313B7D2,KAHRAMANMARAŞ NECİP FAZIL ŞEHİR HASTANESİ,Kahramanmaraş,Dulkadiroğlu,37.50232,37.00494,Kahramanmaraş,Correct
31A2DB16-D812-4AEA-A4AE-1F5DCB62A630,ARAS ECZANESİ,Kahramanmaraş,Dulkadiroğlu,37.57785,36.95724,Kahramanmaraş,Correct
E2DCE7EF-ACA0-4967-A270-1FC701CA07D3,KIBRIS ECZANESİ,Kahramanmaraş,Türkoğlu,37.74839,37.29732,Kahramanmaraş,Correct
9404FD29-037C-4867-840D-2066A184D3FD,FATİH ECZANESİ,Kahramanmaraş,Türkoğlu,37.38613,36.8472,Kahramanmaraş,Correct
45B1B930-4AB0-4066-B619-216E95D687EF,KAHRAMANMARAŞ PAZARCIK 4 NOLU AİLE SAĞLIĞI MERKEZİ,Kahramanmaraş,Pazarcik,37.48762,37.29635,Kahramanmaraş,Correct
662C5102-FB1C-44E3-8AF3-228C9CE9CD1C,YERHAN ECZANESİ,Kahramanmaraş,Onikişubat,37.59193,36.92562,Kahramanmaraş,Correct
5F780A18-7A03-4E8D-B97C-2422169DC684,OSMANBEY ECZANESİ,Kahramanmaraş,Afşin,38.2459,36.91453,Kahramanmaraş,Correct
9D137772-800D-4301-8264-242DF584D776,GÖKSUN MERKEZ TSM,Kahramanmaraş,Göksun,37.57629,36.34955,Kahramanmaraş,Correct
0C8EF4F1-65B6-499B-9485-249022E0E560,KAHRAMANMARAŞ DULKADİROĞLU 7 NOLU İSMAİL KURTUL AİLE SAĞLIĞI MERKEZİ,Kahramanmaraş,Dulkadiroğlu,37.5359,36.9964,Kahramanmaraş,Correct
8F9D8416-9D9C-43ED-AD86-250B4FF906AD,CEYLAN ECZANESİ,Kahramanmaraş,Onikişubat,37.59391,36.92518,Kahramanmaraş,Correct
C610E461-6061-428F-BA60-25D1F8C5067D,ELVİN ECZANESİ,Kahramanmaraş,Onikişubat,37.58668,36.86151,Kahramanmaraş,Correct
3749BFAE-ADBE-47F2-94A5-2679B160C14D,ILICA SAFA ECZANESİ,Kahramanmaraş,Onikişubat,37.59301,36.92246,Kahramanmaraş,Correct
4853880D-8718-485D-8792-26ADE09B9E76,AYŞEGÜL ECZANESİ,Kahramanmaraş,Dulkadiroğlu,37.57776,36.93097,Kahramanmaraş,Correct
5BAA9E98-51D5-4575-A964-26B7375002F9,SÖNMEZ ECZANESİ,Kahramanmaraş,Afşin,38.23299,36.89366,Kahramanmaraş,Correct
13357289-2403-4058-88BB-274CF6361B18,ESRA ECZANESİ,Kahramanmaraş,Dulkadiroğlu,37.59239,36.93633,Kahramanmaraş,Correct
9F39E37D-FBC5-4C67-B9BA-27C1C180A46E,KAHRAMANMARAŞ ONİKİŞUBAT 17 NOLU DÖNGELE AİLE SAĞLIĞI MERKEZİ,Kahramanmaraş,Onikişubat,37.55781,36.62863,Kahramanmaraş,Correct
56645A95-DB68-46AA-A32F-27C6829AEF2B,TÜRKOĞLU ECZANESİ,Kahramanmaraş,Türkoğlu,37.39226,36.85206,Kahramanmaraş,Correct
D78DCCB3-28C3-4118-BA8C-288CE1EE50BB,TUĞRUL ECZANESİ,Kahramanmaraş,Dulkadiroğlu,37.56999,36.94901,Kahramanmaraş,Correct
616B8F3E-0E08-4D61-8E52-28C2791EDA65,ALPER ECZANESİ,Kahramanmaraş,Onikişubat,37.59636,36.83205,Kahramanmaraş,Correct
54E0473A-2340-4DB3-A279-28E12954802C,ORTASEKİ ECZANESİ,Kahramanmaraş,Onikişubat,37.75031,37.28953,Kahramanmaraş,Correct
6E687711-6B0A-4E9E-84E7-290A510EED94,FEYZA ECZANESİ,Kahramanmaraş,Göksun,38.0206,36.51274,Kahramanmaraş,Correct
FF306DF5-3A0B-4DF4-B4DB-29640B41434F,DİLEK ECZANESİ,Kahramanmaraş,Elbistan,38.20204,37.1926,Kahramanmaraş,Correct
3D512503-08A3-429F-A1F2-298374792A63,ÖZEL ULVİ ÖZSOY DİYALİZ MERKEZİ,Kahramanmaraş,Elbistan,38.20198,37.19518,Kahramanmaraş,Correct
F0197B2E-AEF6-46AC-9730-2A202000472F,YEDİTEPE ECZANESİ,Kahramanmaraş,Onikişubat,37.57437,36.92141,Kahramanmaraş,Correct
1F7A7DD0-842D-460B-BF31-2BD917511A33,ASU ECZANESİ,Kahramanmaraş,Afşin,38.24834,36.86368,Kahramanmaraş,Correct
57371282-18AC-481D-97D9-2D1E725C43DA,KÜLTÜR SİTESİ ASM,Kahramanmaraş,Onikişubat,37.58581,36.89503,Kahramanmaraş,Correct
E54A8AE5-0639-43B3-8F0A-2E7383A60965,KAHRAMANMARAŞ DULKADİROĞLU 22 NOLU SANAYİ AİLE SAĞLIĞI MERKEZİ,Kahramanmaraş,Dulkadiroğlu,37.56023,36.95865,Kahramanmaraş,Correct
60577794-953C-482A-AEFA-2E81DE6806F2,FEYZA ECZANESİ,Kahramanmaraş,Göksun,38.0206,36.51274,Kahramanmaraş,Correct
8A889249-65DF-4CE3-BC5F-2EEE77FFF9F6,DURAN DOĞRUÇAM-AYŞENUR OLGAR MUAYENEHANESİ,Kahramanmaraş,Dulkadiroğlu,37.58114,36.92998,Kahramanmaraş,Correct
852C73F1-5FFE-4114-B817-2F07E4532D0B,NARLI ECZANESİ,Kahramanmaraş,Pazarcik,38.95697,-76.94316,No Info,No Info
CA2B5E9C-C9DF-4CBB-9022-2FCA8C4217A3,ÖZEL ELBİSTAN YAŞAM HASTANESİ,Kahramanmaraş,Elbistan,38.20607,37.18291,Kahramanmaraş,Correct
84FEEDEE-BCEE-452F-B1EF-2FD6C6A2067E,AKARSU ECZANESİ,Kahramanmaraş,Onikişubat,37.59352,36.76457,Kahramanmaraş,Correct
A8561095-A5DB-4B78-BC92-3025B8AFA5E6,ÇINAR ECZANESİ,Kahramanmaraş,Onikişubat,37.59441,36.92348,Kahramanmaraş,Correct
7DD004F3-FE43-4480-ADB1-307A8F71487F,KAHRAMANMARAŞ DULKADİROĞLU 1 NOLU ASLANBEY AİLE SAĞLIĞI MERKEZİ,Kahramanmaraş,Dulkadiroğlu,37.5774,36.96209,Kahramanmaraş,Correct
F0514740-9B92-483D-A26B-30C1FD14B245,ÖZEL FÜSUN ESER AKSU KLİNİK,Kahramanmaraş,KAHRAMANMARAŞ MERKEZ,41.1153,29.1429,İstanbul,Wrong
F91285B3-1EAE-4840-BCD6-31DACFFF2638,KAHRAMANMARAŞ TÜRKOĞLU ZEKERİYA TANRIVERDİ AİLE SAĞLIĞI MERKEZİ,Kahramanmaraş,Türkoğlu,37.41108,36.88062,Kahramanmaraş,Correct
2D46232F-7CA2-4DA1-9EA2-31F8C4EFAB8D,KAHRAMANMARAŞ SÜTÇÜ İMAM KURUM ECZANESİ,Kahramanmaraş,Onikişubat,37.58631,36.83564,Kahramanmaraş,Correct
AE191D5A-0325-4C15-A394-324A791BD0AC,ELİF ECZANESİ,Kahramanmaraş,Pazarcik,37.2949,36.79124,Kahramanmaraş,Correct
7396D129-D212-41FF-9610-32E99F577E1F,TÜRKOĞLU DR KEMAL BEYAZIT FİZİK TEDAVİ VE REHABİLİTASYON MERKEZİ HASTANESİ,Kahramanmaraş,Türkoğlu,37.37577,36.84008,Kahramanmaraş,Correct
D6EBA439-E789-4F02-A248-33DB2AC5016F,ÖZEL SULAR VATAN HASTANESİ,Kahramanmaraş,Onikişubat,37.08716,37.39597,Gaziantep,Wrong
D62C80C2-7417-4D2E-9179-340A8ED93291,KÖROĞLU ECZANESİ,Kahramanmaraş,Andirin,38.01907,36.49163,Kahramanmaraş,Correct
5E555C0D-2DB6-4252-BA82-34306767FAA8,AYSEL ECZANESİ,Kahramanmaraş,Türkoğlu,37.38656,36.84751,Kahramanmaraş,Correct
DB95BFFE-7A26-486A-8352-3467AF912C86,KAHRAMANMARAŞ ONİKİŞUBAT 35 NOLU ÜNGÜT AİLE SAĞLIĞI MERKEZİ,Kahramanmaraş,Onikişubat,37.59546,36.8371,Kahramanmaraş,Correct
1A9590F6-2314-4A51-B857-347585A1FBBF,IHLAMUR ECZANESİ,Kahramanmaraş,Onikişubat,37.57548,36.92197,Kahramanmaraş,Correct
B421DF04-BB8B-4140-B693-34BC0E96B66F,ÖZEL STC DENT AĞIZ VE DİŞ POLİKLİNİĞİ,Kahramanmaraş,Onikişubat,37.60005,36.82494,Kahramanmaraş,Correct
774A0A05-6F71-4FF3-9083-3503A9AAD1DD,ALİ ERGUN ARAS MUAYENEHANESİ,Kahramanmaraş,Dulkadiroğlu,37.58065,36.92809,Kahramanmaraş,Correct
03E62F62-B2B4-469A-9866-35BAB2507056,DAVARCIOĞLU ECZANESİ,Kahramanmaraş,Onikişubat,37.58928,36.88948,Kahramanmaraş,Correct
2E3A7640-9993-4ED8-AE91-362917157A05,ATLAS ECZANESİ,Kahramanmaraş,Afşin,38.23897,36.93548,Kahramanmaraş,Correct
694E2804-65FC-4DE8-8C80-3632753DA5B8,HALİME DEMİRCİ KARAOĞLAN,Kahramanmaraş,KAHRAMANMARAŞ MERKEZ,40.8961,29.0845,İstanbul,Wrong
BB3E03CF-8686-45A4-A7C1-3651172F2130,MERKEZ ECZANESİ,Kahramanmaraş,Çağlayancerit,38.01854,36.49314,Kahramanmaraş,Correct
2A7F97D6-098F-4903-B75C-369BEF74A2F5,KAHRAMANMARAŞ AFŞİN 3 NOLU H.MEHMET MERCİMEK AİLE SAĞLIĞI MERKEZİ,Kahramanmaraş,Afşin,38.24117,36.93166,Kahramanmaraş,Correct
8FC2EC5A-8FF5-4007-9935-3703A76AFDAF,GÜL ECZANESİ,Kahramanmaraş,Elbistan,38.19521,37.21289,Kahramanmaraş,Correct
28FF0780-12CC-40B1-B391-374B98E2C541,ÖZEL AD ACADEMY DENT,Kahramanmaraş,Dulkadiroğlu,37.57384,36.93998,Kahramanmaraş,Correct
36BEEC0E-FEE6-4FE0-9662-3780EFFAAD72,ELİF ECZANESİ,Kahramanmaraş,Göksun,38.05598,37.18715,Kahramanmaraş,Correct
96844975-356B-4199-818A-384070304CCF,YUNUS EMRE ECZANESİ,Kahramanmaraş,Dulkadiroğlu,37.57053,36.95963,Kahramanmaraş,Correct
33786C14-2CC5-4E70-8772-3930807E9DE8,ÇAĞLAYAN ECZANESİ,Kahramanmaraş,Çağlayancerit,39.48257,-76.24236,No Info,No Info
AABEA0B6-726D-4AF1-A1CD-395BB03D4D6C,CANER ECZANESİ,Kahramanmaraş,Onikişubat,37.59312,36.76422,Kahramanmaraş,Correct
D534BFE7-DC67-4E7A-87C5-3B3267DB47E6,KAHRAMANMARAŞ ELBİSTAN MERKEZ 2 NOLU AİLE SAĞLIĞI MERKEZİ,Kahramanmaraş,Elbistan,38.20462,37.18578,Kahramanmaraş,Correct
67066708-EFEB-49FD-8180-3B38A4E73F2C,KAHRAMANMARAŞ DULKADİROĞLU 10 NOLU SAKARYA AİLE SAĞLIĞI MERKEZİ,Kahramanmaraş,Dulkadiroğlu,37.57901,36.9389,Kahramanmaraş,Correct
3E116C71-3416-4186-8BA6-3CBE0D053338,BÜYÜK ECZANESİ,Kahramanmaraş,Elbistan,37.53132,37.06533,Kahramanmaraş,Correct
C168E8A4-A8C5-44DF-B5BF-3D19382A9D1A,ARZU ECZANESİ,Kahramanmaraş,Onikişubat,37.58968,36.91065,Kahramanmaraş,Correct
EA5518A3-7B11-42E3-AAFC-3DDA49A32739,KAHRAMANMARAŞ ELBİSTAN MERKEZ ŞEHİT DURMUŞ POLAT 3 NOLU AİLE SAĞLIĞI MERKEZİ,Kahramanmaraş,Elbistan,38.21077,37.18159,Kahramanmaraş,Correct
5C5E387A-236B-443B-B929-3EA6D8AFA9D8,ÇOLAKOĞLU ECZANESİ,Kahramanmaraş,Onikişubat,37.59237,36.88031,Kahramanmaraş,Correct
61D19DF0-BC1F-4A33-9D43-3EE61D7CE69A,KAHRAMANMARAŞ AFŞİN DEVLET HASTANESİ,Kahramanmaraş,Afşin,38.24246,36.89722,Kahramanmaraş,Correct
A1F72167-2B22-48E5-B0E4-3EFB6F149097,PAMUK ECZANESİ,Kahramanmaraş,Dulkadiroğlu,37.53423,36.96794,Kahramanmaraş,Correct
1519B4BB-05BC-4F62-91BC-3F9EFB96E74E,YAVUZ SELİM MERKEZ ASM,Kahramanmaraş,Dulkadiroğlu,37.56989,36.94863,Kahramanmaraş,Correct
7638A504-A8F5-4542-9B91-400BA2628127,KIRMACI ECZANESİ,Kahramanmaraş,Onikişubat,37.57545,36.92205,Kahramanmaraş,Correct
98019E28-7D35-48D5-AB6C-4017EECB6E06,KAHRAMANMARAŞ GÖKSUN MERKEZ 2 NOLU AİLE SAĞLIĞI MERKEZİ,Kahramanmaraş,Göksun,38.02335,36.49027,Kahramanmaraş,Correct
623A6250-F924-43EF-A581-4021E4C45D8F,DOĞAN ECZANESİ,Kahramanmaraş,Onikişubat,37.57886,36.91941,Kahramanmaraş,Correct
63E24D93-B063-4732-91A1-40B229E15926,CANER ECZANESİ,Kahramanmaraş,Elbistan,38.19579,37.19086,Kahramanmaraş,Correct
783BFFA4-F528-41DA-914B-424B03147728,AYLİN TATLI ECZANESİ,Kahramanmaraş,Dulkadiroğlu,37.49943,36.99238,Kahramanmaraş,Correct
8124579E-EA32-43F1-85AA-437F7A0B8EB0,S.B. ÇAĞLAYANCERİT İLÇE HASTANESİ,Kahramanmaraş,Çağlayancerit,37.75012,37.29324,Kahramanmaraş,Correct
3330C114-B5DC-424E-A2FC-441CC2B5CAA9,ONİKİŞUBAT FATMALI MERKEZ ASM,Kahramanmaraş,Onikişubat,37.56569,36.96086,Kahramanmaraş,Correct
581A61F1-9267-49D5-836D-44AC9D9CD380,NURHAK CANLAR ECZANESİ,Kahramanmaraş,Nurhak,37.96199,37.45041,Kahramanmaraş,Correct
92D97175-EDC9-4E04-A5E3-45581E1FE942,BEYZA ECZANESİ,Kahramanmaraş,Onikişubat,37.57723,36.9235,Kahramanmaraş,Correct
86D0B8DB-E535-4C34-A618-45D316100823,GÖKTUĞ ECZANESİ,Kahramanmaraş,Onikişubat,37.58093,36.87444,Kahramanmaraş,Correct
1D3B7ECF-DAD8-45A7-B8D9-46FB12A89B29,TEKİNŞEN ECZANESİ,Kahramanmaraş,Onikişubat,37.57903,36.85717,Kahramanmaraş,Correct
84CADAA5-8CE7-4C88-8039-472B23D6CC91,VERESELİ ÇÖÇELLİ ECZANESİ,Kahramanmaraş,Pazarcik,37.38143,36.85128,Kahramanmaraş,Correct
B1EAA58D-7550-453A-B4D1-47DC772E04FB,NUR ECZANESİ,Kahramanmaraş,Dulkadiroğlu,37.58465,36.94842,Kahramanmaraş,Correct
C24DD3E8-3253-4B80-BE67-47EDA4B47331,MUBERRA ECZANESI,Kahramanmaraş,Türkoğlu,37.41236,36.87733,Kahramanmaraş,Correct
C79F370F-185A-4F72-B28D-480F9CF2BA77,FAKÜLTE ECZANESİ,Kahramanmaraş,Onikişubat,37.59254,36.76432,Kahramanmaraş,Correct
7DF36E61-09DE-4637-8242-4941A9B9C407,KAHRAMANMARAŞ ELBİSTAN DEVLET HASTANESİ,Kahramanmaraş,Elbistan,37.53222,37.06653,Kahramanmaraş,Correct
E27048A7-F80A-4178-AC4C-4968C55E5BAD,KAHRAMANMARAŞ ONİKİŞUBAT 1 NOLU ABDÜLHAMİTHAN AİLE SAĞLIĞI MERKEZİ,Kahramanmaraş,Onikişubat,37.58087,36.91064,Kahramanmaraş,Correct
010A8877-5BAC-4691-8FA5-49E117D3AB7D,ÖZPOLAT ECZANESİ,Kahramanmaraş,Elbistan,38.20177,37.19073,Kahramanmaraş,Correct
47FFA71D-7FAA-4A53-9D74-4A18D58A7099,AHMET HAKAN BAYAZIT MUA.,Kahramanmaraş,MERKEZ,37.58574,36.86062,Kahramanmaraş,Correct
49969E05-DD0A-4A17-AF4B-4A22D0E1BED8,AKASYA ECZANESİ,Kahramanmaraş,Onikişubat,37.5818,36.87335,Kahramanmaraş,Correct
26038593-11F6-4EEE-B07C-4AF5E498F79C,KAHRAMANMARAŞ DULKADİROĞLU 5 NOLU FARUK ARIKAN AİLE SAĞLIĞI MERKEZİ,Kahramanmaraş,Dulkadiroğlu,37.56673,36.93582,Kahramanmaraş,Correct
C535A6BC-AB75-4133-A97C-4B8C48CFAB54,TUNA ECZANESİ,Kahramanmaraş,Onikişubat,37.59301,36.92534,Kahramanmaraş,Correct
9D53B7DA-7040-4FB5-9266-4BC4A82FFB02,OKAN ECZANESİ,Kahramanmaraş,Onikişubat,37.58354,36.8684,Kahramanmaraş,Correct
2C8869E0-F633-4909-A389-4C41C7BB38BF,MUSTAFA KAPUDERE MUAYENEHANESİ,Kahramanmaraş,Dulkadiroğlu,37.5893,36.8689,Kahramanmaraş,Correct
B54DEFA2-D3C5-41CC-B4E1-4CDE50FC4E35,İNAN ECZANESİ,Kahramanmaraş,Nurhak,39.18467,-76.63956,No Info,No Info
340CA7C0-7BB2-4213-8368-4D558D8D1948,KAHRAMANMARAŞ ELBİSTAN ŞEHİT MESUT POLAT 17 NOLU AİLE SAĞLIĞI MERKEZİ,Kahramanmaraş,Elbistan,38.17776,37.21165,Kahramanmaraş,Correct
20D53AC7-8E28-43C2-BA34-4D6A744CF2BC,MERT ECZANESİ,Kahramanmaraş,Onikişubat,37.57874,36.91932,Kahramanmaraş,Correct
DD3EFE7E-15CF-4708-AD0D-4E57FD3B69A8,VİLDAN ECZANESİ,Kahramanmaraş,Onikişubat,37.588,36.91821,Kahramanmaraş,Correct
F46E4F38-D782-46A8-B807-4E97EF74DF8F,KAHRAMANMARAŞ DULKADİROĞLU 4 NOLU FATMA KRAL AİLE SAĞLIĞI MERKEZİ,Kahramanmaraş,Dulkadiroğlu,37.51948,36.919,Kahramanmaraş,Correct
C21ADEFD-DF12-4895-B2B7-4F45A996CFFA,EDA ECZANESİ,Kahramanmaraş,Onikişubat,37.58621,36.89516,Kahramanmaraş,Correct
F6C300DE-531D-4EE9-A635-4F489222C1F4,KAHRAMANMARAŞ ONİKİŞUBAT 12 NOLU ORTASEKİ AİLE SAĞLIĞI MERKEZİ,Kahramanmaraş,Onikişubat,37.58621,36.91821,Kahramanmaraş,Correct
CE6273BF-F10D-4CEF-8B67-4FA97B83FD94,DEMET ECZANESİ,Kahramanmaraş,Onikişubat,37.59403,36.88301,Kahramanmaraş,Correct
C6A15E45-80AE-4AE3-9D8D-501169594208,KAHRAMANMARAŞ PAZARCIK DEVLET HASTANESI,Kahramanmaraş,Pazarcik,37.49197,37.30464,Kahramanmaraş,Correct
A0033A99-BDEF-4E05-B905-5017331C11BF,ŞİFA ECZANESİ,Kahramanmaraş,Elbistan,38.20345,37.15703,Kahramanmaraş,Correct
D0AAC416-880A-43A1-9A29-5025F3E23753,MERAL ECZANESİ,Kahramanmaraş,Dulkadiroğlu,37.57067,36.95911,Kahramanmaraş,Correct
19C3A950-1141-4863-A934-5055D4AB6464,SEHLE ECZANESİ,Kahramanmaraş,Türkoğlu,37.381,36.844,Kahramanmaraş,Correct
9A73CD5F-E8AA-4EE8-BB9E-5055D72BA247,ÖZLEM ECZANESİ,Kahramanmaraş,Dulkadiroğlu,37.49853,36.99118,Kahramanmaraş,Correct
25DD578D-4FCE-4440-B507-50B55EA8BC30,KAHRAMANMARAŞ DULKADİROĞLU 13 NOLU ŞİRİKÇİOĞLU AİLE SAĞLIĞI MERKEZİ,Kahramanmaraş,Dulkadiroğlu,37.59173,36.93078,Kahramanmaraş,Correct
DA5151C2-A90C-48DA-B240-50FEB37E222C,ERDİ ECZANESİ,Kahramanmaraş,Dulkadiroğlu,37.5706,36.95937,Kahramanmaraş,Correct
0BCCBB39-5040-401F-8C4B-510D6F656BE4,DORUK ECZANESI,Kahramanmaraş,Onikişubat,37.59886,36.87517,Kahramanmaraş,Correct
1DD71F92-34D5-466F-B9F9-511786E7C140,ÖZEL MARKASİ HOSPİTAL HASTANESİ,Kahramanmaraş,Dulkadiroğlu,37.50756,37.00099,Kahramanmaraş,Correct
5BAA76F3-42C5-4F1D-B50C-52335A4DCBA0,ERDOĞANLAR ECZANESİ,Kahramanmaraş,Afşin,38.24439,36.91467,Kahramanmaraş,Correct
B17C3C23-BAC6-4A64-8640-52FDADEDE3F8,ŞAHBAZ ECZANESİ,Kahramanmaraş,Onikişubat,37.58541,36.83444,Kahramanmaraş,Correct
AC98115B-C376-46C5-ADD5-549B9AEF077D,KAHRAMANMARAŞ AĞİZ VE DİŞ SAĞLİĞI HASTANESİ,Kahramanmaraş,Dulkadiroğlu,37.56552,36.95041,Kahramanmaraş,Correct
860ADB3C-BE38-420C-B8B3-54D15A3DB5F7,NİŞANTAŞI ECZANESİ,Kahramanmaraş,Onikişubat,37.58632,36.85956,Kahramanmaraş,Correct
2132393E-E7F2-416D-A4C9-54E951FF6EDB,ÇARE ECZANESİ,Kahramanmaraş,Onikişubat,37.58713,36.89623,Kahramanmaraş,Correct
950EB7D0-DE84-4882-8C59-550B69A9A43B,ÇAĞLAYAN ECZANESİ,Kahramanmaraş,Onikişubat,37.59376,36.91214,Kahramanmaraş,Correct
6D20E06A-9215-4D2F-8A2F-55C19EE52950,KOZANOĞLU ECZANESİ,Kahramanmaraş,Elbistan,38.21145,37.177,Kahramanmaraş,Correct
0527F6A7-834D-4A01-A819-561DBDDF909F,KAHRAMANMARAŞ DULKADİROĞLU 3 NOLU ERKENEZ AİLE SAĞLIĞI MERKEZİ,Kahramanmaraş,Dulkadiroğlu,37.53483,36.9689,Kahramanmaraş,Correct
3F3A7B38-5ADB-4374-B425-56A94FC9198C,KAHRAMANMARAŞ ELBİSTAN MERKEZ YEŞİLYURT AİLE SAĞLIĞI MERKEZİ,Kahramanmaraş,Elbistan,38.18455,37.20753,Kahramanmaraş,Correct
69F5FE27-A23F-4F6B-8890-57D44B00C8EE,KARATAŞ ECZANESİ,Kahramanmaraş,Dulkadiroğlu,38.90477,-77.01276,No Info,No Info
38D4EE06-839D-4751-A3F4-582D10CB985A,MEHMET ECZANESİ,Kahramanmaraş,Göksun,38.0215,36.50145,Kahramanmaraş,Correct
65712439-C8FD-46F4-95E0-5977DB877059,DEFNE ECZANESİ,Kahramanmaraş,Dulkadiroğlu,37.57055,36.95956,Kahramanmaraş,Correct
A2631474-C814-486F-9DD1-597E532E3909,ASLANBEY ECZANESİ,Kahramanmaraş,Dulkadiroğlu,37.57906,36.93889,Kahramanmaraş,Correct
A0AB66CC-1356-4F05-9035-59D70955B1BB,HİLAL ÇETİN MUAYENEHANESİ,Kahramanmaraş,Onikişubat,37.57717,36.92651,Kahramanmaraş,Correct
AE3E36BD-8909-4EEF-A4C8-59FD95418664,FARAH HATİPOĞLU ECZANESİ,Kahramanmaraş,Onikişubat,37.58529,36.86685,Kahramanmaraş,Correct
2699A51E-C4E5-41D7-AA9B-5A25675074A4,YUSUF ARABACI MUAYENEHANESİ,Kahramanmaraş,Elbistan,38.20234,37.19152,Kahramanmaraş,Correct
9B8B25CE-FF87-43D3-B05F-5ABD0849A92B,ACER ECZANESİ,Kahramanmaraş,Elbistan,38.20285,37.18928,Kahramanmaraş,Correct
EAF298A6-83E2-4E81-88B9-5B1B12831358,YASİN ECZANESİ,Kahramanmaraş,Elbistan,38.18807,37.19737,Kahramanmaraş,Correct
4DB75CC0-C77D-4513-9CEF-5B45BA0FE221,ADİLE GÜVENÇ MUAYENEHANESİ,Kahramanmaraş,Dulkadiroğlu,37.58471,36.93293,Kahramanmaraş,Correct
017F2CAF-2251-4159-B981-5B9721690682,ÖZEL GÖZDE AKADEMİ AĞIZ VE DİŞ POLİKLİNİĞİ,Kahramanmaraş,Onikişubat,37.58518,36.85973,Kahramanmaraş,Correct
3A2689F2-7E19-4617-999B-5BD6844C49BF,TAHA ECZANESİ,Kahramanmaraş,MERKEZ,37.57594,36.92098,Kahramanmaraş,Correct
96B03967-0B4C-4FC4-B042-5BEAAB1F4BCD,YENİ SANAYİ ECZANESİ,Kahramanmaraş,Dulkadiroğlu,37.56124,36.95554,Kahramanmaraş,Correct
894539C5-C538-4AE2-A513-5BFF2FDF082F,DÖKÜCÜ ECZANESİ,Kahramanmaraş,Onikişubat,37.59717,36.8367,Kahramanmaraş,Correct
BF4CBBF3-B0F3-4A01-B20B-5C488B9AFF40,ZEKİOĞLU ECZANESİ,Kahramanmaraş,Afşin,38.25864,36.92736,Kahramanmaraş,Correct
DD17BCCD-112D-44D2-A797-5CF6258110FA,MERCAN ECZANESİ,Kahramanmaraş,Elbistan,38.20104,37.19138,Kahramanmaraş,Correct
6CFAF2F3-645A-4EE1-9C0B-5D80FEEE503E,GÜNEŞ ECZANESİ,Kahramanmaraş,Dulkadiroğlu,37.58155,36.92929,Kahramanmaraş,Correct
1C24919C-A88C-4828-B054-5ED25D0B5E02,NİMET ECZANESİ,Kahramanmaraş,Onikişubat,37.39324,36.85474,Kahramanmaraş,Correct
98E19743-3401-43CD-9E42-5F2489359E83,DAMLA ECZANESİ,Kahramanmaraş,Türkoğlu,37.38427,36.84597,Kahramanmaraş,Correct
E915D765-78EF-4527-8D08-5F2CE1706BD3,PAKSOY ECZANESİ,Kahramanmaraş,Onikişubat,37.5976,36.90427,Kahramanmaraş,Correct
454250F2-2DE5-4555-B3A3-601224EC8308,TOMAR ECZANESİ,Kahramanmaraş,Dulkadiroğlu,37.57823,36.93278,Kahramanmaraş,Correct
26989889-4DF0-4558-89E2-604BFAED6E94,KUMRU ECZANESİ,Kahramanmaraş,Türkoğlu,37.39022,36.86567,Kahramanmaraş,Correct
ABB2BF61-C194-4311-ADE0-604F667B2C22,KAHRAMANMARAŞ TÜRKOĞLU YEŞİLYÖRE AİLE SAĞLIĞI MERKEZİ,Kahramanmaraş,Türkoğlu,37.41671,36.7516,Kahramanmaraş,Correct
9E89EBFC-A52A-4B6C-A00C-60A2BB5E8F91,ÜNGÜT ECZANESİ,Kahramanmaraş,Onikişubat,37.59688,36.83214,Kahramanmaraş,Correct
3067A395-095D-4CE0-8BE5-61B6A7BF1703,ÖZEL MARASH LİFE HOSPİTAL,Kahramanmaraş,Onikişubat,37.5929,36.92319,Kahramanmaraş,Correct
1B6F96C7-7A89-47B8-9268-624E7BD2C388,AVŞAROĞLU ECZANESİ,Kahramanmaraş,Dulkadiroğlu,37.5881,36.92874,Kahramanmaraş,Correct
5A3893D2-6031-4B4E-B899-62D4F5B115C8,CEM ECZANESİ,Kahramanmaraş,Dulkadiroğlu,38.24211,36.90151,Kahramanmaraş,Correct
6F56E6BC-6638-44AE-940D-63E4BBFF9434,FARİS GÖZCÜ MUAYENEHANESİ,Kahramanmaraş,Pazarcik,37.48963,37.29591,Kahramanmaraş,Correct
0A2BA0D9-BA1F-4B3D-AED3-644CE1EEC943,MERKEZ ECZANESİ,Kahramanmaraş,Elbistan,38.20177,37.20061,Kahramanmaraş,Correct
204304D3-C396-48F7-81DE-6460F13BF70D,DOĞAN ECZANESİ,Kahramanmaraş,Elbistan,38.21224,37.17846,Kahramanmaraş,Correct
3AD6BA0E-B73B-4324-9D38-6472806A15D4,SERHAT ECZANESİ,Kahramanmaraş,Göksun,37.38969,36.85019,Kahramanmaraş,Correct
A0093971-9F0B-44F4-817D-65D08387A2C3,RUŞEN ECZANESİ,Kahramanmaraş,Afşin,38.25119,36.91404,Kahramanmaraş,Correct
AAE62BA8-0E2C-4BEA-B5EA-65F90F187520,KAHRAMANMARAŞ ANDIRIN DEVLET HASTANESİ,Kahramanmaraş,Andirin,37.5767,36.35062,Kahramanmaraş,Correct
8B64749C-9DFF-4947-8585-66B6C6C218D6,ENVAR ECZANESİ,Kahramanmaraş,Onikişubat,37.58979,36.86886,Kahramanmaraş,Correct
92FEBFDA-1C6E-4E06-94BC-66CED1902BB6,GÜLERYÜZ ECZANESİ,Kahramanmaraş,Dulkadiroğlu,37.57871,36.92999,Kahramanmaraş,Correct
D3C4B541-A3C6-4D05-ABC8-66FD6A0B18A4,TANSU ÖZKAN MUAYENEHANESİ,Kahramanmaraş,Dulkadiroğlu,37.58023,36.92848,Kahramanmaraş,Correct
A39CEDF5-71DF-49DC-9649-67CE6C84B0BA,BOZKURT ECZANESİ,Kahramanmaraş,Göksun,38.02162,36.49861,Kahramanmaraş,Correct
EF2A178A-5946-419A-976B-681DB39CAC2A,AKSOY ECZANESİ,Kahramanmaraş,Türkoğlu,37.41701,36.87881,Kahramanmaraş,Correct
CBBAC99F-846B-4922-95DF-6874D5C7140F,SELİN ECZANESİ,Kahramanmaraş,Onikişubat,37.6,36.87664,Kahramanmaraş,Correct
D351C682-2082-4D2C-8D37-68BCAFCDF116,ÖZCAN ECZANESİ,Kahramanmaraş,Elbistan,38.20292,37.1909,Kahramanmaraş,Correct
20044442-70FF-424B-A041-68C29E5D983D,ESRA BÜYÜKDERELİ ECZANESİ,Kahramanmaraş,Onikişubat,37.58461,36.8701,Kahramanmaraş,Correct
A5C34A81-A1B5-4BD0-9E95-69439F28217F,KAHRAMANMARAŞ ONİKİŞUBAT 39 NOLU AİLE SAĞLIĞI MERKEZİ,Kahramanmaraş,Onikişubat,37.61813,36.80733,Kahramanmaraş,Correct
B1C3D887-B19E-4486-B21E-6952B71AB189,GÜZEL HAYAT ECZANESİ,Kahramanmaraş,Dulkadiroğlu,37.57941,36.93053,Kahramanmaraş,Correct
D6F9CC68-C692-4EAF-ACCD-6976637ABE89,SARAYALTI ECZANESİ,Kahramanmaraş,Dulkadiroğlu,37.58273,36.92989,Kahramanmaraş,Correct
075E8670-094D-42EC-BC7D-699131149256,BORAN ECZANESİ,Kahramanmaraş,Onikişubat,37.55947,36.91658,Kahramanmaraş,Correct
2DE7C1A7-3490-48C9-B66F-6A211FD0B81B,KAHRAMANMARAŞ DULKADİROĞLU 21 NOLU ŞEYH ŞAMİL AİLE SAĞLIĞI MERKEZİ,Kahramanmaraş,Dulkadiroğlu,37.58367,36.95951,Kahramanmaraş,Correct
74107147-7E4F-4A85-AA77-6A4D20C77C0F,HACETTEPE ECZANESİ,Kahramanmaraş,Onikişubat,37.58157,36.91054,Kahramanmaraş,Correct
E921A4E2-CB0B-4531-BCCA-6A4F538E459E,MERYEM ECZANESİ,Kahramanmaraş,Afşin,38.24467,36.91465,Kahramanmaraş,Correct
BABDBC09-AF81-4648-8CE9-6AB2F692ED9F,KOÇAK ECZANESİ,Kahramanmaraş,Onikişubat,37.58622,36.8951,Kahramanmaraş,Correct
595BD67B-BA15-4780-880F-6ABC78D1FD41,AHMET ÇETİNKAYA MUAYENEHANESİ,Kahramanmaraş,Onikişubat,37.58692,36.9202,Kahramanmaraş,Correct
636E421B-5F31-4EA9-ACEF-6ACA3B146023,EGE MAVİ ECZANESİ,Kahramanmaraş,Pazarcik,37.40695,36.87276,Kahramanmaraş,Correct
334AC63D-53EF-440F-8B96-6BCCA81E9630,KAHRAMANMARAŞ AFŞİN 1 NOLU AİLE SAĞLIĞI MERKEZİ,Kahramanmaraş,Afşin,38.25995,36.92268,Kahramanmaraş,Correct
44D3831A-B1EC-47E7-9EC6-6C3BF5CC205D,KENT ECZANESİ,Kahramanmaraş,Andirin,37.57554,36.3519,Kahramanmaraş,Correct
33A34906-14C3-49D1-9E88-6C646F208B56,GÜVENAY ECZANESİ,Kahramanmaraş,Elbistan,38.20205,37.19285,Kahramanmaraş,Correct
B87079C2-3090-45FE-AC8F-6D2553FD9816,AHMET LÜTFİ YÜCEL MUAYENEHANESİ,Kahramanmaraş,Dulkadiroğlu,37.5778,36.92878,Kahramanmaraş,Correct
E3233461-BA1F-4587-8BD3-6E75ECE9D9A4,CANSU ECZANESİ,Kahramanmaraş,Pazarcik,37.57376,36.93601,Kahramanmaraş,Correct
9750F15B-10BB-48FA-BE8F-6E8113FA78C2,KAHRAMANMARAŞ PAZARCIK YUMAKLI CERİT AİLE SAĞLIĞI MERKEZİ,Kahramanmaraş,Pazarcik,37.57712,37.53905,Kahramanmaraş,Correct
06146DE3-3CE7-4A87-AC98-6F6455E553A2,TUBA ECZANESİ,Kahramanmaraş,Göksun,38.02471,36.50013,Kahramanmaraş,Correct
F9B35972-01B4-46F5-A4D5-6FA82E63DFE0,DENİZ ECZANESİ,Kahramanmaraş,Dulkadiroğlu,37.39381,36.85587,Kahramanmaraş,Correct
3B5A1662-43B1-400E-BC20-6FAFFC333D7D,KAHRAMANMARAŞ ONİKİŞUBAT 21 NOLU KALE AİLE SAĞLIĞI MERKEZİ,Kahramanmaraş,Onikişubat,37.54996,36.71942,Kahramanmaraş,Correct
C6204EDE-0903-4F42-A6E2-6FC109659033,12 ŞUBAT DİYALİZ MERKEZİ,Kahramanmaraş,Onikişubat,37.59591,36.87211,Kahramanmaraş,Correct
D4054283-C030-4A8B-903E-6FCB87C2BDD1,AFŞİN DEVLET HASTANESİ AĞIZ VE DİŞ SAĞLIĞI MERKEZİ,Kahramanmaraş,Afşin,38.25905,36.92148,Kahramanmaraş,Correct
C33DCCAE-84DE-43D0-85A3-7068BB9FF5B8,MÜRSEL ECZANESİ,Kahramanmaraş,Elbistan,38.19193,37.21625,Kahramanmaraş,Correct
51721E02-0EA8-4A99-A75A-71D58B893DD7,DULKADİROĞLU 1 NOLU GÖÇMEN SAĞLIĞI MERKEZİ,Kahramanmaraş,Dulkadiroğlu,37.58661,36.92782,Kahramanmaraş,Correct
C9400E39-E87E-4874-8490-720AAC4631C5,ZEYNEP ECZANESİ,Kahramanmaraş,Onikişubat,37.59734,36.90282,Kahramanmaraş,Correct
BF18ED57-EE54-4723-80FF-722EFF3A0DAD,AKKAYA ECZANESİ,Kahramanmaraş,Türkoğlu,37.4164,36.75141,Kahramanmaraş,Correct
23AAD817-4A2B-427D-B225-72D76272CBDE,POYRAZ ECZANESİ,Kahramanmaraş,Dulkadiroğlu,37.56684,36.93538,Kahramanmaraş,Correct
7474D177-290B-4F87-937F-733C1145845F,DEVA ECZANESİ,Kahramanmaraş,Çağlayancerit,37.74806,37.29787,Kahramanmaraş,Correct
4A13CA9F-7FA9-4C28-9325-73A1B6D3D940,KAHRAMANMARAŞ GÖKSUN BÜYÜKKIZILCIK AİLE SAĞLIĞI MERKEZİ,Kahramanmaraş,Göksun,38.1991,36.70683,Kahramanmaraş,Correct
1896BFBD-E2EB-4D8A-83D1-73A78C5ABBF6,SOLMAZ ECZANESİ,Kahramanmaraş,Dulkadiroğlu,37.58087,36.95026,Kahramanmaraş,Correct
73A66D38-FBE9-4A4C-9CAB-73A996D53869,ATMALIOĞLU ECZANESİ,Kahramanmaraş,Pazarcik,37.29505,36.78693,Kahramanmaraş,Correct
AEE83E2E-A56D-459B-A03A-741C2B1D2B7B,VEZİR ECZANESİ,Kahramanmaraş,Onikişubat,37.58581,36.89749,Kahramanmaraş,Correct
99A809B0-CCCB-4969-A5C3-7436DB6755E2,ELİTA KLİNİK FİZİKSEL TIP VE REHABİLİTASYON,Kahramanmaraş,Onikişubat,37.58773,36.90375,Kahramanmaraş,Correct
4EDB1BD4-6128-431C-BC2D-74531DCDF769,DULKADİROĞLU 4 NOLU GÖÇMEN SAĞLIĞI MERKEZİ,Kahramanmaraş,Dulkadiroğlu,37.57146,36.95831,Kahramanmaraş,Correct
9D827643-9DB1-4315-90AE-745FFA184897,EMİR TOLU-İSMAİL TIMAROĞLU MUAYENEHANESİ,Kahramanmaraş,Dulkadiroğlu,37.58053,36.92824,Kahramanmaraş,Correct
49BB5C99-FBE6-4576-AB72-759721201DFA,KAHRAMANMARAŞ GÖKSUN ERİCEK AİLE SAĞLIĞI MERKEZİ,Kahramanmaraş,Göksun,38.07702,36.87582,Kahramanmaraş,Correct
D6BE5057-EC3D-495B-9968-759762B5D88D,KAYIRAN ECZANESİ,Kahramanmaraş,Andirin,37.57611,36.3496,Kahramanmaraş,Correct
CC311DFD-E6AE-451D-A9EC-760FE15B51B8,İNCEER ECZANESİ,Kahramanmaraş,Onikişubat,37.59147,36.88696,Kahramanmaraş,Correct
0C734B03-DEE1-4CC1-945B-761A3F15F592,ÇAĞRI ECZANESİ,Kahramanmaraş,Elbistan,38.19289,37.19155,Kahramanmaraş,Correct
77409DE3-5AFA-4CA2-83A3-76A544BAE99A,EFE ECZANESİ,Kahramanmaraş,Onikişubat,37.59301,36.92398,Kahramanmaraş,Correct
0A7BC103-D970-47EF-A3A9-7718AA154C8B,KAHRAMANMARAŞ ONİKİŞUBAT 8 NOLU MADO AİLE SAĞLIĞI MERKEZİ,Kahramanmaraş,Onikişubat,37.5751,36.92135,Kahramanmaraş,Correct
8458EE9F-067C-4471-9002-780385C8B29A,HÜDAYİOĞLU ECZANESİ,Kahramanmaraş,Onikişubat,37.59397,36.883,Kahramanmaraş,Correct
4D909533-BC22-4F1E-8FC8-78250942D035,ÖZEL MARKASİ TÜP BEBEK MERKEZİ,Kahramanmaraş,Dulkadiroğlu,37.57061,36.95933,Kahramanmaraş,Correct
552B20D8-2CB3-40D6-9D38-786F8CCB8046,KAHRAMANMARAŞ ONİKİŞUBAT 10 NOLU MİMAR SİNAN AİLE SAĞLIĞI MERKEZİ,Kahramanmaraş,Onikişubat,37.59245,36.8806,Kahramanmaraş,Correct
3807ACCC-9D80-41F7-A02E-7872682ADEF0,İSPİR ECZANESİ,Kahramanmaraş,Dulkadiroğlu,37.5746,36.93367,Kahramanmaraş,Correct
01394BC5-4504-4B04-8ACC-78E7801A66A6,KAHRAMANMARAŞ ONİKİŞUBAT 11 NOLU MUAMMER PAKDİL AİLE SAĞLIĞI MERKEZİ,Kahramanmaraş,Onikişubat,37.59283,36.92682,Kahramanmaraş,Correct
86C25544-1F6C-4440-95AE-7939E6649093,SAĞLIK ECZANESİ,Kahramanmaraş,Pazarcik,37.38511,36.84647,Kahramanmaraş,Correct
FB6A6DF1-34C8-4265-8B69-79B8FA27D5E5,ÇEVİK ECZANESİ,Kahramanmaraş,Onikişubat,37.57495,36.89355,Kahramanmaraş,Correct
D842B7EF-2FC3-45A9-8D09-7A0616DDDBE1,ONİKİŞUBAT 3 NOLU BAB İ ŞİFA GÖÇMEN SAĞLIK MERKEZİ,Kahramanmaraş,Onikişubat,37.58077,36.91954,Kahramanmaraş,Correct
047DFD5D-7EAD-4E00-BCD2-7A8B41EA9F46,KAHRAMANMARAŞ PAZARCIK BÜYÜK NACAR AİLE SAĞLIĞI MERKEZİ,Kahramanmaraş,Pazarcik,37.60002,37.28332,Kahramanmaraş,Correct
A08E11AD-9EC9-4EC2-AD55-7CF108D03A14,GÖZÜKARA ECZANESİ,Kahramanmaraş,Dulkadiroğlu,37.58512,36.9178,Kahramanmaraş,Correct
E9DBB337-AE31-4E17-A446-7D64D8F5482C,KAHRAMANMARAŞ ONİKİŞUBAT 33 NOLU AİLE SAĞLIĞI MERKEZİ,Kahramanmaraş,Onikişubat,37.58928,36.88949,Kahramanmaraş,Correct
31DC67C5-E223-4A27-ACCF-7D790DA712B1,SAİD NUR-KİFAYET RAMAZANOĞLU MUAYENEHANESİ,Kahramanmaraş,Dulkadiroğlu,37.58081,36.92802,Kahramanmaraş,Correct
556154C4-FD58-4781-B3C9-7D7DF4C49F43,AYKUTCAN ECZANESİ,Kahramanmaraş,Onikişubat,37.57888,36.90939,Kahramanmaraş,Correct
324082D5-EFE4-4C6D-A993-7E1451FAD540,DİVANLI ECZANESİ,Kahramanmaraş,Dulkadiroğlu,37.58623,36.93632,Kahramanmaraş,Correct
ED8E681A-00AD-4398-B5E0-7E4871C4025D,KAHRAMANMARAŞ TÜRKOĞLU MERKEZ 1 NOLU AİLE SAĞLIĞI MERKEZİ,Kahramanmaraş,Türkoğlu,37.39053,36.85112,Kahramanmaraş,Correct
36DCA014-12AC-463F-AFF7-7EC500F9D0C3,KAHRAMANMARAŞ TÜRKOĞLU ŞEKEROBA AİLE SAĞLIĞI MERKEZİ,Kahramanmaraş,Türkoğlu,37.25672,36.77592,Kahramanmaraş,Correct
3D5EA028-D99B-42ED-9FE1-7EC88045879E,ELBİSTAN ECZANESİ,Kahramanmaraş,Elbistan,38.18984,37.20656,Kahramanmaraş,Correct
7A80AE2B-7B09-4F83-A998-7F2FCE8FC646,ÖZEL KEVSER AĞIZ VE DİŞ SAĞLIĞI POLİKLİNİĞİ,Kahramanmaraş,Onikişubat,37.57748,36.92617,Kahramanmaraş,Correct
89E8F64A-7ACB-4CE2-9425-7F593D2E2C68,ALİ ECZANESİ,Kahramanmaraş,Türkoğlu,37.37916,36.8429,Kahramanmaraş,Correct
9C865930-39C0-4098-BCAA-7FF33CE50FA7,İĞDE ECZANESİ,Kahramanmaraş,Çağlayancerit,37.37522,36.84009,Kahramanmaraş,Correct
0AE0BC36-128D-4A25-8C9C-8128398C33AE,BERNA ÖKSÜZ ARIĞ MUAYENEHANESİ,Kahramanmaraş,Onikişubat,37.57877,36.85992,Kahramanmaraş,Correct
06619009-0A78-4380-AEB3-81434360B49D,EGE ECZANESİ,Kahramanmaraş,Onikişubat,37.57798,36.90819,Kahramanmaraş,Correct
B023AE37-9FAC-4E6D-B1DB-81617FF36733,İSKENDER ECZANESİ,Kahramanmaraş,Göksun,38.01855,36.49331,Kahramanmaraş,Correct
C7B67FCC-1C48-41DA-903D-81B64AAEBF50,BİZİM ECZANESİ,Kahramanmaraş,Afşin,38.34551,36.82982,Kahramanmaraş,Correct
87951D1E-FA72-4A3A-8D8A-82122F4F3BFA,KAYA ALP ECZANESİ,Kahramanmaraş,Onikişubat,37.59455,36.92411,Kahramanmaraş,Correct
1B0445B3-A6A0-42CA-AB5E-82140C54B8B2,SÜMEN ECZANESİ,Kahramanmaraş,Dulkadiroğlu,37.58087,36.95001,Kahramanmaraş,Correct
27F5EA76-0529-4A64-935F-826981505DEC,BEYAZ DİŞ KLİNİĞİ,Kahramanmaraş,Dulkadiroğlu,37.57883,36.93263,Kahramanmaraş,Correct
30692849-0D9D-4288-B9EC-836162858127,TUĞBA ECZANESİ,Kahramanmaraş,Dulkadiroğlu,37.4496,36.74295,Kahramanmaraş,Correct
419537BE-5F29-4E26-9705-8389A06ACF5B,KAHRAMANMARAŞ KIZILAY KAN MERKEZİ,Kahramanmaraş,Dulkadiroğlu,37.56509,36.95105,Kahramanmaraş,Correct
209A8763-20C3-4C78-8608-84715B46B8EA,KAHRAMANMARAŞ PAZARCIK UFACIKLI AİLE SAĞLIĞI MERKEZİ,Kahramanmaraş,Pazarcik,37.41273,37.33237,Kahramanmaraş,Correct
93425E74-9D35-430B-95C9-84874D757D58,KAHRAMANMARAŞ AFŞİN HACI FERAMUZ İNAL AİLE SAĞLIĞI MERKEZİ,Kahramanmaraş,Afşin,38.24268,36.91248,Kahramanmaraş,Correct
73913416-23BC-41F9-BA8E-8566D6FD23D1,KAHRAMANMARAŞ İL SAĞLIK MÜDÜRLÜĞÜ,Kahramanmaraş,Onikişubat,37.59626,36.92369,Kahramanmaraş,Correct
03950F44-B99E-429F-AFA8-85BB706CF8D9,FLORA ECZANESİ,Kahramanmaraş,Onikişubat,37.58656,36.91825,Kahramanmaraş,Correct
D7416313-33C5-4880-8607-85E273A39843,NİSAN ECZANESİ,Kahramanmaraş,Onikişubat,37.57707,36.90787,Kahramanmaraş,Correct
D7976B36-6CDE-4AAC-B7E2-86745922462F,HÜSNÜ EGEMEN ARAS MUAYENEHANESİ,Kahramanmaraş,Dulkadiroğlu,37.57701,36.93082,Kahramanmaraş,Correct
8E54FFA6-3487-44F6-A2A1-88BEC3482952,KAHRAMANMARAŞ ONİKİŞUBAT 32 NOLU AİLE SAĞLIĞI MERKEZİ,Kahramanmaraş,Onikişubat,37.58729,36.85973,Kahramanmaraş,Correct
332A661D-7664-4CA8-8C95-88D4A8D6A73D,ÖZEL UĞUR GÖZ HASTANESİ,Kahramanmaraş,Onikişubat,37.57252,36.92418,Kahramanmaraş,Correct
E35E13AA-E107-44C1-8878-895EF3810769,ASLI ECZANESİ,Kahramanmaraş,Andirin,37.57511,36.35064,Kahramanmaraş,Correct
2BF8F8B9-55DC-4963-BA81-898EDC10241B,BETÜL BATUR MUAYENEHANESİ,Kahramanmaraş,Elbistan,38.19905,37.19385,Kahramanmaraş,Correct
A95EFC85-E766-4A92-A3FE-8A09C756DC52,MARAŞ FİT,Kahramanmaraş,Onikişubat,37.57635,36.92635,Kahramanmaraş,Correct
E72C7115-8803-4425-A0DF-8A594E579F27,ÖZBEK ECZANESİ,Kahramanmaraş,Elbistan,38.19522,37.21289,Kahramanmaraş,Correct
D99E3733-5487-4D2B-8666-8AE1C6E5FA6E,KARŞIYAKA ECZANESİ,Kahramanmaraş,Onikişubat,37.59487,36.8842,Kahramanmaraş,Correct
AD24B5D3-691E-4C98-9001-8C700EAB12DE,MEHMET ÖRTÜN MUAYENEHANESİ,Kahramanmaraş,Pazarcik,37.49176,37.29434,Kahramanmaraş,Correct
88ED43B7-1FEC-492B-8DD7-8D043198EB48,KANDİL ECZANESİ,Kahramanmaraş,Onikişubat,37.43756,36.72225,Kahramanmaraş,Correct
B73F0CC6-B597-40D3-9EE9-8DDFB65A007A,HAYAT ECZANESİ,Kahramanmaraş,Göksun,38.02196,36.5001,Kahramanmaraş,Correct
971BCEED-A6C8-4421-AFD7-8E922DA92D98,AKPINAR ECZANESİ,Kahramanmaraş,Onikişubat,37.59215,36.92445,Kahramanmaraş,Correct
0009BBD8-E994-4888-9BB4-8F0F7E7813A6,BAYRAM ASARKAYA MUAYENEHANESİ,Kahramanmaraş,Onikişubat,37.5765,36.92638,Kahramanmaraş,Correct
D58E3221-8ACF-46BB-94C7-8F63CAD1AEEB,BAYRAM ECZANESI,Kahramanmaraş,Onikişubat,37.59646,36.87007,Kahramanmaraş,Correct
6D058A55-C24D-47E1-A581-8F68FE13E623,HAZAL ECZANESİ,Kahramanmaraş,Pazarcik,39.08117,-76.77756,No Info,No Info
C796157C-D098-42E8-90CE-8F7A5CEE859E,ÖZEL SULAR AKADEMİ HASTANESİ,Kahramanmaraş,Dulkadiroğlu,37.5228,36.91645,Kahramanmaraş,Correct
C9F76B56-DD37-4F97-BAD3-8FC26902E1AE,İLKNUR ECZANESİ,Kahramanmaraş,Elbistan,38.20414,37.20049,Kahramanmaraş,Correct
AC05CF8A-E951-41BF-BDEE-90308ED7452D,ŞENEL ECZANESİ,Kahramanmaraş,Onikişubat,37.58808,36.85761,Kahramanmaraş,Correct
1FF6E61C-4F27-4B69-B46F-9059A0E4AFE5,DAMLA ECZANESİ,Kahramanmaraş,Elbistan,38.19299,37.19178,Kahramanmaraş,Correct
40D89F10-2033-4517-904D-912B0D85D5A1,LEVENT ECZANESİ,Kahramanmaraş,Dulkadiroğlu,37.57294,36.93878,Kahramanmaraş,Correct
992ED1CA-B781-4191-8D30-913D6899E8F6,ELİF ECZANESİ,Kahramanmaraş,Afşin,38.24924,36.86488,Kahramanmaraş,Correct
B09820B0-7938-4C0D-B1E4-928B4A425FB2,KAHRAMANMARAŞ ONİKİŞUBAT 18 NOLU DÖNÜKLÜ AİLE SAĞLIĞI MERKEZİ,Kahramanmaraş,Onikişubat,37.44616,36.74091,Kahramanmaraş,Correct
706391E9-8204-41EE-A723-932584DFD252,KİPAŞ HOLDİNG SAĞLIK MERKEZİ,Kahramanmaraş,Dulkadiroğlu,37.53741,36.97307,Kahramanmaraş,Correct
43DADD37-F4AC-493D-B5FB-93FE24A19E8D,VURAL ECZANESİ,Kahramanmaraş,Onikişubat,37.59186,36.88007,Kahramanmaraş,Correct
AFB21C15-0F47-4417-8442-94059201B20C,YILDIRIM ECZANESİ,Kahramanmaraş,Dulkadiroğlu,37.57914,36.93195,Kahramanmaraş,Correct
0DB4022B-EC2A-4B32-9B6B-94C3757EEAB9,SAĞOCAK ECZANESİ,Kahramanmaraş,Onikişubat,37.58964,36.91065,Kahramanmaraş,Correct
890806C1-373E-4339-8946-956227BEE83D,ÖZCAN ECZANESİ,Kahramanmaraş,Afşin,38.25485,36.91774,Kahramanmaraş,Correct
568B4252-028C-41E4-AEF5-95A44E80B4D1,ÖZŞİFA ECZANESİ,Kahramanmaraş,Pazarcik,37.48577,37.29451,Kahramanmaraş,Correct
7EDCCE48-6C16-41EE-84B2-95D0EFD7754D,KAHRAMANMARAŞ ANDIRIN YEŞİLOVA AİLE SAĞLIĞI MERKEZİ,Kahramanmaraş,Andirin,37.4213,36.26601,Kahramanmaraş,Correct
27C1B523-D5FC-43EB-BEFD-96719D788B15,LİMON ECZANESİ,Kahramanmaraş,Onikişubat,37.57451,36.92171,Kahramanmaraş,Correct
1CE84F50-69D0-49B9-B4C0-968B6B374BA4,AKİF ECZANESİ,Kahramanmaraş,Elbistan,38.20296,37.13332,Kahramanmaraş,Correct
700C7123-6CBE-40DC-B34A-96B4B85B69D2,EKİNÖZÜ ECZANESİ,Kahramanmaraş,Ekinözü,38.02212,36.49769,Kahramanmaraş,Correct
616A5080-9D07-41C2-8B27-972D6B65142B,KAHRAMANMARAŞ PAZARCIK EVRİ AİLE SAĞLIĞI MERKEZİ,Kahramanmaraş,Pazarcik,37.25796,37.07012,Kahramanmaraş,Correct
EA7087EF-3DDE-401F-A9C3-978BAE1BC393,ÖZEL DURU AĞIZ VE DİŞ POLİKİLİNİĞİ,Kahramanmaraş,Onikişubat,37.58302,36.87221,Kahramanmaraş,Correct
86798ECC-7E1B-4D5D-96B4-992830F6CCE2,SAĞLIK AFŞİN ECZANESİ,Kahramanmaraş,Afşin,38.24529,36.91587,Kahramanmaraş,Correct
9D8CFD40-1C24-4324-83BD-99549AE5795E,YENİ ECZANESİ,Kahramanmaraş,Elbistan,38.18481,37.2075,Kahramanmaraş,Correct
357C7963-5B63-4CC2-B949-9A7956833835,KAHRAMANMARAŞ ONİKİŞUBAT 38 AİLE SAĞLIĞI MERKEZİ,Kahramanmaraş,Onikişubat,37.57671,36.91868,Kahramanmaraş,Correct
C84FD582-5575-4A3C-AE1D-9BC7D24A9E13,İRŞAD ECZANESİ,Kahramanmaraş,Onikişubat,37.58668,36.8465,Kahramanmaraş,Correct
314E8062-3739-4133-AD85-9CDF49A7D78C,NESİBE ECZANESİ,Kahramanmaraş,Onikişubat,37.60017,36.87568,Kahramanmaraş,Correct
298E09C9-9718-41A8-A69F-9D9CA1E9096F,ONİKİŞUBAT 5 NOLU GÖÇMEN SAĞLIĞI MERKEZİ,Kahramanmaraş,Onikişubat,37.57153,36.906,Kahramanmaraş,Correct
B54B1652-84B1-4161-890B-9DE03749531A,KARAMANLI ECZANESİ,Kahramanmaraş,Onikişubat,37.58633,36.91821,Kahramanmaraş,Correct
050583D8-B6CA-4316-BD6E-9DF4E24D5553,GÜNERİ ECZANESİ,Kahramanmaraş,Elbistan,38.19987,37.18731,Kahramanmaraş,Correct
6C24B61D-6C72-4EFD-8FDB-9F50796FB3DB,CAFER MURAT PİRCANOĞLU-SEYDİ KÜÇÜKDAĞILKAN MUAYENEHANESİ,Kahramanmaraş,Dulkadiroğlu,37.57852,36.93017,Kahramanmaraş,Correct
3CF2C9BD-2524-4DAF-9B72-9F7EBD807493,KAHRAMANMARAŞ ÇAĞLAYANCERİT AİLE SAĞLIĞI MERKEZİ,Kahramanmaraş,Çağlayancerit,37.74708,37.29108,Kahramanmaraş,Correct
E4E29A9D-059B-4113-98EF-9F89EBE23EE4,CANSU ECZANESİ,Kahramanmaraş,Onikişubat,37.59828,36.82783,Kahramanmaraş,Correct
CD905790-C9A7-42E6-8185-9F9F67DB2B62,KAHRAMANMARAŞ ONİKİŞUBAT 4 NOLU HAYDARBEY AİLE SAĞLIĞI MERKEZİ,Kahramanmaraş,Onikişubat,37.58413,36.87928,Kahramanmaraş,Correct
75709A5C-977D-4CEC-9C80-9FB73E440B02,HAYAT ECZANESİ,Kahramanmaraş,Pazarcik,37.38329,36.84537,Kahramanmaraş,Correct
FF5430A0-7BFE-49BE-BBE2-9FC1AC803FB9,DEMİR ECZANESİ,Kahramanmaraş,Afşin,38.26535,36.92773,Kahramanmaraş,Correct
F06A2992-7D78-4E55-8EBB-A05DAF08D657,KIZILAY ECZANESİ,Kahramanmaraş,Elbistan,38.20487,37.18278,Kahramanmaraş,Correct
3F32C4ED-BE66-40F5-9136-A09BCD3BBFBA,CİTY DENT AĞIZ VE DİŞ SAĞLIĞI POLİKLİNİĞİ,Kahramanmaraş,Onikişubat,37.58843,36.86922,Kahramanmaraş,Correct
C2B76A7C-C5F6-42C4-BC45-A17973FC3BAA,KAHRAMANMARAŞ DULKADİROĞLU 6 NOLU HACI ŞABAN GEMCİ AİLE SAĞLIĞI MERKEZİ,Kahramanmaraş,Dulkadiroğlu,37.58685,36.93638,Kahramanmaraş,Correct
996645FB-1E42-4C82-940F-A20502E348AD,SAĞLAM ECZANESİ,Kahramanmaraş,Göksun,37.39274,36.86411,Kahramanmaraş,Correct
C0BA8E19-33AB-4833-91B9-A2DAFF955A1A,KAHRAMANMARAŞ PAZARCIK 3 NOLU AİLE SAĞLIĞI MERKEZİ,Kahramanmaraş,Pazarcik,37.49236,37.29334,Kahramanmaraş,Correct
FBF350DE-3204-45CD-8F00-A3689325E81B,ZÜMRA ECZANESİ,Kahramanmaraş,Göksun,38.02296,36.50193,Kahramanmaraş,Correct
DFCB860D-D84C-45E5-9CBD-A3E968E98B2B,YAĞMUR ECZANESİ,Kahramanmaraş,Onikişubat,37.59096,36.87887,Kahramanmaraş,Correct
642579B5-61A4-403D-9853-A40074CCAABD,CENNET ECZANESİ,Kahramanmaraş,Onikişubat,37.57941,36.856,Kahramanmaraş,Correct
BCF92222-320A-4B19-9761-A4F0D9C46E73,ADEM GÖKKAYA MUAYENEHANESİ,Kahramanmaraş,Dulkadiroğlu,37.57968,36.93097,Kahramanmaraş,Correct
7BEBDD08-21C0-47AC-BDF1-A5872E1EFDBA,BETÜL ECZANESİ,Kahramanmaraş,Afşin,38.24547,36.91533,Kahramanmaraş,Correct
569CB583-4111-4690-9292-A6E99F142BBC,FİLİZ ECZANESİ,Kahramanmaraş,Onikişubat,37.59514,36.88421,Kahramanmaraş,Correct
2F74471E-7189-46F7-9F1D-A6EF91C5B2D7,DEVA ECZANESİ,Kahramanmaraş,Dulkadiroğlu,37.58005,36.92734,Kahramanmaraş,Correct
1B9CB5E0-D863-40CD-9F8F-A83588B5D28D,YAZAN ECZANESI,Kahramanmaraş,Pazarcik,37.51003,37.31205,Kahramanmaraş,Correct
A7D8577E-B173-4A85-8D4D-A8C787D3AE90,NECİP FAZIL ECZANESİ,Kahramanmaraş,Dulkadiroğlu,38.95877,-76.94076,No Info,No Info
B250F3D3-6CF5-4CEB-8C7C-A91AE522587A,MELİKE ECZANESİ,Kahramanmaraş,Türkoğlu,37.38691,36.84887,Kahramanmaraş,Correct
F1D48F63-C71C-4B8F-B005-A951C58FF296,KENGEROĞLU ECZANESİ,Kahramanmaraş,Göksun,38.02206,36.50073,Kahramanmaraş,Correct
E9D9AD1C-4C1D-4C08-B731-A95BCDC9E387,DERMAN ECZANESİ,Kahramanmaraş,Onikişubat,37.57572,36.92168,Kahramanmaraş,Correct
ADA90317-5BC5-4CBC-BD92-A9A0BC9E5833,ŞEREF GÜNEYİSİ MUAYENEHANESİ,Kahramanmaraş,Dulkadiroğlu,37.58215,36.92886,Kahramanmaraş,Correct
E9B34034-74AB-4F6A-90F5-AA1B11718438,ŞİMŞEK ECZANESİ,Kahramanmaraş,Pazarcik,39.20447,-76.61316,No Info,No Info
1F536C73-E9C0-48A6-8E5A-AB1B973D3886,KURTULUŞ ECZANESİ,Kahramanmaraş,Onikişubat,37.59301,36.92511,Kahramanmaraş,Correct
DB6FF82B-45BB-4A56-A253-AB52E87B14D0,ONİKİŞUBAT MERKEZ TSM,Kahramanmaraş,Onikişubat,37.59002,36.8877,Kahramanmaraş,Correct
2B6282D9-9D4D-4454-8A2D-ABCED7C4E861,ANDIRIN MERKEZ TSM,Kahramanmaraş,Andirin,37.57229,36.35291,Kahramanmaraş,Correct
17B1BBC8-5D1B-4468-8640-AC98F13391BF,MEHTAP ECZANESİ,Kahramanmaraş,Onikişubat,37.39325,36.85477,Kahramanmaraş,Correct
1844A9A8-7632-4AD3-96CA-AD5777DD5279,DUMLUPINAR ECZANESİ,Kahramanmaraş,Onikişubat,37.57583,36.92142,Kahramanmaraş,Correct
C3867D37-3FB9-4066-8F78-ADB9D4D43126,RAİKA DOKUYUCU ECZANESİ,Kahramanmaraş,MERKEZ,37.39561,36.85827,Kahramanmaraş,Correct
5201BE56-B3D7-447C-A71A-AEF2F39560EE,KAHRAMANMARAŞ DULKADİROĞLU 19 NOLU AİLE SAĞLIĞI MERKEZİ,Kahramanmaraş,Dulkadiroğlu,37.5721,36.92999,Kahramanmaraş,Correct
7B53D05A-46A4-4882-AD9E-AF324D1F4650,KAHRAMANMARAŞ NECİP FAZIL ŞEHİR DEVLET HASTANESİ YÖRÜK SELİM EK HİZMET BİNASI,Kahramanmaraş,Dulkadiroğlu,37.50534,37.00251,Kahramanmaraş,Correct
1ED1CBE1-CC15-43D5-85A9-AFDEFC674730,KAHRAMANMARAŞ EKİNÖZÜ İLÇE ENTEGRE HASTANESİ AİLE SAĞLIĞI MERKEZİ,Kahramanmaraş,Ekinözü,37.84904,36.87197,Kahramanmaraş,Correct
136F7DD7-E02C-4009-9CDA-B00E3F80A1AC,ALYA ECZANESİ,Kahramanmaraş,Onikişubat,37.58023,36.91128,Kahramanmaraş,Correct
ADBE63F5-B2AA-4D6C-B151-B0885ABEDEB3,SERPİL ECZANESİ,Kahramanmaraş,Onikişubat,37.57932,36.85866,Kahramanmaraş,Correct
D6EA138D-16F3-45AB-A7B8-B0DDC1E945E3,GÖKÇE ECZANESİ,Kahramanmaraş,Onikişubat,37.5967,36.90307,Kahramanmaraş,Correct
D2B5177A-7985-47E2-9EBF-B18F13694EB2,ELİF ECZANESİ,Kahramanmaraş,Ekinözü,38.05598,37.18715,Kahramanmaraş,Correct
922D99A7-AD13-4E68-84B6-B20AD5645D37,KILINÇ ECZANESİ,Kahramanmaraş,Afşin,38.24357,36.91057,Kahramanmaraş,Correct
C83BDFC6-2942-41F7-B368-B3811C20EBE3,MERVE BİLAL MUAYENEHANESİ,Kahramanmaraş,Dulkadiroğlu,37.57204,36.93758,Kahramanmaraş,Correct
7F3865AA-820C-4137-B790-B39594514F36,EBRU ECZANESİ,Kahramanmaraş,Elbistan,38.19282,37.19137,Kahramanmaraş,Correct
CE8726D1-E8D9-4900-AB15-B3AF2186F6A0,DEMİRCİLER ECZANESİ,Kahramanmaraş,Onikişubat,37.58955,36.91075,Kahramanmaraş,Correct
812F81AC-C99E-4F9E-B32E-B41AD589AD14,12 ŞUBAT ECZANESİ,Kahramanmaraş,Onikişubat,37.59617,36.85594,Kahramanmaraş,Correct
8FF82E99-AD1F-4F4E-ADBE-B424B8FBEE75,LOKMAN ECZANESİ,Kahramanmaraş,Türkoğlu,37.28921,36.78646,Kahramanmaraş,Correct
FAC65093-83AA-4271-8415-B4741ECE59D1,SEVGİ SEVMEZ ÖZEL KLİNİK,Kahramanmaraş,Onikişubat,37.59405,36.8704,Kahramanmaraş,Correct
6B4DD3B7-920A-4D23-B9FF-B537BEEF4F40,MURAT ECZANESİ,Kahramanmaraş,Onikişubat,37.59395,36.883,Kahramanmaraş,Correct
E34320DB-056D-4CBA-9818-B53C731EAC4D,HAYAT ECZANESİ,Kahramanmaraş,Türkoğlu,37.38329,36.84537,Kahramanmaraş,Correct
61776AA0-E728-410F-8E92-B59D5C56C8F7,ONUR ECZANESİ,Kahramanmaraş,Onikişubat,37.59203,36.92586,Kahramanmaraş,Correct
AF47CCB6-009F-46C8-8531-B5AA2A69DA88,FERHAT ECZANESİ,Kahramanmaraş,Onikişubat,37.59455,36.86436,Kahramanmaraş,Correct
0A41814E-24C0-42EA-AC75-B5ABA1795DBB,KAYNAR ECZANESİ,Kahramanmaraş,Onikişubat,37.58399,36.86703,Kahramanmaraş,Correct
FBFE67A0-6535-4EA9-9D24-B5DA6C69DA01,KAHRAMANMARAŞ ELİT DİŞ KLİNİĞİ,Kahramanmaraş,Dulkadiroğlu,37.58204,36.93118,Kahramanmaraş,Correct
C648D985-0DF1-4B73-8DA6-B6C2F53024FF,KAHRAMANMARAŞ PAZARCIK 1 NOLU AİLE SAĞLIĞI MERKEZİ,Kahramanmaraş,Pazarcik,37.48476,37.29809,Kahramanmaraş,Correct
FA79A55D-18DE-4214-BEC0-B7D03F6448C8,KAHRAMANMARAŞ DULKADİROĞLU 2 NOLU DOĞUKENT AİLE SAĞLIĞI MERKEZİ,Kahramanmaraş,Dulkadiroğlu,37.58397,36.97896,Kahramanmaraş,Correct
EB924C88-A7ED-49BA-B3F0-B85B9363B772,ASUDE ECZANESİ,Kahramanmaraş,Türkoğlu,37.58774,36.89969,Kahramanmaraş,Correct
D493C33E-6776-4D87-8947-B85FF4385C53,YUSUF GEVEZ MUAYENEHANESİ,Kahramanmaraş,Pazarcik,37.48559,37.29023,Kahramanmaraş,Correct
EF984F5A-9038-4B40-8347-B86EA69C7AF5,KAHRAMANMARAŞ DULKADİROĞLU 12 NOLU ŞEYH ADİL AİLE SAĞLIĞI MERKEZİ,Kahramanmaraş,Dulkadiroğlu,37.58148,36.93337,Kahramanmaraş,Correct
EA157502-FF47-4678-961F-B87001601FBB,MELİS ECZANESİ,Kahramanmaraş,Dulkadiroğlu,37.38111,36.85508,Kahramanmaraş,Correct
9C8E38D8-6862-4CC4-BF05-B943158F5F31,İLKHANLAR ECZANESİ,Kahramanmaraş,Pazarcik,37.29505,36.77977,Kahramanmaraş,Correct
497B9AD5-85FF-4AF6-8D8D-BB64960A9DDE,ERDEM ECZANESİ,Kahramanmaraş,Dulkadiroğlu,37.57966,36.93092,Kahramanmaraş,Correct
33D2496B-8977-4291-ACAB-BBA502AA9EB8,KAHRAMANMARAŞ GÖKSUN MERKEZ 3 NOLU AİLE SAĞLIĞI MERKEZİ,Kahramanmaraş,Göksun,38.02226,36.49871,Kahramanmaraş,Correct
708ABCB0-8658-40FD-9B3F-BBB12651559B,AKSU ECZANESİ,Kahramanmaraş,Onikişubat,37.59356,36.91886,Kahramanmaraş,Correct
287E9533-FAC7-460B-869C-BC469365F4E8,TÜRKOĞLU CEZAEVİ,Kahramanmaraş,Türkoğlu,37.38601,36.84767,Kahramanmaraş,Correct
7EF05972-2E03-48D4-97BD-BE4E427D4114,HACETTEPE SEVİMLİ ECZANESİ,Kahramanmaraş,Göksun,37.38622,36.84727,Kahramanmaraş,Correct
33626985-604F-4DC0-AA28-BE7CACDECCBE,KAHRAMANMARAŞ ÇAĞLAYANCERİT DÜZBAĞ AİLE SAĞLIĞI MERKEZİ,Kahramanmaraş,Çağlayancerit,37.79372,37.46408,Kahramanmaraş,Correct
66F1CD10-4AD8-450E-832A-BE94C5AD3E93,YILDIRIM ECZANESİ,Kahramanmaraş,Nurhak,37.96591,37.45097,Kahramanmaraş,Correct
58F7C5F4-962F-4216-800C-BF0BB7212B5C,YALÇIN ECZANESİ,Kahramanmaraş,Dulkadiroğlu,37.57777,36.95725,Kahramanmaraş,Correct
3C2D7323-3309-47A7-81C4-C0B3923DD205,KAHRAMANMARAŞ PAZARCIK 2 NOLU AİLE SAĞLIĞI MERKEZİ,Kahramanmaraş,Pazarcik,37.50632,37.31644,Kahramanmaraş,Correct
826A8DAE-573D-4C0A-BF0A-C12195262E79,MEHMET ŞAŞKARA MUAYENEHANESİ,Kahramanmaraş,Pazarcik,37.48516,37.29497,Kahramanmaraş,Correct
56D1CFE0-15A3-471F-A11E-C148118EEA12,SEYFİOĞLU ECZANESİ,Kahramanmaraş,Andirin,38.01861,36.49266,Kahramanmaraş,Correct
49A91976-B580-4F4D-AB94-C16DE94AEC4B,AYŞE ECZANESİ,Kahramanmaraş,Onikişubat,37.57883,36.92452,Kahramanmaraş,Correct
7689F674-FC28-42B1-B2CF-C1E9D5088FF9,BOĞAZİÇİ ECZANESİ,Kahramanmaraş,Onikişubat,37.57887,36.85631,Kahramanmaraş,Correct
EF676081-F41C-4390-9115-C29EDE62E258,YILDIZ ECZANESİ,Kahramanmaraş,Elbistan,38.21134,37.17726,Kahramanmaraş,Correct
3115D0BC-9498-49BC-965D-C2DCDD25F657,HAN ECZANESİ,Kahramanmaraş,Elbistan,38.18497,37.20748,Kahramanmaraş,Correct
81C84232-4CCA-4354-B04D-C3DF546E74BF,KEREM ECZANESI,Kahramanmaraş,Onikişubat,37.58421,36.89219,Kahramanmaraş,Correct
AF08A708-28CA-4A09-8098-C4BDCA2B337F,KAHRAMANMARAŞ ONİKİŞUBAT 15 NOLU HÜRRİYET AİLE SAĞLIĞI MERKEZİ,Kahramanmaraş,Onikişubat,37.597,36.88655,Kahramanmaraş,Correct
74C2925F-6BD6-454E-98BC-C6E0BD7DD13E,GÖKŞEN ECZANESİ,Kahramanmaraş,Andirin,37.57526,36.35057,Kahramanmaraş,Correct
732BBE86-0D40-4E55-920D-C6E99FFCE871,AHMET TAHİR ÖZCAN MUAYEHANESİ,Kahramanmaraş,MERKEZ,40.9133,28.9398,İstanbul,Wrong
D594597B-B77B-466B-AFFF-C7A4ED22FB45,DENTAPARK AĞIZ VE DİŞ SAĞLIĞI POLİKLİNİĞİ,Kahramanmaraş,Dulkadiroğlu,37.57953,36.92707,Kahramanmaraş,Correct
5DFEFD68-0454-4DAD-B1A9-C8CD28880C06,ALTUN ECZANESİ,Kahramanmaraş,Onikişubat,37.56697,36.92006,Kahramanmaraş,Correct
D4AC6726-68A6-4B0D-88FA-CA16A9DBDF70,KAHRAMANMARAŞ ELBİSTAN MERKEZ ORHAN GAZİ AİLE SAĞLIĞI MERKEZİ,Kahramanmaraş,Elbistan,38.19993,37.2049,Kahramanmaraş,Correct
0BD8D867-CCEB-4A03-B274-CACC3CE0E39C,KAHRAMANMARAŞ ONİKİŞUBAT 23 NOLU ÖNSEN AİLE SAĞLIĞI MERKEZİ,Kahramanmaraş,Onikişubat,37.52286,36.80116,Kahramanmaraş,Correct
0FBAFDA3-EBC3-4511-868E-CAE4222F9157,KÜMBET ECZANESİ,Kahramanmaraş,Dulkadiroğlu,37.58486,36.93295,Kahramanmaraş,Correct
B06A3897-CD21-4367-A7C9-CB2840558723,MEHMET ERDOĞAN MUAYENEHANESİ,Kahramanmaraş,Elbistan,38.20104,37.19274,Kahramanmaraş,Correct
46437EEF-A90F-4C22-883C-CB81EC73D804,TEKEREK ECZANESİ,Kahramanmaraş,Onikişubat,37.58502,36.86331,Kahramanmaraş,Correct
A997A62E-EA7E-4B09-B2CF-CB8349316EB5,VERESELİ PELİN ECZANESİ,Kahramanmaraş,Onikişubat,37.59964,36.92287,Kahramanmaraş,Correct
E11A20BC-BD16-49AA-ADCC-CBE9F55EA5AA,BAL ECZANESİ,Kahramanmaraş,Onikişubat,37.61677,36.80639,Kahramanmaraş,Correct
7C81F4BD-6316-4676-BEAB-CC364164EFD9,KAHRAMANMARAŞ ONİKİŞUBAT 14 NOLU SERİNTEPE AİLE SAĞLIĞI MERKEZİ,Kahramanmaraş,Onikişubat,37.59377,36.91236,Kahramanmaraş,Correct
AB2380C6-C31F-4DEE-A8B3-CD8661E2DDD1,NİL ECZANESİ,Kahramanmaraş,Dulkadiroğlu,37.57904,36.93889,Kahramanmaraş,Correct
A85DE9E7-245A-41A7-A551-CDCEA895CDF0,GÖKŞENLİ ECZANESİ,Kahramanmaraş,Andirin,37.57464,36.3507,Kahramanmaraş,Correct
4C8FB423-81FF-4414-B3E6-CE0B95032884,MAVİ ECZANESİ,Kahramanmaraş,Dulkadiroğlu,37.45799,36.75293,Kahramanmaraş,Correct
A1DCA95E-8D63-4F65-B365-CE25E4AE12BE,CAN ECZANESİ,Kahramanmaraş,Onikişubat,37.58623,36.89503,Kahramanmaraş,Correct
60F97F35-7E3A-48B6-A9C3-CE8593B9B58B,CEYHAN ECZANESİ,Kahramanmaraş,Elbistan,38.20504,37.15739,Kahramanmaraş,Correct
73F45C4A-F4B9-4374-8B19-CF061D01618D,KAHRAMANMARAŞ ONİKİŞUBAT 34 NOLU AİLE SAĞLIĞI MERKEZİ,Kahramanmaraş,Onikişubat,37.57941,36.85696,Kahramanmaraş,Correct
5DDF8D3E-DF74-494D-BE14-CF559C0938B9,ÖZDEMİR ECZANESİ,Kahramanmaraş,Dulkadiroğlu,37.39471,36.85707,Kahramanmaraş,Correct
1E869C14-5394-447D-B3D6-CF6337A5B396,GÜNEŞ ECZANESİ,Kahramanmaraş,Elbistan,38.21325,37.1794,Kahramanmaraş,Correct
2F3D3888-AC56-4819-A3F0-CFD683246428,TUĞBA ECZANESİ,Kahramanmaraş,Afşin,38.25189,36.91443,Kahramanmaraş,Correct
7B3CA951-1672-4A0D-9291-CFEDEC26E917,BİNEVLER ECZANESİ,Kahramanmaraş,Onikişubat,37.60006,36.82738,Kahramanmaraş,Correct
2E53458E-AF32-4E77-8982-D00BCE17D1F4,GİZEM ECZANESİ,Kahramanmaraş,Onikişubat,37.57993,36.85837,Kahramanmaraş,Correct
DB077C01-3E58-49AD-9B1F-D1030FA3FA60,ŞİFA ECZANESİ,Kahramanmaraş,Dulkadiroğlu,37.57383,36.93848,Kahramanmaraş,Correct
31272B02-012B-4DB2-A743-D11173704A89,MERVE ECZANESI,Kahramanmaraş,Dulkadiroğlu,37.58317,36.97988,Kahramanmaraş,Correct
1EC61467-00EA-49F1-9D4C-D20992C76A61,ÖZEL ÜNGÜT AĞIZ VE DİŞ POLİKLİNİKĞİ,Kahramanmaraş,Onikişubat,37.59905,36.83927,Kahramanmaraş,Correct
9246964B-D695-4077-8A94-D2461A993458,MAĞRALI ECZANESİ,Kahramanmaraş,Onikişubat,37.58984,36.91679,Kahramanmaraş,Correct
D2B23E4C-6808-483B-BE63-D273DDEA0096,KAHRAMANMARAŞ NURHAK İLÇE ENTEGRE HASTANESİ AİLE SAĞLIĞI MERKEZİ,Kahramanmaraş,Nurhak,37.95581,37.45188,Kahramanmaraş,Correct
4FC6E013-1B60-402D-A989-D2AFF7B00F3B,KAHRAMANMARAŞ DULKADİROĞLU 8 NOLU KARACASU AİLE SAĞLIĞI MERKEZİ,Kahramanmaraş,Dulkadiroğlu,37.51457,36.96603,Kahramanmaraş,Correct
A4703394-8223-44AF-9B87-D2EF4DBAB7DC,NEFES ECZANESİ,Kahramanmaraş,Onikişubat,37.59401,36.92207,Kahramanmaraş,Correct
23632D0C-0A8A-4506-8320-D3285D0430FC,ELMALAR HAKAN ECZANESİ,Kahramanmaraş,Dulkadiroğlu,39.68147,-75.97716,No Info,No Info
A857D5C3-C394-4649-993F-D363DC8E3AC6,ÖZEL DENTART AĞIZ VE DİŞ SAĞLIĞI POLİKİNİLİĞİ,Kahramanmaraş,Onikişubat,37.59085,36.8683,Kahramanmaraş,Correct
F29E1201-503B-47A0-A6AC-D38DF9203923,KEVSER ECZANESİ,Kahramanmaraş,Dulkadiroğlu,37.5803,36.95716,Kahramanmaraş,Correct
0CB65446-744F-4B31-843C-D3A5B1C58C9B,KAYTAN ECZANESİ,Kahramanmaraş,Onikişubat,37.59719,36.88653,Kahramanmaraş,Correct
CED2FE89-3974-4EA1-9C94-D44C9659F4F3,ARSLANTÜRK ECZANESİ,Kahramanmaraş,Onikişubat,37.592,36.92238,Kahramanmaraş,Correct
504439D7-1DE0-4F05-AD57-D4F0BD0CB327,BAHADIR ECZANESİ,Kahramanmaraş,Onikişubat,37.58839,36.88668,Kahramanmaraş,Correct
398B550C-C058-410D-AC0F-D500E83BD25D,BESLER ECZANESİ,Kahramanmaraş,Dulkadiroğlu,37.56992,36.94874,Kahramanmaraş,Correct
4376CA65-38A3-46E0-85C5-D5DB019BAB07,ANNEM ECZANESİ,Kahramanmaraş,Onikişubat,37.58439,36.86565,Kahramanmaraş,Correct
9E019BF8-B107-48BB-A4E6-D5DC9EF8905B,KAHRAMANMARAŞ ELBİSTAN 15 NOLU AİLE SAĞLIĞI MERKEZİ,Kahramanmaraş,Elbistan,38.19821,37.19142,Kahramanmaraş,Correct
35EE12A3-12D0-4275-BC6F-D655D1D92227,SEZAL ECZANESİ,Kahramanmaraş,Onikişubat,37.57864,36.92948,Kahramanmaraş,Correct
537EE268-B6B0-4E8D-9D92-D68D5A69B2E4,KAHRAMANMARAŞ ONİKİŞUBAT 30 NOLU AİLE SAĞLIĞI MERKEZİ,Kahramanmaraş,Onikişubat,37.59686,36.90016,Kahramanmaraş,Correct
49221316-F3FB-46E8-8B37-D796C886F8BD,UMUT ECZANESİ,Kahramanmaraş,Elbistan,38.21087,37.18097,Kahramanmaraş,Correct
EC92386A-8A77-4785-BA8C-D879958F9252,NURHAK İLÇE HASTANESİ,Kahramanmaraş,Nurhak,37.96298,37.45044,Kahramanmaraş,Correct
670331C2-1327-44FD-A190-D9E168B036AD,ÖZTÜRK ECZANESİ,Kahramanmaraş,Çağlayancerit,37.79201,37.47155,Kahramanmaraş,Correct
4618E919-0C8C-4256-9B0F-DA1FA01D656F,BOLAT ECZANESİ,Kahramanmaraş,Onikişubat,37.59549,36.85759,Kahramanmaraş,Correct
1BC7564D-551A-4C8B-876D-DA52925D8050,HAKAN KADRİ TOLAY MUAYENEHANESİ,Kahramanmaraş,Dulkadiroğlu,37.57864,36.92929,Kahramanmaraş,Correct
69A6D08F-3460-4273-8E82-DA5B0E7C7C82,SIHHAT ECZANESİ,Kahramanmaraş,Onikişubat,37.58276,36.91008,Kahramanmaraş,Correct
4ED6A44D-4C69-4841-AB89-DA767B418A81,KARAOKUR ECZANESİ,Kahramanmaraş,Türkoğlu,37.25717,36.77545,Kahramanmaraş,Correct
388FBD78-EB47-4635-9120-DB0D4132B6F2,ERSOY ECZANESİ,Kahramanmaraş,Onikişubat,37.58247,36.91174,Kahramanmaraş,Correct
91727521-3614-46DE-A71E-DBF4BF41D460,EMİR ECZANESİ,Kahramanmaraş,Dulkadiroğlu,37.59186,36.93102,Kahramanmaraş,Correct
EF38EAB8-42AA-414C-B816-DC9161619E7E,GEMCİ ECZANESİ,Kahramanmaraş,Onikişubat,37.58899,36.83478,Kahramanmaraş,Correct
DEE8E236-60E0-4679-8560-DD6C979560C2,FUNDA DİLAY ŞAHAN YÜZBAŞIOĞLU MUAYENEHANESİ,Kahramanmaraş,Dulkadiroğlu,37.57803,36.92837,Kahramanmaraş,Correct
DFC52A3E-3299-444B-8D22-DDF2ED2035C6,KAHRAMANMARAŞ AFŞİN 5 NOLU AİLE SAĞLIĞI MERKEZİ,Kahramanmaraş,Afşin,38.2487,36.91325,Kahramanmaraş,Correct
2AF0D305-C277-44D6-856E-DE14C4A70C91,SERKAN ECZANESİ,Kahramanmaraş,Onikişubat,37.57577,36.92157,Kahramanmaraş,Correct
000A0D28-2990-411D-A79A-DE3498E8D203,LUNA KLİNİK,Kahramanmaraş,Onikişubat,39.00917,-76.87356,No Info,No Info
6089EBDD-8C97-4A10-9632-DE8BB85408DD,GÜL ECZANESİ,Kahramanmaraş,Onikişubat,37.58911,36.83492,Kahramanmaraş,Correct
6D228D85-A350-40E0-8480-DEE1683BACEE,ŞİFA ECZANESİ,Kahramanmaraş,Afşin,38.22538,36.88672,Kahramanmaraş,Correct
E43C1D44-2185-46B1-9157-DEE874404151,KAHRAMANMARAŞ ELBİSTAN SABİHA ALAADDİN YENER AİLE SAĞLIĞI MERKEZİ,Kahramanmaraş,Elbistan,38.19184,37.21555,Kahramanmaraş,Correct
F34833E6-573A-4BAE-8740-DF4FEF503D5B,KÜBRA ECZANESİ,Kahramanmaraş,Türkoğlu,37.37592,36.84091,Kahramanmaraş,Correct
8D056D0F-1EC6-41C5-B8D9-DFBFBD26D8A6,ŞİMŞEK ECZANESİ,Kahramanmaraş,Dulkadiroğlu,37.57207,36.9304,Kahramanmaraş,Correct
4F5ACFD4-509F-4CE8-88E8-E07088B9F496,SONAY ECZANESİ,Kahramanmaraş,Göksun,38.02053,36.49481,Kahramanmaraş,Correct
995A19DF-C6E0-4DCF-8CDF-E0F3C47E0A22,FATİH KARAOKUR MUAYENEHANESİ,Kahramanmaraş,Onikişubat,37.5971,36.84531,Kahramanmaraş,Correct
12E9302E-0DB3-478E-A99B-E2324D83D78D,ÖZCAN ECZANESİ,Kahramanmaraş,Onikişubat,37.59547,36.92267,Kahramanmaraş,Correct
8E13E0A6-B954-45F9-980F-E248060EB9F2,HÜLYA NAZİK MUAYENEHANESİ,Kahramanmaraş,Onikişubat,37.58864,36.90089,Kahramanmaraş,Correct
180BD31D-AC32-4CEB-8927-E25FCA364033,KAHRAMANMARAŞ TÜRKOĞLU BÜYÜKİMALI AİLE SAĞLIĞI MERKEZİ,Kahramanmaraş,Türkoğlu,37.3368,36.71966,Kahramanmaraş,Correct
977BA974-5C07-4B43-B23A-E302D18E5CD2,KAHRAMANMARAŞ ONİKİŞUBAT 36 NOLU 5 NİSAN AİLE SAĞLIĞI MERKEZİ,Kahramanmaraş,Onikişubat,37.59936,36.87587,Kahramanmaraş,Correct
57DC22CE-B075-4ADE-87BB-E413C51DCEEB,KAYA ECZANESİ,Kahramanmaraş,Onikişubat,37.59377,36.91235,Kahramanmaraş,Correct
3D7BD556-CB09-4F2C-859A-E46AEC1D363C,GÜLŞAH ECZANESİ,Kahramanmaraş,Onikişubat,37.5759,36.90739,Kahramanmaraş,Correct
5A40FB83-221A-428D-A1F1-E57A25C736A5,ŞEYDA ECZANESİ,Kahramanmaraş,Elbistan,38.20113,37.19209,Kahramanmaraş,Correct
2EA6E803-178C-432C-A8F3-E5ADD6175896,KAHRAMANMARAŞ TÜRKOĞLU BEYOĞLU AİLE SAĞLIĞI MERKEZİ,Kahramanmaraş,Türkoğlu,37.28719,36.78827,Kahramanmaraş,Correct
8303262C-F342-40F1-B6A1-E660BB128787,METİN GÜL MUAYENEHANESİ,Kahramanmaraş,Onikişubat,37.59435,36.76484,Kahramanmaraş,Correct
324B5A84-BE07-4E12-A4CB-E66B107FC832,SEVGİ SEVMEZ BESLENME DANIŞMANLIK MERKEZİ,Kahramanmaraş,Onikişubat,37.59315,36.8692,Kahramanmaraş,Correct
9162AAE9-A16F-4200-9E21-E6E3884D9923,TUBA ECZANESİ,Kahramanmaraş,Pazarcik,37.49166,37.30356,Kahramanmaraş,Correct
C494763F-8622-4327-A5EB-E6EBFCB7D3E5,YÖRÜK SELİM ECZANESİ,Kahramanmaraş,Onikişubat,37.59191,36.92559,Kahramanmaraş,Correct
76EFF2AC-F03A-4F51-972F-E7038A8D25BF,ALİ MERCİMEK MUAYENEHANESİ,Kahramanmaraş,Afşin,38.34243,36.83329,Kahramanmaraş,Correct
C13B7E1B-6B41-40A3-A79B-E7AD50C05034,ERDEN ECZANESİ,Kahramanmaraş,Elbistan,38.21235,37.1782,Kahramanmaraş,Correct
D2924F72-3C2C-4BD6-84A3-E85A60EC34EF,DURU ECZANESİ,Kahramanmaraş,Onikişubat,37.52651,36.76295,Kahramanmaraş,Correct
C263B169-82F9-4EDF-83E1-E987751CC342,HATİCE AYKANAT MUAYENEHANESİ,Kahramanmaraş,Dulkadiroğlu,37.58096,36.92789,Kahramanmaraş,Correct
88BE1F43-1439-4371-8908-EA2E56032F60,KAHRAMANMARAŞ NURHAK KULLAR AİLE SAĞLIĞI MERKEZİ,Kahramanmaraş,Nurhak,37.98065,37.51819,Kahramanmaraş,Correct
A971B4D2-8EA6-4F27-9A7D-EA5677E75BB3,MERVE ECZANESI,Kahramanmaraş,Onikişubat,37.58627,36.86131,Kahramanmaraş,Correct
D10B77D1-DF08-4491-A88E-EA642DFC7294,ELMAS ECZANESİ,Kahramanmaraş,Onikişubat,37.57474,36.922,Kahramanmaraş,Correct
668548EB-4897-45E4-A5AF-EAC589980D1E,KAHRAMANMARAŞ ONİKİŞUBAT 20 NOLU ILICA AİLE SAĞLIĞI MERKEZİ,Kahramanmaraş,Onikişubat,37.84645,36.87355,Kahramanmaraş,Correct
DD552EF9-AAE2-4A34-A5CD-EB6A2CA39707,LEYLA DOKUMACI ECZANESİ,Kahramanmaraş,Dulkadiroğlu,37.57915,36.93397,Kahramanmaraş,Correct
D5236FB4-EE11-40CB-BB53-EBAF9C8983FC,DEMİRCİOĞLU ECZANESİ,Kahramanmaraş,Onikişubat,37.57973,36.93135,Kahramanmaraş,Correct
F3FC78A0-AFF3-4633-BC8D-EC390190530F,HAYAT ECZANESİ,Kahramanmaraş,Afşin,38.24383,36.90929,Kahramanmaraş,Correct
CACB3F6F-3900-4280-A20C-EE63A7AEB1BC,AKTEMUR ECZANESİ,Kahramanmaraş,Onikişubat,37.57708,36.9075,Kahramanmaraş,Correct
957BE6F6-DF96-42BA-90B0-F0A2FD3FC3F5,BETÜL ECZANESİ,Kahramanmaraş,Onikişubat,37.5769,36.92486,Kahramanmaraş,Correct
0A9E680E-896F-4B9E-8E77-F12B794A248F,ÖZKAN ECZANESİ,Kahramanmaraş,Türkoğlu,37.38677,36.84737,Kahramanmaraş,Correct
B6530A08-CF55-48E0-AB40-F15EEA7A9E09,HİLAL ECZANESI,Kahramanmaraş,Onikişubat,37.5865,36.87885,Kahramanmaraş,Correct
50864FB4-7D15-447B-B2C6-F1A2D91EB152,İBNİ SİNA ECZANESİ,Kahramanmaraş,Dulkadiroğlu,37.52943,36.99035,Kahramanmaraş,Correct
F42BCE10-08BA-44CE-A8CF-F2F6D2C72658,RAMAZANOĞLU ECZANESİ,Kahramanmaraş,Dulkadiroğlu,37.58864,36.94002,Kahramanmaraş,Correct
11396E98-1B3B-4EB0-99B6-F3775B5EF634,KAHRAMANMARAŞ DULKADİROĞLU 9 NOLU NURİ ŞİRİKÇİ AİLE SAĞLIĞI MERKEZİ,Kahramanmaraş,Dulkadiroğlu,37.58484,36.92949,Kahramanmaraş,Correct
691DBCA3-F794-47C1-9AA6-F3B020F511E5,BURCU ECZANESİ,Kahramanmaraş,Onikişubat,37.59424,36.88301,Kahramanmaraş,Correct
B2D4AA09-24BA-476F-8A12-F3FA2C97AE72,AKSÜT ECZANESİ,Kahramanmaraş,Onikişubat,37.58602,36.919,Kahramanmaraş,Correct
691CD467-03B5-4758-A4C4-F44EC682BDC1,SARIFAKIOĞLU ECZANESİ,Kahramanmaraş,Dulkadiroğlu,37.58733,36.94366,Kahramanmaraş,Correct
B52CE926-F22D-480D-BA93-F4689C853188,KAHRAMANMARAŞ ONİKİŞUBAT 27 NOLU AİLE SAĞLIĞI MERKEZİ,Kahramanmaraş,Onikişubat,37.57093,36.90801,Kahramanmaraş,Correct
0150F3B3-9AEF-479B-97AE-F49B7893E2AE,YATILIBÖLGE ECZANESİ,Kahramanmaraş,Onikişubat,37.58618,36.89876,Kahramanmaraş,Correct
1DB1ACFF-202E-4AD3-A22E-F4D6DDA0F02D,ÜZÜM ECZANESİ,Kahramanmaraş,Dulkadiroğlu,37.57953,36.93072,Kahramanmaraş,Correct
2EC068C7-4277-48E3-B8BC-F57D2CCA6D41,DOĞA ECZANESİ,Kahramanmaraş,Elbistan,38.1944,37.19223,Kahramanmaraş,Correct
5C7F8DED-5649-4F28-A383-F5CD36ED5D53,KAHRAMANMARAŞ ONİKİŞUBAT 16 NOLU TEKKE AİLE SAĞLIĞI MERKEZİ,Kahramanmaraş,Onikişubat,37.58369,36.92215,Kahramanmaraş,Correct
FFFB733A-D5A7-438D-8D98-F802EACFA537,KARACAOĞLAN ECZANESİ,Kahramanmaraş,Onikişubat,37.57599,36.90499,Kahramanmaraş,Correct
BBB31878-A72F-4289-9796-F82874CF31F0,BİLGE ECZANESİ,Kahramanmaraş,Onikişubat,37.5976,36.86326,Kahramanmaraş,Correct
72EE8609-33A0-40FE-8379-F872374CB5BA,SIDIKA ECZANESİ,Kahramanmaraş,Dulkadiroğlu,37.5683,36.95456,Kahramanmaraş,Correct
60A3A93E-9A2A-4E2A-96E6-F8A10E4B2258,HARUN ECZANESİ,Kahramanmaraş,Türkoğlu,37.37419,36.83892,Kahramanmaraş,Correct
796B02C9-115F-4ABC-800F-F8B6D08AD81D,KOZANOĞLU ECZANESİ,Kahramanmaraş,Onikişubat,37.59708,36.8873,Kahramanmaraş,Correct
C9B46706-80F9-4D24-AD71-F91B483DEAF4,DOĞA ECZANESİ,Kahramanmaraş,Onikişubat,37.57708,36.90699,Kahramanmaraş,Correct
CDBA5F87-4594-438C-8D41-F934340D1863,KAHRAMANMARAŞ PAZARCIK NARLI AİLE SAĞLIĞI MERKEZİ,Kahramanmaraş,Pazarcik,37.39523,37.14078,Kahramanmaraş,Correct
8D616C82-68BC-4636-8356-F94F5977A970,YÜCEL ECZANESİ,Kahramanmaraş,Dulkadiroğlu,37.57825,36.93277,Kahramanmaraş,Correct
B7295827-F160-4252-9B6E-F9ECF6E8E4F5,ANADOLU ECZANESİ,Kahramanmaraş,Onikişubat,37.58916,36.83499,Kahramanmaraş,Correct
8C381A8F-FDED-4BEF-8C4E-FA9E7E269A2F,HALEGÜL IŞIK YILMAZ MUAYENEHANESİ,Kahramanmaraş,Dulkadiroğlu,37.58083,36.928,Kahramanmaraş,Correct
18FB3E66-9E65-470A-B568-FC33EDEA9572,DULKADİROĞLU 2 NOLU GÖÇMEN SAĞLIĞI MERKEZİ,Kahramanmaraş,Dulkadiroğlu,37.5692,36.95576,Kahramanmaraş,Correct
108E03D6-3EA0-4C16-9216-FC6AB93EFB2C,ÖZEL A PLUS DENTAL AĞIZ VE DİŞ POLİKLİNİĞİ,Kahramanmaraş,Onikişubat,37.58415,36.88969,Kahramanmaraş,Correct
0C2517F6-FDBA-403A-B535-FC9103703E66,AKSOY ECZANESİ,Kahramanmaraş,Onikişubat,37.58381,36.92252,Kahramanmaraş,Correct
903B5C23-1B49-49DB-B31D-FD64EDC21232,TEMİZOĞLU ECZANESİ,Kahramanmaraş,Andirin,37.57711,36.35152,Kahramanmaraş,Correct
599930DE-0FD8-4D6B-B1CC-FD7A0FFBB1A2,TÜRKOĞLU DR.KEMAL BEYAZİT DEVLET HASTANESİ,Kahramanmaraş,Türkoğlu,37.39096,36.85636,Kahramanmaraş,Correct
2F2DFDDB-F07C-45D7-A5B2-FE13425F82D5,HÜRRİYET ECZANESİ,Kahramanmaraş,Onikişubat,37.59728,36.88586,Kahramanmaraş,Correct
F4BAC602-504B-4BCB-8B37-FE677327BF52,DERYA ECZANESİ,Kahramanmaraş,Onikişubat,37.58867,36.88463,Kahramanmaraş,Correct
2080C546-0E97-4462-BBAE-FE7F519A13D8,AYSUN ECZANESİ,Kahramanmaraş,Onikişubat,37.58927,36.88957,Kahramanmaraş,Correct
E0B1A130-955D-4CBE-81B7-FE9D91D66AD6,SU ECZANESİ,Kahramanmaraş,Onikişubat,37.58096,36.87448,Kahramanmaraş,Correct
F1F6F760-B8DC-4CF1-9119-FEAB629D971C,KAHRAMANMARAŞ ONİKİŞUBAT 26 NOLU BOĞAZİÇİ AİLE SAĞLIĞI MERKEZİ,Kahramanmaraş,Onikişubat,37.58429,36.89429,Kahramanmaraş,Correct
1CA94D6E-E87F-45D7-8C9D-FFA93280B2A7,KAHRAMANMARAŞ ONİKİŞUBAT 9 NOLU MEHMET ŞEREFOĞLU AİLE SAĞLIĞI MERKEZİ,Kahramanmaraş,Onikişubat,37.57569,36.9068,Kahramanmaraş,Correct
