UnitId,UnitName,CityName,DistrictName,Latitude,Longitude,DetectedCity,Match
57E56674-D1B3-4F5A-8114-0077D95554BC,EBRU ECZANESİ,Düzce,Merkez,40.83898,31.16075,Düzce,Correct
B789E876-5A57-437A-8A31-0199AF11F8AA,BURAK ECZANESİ,Düzce,Merkez,40.85446,31.22761,Düzce,Correct
8E7EFCE8-2434-40B8-9AD4-01B33CC00E76,AYLİN ALP MUAYENEHANESİ,Düzce,Merkez,39.02357,-76.85436,Maryland,Wrong
81C5DE8F-167E-4165-9E08-051F6CE2ADB8,SADETTİN TİRYAKİ MUAYENEHANESİ,Düzce,Merkez,40.84063,31.14832,Düzce,Correct
5630CB81-61EC-4314-B84A-055ACFE20E69,GÜMÜŞOVA ECZANESİ,Düzce,Gümüşova,40.84606,30.9382,Düzce,Correct
56558C8D-61E4-4AD2-A977-07EF87E8105C,KARADENİZ ECZANESİ,Düzce,Akçakoca,41.08676,31.11582,Düzce,Correct
88DB5FC9-7D29-4B8F-8471-08A2299403D4,HEKİMOĞLU ECZANESİ,Düzce,Merkez,40.83347,31.15752,Düzce,Correct
DAE14DE4-971C-4401-93B8-0AE7112DD373,EREN ECZANESİ,Düzce,Merkez,40.83624,31.17003,Düzce,Correct
4A9CA07B-ABAC-4A49-A0EC-0B9A23A0AD95,YAŞAR YEMENİCİ MUAYENEHANESİ,Düzce,Akçakoca,41.08893,31.12227,Düzce,Correct
FA65DD9C-C9C6-43F8-A3B4-0D24697E17D0,DÜZCE MERKEZ 1 NOLU AİLE SAĞLIĞI MERKEZİ,Düzce,Merkez,40.77317,31.31547,Düzce,Correct
B8DB9193-4313-41CF-8860-0EBA90F29605,EMİN ÖZLÜ MUAYENEHANESİ,Düzce,Merkez,40.84227,31.15523,Düzce,Correct
C6E81349-F602-4C47-9CEE-0FAFC50FFFA3,KAYAM ECZANESİ,Düzce,Merkez,40.83758,31.174,Düzce,Correct
5D7CA993-2450-4344-9BBB-102283624943,DÜZCE AKÇAKOCA AYŞE HANIM AİLE SAĞLIĞI MERKEZİ,Düzce,Akçakoca,41.09016,31.1373,Düzce,Correct
C68140A3-2278-47CE-A076-1333A11D010E,AYÇA ECZANESİ,Düzce,Gümüşova,40.85733,30.95475,Düzce,Correct
599D9FA6-DA2B-4B48-8B50-13B9751B1C8F,DEVA ECZANESİ,Düzce,Merkez,40.8434,31.15887,Düzce,Correct
365576A9-DE69-4E8B-A3A6-14DB217E6787,AYDIN PINAR ECZANESİ,Düzce,Merkez,40.83606,31.15802,Düzce,Correct
01DF457F-79F4-4FAF-8D31-15A8D7FDE3A0,YENİKENT ECZANESİ,Düzce,Merkez,40.84391,31.1373,Düzce,Correct
990C972D-FA44-40F4-8B65-17EEED7C61C8,DOĞAN ECZANESİ,Düzce,Çilimli,40.89095,31.04891,Düzce,Correct
EF70BA9F-EC08-49C2-B37F-18321A5E91CA,BİLGE ECZANESİ,Düzce,Merkez,40.87235,31.15451,Düzce,Correct
5B351392-532E-47E3-BA78-19E3375B587D,MEHMET TÜRAY MUAYENEHANESİ,Düzce,Merkez,40.84058,31.14743,Düzce,Correct
7DFC9AC1-A4C3-435F-8D20-1B2003E07930,NİHAT HASTORUN MUAYENEHANESİ,Düzce,Akçakoca,41.08916,31.12244,Düzce,Correct
6F63BFB0-6C4E-4907-8DD6-1F72E5B20CC7,NUR ECZANESİ,Düzce,Cumayeri,40.87024,30.95198,Düzce,Correct
4AAF68A9-61ED-431B-BF37-1FD33CB49033,DÜZCE ECZANESİ,Düzce,Merkez,40.84241,31.14035,Düzce,Correct
EDF11B63-056A-4EA5-A37E-201C38E9EDD5,DÜZCE ÇİLİMLİ T TİPİ KAPALI VE AÇIK CEZA VE İNFAZ KURUMU,Düzce,Çilimli,40.88453,31.02933,Düzce,Correct
27B84ADA-17F6-484B-9AEA-22D2B5F1AB47,HAYAT ECZANESİ,Düzce,Merkez,40.86175,31.1806,Düzce,Correct
B99F54C6-7B6A-429F-BBAA-234CBD18EF91,DÜZCE ÇİLİMLİ PIRPIR AİLE SAĞLIĞI MERKEZİ,Düzce,Çilimli,40.86381,31.02251,Düzce,Correct
B72668EE-F66F-4137-8AA3-24040B25E0D7,CEMŞİT ECZANESI,Düzce,Merkez,40.85123,31.16375,Düzce,Correct
E534EB74-3DBF-4786-BE6C-246661CEC3A4,ÇİLİMLİ ECZANESİ,Düzce,Çilimli,40.89142,31.04875,Düzce,Correct
49157BC5-5CFE-4C57-BDCF-24B03667B334,DÜZCE MERKEZ KONURALP MEHMET KAMİL FURTUN AİLE SAĞLIĞI MERKEZİ,Düzce,Merkez,40.90471,31.1523,Düzce,Correct
95AD7E4E-9794-4D28-AEDB-27BCF4871228,GENÇ ECZANESİ,Düzce,Merkez,40.83533,31.16283,Düzce,Correct
E54CCBEE-EDD0-4B8A-B5DA-2828BC41C40D,RECEP ECZANESİ,Düzce,Yiğilca,41.08951,31.12257,Düzce,Correct
7E1F2E4A-B07E-4509-AA12-2A983B5EFA32,ALP ECZANESİ,Düzce,Merkez,40.73725,31.20692,Düzce,Correct
939C63D5-CA67-42F6-AA6D-2BE45C011CE2,MELTEM ECZANESİ,Düzce,Akçakoca,41.08746,31.14196,Düzce,Correct
08EF5B36-A6B5-48D2-9350-2C80CEA117CA,HASAN TUNA ARTUNER MUAYENEHANESİ,Düzce,Akçakoca,41.08869,31.12286,Düzce,Correct
C4772A17-BD91-43D9-B160-308EF9756F52,GÜMÜŞOVA MERKEZ ASM,Düzce,Gümüşova,40.84757,30.94057,Düzce,Correct
C5B4930B-4BB4-4953-AC78-32992B38808E,ŞİFA ECZANESİ,Düzce,Merkez,40.84035,31.15021,Düzce,Correct
A3D3CC6E-88FB-4A0C-9823-335DFFFB23B7,AKÇAKOCA MERKEZ 2 NOLU ASM,Düzce,Akçakoca,41.08926,31.1361,Düzce,Correct
FBFA447C-A21A-468D-99C6-336A72165ED6,KERVAN ECZANESİ,Düzce,Merkez,40.83439,31.1742,Düzce,Correct
EEFF89CD-6FA8-41B6-A59D-33AD3C41B80A,BEYZA SARAÇ ZAYIFLAMA VE SAĞLIKLI YAŞAM MERKEZİ,Düzce,Merkez,40.84628,30.94021,Düzce,Correct
DE95E432-923D-4B70-B2ED-3A6EB5C1E3CB,SEMRA ECZANESİ,Düzce,Merkez,39.27917,-76.51356,Dundalk,Wrong
B1D4DB03-59FA-43DE-8AFB-3C088B90D154,DİLARA ECZANESİ,Düzce,Akçakoca,41.0874,31.12606,Düzce,Correct
94AD6500-1D83-41E3-8D30-3D764F54465B,MUSTAFA ERKOÇOĞLU MUAYENEHANESİ,Düzce,Merkez,40.84459,31.16116,Düzce,Correct
E6C8E44A-85EE-4A6F-9030-3DE1404B6D4E,DÜZCE MERKEZ 2 NOLU AİLE SAĞLIĞI MERKEZİ,Düzce,Merkez,40.85127,31.16318,Düzce,Correct
4D84CC59-142D-4D98-B32C-3F36968A8965,KONAK ECZANESİ,Düzce,Merkez,40.8388,31.1624,Düzce,Correct
A8E88985-1573-4906-BCCF-421B3B33F8FB,DEMİR ECZANESİ,Düzce,Merkez,40.83892,31.15953,Düzce,Correct
3693FA3A-D8BC-4A85-8FA1-424C45D4EDFF,BÜŞRA ECZANESİ,Düzce,Merkez,40.84219,31.13589,Düzce,Correct
7A82FF2E-F34E-49F5-9479-436974F0F3B0,YARAR ECZANESİ,Düzce,Merkez,40.94494,31.16669,Düzce,Correct
95482B0B-5103-476F-ACFB-43E133571B38,DÜZCE AKÇAKOCA 1 NOLU AİLE SAĞLIĞI MERKEZİ,Düzce,Akçakoca,41.08847,31.12556,Düzce,Correct
AFF4E159-696C-4017-8ABC-4403B30E5728,FEYZULLAH ÇAVUŞ MUAYENEHANESİ,Düzce,Merkez,40.83696,31.15922,Düzce,Correct
8E8C226A-97BC-43B6-B4C3-46BE3429F43B,KUŞÇUOĞLU ECZANESİ,Düzce,Merkez,40.84052,31.14898,Düzce,Correct
0644C3FF-2E45-455F-9C62-487E4C9582CD,ELİF YILMAZ KABASAKAL MUAYENEHANESİ,Düzce,Merkez,36.60215,30.56027,Antalya,Wrong
FAFEF1DA-E782-49DF-85F8-4BBAA38246C2,KARACA ECZANESİ,Düzce,Merkez,40.84854,31.1702,Düzce,Correct
DA698A00-BF0A-439E-96DF-4CB1E52B6452,CUMHURİYET ECZANESİ,Düzce,Merkez,40.83931,31.1591,Düzce,Correct
43E098E9-8EF0-4F75-87CE-4F45F45DF7CE,DÜZCE AĞİZ VE DIŞ SAĞLİĞİ MERKEZI,Düzce,Merkez,40.84347,31.1412,Düzce,Correct
E056066B-C1F6-4081-96C7-50094B87893F,CAN ECZANESİ,Düzce,Merkez,40.83948,31.14132,Düzce,Correct
702601E8-790F-4DFE-8645-5010543606CD,DÜZCE ÇİLİMLİ AİLE SAĞLIĞI MERKEZİ,Düzce,Çilimli,40.88926,31.04951,Düzce,Correct
C5AEF67A-D5F8-4E73-B77B-50BF6762659C,ERSİN GÖKÇE MUAYENEHANESİ,Düzce,Merkez,40.84371,31.15604,Düzce,Correct
FF4EF5E9-1A5F-4BEA-87BA-52F23059DD61,ERGİNYAVUZ ECZANESİ,Düzce,Gölyaka,41.08126,31.11296,Düzce,Correct
2F59401D-184E-4DB3-A1C1-540C2A952714,ALİ FUAT ŞAŞOĞLU MUAYENEHANESİ,Düzce,DÜZCE,41.1379,29.369,İstanbul,Wrong
1472E015-195C-4B78-B79E-550A6726071E,ÖMÜR ECZANESİ,Düzce,Merkez,40.83906,31.16028,Düzce,Correct
94477CF7-2C0C-4162-98DA-556B3D05914B,NİMET ECZANESİ,Düzce,Akçakoca,41.0881,31.12178,Düzce,Correct
FAE69AEE-CB6E-4397-B42C-55B3E55D650F,GÜMÜŞOVA DEVLET HASTANESİ,Düzce,Gümüşova,40.85583,30.95607,Düzce,Correct
58D1B161-8324-4FA0-8C83-58A16AB75F73,MUSTAFA NURİ BERBER MUAYENEHANESİ,Düzce,Akçakoca,41.08867,31.12238,Düzce,Correct
7356DBA7-915B-42F5-9616-58FEAD5D1BAA,GÖNÜL ECZANESİ,Düzce,Merkez,40.03653,32.89998,Ankara,Wrong
7599B108-08BF-4631-A303-5948670F2BDE,NESLİHAN ECZANESİ,Düzce,Çilimli,40.88478,31.05806,Düzce,Correct
A4128520-C45D-4A04-876C-5965EF510B80,RUMELİ ECZANESİ,Düzce,Merkez,40.84237,31.15017,Düzce,Correct
5C716562-BE2D-4586-B1E0-5C0B731C09A1,ERAY ECZANESİ,Düzce,Merkez,40.83673,31.15004,Düzce,Correct
8CEDE4FE-606C-44BB-BD02-5DEBA1CC94CF,EMİRGAN ECZANESİ,Düzce,Merkez,40.84203,31.15531,Düzce,Correct
495E7E04-82BD-4DC8-B506-5E939713BE2D,FİDAN ECZANESİ,Düzce,Merkez,40.84957,31.1828,Düzce,Correct
052CD392-EB39-4C42-808B-60BBBD10C029,AYDIN ECZANESİ,Düzce,Kaynaşli,41.16972,29.05843,İstanbul,Wrong
07D0C3B3-D63C-449B-848D-60EE7DDD4323,DÜZCE MERKEZ ÇINARLI AİLE SAĞLIĞI MERKEZİ,Düzce,Merkez,40.76626,31.11843,Düzce,Correct
199893A3-B8BA-4DA5-847C-61011BED51ED,ÖZEL DÜZCE GÖZ TIP MERKEZİ,Düzce,Merkez,40.84161,31.14182,Düzce,Correct
3D37374E-389F-4543-A6E1-61CF42E81221,YAĞMUR ECZANESİ,Düzce,Merkez,40.84374,31.13869,Düzce,Correct
41A416B5-BD58-4B30-B233-653EA0A47C7F,AKÇAKOCA ECZANESİ,Düzce,Akçakoca,41.08766,31.11702,Düzce,Correct
82437113-470C-4C15-9EE1-65442ED98BD7,DERMAN ECZANESİ,Düzce,Merkez,40.83348,31.15788,Düzce,Correct
40D2B3C9-459D-4D06-B052-65E7C8A43DB5,ANKARA ECZANESİ,Düzce,Merkez,40.83783,31.16519,Düzce,Correct
6741B379-F2C7-4966-A546-683F4832891C,DÜZCE MERKEZ YENİ TAŞKÖPRÜ AİLE SAĞLIĞI MERKEZİ,Düzce,Merkez,40.83415,31.10488,Düzce,Correct
C35B14FE-FCBE-4834-9DC9-685C00BC5CD1,DÜZCE KAYNAŞLI AİLE SAĞLIĞI MERKEZİ,Düzce,Kaynaşli,40.77298,31.31938,Düzce,Correct
AA5055ED-C28A-41A2-B419-69EB0F97E382,KENT ECZANESİ,Düzce,Merkez,40.84037,31.13815,Düzce,Correct
6B7AF4BF-B3A4-451D-BD3A-6AAC10BCF967,DÜZCE HALK SAĞLIĞI MÜDÜRLÜĞÜ,Düzce,Merkez,40.84002,31.15586,Düzce,Correct
5F580ACF-2300-48FE-AD3B-6B6EA60CF08F,DÜZCE ATATÜRK DEVLET HASTANESİ ANA BİNA,Düzce,Merkez,40.84388,31.13752,Düzce,Correct
0C9C53EA-F482-4144-861D-6CA327730FBA,ŞERİF ALİ ÖZMEN MUAYENEHANESİ,Düzce,Akçakoca,41.08874,31.11983,Düzce,Correct
5EBB0773-ED03-4F0D-AA3A-6CDC57D11261,KINALIKAYA ECZANESİ,Düzce,Merkez,40.83732,31.13668,Düzce,Correct
C1399434-0255-41EE-81F0-72C742ED20CD,SERKAN ECZANESİ,Düzce,Cumayeri,40.87314,30.95016,Düzce,Correct
1A2FC843-5081-454D-A3A1-73D9B6986897,DTK FİTNESS CLUB,Düzce,Merkez,40.85568,31.16505,Düzce,Correct
C188548A-B33C-4D73-8AFA-75323B09C559,DİYETİSYEN ŞULE GÖRÜR,Düzce,Merkez,40.84137,31.14262,Düzce,Correct
76177E3A-8EED-4248-B012-757B87CD54FC,IRMAK ECZANESİ,Düzce,Merkez,39.29537,-76.49196,Dundalk,Wrong
B464B0F2-666B-48FC-97E9-76E8EB651B36,DÜZCE MERKEZ YAZLIK AİLE SAĞLIĞI MERKEZİ,Düzce,Merkez,40.94278,31.16428,Düzce,Correct
E018F263-E15F-44DA-B63B-77F49408FEB0,NECDET ECZANESİ,Düzce,Çilimli,40.88766,31.04541,Düzce,Correct
03EAFDF1-397A-4F47-A4C5-79F5A4353609,DÜZCE MERKEZ DERELİ TÜTÜNCÜ AİLE SAĞLIĞI MERKEZİ,Düzce,Merkez,40.83105,31.18776,Düzce,Correct
98A0BDCA-1344-41B1-A48A-7B0B446AB480,BERK ECZANESİ,Düzce,Merkez,40.84036,31.14657,Düzce,Correct
FCCECB3E-1D0C-49B1-9288-7C236042EBB1,YENİ KONURALP ECZANESİ,Düzce,Merkez,40.90486,31.15063,Düzce,Correct
202740E4-0132-4E64-9D1F-7D73AD979529,OZAN ECZANESİ,Düzce,Gümüşova,40.8589,30.9584,Düzce,Correct
78C4C5E9-3130-4C0A-8C71-7D90A05F7C15,YARDIM ECZANESİ,Düzce,Gümüşova,40.858,30.9572,Düzce,Correct
FD930C36-DA2D-47E9-BBDF-7F58A23C5207,BEYKÖY ECZANESİ,Düzce,Merkez,40.7778,31.17554,Düzce,Correct
717CC841-EEC3-40C0-9148-8276346EC3E1,YUSUF KURBAN MUAYENEHANESİ,Düzce,Merkez,40.83671,31.16786,Düzce,Correct
00EA4BB5-B60F-44FB-92B2-84686CD93001,DÜZCE MERKEZ 5 NOLU AİLE SAĞLIĞI MERKEZİ,Düzce,Merkez,40.84349,31.17493,Düzce,Correct
496B976E-3768-4ACB-B6DB-84D9E42CE7BC,ÖZEL DÜZCE VİTAL DİYALİZ,Düzce,DÜZCE,40.9364,29.2759,İstanbul,Wrong
7D287052-7405-4589-88D0-85F1DB331257,DÜZCE MERKEZ 8 NOLU AİLE SAĞLIĞI MERKEZİ,Düzce,Merkez,40.84294,31.15631,Düzce,Correct
4808B47C-658A-4C2C-BDBA-88A56258E1B8,ELMAS ECZANESİ,Düzce,Merkez,40.84397,31.1368,Düzce,Correct
05EBF96E-05D0-4E7F-92E7-88A5C5CB84A9,HAKAN ECZANESİ,Düzce,Gölyaka,40.77971,30.99458,Düzce,Correct
7A64BC4C-AB1B-432F-A7E6-88E83CBD4B02,BAKIR ECZANESİ,Düzce,Merkez,40.83956,31.1594,Düzce,Correct
AFC60A48-DB0B-470E-BEEF-88F39B29A78C,DÜZCE MERKEZ 3 NOLU AİLE SAĞLIĞI MERKEZİ,Düzce,Merkez,40.83438,31.15908,Düzce,Correct
6C6B8649-AE7B-4B3E-91F3-8957C096A178,ÖZEL DÜZCE AĞIZ VE DİŞ SAĞLIĞI POLİKLİNİĞİ,Düzce,Merkez,40.84181,31.15657,Düzce,Correct
8C0F7739-1AB1-4A84-B4D4-8AB0FA4EDFD1,KAYNAŞLI ECZANESİ,Düzce,Kaynaşli,40.77283,31.31084,Düzce,Correct
BCEFC3DF-1F48-4012-8CF4-8B03713E0690,GÜN ECZANESİ,Düzce,Merkez,40.83671,31.15851,Düzce,Correct
6015F86D-160C-4E35-9D06-8D034338D2A0,HACETTEPE ECZANESİ,Düzce,Merkez,40.84243,31.13589,Düzce,Correct
6CBB2E06-670B-4832-842E-8D81F4FA5FEB,İPEK ECZANESİ,Düzce,Kaynaşli,40.77224,31.3108,Düzce,Correct
D655011B-4529-441E-B78E-8E2A9A84AB7D,BURAK ECZANESİ,Düzce,Çilimli,40.89234,31.0483,Düzce,Correct
7F9F508F-B160-42D3-90B4-8E58F84F88C4,PARK ECZANESİ,Düzce,Merkez,40.84294,31.13663,Düzce,Correct
18F54FC6-B8AB-430E-B9F2-8FDCD8531308,YAŞAR ECZANESİ,Düzce,Merkez,40.84056,31.14832,Düzce,Correct
3EA8A370-6A0E-43B4-BF7E-90926E749BAE,GEDİK ECZANESİ,Düzce,Merkez,40.85102,31.16332,Düzce,Correct
B4621243-38B9-4AC8-9C9F-91051A268C25,ASİL ECZANESİ,Düzce,Merkez,40.83657,31.17124,Düzce,Correct
8AE456B6-6E98-467A-861E-936A2D8BEF46,CELAL BAYRAKÇI MUAYENEHANESİ,Düzce,Merkez,40.8474,31.15208,Düzce,Correct
DB35C9CC-B935-4342-8819-93F7352DC21F,LİVA GÜVENÇ MUAYENEHANESİ,Düzce,Merkez,39.00377,-76.88076,Maryland,Wrong
BD2DC48B-20D3-4D0C-9BB6-941E8CCEF3A3,FATİH ECZANESİ,Düzce,Merkez,38.99477,-76.89276,Maryland,Wrong
F67CDE39-770C-4F4E-BF81-9769806DEE58,ÜMİT ECZANESİ,Düzce,Merkez,40.84505,30.9376,Düzce,Correct
6E817F39-16CB-44AB-B757-9846EBDE0414,ŞEYMA ECZANESİ,Düzce,Merkez,40.85618,31.14657,Düzce,Correct
00E1BDDA-0D38-44F7-A0EC-995C97769F33,DİYETİSYEN SERENAY YAVUZ SAĞLIKLI YAŞAM MERKEZİ,Düzce,DÜZCE MERKEZ,40.83683,31.16756,Düzce,Correct
17D9E192-8935-44B7-8C2D-9D076D5D55BC,DEVA ECZANESİ,Düzce,Cumayeri,41.08314,31.11298,Düzce,Correct
385CCCFD-924A-4C1E-8DC4-9DE1090073AF,ALTINIŞIK ECZANESİ,Düzce,DÜZCE MERKEZ,38.95427,-76.94676,Hyattsville,Wrong
0BF467EA-13AF-468D-AA30-9EAE05D0F212,DÜZCE MERKEZ DÜNYA BANKASI AİLE SAĞLIĞI MERKEZİ,Düzce,Merkez,40.87141,31.2107,Düzce,Correct
B541E27E-0C39-4C0F-A4DC-9EDA5FB25A35,BURAKCAN ECZANESİ,Düzce,Merkez,40.84391,31.17586,Düzce,Correct
9F2A4B0B-21DF-4242-8C2C-A0C8C01D89D3,BÜYÜK ECZANESİ,Düzce,Akçakoca,41.08653,31.12623,Düzce,Correct
561EB0B0-E0B4-416C-87A1-A21BBF2AE66C,DÜZCE MERKEZ 10 NOLU ASM,Düzce,Merkez,40.84705,31.18368,Düzce,Correct
683DEC9D-3008-4592-9BF8-A28CA5B98C39,FİLİZ ECZANESİ,Düzce,Merkez,40.90478,31.14981,Düzce,Correct
79043240-4420-4089-8FF1-A5AEED631990,PERFORMANS SAĞLIKLI YAŞAM VE DANIŞMANLIK MERKEZİ,Düzce,Merkez,40.86012,31.23122,Düzce,Correct
3C2C2675-5767-4951-B237-AB2FDD2FDDD4,MEHTAP ECZANESİ,Düzce,Merkez,40.84039,31.13559,Düzce,Correct
44317BB2-1B13-45E4-BB28-AB559300A2C7,KAYNAŞLI DEVLET HASTANESİ,Düzce,Kaynaşli,40.77249,31.31054,Düzce,Correct
A097BB0E-2CA1-47F9-9C7E-ABEC53FCC223,MELDA ECZANESİ,Düzce,Merkez,40.92096,31.2243,Düzce,Correct
9FC89CCE-61C2-437D-981E-AE1B92AFCE35,DÜZCE YIĞILCA DEVLET HASTANESİ,Düzce,Yiğilca,40.96318,31.45147,Düzce,Correct
C150799C-232D-431F-AB0F-B044D18258AB,DÜZCE MERKEZ BEYKÖY AİLE SAĞLIĞI MERKEZİ,Düzce,Merkez,40.78639,31.16573,Düzce,Correct
B007A0B8-171F-4743-8C1D-B047DDAE142C,UTKU ECZANESİ,Düzce,Merkez,40.84233,31.15544,Düzce,Correct
72C094BE-498E-4DE9-B610-B172B416E115,SAĞLIK ECZANESİ,Düzce,Merkez,40.84204,31.13543,Düzce,Correct
855BB8D1-0583-44B8-82A1-B1B136AFC4AD,DÜZCE ÖZEL BEYAZ DİŞ AĞIZ VE DİŞ SAĞLIĞI POLİKLİNİĞİ,Düzce,Merkez,40.84035,31.15359,Düzce,Correct
CEDF313F-F75A-4F96-8EA4-B27E6D30EDE9,DÜZCE ATATÜRK DEVLET HASTANESİ MUNCURLU EK HİZMET BİNASI,Düzce,Merkez,40.81217,31.24218,Düzce,Correct
6705523D-0005-4FE4-8079-B60F45CB709B,FAHRETTİN ÇAKMAKCI MUAYENEHANESİ,Düzce,Merkez,40.84134,31.14836,Düzce,Correct
6944B744-F0FF-4744-B7D2-B880FE170017,İKİZLER ECZANESİ,Düzce,Merkez,40.89328,31.16919,Düzce,Correct
3EFDCFA1-B1B3-4B15-9363-B8C760B1C2D1,ÖZEL FİZEMA TIP MERKEZİ,Düzce,Merkez,40.84039,31.141,Düzce,Correct
AC55A74A-DEBB-45D5-94ED-B8CA5E8D8623,AYŞE ECZANESİ,Düzce,Merkez,40.84035,31.15333,Düzce,Correct
79311E89-77BA-4FF6-805D-B96EC7B5D7BB,ZERRİN GÜÇETİL GÖKESAOĞLU MUAYENEHANESİ,Düzce,Merkez,40.83934,31.1602,Düzce,Correct
83B52619-EAF7-4180-9B83-BD7921DBDA1F,HAYAT ECZANESİ,Düzce,Akçakoca,41.0883,31.12381,Düzce,Correct
6DA8912D-D345-4C2F-B536-BDB2D6500D80,AKÇAKOCA LÜTFİYE VE İSMAİL BAHA HOROZ ASM,Düzce,Akçakoca,41.0824,31.10454,Düzce,Correct
7902C7F1-6AB5-450E-B491-BE0DE4C44E2F,DÜZCE AKÇAKOCA DEVLET HASTANESI,Düzce,Merkez,40.99914,31.01372,Düzce,Correct
282F8AB9-FAA2-4766-86C8-BE8FE807B257,AYŞE EFE ARICAN ÖZEL MUAYENEHANESİ,Düzce,Merkez,40.84271,31.15777,Düzce,Correct
BE44D451-E1A0-4785-BBB5-BF4340C5602E,DÜZCE GÖLYAKA AİLE SAĞLIĞI MERKEZİ,Düzce,Gölyaka,40.78098,30.9935,Düzce,Correct
A5079E9C-6ED7-4D21-8919-BF735FA40A20,KARDELEN ECZANESİ,Düzce,Merkez,40.84394,31.137,Düzce,Correct
F6BF660E-3B3A-4BE9-80A1-C0068C63B8B9,İSMAİL FEVZİ OKAY MUAYENEHANESİ,Düzce,Merkez,40.84075,31.14833,Düzce,Correct
CF58C731-C409-4C5C-8847-C129E6821359,FULYA ORDU KAP MUAYENEHANESİ,Düzce,Merkez,40.84035,31.14779,Düzce,Correct
C2F84657-F794-4AAA-BDB6-C3FED8607391,GÜL ECZANESİ,Düzce,Merkez,40.83138,31.18729,Düzce,Correct
E1D96062-AFA8-42BF-BFA8-C4FF102F3DB7,NİMET ECZANESİ,Düzce,Merkez,40.84211,31.13536,Düzce,Correct
11912BF8-2D87-456A-AD44-C54BC9DCC837,ŞİFA ECZANESİ,Düzce,Akçakoca,41.08868,31.12298,Düzce,Correct
F4920DE3-B4FA-4711-B69A-C56A58F0DD63,BEDİR ECZANESİ,Düzce,Merkez,40.83921,31.16277,Düzce,Correct
EFDD7197-B531-40E8-80CF-C5FFC54A8A3B,DÜZCE KIZILAY KAN MERKEZİ,Düzce,Merkez,40.77356,31.31849,Düzce,Correct
D35F2209-444F-42AC-B8D1-C67428660A97,BARLAS DİŞ SAĞLIĞI POLİKLİNİĞİ,Düzce,Akçakoca,41.08915,31.12612,Düzce,Correct
0C593A3E-A586-408C-AF24-C82A4D68532A,SENA ECZANESİ,Düzce,Merkez,40.83629,31.16345,Düzce,Correct
4944050D-DCD7-4ABB-9DB5-CB560733EBCF,YASEMİN ECZANESİ,Düzce,Merkez,40.83972,31.16292,Düzce,Correct
93F11ED6-6BC1-460A-803F-CC3AFCA17A78,TOLGA ÇEKİÇ MUAYENEHANESİ,Düzce,Merkez,40.84309,31.15136,Düzce,Correct
8BD10673-6E78-4833-A323-D2C69BA282E1,MELEN ECZANESİ,Düzce,Merkez,40.84039,31.14328,Düzce,Correct
4B0D41D5-DECC-4F67-96DF-D395B356C6FF,REYHAN ECZANESİ,Düzce,Merkez,40.85354,31.2267,Düzce,Correct
B9893E2A-AF06-4F13-9363-D4C4A11B9F0D,ELİF ECZANESİ,Düzce,Akçakoca,41.08229,31.10409,Düzce,Correct
8A8E84FF-F6CE-4C93-97ED-D51C56661D52,GÖLYAKA İLÇE DEVLET HASTANESİ,Düzce,Gölyaka,40.77961,30.9942,Düzce,Correct
FFFBCE8A-D107-44EE-B224-D783B0FE53E4,DÜZCE YIĞILCA AİLE SAĞLIĞI MERKEZİ,Düzce,Yiğilca,40.95895,31.44107,Düzce,Correct
9D51CD8D-C8D7-4B07-8F42-D78A9904A91F,AŞİYAN ECZANESİ,Düzce,Merkez,39.18314,27.59972,Soma,Wrong
0892F7CC-8D53-48EC-8927-D7F7619152C1,ULVİYE DİKMEN MUAYENEHANESİ,Düzce,Merkez,40.83887,31.1611,Düzce,Correct
E6AB4A99-CEDC-4C19-9C94-D8BB74A008A8,ULUÇINAR ECZANESİ,Düzce,Merkez,40.84385,31.13775,Düzce,Correct
A551F10F-BC3D-412C-9075-DEE19EA3DE9C,ŞİFA ECZANESİ,Düzce,Yiğilca,41.08868,31.12298,Düzce,Correct
2F2EEFA7-3456-4FA6-896E-DEED6152C7B4,DÜZCE MERKEZ 4 NOLU AİLE SAĞLIĞI MERKEZİ,Düzce,Merkez,40.83801,31.17107,Düzce,Correct
1FD36304-D850-493E-960C-E19508C9AF73,DÜZCE ÇİLİMLİ DEVLET HASTANESİ,Düzce,Çilimli,40.81221,31.24229,Düzce,Correct
9E3BC58C-6426-4DFA-BAF4-E2153802CC7F,DÜZCE ÜNİVERSİTESİ EĞİTİM ARAŞTIRMA HASTANESİ,Düzce,Merkez,40.90363,31.17429,Düzce,Correct
AD6E8503-6553-4FD4-BFAE-E32C0FA0491D,DÜZCE MERKEZ 9 NOLU AİLE SAĞLIĞI MERKEZİ,Düzce,Merkez,40.82806,31.18646,Düzce,Correct
7CFE972E-0E11-40B2-ACF1-E4B35EE82BBE,MİNE ECZANESİ,Düzce,Merkez,40.84035,31.14761,Düzce,Correct
3E78CFB8-E714-4D10-A775-E5EA52ECE7AB,DERYA BAŞBUĞ MUAYENEHANESİ,Düzce,DÜZCE,40.9493,28.8909,İstanbul,Wrong
4273AE97-474E-44DC-A492-E5EB3107BDD6,ELİF ECZANESİ,Düzce,Merkez,40.77224,31.31846,Düzce,Correct
0784620E-1012-4137-BA54-E80BABE74A09,AHSEN ECZANESİ,Düzce,Merkez,40.89363,31.16759,Düzce,Correct
3C47D0A5-BCB2-4D9A-897A-E93B51E94316,DÜZCE MERKEZ 6 NOLU AİLE SAĞLIĞI MERKEZİ,Düzce,Merkez,40.8607,31.23138,Düzce,Correct
835B0DE6-1364-4E1A-AEB2-E963BF94B3EB,DÜZCE ÖZEL GÜNEŞ TIP MERKEZİ,Düzce,Merkez,40.84206,31.13798,Düzce,Correct
AC858B0A-6F60-45AB-9BA5-ED28DB4C3B95,ANIL AYDIN ECZANESİ,Düzce,Kaynaşli,40.77306,31.3146,Düzce,Correct
CEA10128-54B6-42B1-86C5-EEFB4F1974E3,DÜZCE CUMAYERİ AİLE SAĞLIĞI MERKEZİ,Düzce,Cumayeri,40.87053,30.95254,Düzce,Correct
1BF37434-5BC8-487B-847C-EF50F2B9FEAA,ÖZEL ÇAĞSU HASTANESİ DÜZCE,Düzce,Merkez,40.83192,31.18236,Düzce,Correct
F02D99C4-3BCE-4A63-8582-EF540F0F9CE0,GÜNEŞ ECZANESİ,Düzce,Akçakoca,41.08459,31.17331,Düzce,Correct
CA433E63-8C16-4DFF-81CA-F2CC86F806C6,GOLYAKA ECZANESI,Düzce,Merkez,40.77967,30.99442,Düzce,Correct
5E8FEDD0-4D0A-4106-B0A9-F37751F43CD2,ÇAKLI ECZANESİ,Düzce,Merkez,40.83594,31.17651,Düzce,Correct
14A0CFE0-6583-4622-8A25-F38D56CE5573,MELEK ECZANESİ,Düzce,Gölyaka,41.08293,31.11296,Düzce,Correct
21F7DEF4-4CA3-4F58-8698-F39DD6B6FFD9,DÜZCE MERKEZ ŞEHİT UFUK BAYSAN AİLE SAĞLIĞI MERKEZİ,Düzce,Merkez,40.84538,30.93901,Düzce,Correct
46361A8C-D857-40D4-88D7-F458E7B6E360,NAR ECZANESİ,Düzce,Merkez,40.83696,31.1617,Düzce,Correct
21334F20-6C68-4337-9704-F46C36E4D793,AYŞENUR ECZANESİ,Düzce,Merkez,40.85283,30.94841,Düzce,Correct
3CA3998A-32AD-4A0C-A615-F51647A97D7E,VEYSEL AYDIN MUAYENEHANESİ,Düzce,Merkez,40.84142,31.15064,Düzce,Correct
CE32A18E-39DD-45B6-93E7-F5F4AB0B2CD9,ÜLKER ECZANESİ,Düzce,Gölyaka,40.77952,30.99381,Düzce,Correct
576984BB-C6AB-4332-8382-F6A61A9A3B35,BAHÇELİEVLER ECZANESİ,Düzce,Merkez,40.84052,31.14951,Düzce,Correct
5476F940-6E70-408D-A987-F6AE5BFD0A1C,ZEYNEP ECZANESİ,Düzce,Merkez,40.84191,31.14246,Düzce,Correct
0353B82A-3038-4199-AA44-F6B8333C9994,SEÇKİN ECZANESİ,Düzce,Akçakoca,41.08782,31.11722,Düzce,Correct
FA5A50C6-CE19-4D28-B4BC-F841DD40DD85,ZUHAL GÜRER MUAYENEHANESİ,Düzce,Gölyaka,40.77736,30.99694,Düzce,Correct
16E734B9-EBEA-49D8-94DE-F9D16B0C4B4D,YIĞILCA ECZANESİ,Düzce,Yiğilca,40.96214,31.44791,Düzce,Correct
56121B3F-6EA1-46E4-8894-FAF4E4C34DF5,DÜZCE MERKEZ 7 NOLU AİLE SAĞLIĞI MERKEZİ,Düzce,Merkez,40.83726,31.14836,Düzce,Correct
C74BF979-D0B1-44B9-A910-FAFEBC41F661,EMEL ECZANESİ,Düzce,Merkez,40.83704,31.16708,Düzce,Correct
DF516E17-D312-4BB1-8916-FD4A076EEE32,UFUK VARDAR MUAYENEHANESİ,Düzce,Merkez,40.83846,31.16095,Düzce,Correct
7DC27520-29E8-4EFE-A165-FDA288CA8B45,DÜZCE MERKEZ BEYCİLER AİLE SAĞLIĞI MERKEZİ,Düzce,Merkez,40.86176,31.18007,Düzce,Correct
592E2F7A-07AF-421D-9653-FEA912FF4F6F,İNCİ ECZANESİ,Düzce,Merkez,40.84195,31.1355,Düzce,Correct
5E99386F-C24C-41B8-9BD8-FFEEE7D9C858,NEŞE CEYLAN ZENGİN KLİNİK,Düzce,DÜZCE MERKEZ,40.84522,31.15869,Düzce,Correct
