UnitId,UnitName,CityName,DistrictName,Latitude,Longitude,DetectedCity,Match
76B8C87D-60C3-4607-9B3D-00845877EDDC,GÜNDÜZ ECZANESİ,Hakkari,Yüksekova,37.56823,44.22979,Hakkâri,Correct
F6AA300F-9365-4AC4-ADCF-06E4CC12888E,ŞEMDİNLİ MERKEZ TSM,Hakkari,Şemdinli,37.30528,44.57337,Hakkâri,Correct
C7517A3B-6DE8-431D-ADE3-07469326BC5E,PINAR DUMAN KLİNİĞİ,Hakkari,Yüksekova,37.58302,44.29007,Hakkâri,Correct
784C9671-C7B2-444E-A93F-09A0AAA1B575,HAKKARİ YÜKSEKOVA 4 NOLU AİLE SAĞLIĞI MERKEZİ,Hakkari,Yüksekova,37.57021,44.28061,Hakkâri,Correct
65621736-9239-424D-8364-0CB062FE4504,HAKKARI AĞİZ VE DIŞ SAĞLİĞİ MERKEZI,Hakkari,Merkez,37.57652,43.73619,Hakkâri,Correct
352BDED1-2CD7-493D-BBE2-0D4FC7279989,DERECİK DEVLET HASTANESİ,Hakkari,Şemdinli,37.30618,44.57457,Hakkâri,Correct
8B495109-8876-4862-BEB7-156A789DEDED,HAKKARI ŞEMDINLI DEVLET HASTANESI,Hakkari,Şemdinli,37.30708,44.57577,Hakkâri,Correct
41E64A44-585E-42CD-99F0-15EDB00530B1,ERDİL ECZANESİ,Hakkari,Yüksekova,37.56871,44.23982,Hakkâri,Correct
2E95CD21-CACD-406C-B282-168F8E2B796C,YÜKSEKOVA ECZANESİ,Hakkari,Yüksekova,37.57162,44.28201,Hakkâri,Correct
CA388115-3F36-4993-9519-19B81A1B9FC0,ÇUKURCA DEVLET HASTANESİ,Hakkari,Çukurca,37.2472,43.61328,Hakkâri,Correct
87D17305-0A60-48B6-BB8F-19F17001DFC7,HAKKARİ ŞEMDİNLİ MERKEZ AİLE SAĞLIĞI MERKEZİ,Hakkari,Şemdinli,37.30714,44.57229,Hakkâri,Correct
D56DC570-A87E-43BF-BBD8-1D1A8A146946,ÖZEL YÜKSEKOVA DİŞ KLİNİĞİ,Hakkari,Yüksekova,37.58212,44.28887,Hakkâri,Correct
D40BD396-7043-4E45-8E5A-1EF906472C1F,BARTIN ECZANESİ,Hakkari,Yüksekova,37.56838,44.22956,Hakkâri,Correct
A898AA4B-150C-48E4-8ACD-20BC2B200361,DİLAN ECZANESİ,Hakkari,Yüksekova,37.57016,44.28369,Hakkâri,Correct
C722A243-03B7-44A6-B1BC-246FADFD18B4,AVAŞİN ECZANESİ,Hakkari,Yüksekova,37.57298,44.28092,Hakkâri,Correct
5249BEFD-2C70-4A1B-BE66-2AFC853A79A9,YAŞAM ECZANESİ,Hakkari,Şemdinli,37.30712,44.57231,Hakkâri,Correct
1579BF76-60AB-4288-998D-2F6EB873DD61,MERKEZ ECZANESİ,Hakkari,Şemdinli,39.64007,-76.03236,No Info,No Info
F3BF6724-283F-426E-AE0A-3396079B2293,HAKKARİ YÜKSEKOVA 5 NOLU AİLE SAĞLIĞI MERKEZİ,Hakkari,Yüksekova,37.55938,44.28817,Hakkâri,Correct
958548EF-92C5-4D25-9FCD-36AA0D93C48C,FARUK UZMAN DİŞ KLİNİĞİ,Hakkari,Yüksekova,37.57122,44.28332,Hakkâri,Correct
51B3DCC4-D381-48E1-B5BC-3A8327EA3E5E,ŞEMDİNLİ ECZANESİ,Hakkari,Şemdinli,37.57188,44.28449,Hakkâri,Correct
3EA5AE03-9080-40F6-B5B6-3AAB9892FA77,HAKKARİ YÜKSEKOVA 1 NOLU AİLE SAĞLIĞI MERKEZİ,Hakkari,Yüksekova,37.57111,44.28181,Hakkâri,Correct
8CB345A0-785D-491E-AB76-3E6E3E652609,SÜLEYMAN ÇİFTÇİ,Hakkari,Şemdinli,37.29181,44.58546,Hakkâri,Correct
9141DD80-F2C2-445E-B886-43DBA0499959,HAKKARİ YÜKSEKOVA 3 NOLU AİLE SAĞLIĞI MERKEZİ,Hakkari,Yüksekova,37.58086,44.29061,Hakkâri,Correct
B8664383-E07B-4835-A5B9-43E1ED454ED7,HAKKARİ DEVLET HASTANESİ,Hakkari,HAKKARİ MERKEZ,36.77179,28.80191,Muğla,Wrong
303683A9-C78B-4458-A9F5-45D723EC63BB,NAVŞAR ECZANESİ,Hakkari,Şemdinli,37.30527,44.57264,Hakkâri,Correct
F69ADEF2-E1B1-4E86-AFB2-4719DE843BCE,DERECİK ECZANESİ,Hakkari,Şemdinli,37.56845,44.29136,Hakkâri,Correct
291FB032-67EC-447A-AF28-4B243C355A56,HAKKARİ MERKEZ 1 NOLU AİLE SAĞLIĞI MERKEZİ,Hakkari,Merkez,37.57786,43.73384,Hakkâri,Correct
92F9E41C-4086-49C4-A14C-546DE2EAA8C3,UMUT ECZANESİ,Hakkari,Merkez,37.57696,43.73264,Hakkâri,Correct
20DF5E3E-DC03-4587-9CC5-56CF6B2DFA69,MELEK PERİHAN ÖZTÜRK MUAYNEHANESİ,Hakkari,Yüksekova,37.57295,44.28097,Hakkâri,Correct
640B0017-5FDF-45C3-958F-56F757DDC1AA,HAKKARİ MERKEZ 3 NOLU ASM,Hakkari,Merkez,37.57917,43.74617,Hakkâri,Correct
9ACDD6A7-103A-4A14-A3B5-58C190E63CB6,ÖZEL YOKSEKOVA DEHA DENT DİŞ KLİNİĞİ,Hakkari,Yüksekova,37.57057,44.28379,Hakkâri,Correct
29D42AD6-5172-4DB5-BA70-5A8E63B359F2,DEVA ECZANESİ,Hakkari,Yüksekova,37.57146,44.28362,Hakkâri,Correct
D04C528E-7E33-4C70-A2FE-5E5947958428,VEDAT IŞIK ÖZEL EGE DİŞ KLİNİĞİ,Hakkari,Yüksekova,37.57093,44.28286,Hakkâri,Correct
4EA2D51B-F11C-4551-905F-61637EB54C36,PINAR ECZANESİ,Hakkari,Merkez,37.5749,43.7367,Hakkâri,Correct
955C7788-B644-4836-A374-61B0081683DC,GÜNEŞ ECZANESİ,Hakkari,Merkez,37.57808,43.73472,Hakkâri,Correct
EC679ACE-C56B-4B4E-AF6E-6F4C24E24687,ŞİFA ECZANESİ,Hakkari,Yüksekova,37.56913,44.23099,Hakkâri,Correct
D3471B5C-0E7A-4BE1-A39A-7305DED813CF,ÖZEL HAKKARİ DENTSTOP DİŞ KLİNİĞİ,Hakkari,HAKKARİ MERKEZ,37.5769,43.7326,Hakkâri,Correct
18F47FCA-1C57-4732-8EE4-7AABF2582329,HAKKARİ MERKEZ 6 NOLU AİLE SAĞLIĞI MERKEZİ,Hakkari,Merkez,37.56614,43.72302,Hakkâri,Correct
235B0F26-C860-4E7D-8FB9-7D7D15652026,ÖZEL HAKKARİ AYDENT DİŞ KLİNİĞİ,Hakkari,HAKKARİ MERKEZ,37.57333,43.73209,Hakkâri,Correct
5D43883F-C2AD-4D11-ACF8-812B81737248,DERMAN ECZANESİ,Hakkari,Şemdinli,37.57098,44.28329,Hakkâri,Correct
33D36031-A4C7-481F-A5CC-819820FAA189,İKİZLER ECZANESİ,Hakkari,Merkez,39.66977,-75.99276,No Info,No Info
31E77B06-2B4F-4C7C-BA82-8316BAE7D81A,GÜVEN ECZANESİ,Hakkari,Merkez,37.57592,43.73196,Hakkâri,Correct
A90BC0B1-6A4D-4DC6-B308-8676AE3CB54C,DERMAN ECZANESİ,Hakkari,Merkez,37.57098,44.28329,Hakkâri,Correct
1FAB7893-1D6D-4010-A7BB-885DF23F203F,ÖZEL HAKKARİ SENTE DENT DİŞ KLİNİĞİ,Hakkari,Merkez,37.57601,43.732,Hakkâri,Correct
630A69BD-CB00-4B99-AF69-891E282CC792,TUBA KAYA MUAYNEHANESİ,Hakkari,HAKKARİ MERKEZ,37.5727,43.73712,Hakkâri,Correct
23B8E420-AEA1-4FF1-BC04-8AF51437386D,ZAGROS ECZANESİ,Hakkari,Merkez,37.52701,30.4809,Burdur,Wrong
40343756-A34D-4306-97E6-966EC837D188,HAKKARI YÜKSEKOVA DEVLET HASTANESI,Hakkari,Yüksekova,37.57003,44.23219,Hakkâri,Correct
C4C4F770-059A-4F93-9C62-9B270120C109,LOKMAN HEKİM ECZANESİ,Hakkari,Yüksekova,37.5712,44.28291,Hakkâri,Correct
C8D34EB4-BE50-491D-B8B2-9DD3DBBE0B73,DEVALİ ÖZTUNÇ MUAYEHANEHESİ,Hakkari,Yüksekova,37.56842,44.28639,Hakkâri,Correct
5A37B83E-5C58-496E-8D3D-A0B073FC239A,KAMU HASTANELERİ BİRİLİĞİ HAKKARİ GENEL SEKRETERLİĞİ,Hakkari,Merkez,37.55434,44.30202,Hakkâri,Correct
9B3D76F3-9F2A-45D3-AB43-A1823B15AECF,MALİK DAŞDELEN,Hakkari,Yüksekova,38.49038,43.37876,Van,Wrong
D093E5A0-CDBB-4565-A7D1-A2E08292668A,NECMETTİN AYDEMİR MUAYENEHANESİ,Hakkari,Merkez,37.57534,43.73701,Hakkâri,Correct
8706FA70-D595-44F8-B5F1-A36D9DD6C151,VURAL ECZANESİ,Hakkari,Merkez,37.57732,43.73675,Hakkâri,Correct
B837C94C-DD99-4AD1-AD4F-A75019118CA6,ÇUKURCA ECZANESİ,Hakkari,Çukurca,37.58496,44.0747,Hakkâri,Correct
5B73AA6F-D00D-4603-BBFC-A75CF2229E28,ERDİN ECZANESİ,Hakkari,Merkez,37.57369,43.7318,Hakkâri,Correct
3A27F6A2-F71C-4E6B-9DF6-A945EAC4D7B8,YÜKSEKOVA MERKEZ TSM,Hakkari,Yüksekova,37.57004,44.2977,Hakkâri,Correct
5F8F8453-BDE0-4B97-B15A-A9A0D9EEA09C,BAHAR ECZANESİ,Hakkari,DERECİK,37.58396,44.07969,Hakkâri,Correct
E2121F0C-FF29-4C4B-921F-AD411EF4D08D,HAKKARİ YÜKSEKOVA 2 NOLU AİLE SAĞLIĞI MERKEZİ,Hakkari,Yüksekova,37.56914,44.2965,Hakkâri,Correct
71414D34-BA7D-45D1-BF85-AFB72DAB866D,SEMİR TÖRE MUAYEHANEHESİ,Hakkari,Şemdinli,37.30596,44.57372,Hakkâri,Correct
20A3508C-03E6-4C05-A09A-B08F77DAD8B6,ŞİYAR ATAK DİŞ KLİNİĞİ,Hakkari,Yüksekova,37.5713,44.28341,Hakkâri,Correct
138097A7-DD24-498E-9223-B31F23B5BFFC,SU ECZANESİ,Hakkari,Yüksekova,37.5714,44.28165,Hakkâri,Correct
FF7687B4-81F4-4F5E-9201-B35F52F5C6C8,CANAN ECZANESİ,Hakkari,Yüksekova,39.57797,-76.11516,No Info,No Info
6E67156F-CF15-453E-85BA-B86FCEB4FFBB,SİDAR ECZANESİ,Hakkari,Yüksekova,37.57289,44.28578,Hakkâri,Correct
3B0F4A56-5C1E-4825-90A1-BCDC58A60454,YAĞMUR ECZANESİ,Hakkari,Merkez,37.56457,44.27459,Hakkâri,Correct
960E80E3-B479-4970-87AB-BFF1A4E4C7A4,ZAP ECZANESİ,Hakkari,Yüksekova,37.57261,44.28115,Hakkâri,Correct
FB622853-AC6C-4B97-B1D0-C19843A9AA52,SÜMBÜL ECZANESİ,Hakkari,Merkez,37.57423,43.73329,Hakkâri,Correct
3C047E51-7F64-4088-9D0A-C85672405A6B,GEVER ECZANESİ,Hakkari,Yüksekova,37.56558,44.26172,Hakkâri,Correct
133B2C29-095A-49E9-8FAA-C89EF594AF5F,BULUTLAR ECZANESİ,Hakkari,Yüksekova,37.56872,44.24083,Hakkâri,Correct
FF166DAC-78D4-4FC5-BF74-CACDE485FD27,ALİ ECZANESİ,Hakkari,Yüksekova,37.56995,44.28143,Hakkâri,Correct
5159912B-78E6-46FF-AA7A-CB8284B2F986,NEHRİ ECZANESİ,Hakkari,Şemdinli,37.58313,44.0849,Hakkâri,Correct
CE0A316F-5AD7-4C6A-9936-E1CA7A1063BE,HAKKARİ YÜKSEKOVA 6 NOLU AİLE SAĞLIĞI MERKEZİ,Hakkari,Yüksekova,37.57058,44.2803,Hakkâri,Correct
26F69288-65A9-4544-B34B-E7B80CED7290,ÖZEL BEYAZ IŞIK DİŞ YÜKSEKOVA,Hakkari,Yüksekova,39.98195,32.69538,Ankara,Wrong
0DDC2108-4136-458E-960E-F082D1836F6F,SÜHEYL CAN İNAN DİŞ KLİNİĞİ,Hakkari,HAKKARİ MERKEZ,37.57744,43.73663,Hakkâri,Correct
4C4BC1D8-EE38-44D4-8455-F47BB5DA4EF9,YASİN ECZANESİ,Hakkari,Yüksekova,38.94527,-76.95876,No Info,No Info
DC5CC65C-E1BB-4148-B2B6-F83E0919ABE6,HAYAT ECZANESİ,Hakkari,Yüksekova,37.56902,44.27579,Hakkâri,Correct
868E4AE0-4E21-4EAF-B149-FB3A08A9CB8E,GÜLERYÜZ ECZANESİ,Hakkari,Merkez,37.57811,43.73361,Hakkâri,Correct
9429D692-1BD8-43DB-B1B7-FC40B3A3CF43,HAKKARİ MERKEZ 2 NOLU ASM,Hakkari,Merkez,37.11587,28.31579,Muğla,Wrong
94E637C3-B2BD-4597-94AF-FC90CCDCC12E,AKDOĞAN ECZANESİ,Hakkari,Yüksekova,37.56837,44.27936,Hakkâri,Correct
6D930E82-A5B2-49AB-8312-FD87F90AC04D,NAİBOĞLU ECZANESİ,Hakkari,Yüksekova,37.5723,44.28285,Hakkâri,Correct
F6E67FBD-F11C-4477-A216-FD9A7EA2078F,ÖZEL HAKKARİ AYDEMİR DİŞ KLİNİĞİ,Hakkari,HAKKARİ MERKEZ,37.57496,43.73676,Hakkâri,Correct
