UnitId,UnitName,CityName,DistrictName,Latitude,Longitude,DetectedCity,Match
2364DC1F-6B64-496D-99E8-013E76D58FE4,HAYAT ECZANESİ,Şirnak,Silopi,37.24701,42.46672,Şırnak,Correct
E1DA9D0F-7297-4C21-B1A8-016BB6A88CE7,ŞIRNAK MERKEZ BALVEREN AİLE SAĞLIĞI MERKEZİ,Şirnak,SEDA EYMEN KILIÇ BOLAT,41.0403,29.2099,İstanbul,Wrong
0F5E69F0-ADFF-4E41-B14A-04A4549BE572,SERAF ABAY MUAYENEHANESİ,Şirnak,Cizre,37.32794,42.18601,Şırnak,Correct
C639C393-531E-42CF-8CC8-050D237FBFC5,ANADOLU ECZANESİ,Şirnak,Cizre,37.3264,42.1848,Şırnak,Correct
F6535638-5DA7-44FB-B0C3-064F521E081F,TUNÇ ECZANESİ,Şirnak,Silopi,37.25291,42.45685,Şırnak,Correct
3EB0E750-558B-451A-8BCC-0AA6E3CBB4C6,AYDIN ECZANESİ,Şirnak,Merkez,38.31707,32.87499,Konya,Wrong
01ED72F3-F1A9-4ECE-986C-0DA9249A38A3,ARMİN ECZANESİ,Şirnak,İdil,37.3441,41.88316,Şırnak,Correct
7AB4736B-B2D6-48AF-94C8-0E3CDCB88187,ŞIRNAK CİZRE 1 NOLU AİLE SAĞLIĞI MERKEZİ,Şirnak,Cizre,37.33045,42.18901,Şırnak,Correct
05C8E1C8-FB81-421B-A1A2-13F7534D6EA9,SARIYILDIZ ECZANESİ,Şirnak,Cizre,37.32535,42.18512,Şırnak,Correct
55C87EA0-5B43-4F40-B1D8-17C9FBF5046A,GÜNEŞ ECZANESİ,Şirnak,Silopi,37.25951,42.45618,Şırnak,Correct
71800DBB-715E-46D0-83E2-185805BA3116,ŞIRNAK MERKEZ EĞİTİM AİLE SAĞLIĞI MERKEZİ,Şirnak,SEDA EYMEN KILIÇ BOLAT,40.8585,28.9684,İstanbul,Wrong
9EDC0539-5D07-4DA2-9AD7-19534548EBE6,ŞIRNAK MERKEZ 2 NOLU AİLE SAĞLIĞI MERKEZİ,Şirnak,SEDA EYMEN KILIÇ BOLAT,40.8468,28.915,İstanbul,Wrong
9BAC9E30-3D81-4248-8531-1998C31891E5,PAMUK ECZANESİ,Şirnak,Merkez,38.30921,32.86318,Konya,Wrong
ADD70184-3979-48F6-9171-1A8EA8E09EC2,ŞIRNAK İDİL TURGUT ÖZAL AİLE SAĞLIĞI MERKEZİ,Şirnak,İdil,37.34147,41.88206,Şırnak,Correct
FCB02B6F-7D2C-488F-87B9-1B105FEE79CE,NERGİS ECZANESİ,Şirnak,Merkez,38.31437,32.87139,Konya,Wrong
033116E3-A16A-4E37-A7A4-1F5EADB5DFB8,İBNİ SİNA ECZANESİ,Şirnak,Cizre,37.33233,42.19106,Şırnak,Correct
ED649F0A-75B6-4086-83D7-1F87999CDE54,DUMAN ECZANESİ,Şirnak,İdil,37.51655,42.44711,Şırnak,Correct
A035D652-7C82-4CDF-8B6A-233380CA1213,ABDURRAHMAN İŞNAÇ MUAYENEHANESİ,Şirnak,Cizre,37.33207,42.1858,Şırnak,Correct
99651C8D-6898-4642-9595-2352C25D7299,ULUDERE DEVLET HASTANESİ,Şirnak,Uludere,37.44687,42.84557,Şırnak,Correct
F15AB972-5FF3-48A8-9DAA-2362A426876E,FIRAT EKMEZ MUAYENEHANESİ,Şirnak,Silopi,37.24684,42.46876,Şırnak,Correct
B6542B4B-20D3-44CE-83F1-276C8A1C0E4B,DR ÜMMÜGÜLSÜM MUAYENEHANE,Şirnak,Merkez,37.5199,42.45707,Şırnak,Correct
6669B937-4367-4C5F-B5CC-2909B8D61190,KONAK ECZANESİ,Şirnak,Cizre,37.33617,42.19746,Şırnak,Correct
8C093508-1C73-426A-80E5-29543028C127,İDİL İLÇE SAĞLIK MÜDÜRLÜĞÜ,Şirnak,İdil,37.34025,41.89251,Şırnak,Correct
CF1EEDAE-0579-4650-A37A-2BBC8A6ECD49,DÜNYA ECZANESİ,Şirnak,Silopi,37.25923,42.45826,Şırnak,Correct
48964FDD-FCA3-43B3-9635-2D0F96329663,SABIR ECZANESİ,Şirnak,Silopi,37.25379,42.46297,Şırnak,Correct
CB79BA62-76D6-4C64-B92F-2E7DED902243,HELİN ECZANESİ,Şirnak,Cizre,37.3219,42.18559,Şırnak,Correct
37F785DF-EC02-4C18-A81D-2EB33A1365B7,ŞIRNAK SİLOPİ ŞEHİT POLİS HİLMİ BARDAKÇI AİLE SAĞLIĞI MERKEZİ,Şirnak,Silopi,37.25419,42.47335,Şırnak,Correct
B25C34D9-8319-47EA-8A7F-304A0868EFC2,ÖZEL CİZRE DİCLE FIRAT AĞIZ VE DİŞ SAĞLIĞI POLİKLİNİĞİ,Şirnak,Cizre,37.32999,42.19028,Şırnak,Correct
D7F000D8-11B3-4D19-9533-308F1726C075,ZELAL ECZANESİ,Şirnak,Cizre,37.33135,42.19021,Şırnak,Correct
84485EFD-FC8D-40CE-AAA2-31BD75178939,ESRA ECZANESİ,Şirnak,Cizre,39.00197,-76.88316,Maryland,Wrong
B86796B8-EE42-45CD-814B-3231FD2DD502,CİZRE MERKEZ TSM,Şirnak,Cizre,37.33042,42.19089,Şırnak,Correct
53E6D8D3-5602-43B1-94D0-3294E5957E35,SEZER ECZANESİ,Şirnak,Silopi,37.24774,42.46996,Şırnak,Correct
7A84E498-5195-4808-BE49-338EAACDC710,TUNCAY ECZANESİ,Şirnak,Silopi,37.20555,42.5165,Şırnak,Correct
9274ECAE-BF30-4EC4-96AD-339B339EA33F,DERMAN ECZANESİ,Şirnak,Silopi,37.24846,42.4705,Şırnak,Correct
90789630-032C-4E60-8420-341CAD3548E6,YUSUF ECZANESİ,Şirnak,Cizre,37.32994,42.18745,Şırnak,Correct
2553E0E5-780E-4E00-951E-36349D9F56EE,SEVGİ ECZANESİ,Şirnak,İdil,37.34012,41.90143,Şırnak,Correct
D7E236D4-2CED-4571-9E4A-368C7712FB2F,CİZRE ECZANESİ,Şirnak,Cizre,37.32964,42.18882,Şırnak,Correct
D7083EA9-5127-4AC0-93BB-397F109FAF36,DİLŞAD ECZANESİ,Şirnak,Merkez,38.31527,32.87259,Konya,Wrong
B81EA13B-D5FE-48AD-902B-3983AB08C5C5,BİLİN ECZANESİ,Şirnak,Silopi,37.2569,42.46361,Şırnak,Correct
6901A653-1B42-4191-ABB5-3A0544D99F0D,KARALAR ECZANESİ,Şirnak,İdil,39.42137,-76.32396,Maryland,Wrong
1B5620AC-8E24-433B-AFB3-3D23B573C64A,DERMAN ECZANESİ,Şirnak,Silopi,37.24846,42.4705,Şırnak,Correct
A9C2638A-BA62-4DD0-9416-3E399789D4BC,HALK ECZANESİ,Şirnak,Cizre,37.3314,42.19162,Şırnak,Correct
CC950F58-CD8E-4D58-963F-3F58D0B563A5,ŞIRNAK SİLOPİ 3 NOLU AİLE SAĞLIĞI MERKEZİ,Şirnak,Silopi,37.25436,42.46146,Şırnak,Correct
AAE1C48B-FC22-4329-A716-408F43C9D89B,DEĞER ECZANESİ,Şirnak,Cizre,37.32252,42.19628,Şırnak,Correct
E545A45B-D997-4F18-98BD-42A2428619F0,ŞIRNAK CİZRE KONAK AİLE SAĞLIĞI MERKEZİ,Şirnak,Cizre,37.33659,42.19746,Şırnak,Correct
EBEE298B-8B4A-40CC-BF07-447121F10D09,SERDAR ECZANESİ,Şirnak,Cizre,37.33056,42.18985,Şırnak,Correct
6111458F-6B71-4234-B3D1-450E602D64D7,NEFES ECZANESİ,Şirnak,Merkez,39.64457,-76.02636,Maryland,Wrong
E0DBC210-EEA7-4AC7-9AFB-465F7CA80FF9,ŞIRNAK ULUDERE MERKEZ ÖZELLİ AİLE SAĞLIĞI MERKEZİ,Şirnak,Uludere,37.43823,42.87103,Şırnak,Correct
BA9C2303-AA20-454E-94C8-474F065F85A3,ŞEHRİNUH ECZANESİ,Şirnak,Merkez,37.51745,42.44831,Şırnak,Correct
A47BD05B-36B0-4730-A8C7-48CFF130BAAB,BARIŞ ECZANESİ,Şirnak,Silopi,37.25813,42.45776,Şırnak,Correct
933F0568-7408-4C48-B855-4A2C3704B83D,HAYAT ECZANESİ,Şirnak,Merkez,39.05597,-76.81116,Maryland,Wrong
6F9DCF19-DCF5-4969-8456-4A9E06A2E2B5,ÖZDEMİR ECZANESİ,Şirnak,Cizre,37.32613,42.18488,Şırnak,Correct
F9A49BFC-6198-4D91-A816-4AB3F9018AD4,ONUR ECZANESİ,Şirnak,Beytüşşebap,37.57078,43.16755,Şırnak,Correct
CE80C1E8-10A9-4EC4-B017-4C1999A2EC40,BİŞENK ECZANESİ,Şirnak,Cizre,37.33501,42.17826,Şırnak,Correct
C40D3B40-EE4A-4F34-B31C-4E7AF617B997,UMUT ECZANESİ,Şirnak,Silopi,37.25381,42.45805,Şırnak,Correct
F8877BA0-AD7F-46F7-928F-509B93DB3F99,ŞIRNAK CİZRE 4 NOLU AİLE SAĞLIĞI MERKEZİ,Şirnak,Cizre,37.34384,42.18911,Şırnak,Correct
FA340682-874F-4533-B107-51D50E6D91CC,BORA ECZANESİ,Şirnak,Cizre,37.32954,42.18956,Şırnak,Correct
73640D9C-904E-46F3-BE4F-52CD90D8096B,GÖKALP ECZANESİ,Şirnak,Cizre,37.32907,42.19135,Şırnak,Correct
7CE714DE-5FAC-4176-8980-5366AF859FD3,ŞIRNAK CİZRE MEMUZİN AİLE SAĞLIĞI MERKEZİ,Şirnak,Cizre,37.32176,42.18862,Şırnak,Correct
9A44C126-4528-4D74-9BBD-53C3BC0F3CF0,CİZRE KURTULUŞ AİLE SAĞLIĞI MERKEZİ,Şirnak,Cizre,37.49115,42.3989,Şırnak,Correct
F12C180A-A9D3-4A03-991E-550538A1328F,MALİK ECZANESİ,Şirnak,Merkez,38.96237,-76.93596,Maryland,Wrong
FCAF4A1E-8F20-4332-BDF3-55C55C875274,GÜL ECZANESİ,Şirnak,Merkez,38.31415,32.87006,Konya,Wrong
D34C9ED1-3E5F-4427-A9DD-55F2DD53776D,ŞIRNAK İDİL ÇIĞIR AİLE SAĞLIĞI MERKEZİ,Şirnak,İdil,37.15669,41.74085,Şırnak,Correct
CFFE03D0-6304-4593-8DF7-5622A155C049,ŞEHİT HARUN BOY AİLE SAĞLIĞI MERKEZİ,Şirnak,Silopi,37.24484,42.47982,Şırnak,Correct
F01198E3-B4EF-4042-A270-5A81571FEA13,AKIN ECZANESİ,Şirnak,Cizre,37.32532,42.18513,Şırnak,Correct
AD7A7E5E-0286-45A1-BCD6-5C3CEBD5E67F,ORHAN DOĞAN MUAYENEHANESİ,Şirnak,Silopi,37.24864,42.47116,Şırnak,Correct
28196EBC-3453-4002-9666-5C5D97233CF8,KONAK ECZANESİ,Şirnak,Güçlükonak,37.33617,42.19746,Şırnak,Correct
82E992D5-AD1C-40FA-A7B4-6040A30D3FA3,SERAP ECZANESİ,Şirnak,Cizre,37.33027,42.18719,Şırnak,Correct
BFFE77EF-7B70-4F8A-A4D3-617677A871A7,ÇEVRİM ECZANESİ,Şirnak,İdil,37.34125,41.89375,Şırnak,Correct
A80F2EEA-528E-4DFA-BBF7-62AB3F21D9BD,ÖKTEN ECZANESİ,Şirnak,Silopi,37.25471,42.45925,Şırnak,Correct
DC658022-6900-49F3-9B1A-6434CF3447EE,KARANFİL ECZANESİ,Şirnak,Merkez,38.95337,-76.94796,Hyattsville,Wrong
170AE2F3-FFE5-4A66-98B0-6447BC471C30,EVİN ACAR ECZANESİ,Şirnak,İdil,37.34336,41.90779,Şırnak,Correct
89A5D540-C7EC-439D-966A-65CD94195448,ASAN ECZANESİ,Şirnak,Silopi,37.25297,42.4733,Şırnak,Correct
234567A3-D856-426C-A950-66B9D6C431BD,MİNA ECZANESİ,Şirnak,Silopi,37.25651,42.46165,Şırnak,Correct
FB37B2AD-4F68-4B5C-85D6-66C1FB95EB7C,DEMİR ECZANESİ,Şirnak,Silopi,37.25977,42.45596,Şırnak,Correct
E594D1C0-310C-4514-A019-6749268F86A6,BAYRAM ECZANESI,Şirnak,Silopi,37.25066,42.45928,Şırnak,Correct
28EED4DF-3743-4985-B1EC-680FAD7187BC,YASAM ECZANESI,Şirnak,İdil,37.33983,41.89753,Şırnak,Correct
8ADDA1A3-B3B0-460F-91F2-6920E3C17799,ÖZEL CİZRE CERRAHİ TIP MERKEZİ,Şirnak,Cizre,37.32951,42.18979,Şırnak,Correct
4DC3EA29-956A-4306-B625-692175C373F6,AKSOY ECZANESİ,Şirnak,Cizre,37.3296,42.18922,Şırnak,Correct
3E8D08B2-B2C4-48E0-ADC5-696C2F91EB4F,ŞİFA ECZANESİ,Şirnak,Silopi,37.25486,42.45744,Şırnak,Correct
CE1F74E9-3A2F-4CFF-9B29-6BD9CBDBCFDD,ŞIRNAK CİZRE 3 NOLU AİLE SAĞLIĞI MERKEZİ,Şirnak,Cizre,37.32481,42.1881,Şırnak,Correct
FAA90B3C-4E43-4CB1-9098-6CE35674A31F,BİZİM ECZANESİ,Şirnak,Cizre,37.32155,42.18447,Şırnak,Correct
571783D8-6CCD-4E24-B74A-6DBAB0EFA164,ENSARİ ECZANESİ,Şirnak,Beytüşşebap,37.32859,42.18694,Şırnak,Correct
04BD761D-D370-4911-8A42-6E8B121DFF63,NEŞE ECZANESİ,Şirnak,Merkez,39.28727,-76.50276,Dundalk,Wrong
F13104B9-4ACF-4A38-AB93-70384E047539,İDİL ECZANESİ,Şirnak,İdil,37.34115,41.89257,Şırnak,Correct
CCFF0123-1A54-4711-B77F-734837F17237,ŞIRNAK AĞIZ VE DİŞ SAĞLIĞI MERKEZİ,Şirnak,SEDA EYMEN KILIÇ BOLAT,41.105,29.2022,İstanbul,Wrong
64E265F1-FD3D-4512-917E-74EB4F8A91D2,SEMİH ECZANESİ,Şirnak,Beytüşşebap,37.24228,42.46651,Şırnak,Correct
9689A20B-68AD-4757-AAB0-7507A60C41EF,DENİZ ECZANESİ,Şirnak,Uludere,37.20351,42.53877,Şırnak,Correct
67CA2FB7-FB86-445C-B406-7525579E448B,DİCLE ECZANESİ,Şirnak,Silopi,37.21822,42.49746,Şırnak,Correct
C5909773-3814-4C5D-9E3B-763906910535,DİCLE ECZANESİ,Şirnak,Cizre,37.52028,42.44342,Şırnak,Correct
D91A881C-A179-4082-8A93-7673B625793A,NUR ECZANESİ,Şirnak,Cizre,37.33823,42.18609,Şırnak,Correct
95D6E12B-F399-42BC-BF9F-76EA25E2C711,ŞIRNAK SİLOPİ 5 NOLU AİLE SAĞLIĞI MERKEZİ,Şirnak,Silopi,37.24471,42.47387,Şırnak,Correct
95600997-F3A1-40ED-B656-772D5EAD89FD,MALİK ECZANESİ,Şirnak,Cizre,37.3305,42.19042,Şırnak,Correct
4BC5140C-B918-49C2-BEF6-7A46FBAA0619,ARAS ECZANESİ,Şirnak,Cizre,37.32598,42.19275,Şırnak,Correct
E17A95CE-AE63-4A1D-8FEC-7A63CDA1F302,CELAL AĞAOĞLU MUAYENEHANESİ,Şirnak,Cizre,37.32987,42.18786,Şırnak,Correct
759D4641-07AF-476E-90A0-7D834845FD94,ŞIRNAK CİZRE 2 NOLU AİLE SAĞLIĞI MERKEZİ,Şirnak,Cizre,37.33344,42.18071,Şırnak,Correct
7832BB68-7FC0-4CF0-81E0-7E4F87EE0DE8,DOĞAN ECZANESİ,Şirnak,Silopi,37.24372,42.46675,Şırnak,Correct
69D12496-DBCC-44CF-902B-7EB97059EB6F,ŞİFA ECZANESİ,Şirnak,Merkez,36.25785,32.32253,Antalya,Wrong
8CB3FBD5-3FAD-4F43-A68A-80F8993B09CC,FORIA ECZANESI,Şirnak,Beytüşşebap,37.25251,42.44724,Şırnak,Correct
6641B51F-0558-443D-9A3C-83FB0ED431E2,SÖZ ECZANESI,Şirnak,Silopi,37.25201,42.45565,Şırnak,Correct
0A0E7028-9F97-425D-A683-845D0DAA2640,ZEREN ECZANESİ,Şirnak,Cizre,37.32533,42.18513,Şırnak,Correct
1B33DE8C-C5A0-496F-8B2E-84ECEC6F4D10,TEKÇE ECZANESİ,Şirnak,İdil,37.34035,41.89255,Şırnak,Correct
2CD8899F-BAB3-42E0-A925-870DF90D1A4D,TURAN ÖZMEN MUAYENEHANESİ,Şirnak,SEDA EYMEN KILIÇ BOLAT,40.9947,28.9746,İstanbul,Wrong
F3306083-808F-4C69-959F-87503DC4AAF9,DEMİRHAN ECZANESİ,Şirnak,Silopi,37.24523,42.48003,Şırnak,Correct
603ABACC-B53D-4C8E-B6A0-8756CD3C94BA,DERMAN ECZANESİ,Şirnak,Cizre,37.33058,42.18696,Şırnak,Correct
6890225A-5278-404F-A4FD-898E7FB1EA1B,MERİÇ ECZANESİ,Şirnak,Cizre,37.31581,42.19423,Şırnak,Correct
ADD0F851-CEB4-4C98-BBA3-899C35363A92,ELİF ECZANESİ,Şirnak,Cizre,37.32951,42.18977,Şırnak,Correct
DB3AB06A-A662-4232-8025-8BE1AA163D31,NAS ECZANESİ,Şirnak,İdil,37.33997,41.89772,Şırnak,Correct
9D780E6D-25E6-4686-B864-8CBCABF41165,BEŞE ECZANESİ,Şirnak,Merkez,41.19055,40.99061,Rize,Wrong
8387C0E4-87EE-481D-9D84-8D4F966BC50D,FIRAT ECZANESİ,Şirnak,Cizre,37.32242,42.19589,Şırnak,Correct
35CA6900-AD44-452D-B6A7-8D5D42A1FFF6,BAHAR ECZANESİ,Şirnak,Cizre,37.33381,42.18497,Şırnak,Correct
57170988-AA5D-463D-9671-8D9F7453AB0F,CENGİZ ÇOKSÜER MUAYENEHANESİ,Şirnak,Cizre,37.32952,42.18969,Şırnak,Correct
A75E6F66-A9F6-4EB9-A31B-8DA874C6376C,ŞIRNAK MERKEZ KUMÇATI AİLE SAĞLIĞI MERKEZİ,Şirnak,SEDA EYMEN KILIÇ BOLAT,41.0125,28.8519,İstanbul,Wrong
2089799D-CD98-48FE-9FC3-8DDEF4E15971,ERCAN ECZANESİ,Şirnak,Silopi,37.25438,42.46967,Şırnak,Correct
9C35E8DA-BDF6-47C9-9FE2-8E65F8FA9E7C,YAŞAM ECZANESİ,Şirnak,Cizre,37.33983,41.89753,Şırnak,Correct
7F8D668A-2E07-4604-B3ED-91FA09702F34,HALK ECZANESİ,Şirnak,Silopi,37.25893,42.45798,Şırnak,Correct
3005CD01-1BA1-4F8C-816C-93FC93D968B7,OCAK ECZANESİ,Şirnak,İdil,37.33958,41.89719,Şırnak,Correct
9DB7503C-067D-402C-AE2B-9508E3FBE2FC,ŞIRNAK DEVLET HASTANESI,Şirnak,Merkez,36.77449,28.80551,Muğla,Wrong
AA685A68-07A6-4E63-8E3C-977ABA632BA4,HALİS ECZANESİ,Şirnak,Cizre,37.32913,42.19125,Şırnak,Correct
E6224120-5969-4E55-8C92-98BA705C4284,ŞİFA ECZANESİ,Şirnak,İdil,37.32611,42.19195,Şırnak,Correct
9CC275D5-7A8B-459E-BC16-9944EE45858F,ASYA ECZANESİ,Şirnak,Cizre,37.32799,42.18901,Şırnak,Correct
E25ECAF2-84EB-4618-B15F-9DD6AE310A58,ŞIRNAK İL SAĞLIK MÜDÜRLÜĞÜ,Şirnak,SEDA EYMEN KILIÇ BOLAT,41.0611,29.3995,İstanbul,Wrong
3292D66C-3F55-441D-8367-9E397454F106,SİLOPİ ECZANESİ,Şirnak,Silopi,37.20544,42.51604,Şırnak,Correct
68CDEC28-878D-4C86-BB92-A34C6BF4E785,ŞIRNAK SİLOPİ 4 NOLU AİLE SAĞLIĞI MERKEZİ,Şirnak,Silopi,37.21786,42.49787,Şırnak,Correct
F26A8D7B-DCC4-47C0-B3D1-A4E3FA7EFFCE,DİCLE ECZANESİ,Şirnak,Merkez,37.51971,42.44878,Şırnak,Correct
5E21794F-D747-44C4-BA34-A5420D5EAF2D,CİZRE NUR AİLE SAĞLIĞI,Şirnak,Cizre,37.33898,42.18594,Şırnak,Correct
76E66983-4FA3-4234-B82C-A667C8F8BA05,ÇINAR ECZANESİ,Şirnak,Merkez,41.02186,28.83155,İstanbul,Wrong
1ACD5851-B13C-45AD-B192-AA53921B17C7,KERİMOĞLU ECZANESİ,Şirnak,Cizre,37.32203,42.18738,Şırnak,Correct
8414504C-BE0C-4D27-8DF8-AE0CD1CEE74B,ŞIRNAK İDİL KARALAR AİLE SAĞLIĞI MERKEZİ,Şirnak,İdil,37.29833,41.67594,Şırnak,Correct
6D14C5E6-18AF-40E7-9FFF-AE31E908858E,MEDYA ECZANESI,Şirnak,Cizre,37.32212,42.18674,Şırnak,Correct
B0EE5307-E755-4A5B-B836-AF08B7E327FF,BÖLGE ECZANESİ,Şirnak,Merkez,38.31011,32.86438,Konya,Wrong
7B4AB93C-9212-49BD-91EB-B03DE537B6F6,EYÜP BİL MUAYENEHANESİ,Şirnak,Cizre,37.32648,42.1849,Şırnak,Correct
56049FDB-1B71-4009-8126-B14444023EC7,BARAN ECZANESİ,Şirnak,Silopi,37.25561,42.46045,Şırnak,Correct
DBE22671-57DB-432E-9015-B2C363C9481A,ŞİRNAK CİZRE DR.SELAHATTIN CIZRELIOĞLU DEVLET HASTANESI,Şirnak,Cizre,37.3193,42.19599,Şırnak,Correct
B380344E-A1C4-4633-8507-B5D921C2C99B,ÖNGÜN ECZANESİ,Şirnak,İdil,37.34314,41.9071,Şırnak,Correct
8F416815-6825-48CB-B818-B78016A5F28A,ÖZEN ECZANESİ,Şirnak,Silopi,37.24396,42.46701,Şırnak,Correct
5CFFC89B-F9B4-41A9-9E6B-B7F857932CA9,ŞIRNAK CİZRE AĞIZ VE DIŞ SAĞLIĞI MERKEZI,Şirnak,Cizre,37.24833,42.46672,Şırnak,Correct
41DD4C16-8970-47F0-9000-BAAFF0207240,MED ECZANESİ,Şirnak,Cizre,37.33533,42.18646,Şırnak,Correct
F6C2CEA1-E03F-4608-887F-BDDC8E72331A,MURAT ECZANESİ,Şirnak,Uludere,37.20343,42.53782,Şırnak,Correct
26DA9087-C083-41E1-9FC2-BF2A4AD0D397,HABUR ECZANESI,Şirnak,Silopi,37.24936,42.4717,Şırnak,Correct
CDAAE21D-2B0F-4296-961F-C24B308AD2BA,İSMET BESEN MUAYENEHANESİ,Şirnak,Silopi,37.33082,42.56657,Şırnak,Correct
FE86BBA9-E702-45E2-A930-C3BAA5AC4C84,AKBULUT ECZANESİ,Şirnak,İdil,38.96417,-76.93356,Maryland,Wrong
430D0ED4-73EF-4863-B4F5-C60C9A1D3234,ÜLKER ECZANESİ,Şirnak,Silopi,37.24389,42.46694,Şırnak,Correct
9C73ABB2-9C66-4B9B-8AA7-C70651D65C61,MURAT ECZANESİ,Şirnak,Cizre,37.32957,42.1894,Şırnak,Correct
B1434644-FEB3-44B7-805F-C830FF056BB2,MEYDAN ECZANESİ,Şirnak,Cizre,37.32941,42.18812,Şırnak,Correct
938CEB74-23F1-4E44-B1FC-CAEE7F4F0A8D,FARUK ECZANESİ,Şirnak,Merkez,39.07487,-76.78596,Maryland,Wrong
60285C20-5427-43D9-9C9D-CB891F62876A,DEVA ECZANESİ,Şirnak,Merkez,37.47125,42.31937,Şırnak,Correct
FC19AA49-BDD8-4BED-81A9-CEF309C6FBDF,CUDİ ECZANESİ,Şirnak,Silopi,37.25387,42.4745,Şırnak,Correct
E9B2E252-38B0-43E0-9AE6-D6800E05497D,SAĞLIK ECZANESİ,Şirnak,Silopi,37.25914,42.45814,Şırnak,Correct
B13A4E39-6DC8-4803-B754-D6C45B74C80B,ŞIRNAK SİLOPİ 2 NOLU AİLE SAĞLIĞI MERKEZİ,Şirnak,Silopi,37.2473,42.47152,Şırnak,Correct
9C65F9DE-2DD3-48A6-8AB6-D77BFF80046C,ASLAN ECZANESİ,Şirnak,Uludere,37.20348,42.53832,Şırnak,Correct
B0CA96C0-85A5-4A50-80D0-D789DB3FE6A0,DÖRTYOL ECZANESİ,Şirnak,Silopi,37.24726,42.46855,Şırnak,Correct
FF3DC8CB-14BF-4DBE-BDCB-D8E6D0DE1696,KURAL ECZANESİ,Şirnak,Cizre,37.32623,42.18633,Şırnak,Correct
32A43180-74C6-47A7-9492-D8EF49A70E0B,IŞIKLAR ECZANESİ,Şirnak,İdil,37.34341,41.90796,Şırnak,Correct
C42BF19F-75B6-40C0-B1EB-D98BB3BEB3D7,HAMARAT ECZANESİ,Şirnak,İdil,37.52009,42.44371,Şırnak,Correct
1C0AFBD8-07DB-4BAD-9F77-DA0D1E6403E3,HAKAN ECZANESİ,Şirnak,Silopi,37.24728,42.46903,Şırnak,Correct
41E35020-D925-4DDD-B8AB-DCC99E2B897D,EMRULLAH BUDAK MUAYENEHANESİ,Şirnak,Silopi,37.24729,42.46903,Şırnak,Correct
38C9EE0C-1FF2-4481-9698-DDB4B455171A,CAN ECZANESİ,Şirnak,Cizre,37.32531,42.18514,Şırnak,Correct
B147F1F5-3E3D-4124-BACA-DE1A3468F001,ATILGAN ECZANESİ,Şirnak,Cizre,37.32638,42.18432,Şırnak,Correct
0CCA7311-203C-48DE-AE2A-DE4BCC6CE93C,AKASYA ECZANESİ,Şirnak,Silopi,37.24954,42.47236,Şırnak,Correct
FAD53240-CAB7-4AD0-A1D8-DEAA46C56E55,DEMİR ECZANESİ,Şirnak,İdil,37.34196,41.90258,Şırnak,Correct
38818B8E-E4B9-4D1F-85A0-DF403BB9F3F0,BEREKET SUNAR MUAYENEHANESİ,Şirnak,SEDA EYMEN KILIÇ BOLAT,37.52491,42.45412,Şırnak,Correct
07A668F5-368C-4BBC-98D4-E1C8A20D1FB3,ŞIRNAK MERKEZ 3 NOLU AİLE SAĞLIĞI MERKEZİ,Şirnak,SEDA EYMEN KILIÇ BOLAT,41.032,29.3535,İstanbul,Wrong
16090EB8-31D4-44DA-B699-E3347959574F,ŞIRNAK SİLOPI DEVLET HASTANESI,Şirnak,Silopi,37.25899,42.45641,Şırnak,Correct
5402CC1A-FAD6-4168-95DD-E4675900D918,DERMAN ECZANESİ,Şirnak,Merkez,37.5219,42.45727,Şırnak,Correct
10211ABB-05E5-4BB9-8DA1-E70F5CC1F136,IRMAK ECZANESİ,Şirnak,Cizre,37.3293,42.19008,Şırnak,Correct
B633AB6F-774C-4531-82FE-E973F80CBBDA,ŞIRNAK İDİL MERKEZ 1 NOLU AİLE SAĞLIĞI MERKEZİ,Şirnak,İdil,37.34314,41.8955,Şırnak,Correct
5E3E1752-0B73-46AA-8B67-EE16E5CE1DB6,YAŞAM ECZANESİ,Şirnak,Silopi,37.24859,42.46956,Şırnak,Correct
F07C2D79-10C1-45DA-B9FF-EE2E77DB9082,SIHHAT ECZANESİ,Şirnak,Merkez,38.31617,32.87379,Konya,Wrong
2B356853-383D-47E9-93F5-EEB2C18F4EFD,SEFİNE ECZANESİ,Şirnak,Merkez,37.52043,42.44777,Şırnak,Correct
DE5ED4DC-5B62-4B8E-91BF-F36F0D606F5D,SEFA ECZANESİ,Şirnak,İdil,37.3377,42.18136,Şırnak,Correct
206F8060-8641-4CD1-8C7C-F3EE3AEEA9C5,SEHER ECZANESİ,Şirnak,Silopi,37.25169,42.4709,Şırnak,Correct
603E167C-9CA8-46FE-8B42-F3F1A75DAEC6,ASİME ECZANESİ,Şirnak,Cizre,39.33857,-76.43436,Maryland,Wrong
D48B8D28-5BAA-4517-94F2-F51D0D56CDB2,ŞİFA ECZANESİ,Şirnak,Cizre,37.32611,42.19195,Şırnak,Correct
585D51B2-3243-48E7-A668-F526E9AE3C85,ABDULSELAM EKE,Şirnak,Merkez,37.5208,42.45827,Şırnak,Correct
20ECBA95-393F-44C7-8267-F6818145B527,ŞIRNAK İDİL DEVLET HASTANESI,Şirnak,İdil,37.34051,41.90125,Şırnak,Correct
57ECA670-732A-413A-A74B-F6E40C9AC6AB,ŞIRNAK CİZRE 5 NOLU AİLE SAĞLIĞI MERKEZİ,Şirnak,Cizre,37.32082,42.19718,Şırnak,Correct
E32DE566-7A04-4A85-9657-F7956080B67A,ŞIRNAK İDİL OYALI AİLE SAĞLIĞI MERKEZİ,Şirnak,İdil,37.22915,41.74028,Şırnak,Correct
E51D8A2E-315F-42C8-B2B8-F96B8E084CC0,ŞIRNAK SİLOPİ BUĞDAYLI AİLE SAĞLIĞI MERKEZİ,Şirnak,Silopi,37.16826,42.41303,Şırnak,Correct
7C07FDEC-913B-4AE1-81EE-F9BC9986E170,SANAT ECZANESİ,Şirnak,Silopi,37.24808,42.47053,Şırnak,Correct
11F76B57-A87D-43B7-9705-FA496BF321EB,YAĞMUR ECZANESİ,Şirnak,Merkez,37.51676,42.46371,Şırnak,Correct
8105E903-46B3-4475-9B78-FC1D60A533B7,İHSAN ECZANESİ,Şirnak,Cizre,37.32963,42.1888,Şırnak,Correct
35C72A3A-C340-45E3-AC01-FC36FB1EF411,YAŞAM ECZANESİ,Şirnak,Merkez,37.51282,42.47054,Şırnak,Correct
D5F3F026-D88A-479F-B533-FCA8FAC7B080,ŞIRNAK CİZRE İSMAİL EBULİZ AİLE SAĞLIĞI MERKEZİ,Şirnak,Cizre,37.31807,42.18729,Şırnak,Correct
6E146A36-4049-4325-8A88-FE049173312F,ŞIRNAK GÜÇLÜKONAK MERKEZ AİLE SAĞLIĞI MERKEZİ,Şirnak,Güçlükonak,37.47127,41.91552,Şırnak,Correct
0EEFB9FA-C406-46E0-9C62-FF604CC1C991,FIRAT ECZANESİ,Şirnak,Uludere,37.44713,42.8441,Şırnak,Correct
