UnitId,UnitName,CityName,DistrictName,Latitude,Longitude,DetectedCity,Match
2822F5E7-3BC5-48B1-B8D4-00AC6138FBF8,BARTIN AĞIZ VE DİŞ SAĞLIĞI MERKEZİ,Bartin,Merkez,39.45917,-76.27356,Maryland,Wrong
B2819780-AD1E-471A-927F-0381A275B2E3,KARAKAŞ ECZANESİ,Bartin,Merkez,41.64186,32.2824,Bartın,Correct
F39C63A2-FFB3-4CF2-A294-06808BB3FB49,GÜLÇİN AYKANAT MUAYENEHANESİ,Bartin,Merkez,41.62924,32.33695,Bartın,Correct
6ABED709-7FE1-4F44-89C8-096EC251B77A,BUSE ECZANESİ,Bartin,Amasra,41.73681,32.39659,Bartın,Correct
57BF89E4-B05A-4AF0-9951-0C0B5B5F5A58,YILMAZ ECZANESİ,Bartin,Merkez,39.65987,-76.00596,Maryland,Wrong
EFBE037F-6953-482D-B05B-130E53FE7F8A,NURİYE AYŞE NEBİOĞLU MUAYENEHANESİ,Bartin,Merkez,41.6304,32.33692,Bartın,Correct
5BA18841-76F6-4895-B5EE-13C0733A7C4B,AMASRA ECZANESİ,Bartin,Amasra,41.58477,32.63677,Bartın,Correct
1F77A77B-343E-46AB-861D-13F5178FAFDA,İNCİ ECZANESİ,Bartin,Merkez,41.44954,32.46712,Bartın,Correct
3BE2648F-942C-48F3-93C8-143D2C98BE15,CAN ECZANESİ,Bartin,Merkez,41.6207,32.34093,Bartın,Correct
FD45BAC9-B48C-4699-A339-1C72442EF13C,KALEŞAH ECZANESİ,Bartin,Amasra,41.73634,32.39485,Bartın,Correct
EA4EA195-1EE4-41B9-949D-1F000C6E5A5B,BARTIN ULUS KUMLUCA AİLE SAĞLIĞI MERKEZİ,Bartin,Ulus,41.44359,32.45739,Bartın,Correct
89762758-406D-48A5-9DA8-202E6BAE35C9,BARTIN KURUCAŞİLE MERKEZ AİLE SAĞLIĞI MERKEZİ,Bartin,Kurucaşile,41.8441,32.7214,Bartın,Correct
58DDD272-876F-4C28-A39F-2036803F1D95,BARTIN AMASRA AVARA AİLE SAĞLIĞI MERKEZİ,Bartin,Amasra,41.78509,32.54228,Bartın,Correct
4C3A3C18-52EE-40FA-8EEF-21599437F645,YILDIZ ECZANESİ,Bartin,Merkez,38.94077,-76.96476,Maryland,Wrong
95A0C4FD-FF83-4B3B-82F0-22ADB2F2C239,ÖZDAĞ ECZANESİ,Bartin,Merkez,41.62093,32.34097,Bartın,Correct
41B5085D-C071-46A7-A100-2337A8399FF6,ELİF ECZANESİ,Bartin,Merkez,41.62659,32.32248,Bartın,Correct
1C3D4AB6-2056-40F5-89CA-243D567C8E04,OYA ECZANESİ,Bartin,Merkez,39.05957,-76.80636,Maryland,Wrong
0560AC1C-62EB-4B5D-97E6-252B435D593B,ÖZBAKAN ECZANESİ,Bartin,Merkez,41.58007,32.17335,Bartın,Correct
95356347-4947-4DC5-AAA5-2C516309576F,YALI ECZANESİ,Bartin,Merkez,41.63729,32.33365,Bartın,Correct
1EFAE73F-65C1-42D8-8DBD-2EB029D6E1B2,NUR ACAR ECZANESİ,Bartin,Merkez,41.63216,32.32514,Bartın,Correct
09154857-38F5-47B1-8DB4-3146C01799D6,ÖZEL UZMAN DİŞ KLİNİĞİ,Bartin,Merkez,41.63505,32.33542,Bartın,Correct
0C75B43B-5FCB-4B4B-AC7E-36F3C95FE01C,HÜSEYİN GÜLEN MUAYENEHANESİ,Bartin,Merkez,41.63122,32.33633,Bartın,Correct
C1343BED-3C6C-47C7-8411-3769B881EAF7,BÜLENT BAYRAK MUAYENEHANESİ,Bartin,BARTIN MERKEZ,41.63174,32.33564,Bartın,Correct
FC8B7D6A-37C1-4FD9-9A5C-3770EEA1D4AA,EZGİ ECZANESİ,Bartin,Merkez,41.63563,32.33564,Bartın,Correct
57B096F6-B08D-42CE-96C6-38DDEBD07DEB,BARTIN ECZANESİ,Bartin,Merkez,41.63074,32.34836,Bartın,Correct
D1BA335B-294C-44EE-809A-3B80FD435173,TÜMER ECZANESİ,Bartin,Ulus,41.51325,32.56021,Bartın,Correct
1D6DA0E9-2449-427F-A45E-3CD8D3E5E01D,BARTIN MERKEZ HENDEKYANI AİLE SAĞLIĞI MERKEZİ,Bartin,Merkez,41.63368,32.34078,Bartın,Correct
EBB1EA59-1B86-4210-B660-3FE971BF8919,AYDIN ŞİVET MUAYENEHANESİ,Bartin,Merkez,41.58454,32.63984,Bartın,Correct
58A3943D-07C9-44CB-98A6-456CB42FACF5,MORALIOĞLU ECZANESİ,Bartin,Merkez,41.63321,32.33955,Bartın,Correct
9E587A4F-D135-47C4-B69B-461E6D386CB7,KAVAKLI ECZANESİ,Bartin,Merkez,39.25847,-76.54116,Baltimore,Wrong
AA9736DA-54B8-4918-BED6-4A6BD021D3C9,KAAN ECZANESİ,Bartin,Amasra,41.61349,32.20313,Bartın,Correct
98F4EC6B-8020-4850-93E4-4C46476E739D,BARTIN MERKEZ TUNA AİLE SAĞLIĞI MERKEZİ,Bartin,Merkez,41.62867,32.34993,Bartın,Correct
A8A803EF-B94C-4039-9A4A-4D8F1889C399,BARTIN MERKEZ ESENYURT AİLE SAĞLIĞI MERKEZİ,Bartin,Merkez,41.54763,32.26261,Bartın,Correct
C956950D-E134-4D3F-8E92-50D8B9BCF672,BARIŞ ECZANESİ,Bartin,Merkez,41.56622,32.18055,Bartın,Correct
0F2A4829-12B3-48CC-9D82-5A11ACA21FB3,MERT ECZANESİ,Bartin,Merkez,41.62434,32.34037,Bartın,Correct
575BE269-6268-4138-A3E5-5B974E5DB80B,GÜLNİHAL YALÇIN KLİNİĞİ,Bartin,Merkez,41.62905,32.33322,Bartın,Correct
712DD20B-9C02-4231-B609-5BA792B42595,BARTIN KARAKÖY AİLE SAĞLIĞI MERKEZİ,Bartin,Merkez,41.64085,32.34295,Bartın,Correct
D8BB85F7-7AE0-46B9-975E-5D1193BB2823,BARTIN MERKEZ ORDUYERİ AİLE SAĞLIĞI MERKEZİ,Bartin,Merkez,41.64171,32.34466,Bartın,Correct
786DF725-75D8-4AF1-B9EE-5F303A45764C,YASEMİN ECZANESİ,Bartin,Merkez,37.35807,30.05903,Burdur,Wrong
7D141B43-2DB9-4199-9CF4-5F489CC27CEB,BUĞRA ECZANESİ,Bartin,Merkez,41.63196,32.34277,Bartın,Correct
362F0559-855B-4252-9DF0-607A7249BECE,MURAT ECZANESİ,Bartin,Kurucaşile,41.4331,32.53487,Bartın,Correct
2795A970-CC04-47FB-B35E-6238A0CF0511,YENİ UMUT ECZANESİ,Bartin,Merkez,39.05147,-76.81716,Maryland,Wrong
082D7CC9-6976-40E7-8C07-665B0096083E,BARTIN MERKEZ AKCAMESCİT AİLE SAĞLIĞI MERKEZİ,Bartin,Merkez,41.53654,32.36454,Bartın,Correct
0C49619E-CFF8-42C3-A5DE-6A134DA659E0,ERTUĞRUL COŞKUN,Bartin,Merkez,41.6271,32.32513,Bartın,Correct
F39FAB20-E3CD-4219-94DC-6B998C2383F2,DENİZ ECZANESİ,Bartin,Merkez,41.62929,32.33883,Bartın,Correct
7E4CD772-7896-4CDD-9060-70870A9F1C5C,GÖZDE ECZANESİ,Bartin,Merkez,41.12098,42.06725,Artvin,Wrong
ADD65A09-AEED-45C7-A864-70D692DE9E2C,SEVİNÇ ECZANESİ,Bartin,Merkez,41.05823,28.91355,İstanbul,Wrong
3FA3F76A-4BC2-4569-BD15-71095A8CEB29,GÜVEN ECZANESİ,Bartin,Merkez,41.63364,32.33735,Bartın,Correct
1551F215-AF2B-41C1-83A4-712D11CDD883,BARTIN MERKEZ ÇAKIRKADI AİLE SAĞLIĞI MERKEZİ,Bartin,Merkez,41.59292,32.27028,Bartın,Correct
ABC84045-7291-4DAD-A6B4-7481BF23B827,ÇALIŞKAN ECZANESİ,Bartin,Merkez,41.58523,32.63992,Bartın,Correct
28A07501-CAE7-41CB-A38C-7840E0293CD5,NECDET YARAŞ MUAYENEHANESİ,Bartin,Merkez,41.5851,32.64059,Bartın,Correct
47C37B0B-223A-4149-B574-7E7D5CC85362,BARTIN AMASRA 1 NOLU AİLE SAĞLIĞI MERKEZİ,Bartin,Amasra,41.74782,32.38569,Bartın,Correct
2CF768F9-F591-4887-9487-7F6A69DAA65B,KIRANPAZARI ECZANESİ,Bartin,Merkez,41.41937,32.28613,Bartın,Correct
CC27A7C4-C2C8-45FC-AC77-80115CA4F986,NUMAN ÇIVAK-KURTULUŞ ABANALI MUAYENEHANESİ,Bartin,Merkez,41.63407,32.33706,Bartın,Correct
FFA5824D-AB1D-4D3B-AEAE-805578F4CB47,KURUCAŞİLE MERKEZ TSM,Bartin,Kurucaşile,41.843,32.71543,Bartın,Correct
4E14B0FB-5194-441A-A495-826B5AD09343,ÖZEL BARTIN DİYALİZ MERKEZİ,Bartin,Merkez,41.63285,32.32601,Bartın,Correct
410C83CB-ACEA-441F-911D-834ED57B238F,KUTLAR ECZANESİ,Bartin,Merkez,41.62932,32.34935,Bartın,Correct
7D58F7A7-1641-4C3C-9D75-838169ADD26B,Bİ DİYET BELEMİR İNANÇ YILDIZ MUAYNEHANESİ,Bartin,BARTIN MERKEZ,41.63507,32.33569,Bartın,Correct
77ADE105-A514-485C-A486-85635FB46586,ÖZEL BARTIN YAŞAM TIP MERKEZİ,Bartin,Merkez,41.63807,32.32907,Bartın,Correct
3B223E5B-C4BE-4CF6-81CB-88EC5BE0654D,BİRKAN BİLDİRİCİ AĞIZ VE DİŞ SAĞLIĞI KLİNİĞİ,Bartin,Merkez,41.63318,32.33731,Bartın,Correct
CC01AAFF-62FA-4624-B438-8CA5AFFE2221,FEZA ECZANESİ,Bartin,Merkez,41.49155,32.3346,Bartın,Correct
C99099E9-284E-46A5-BF24-8E0895C13094,BARTIN MERKEZ KIRTEPE AİLE SAĞLIĞI MERKEZİ,Bartin,Merkez,41.63564,32.33373,Bartın,Correct
02AE47C3-1E32-44E3-AD63-8EF120AC0590,BURAK ÇELİK ECZANESİ,Bartin,Ulus,41.58,32.63397,Bartın,Correct
4AAA2792-D133-4DDD-826A-8F3A25A7A402,ALTIN ECZANESİ,Bartin,Merkez,41.12147,42.06698,Artvin,Wrong
980878AB-E539-42DB-BAF6-93F70F11B6CB,BİLGİN ECZANESİ,Bartin,Merkez,41.63768,32.32717,Bartın,Correct
5B752F97-B4C3-440A-8016-94D2A6E86468,BARTIN ULUS ABDİPAŞA AİLE SAĞLIĞI MERKEZİ,Bartin,Ulus,41.5197,32.55749,Bartın,Correct
EE6B2BA1-DD60-4E81-A847-9BF9A70D828F,BARTIN ULUS MERKEZ AİLE SAĞLIĞI MERKEZİ,Bartin,Ulus,41.58132,32.63492,Bartın,Correct
26BBE594-18D7-4B09-98BA-9F626924903C,ÖZEL AKTIP HASTANESİ,Bartin,Merkez,41.58623,32.64124,Bartın,Correct
A6FDF25A-7A05-4B92-A11F-A03D0C629484,BARTIN AMASRA ÇAKRAZ AİLE SAĞLIĞI MERKEZİ,Bartin,BARTIN MERKEZ,41.74552,32.38486,Bartın,Correct
3DB428C9-03FE-4121-9F48-A18AC505A09E,TUNA ECZANESİ,Bartin,Merkez,41.63184,32.33665,Bartın,Correct
2260F273-14A9-4D30-A87D-A1D45B217F98,GÖKHAN GÜNEŞ MUAYENEHANESİ,Bartin,Merkez,41.5753,32.42436,Bartın,Correct
86E215EC-BD76-4A1E-8EBF-A3B44BDCF663,BARTIN MERKEZ TSM,Bartin,Merkez,41.62748,32.32189,Bartın,Correct
4C37CBFC-5AF4-465F-AC49-A8D98EF6F074,BARTIN DEVLET HASTANESİ,Bartin,Merkez,41.628,32.35323,Bartın,Correct
C72A8118-ED67-4571-AD82-AC47D0AF8E2C,BARTIN MERKEZ KURTKÖY AİLE SAĞLIĞI MERKEZİ,Bartin,Merkez,41.55788,32.40887,Bartın,Correct
E1D64E1B-869A-459F-A7B2-ADE17E7E4684,AYDIN ECZANESİ,Bartin,Merkez,41.63067,32.34582,Bartın,Correct
A19F6E70-8399-4C87-96A4-AF8A24914A2F,UFUK ECZANESİ,Bartin,Merkez,41.63386,32.3372,Bartın,Correct
60A860DC-4AE2-4784-8DBD-B1CA34ADEA16,TÖKELEK ECZANESİ,Bartin,Merkez,41.63108,32.33421,Bartın,Correct
9AD1489C-9F27-4BE1-91B9-B1CC213E8D24,ESEN ECZANESİ,Bartin,Merkez,41.64143,32.34088,Bartın,Correct
755CA3F9-9300-4591-9665-B31C46EE5583,GÜRSEL ECZANESİ,Bartin,Merkez,39.34667,-76.42356,Maryland,Wrong
972727FD-28E5-48F5-A1C3-B43C55E5A96B,BARTIN KADIN DOĞUM VE ÇOCUK HASTANESİ,Bartin,Merkez,39.66257,-76.00236,Maryland,Wrong
253A35C2-EA10-4AF5-88D9-B58DB2E8735F,ŞADIRVAN ECZANESİ,Bartin,Merkez,40.77685,29.73685,Kocaeli,Wrong
AB242E8E-0AF9-4C9C-977C-B625D78837F7,BARTIN MERKEZ GÖLBUCAĞI AİLE SAĞLIĞI MERKEZİ,Bartin,Merkez,41.63267,32.32516,Bartın,Correct
5BF52F72-FAF5-497E-B7DD-B6971F0E2DC9,SAKAOĞLU ECZANESİ,Bartin,Merkez,41.62466,32.33649,Bartın,Correct
0EACE7EA-42D6-41CE-A500-BA203F46933E,PINAR ECZANESİ,Bartin,Merkez,41.6361,32.34334,Bartın,Correct
08D3C7F2-0D96-49F1-A8C2-BE58A8C50271,GÜL ECZANESİ,Bartin,Merkez,40.15117,34.37518,Çorum,Wrong
86B15B66-E469-4C9A-A84C-BF4173CB1F16,AYDIN ASLANBÖLÜK MUAYENEHANESİ,Bartin,Merkez,41.12209,42.06834,Artvin,Wrong
0B65E9F1-1323-423E-B410-C0207BA32785,HAYAT ECZANESİ,Bartin,Merkez,41.57532,32.42724,Bartın,Correct
F5A135F9-4A27-4C53-AAEE-C1023533D25A,ARZU ECZANESİ,Bartin,Kurucaşile,41.84368,32.72093,Bartın,Correct
871E8A71-9F0F-4A35-B68A-C4B02D1C175B,SERAP ECZANESİ,Bartin,Merkez,41.64095,32.34426,Bartın,Correct
8FDC6CAD-3EC0-4B7B-8640-C4E26F84EDD8,MÜGE ECZANESİ,Bartin,Merkez,41.62839,32.33763,Bartın,Correct
6E0F6BC0-E397-4798-BE5D-C51BCF301570,AŞİYAN ECZANESİ,Bartin,Merkez,41.63271,32.34142,Bartın,Correct
C85D9513-76C7-4738-A3DE-C59127F13949,ARİF ECZANESİ,Bartin,Ulus,41.48939,32.59897,Bartın,Correct
831D7D0D-2F2A-4DA0-9FD8-C8232D124496,ÖZEL GÜVEN AĞIZ VE DİŞ SAĞLIĞI MERKEZİ,Bartin,Merkez,41.63019,32.34003,Bartın,Correct
CD5901FC-C359-4DE2-ABEA-C84988C07F1C,ÇOLPAK ECZANESİ,Bartin,Merkez,41.62639,32.31233,Bartın,Correct
D7EE0B68-C8CC-4522-9728-C90A0557E0A3,SONER ECZANESİ,Bartin,Ulus,41.51355,32.56009,Bartın,Correct
B2852466-CDFB-4D5A-8C84-CAF75BFB0E3B,BARTIN MERKEZ KOZCAĞIZ AİLE SAĞLIĞI MERKEZİ,Bartin,Merkez,41.47687,32.34048,Bartın,Correct
7081B6FA-1527-40FA-974D-CCB773C50873,ULUS ECZANESİ,Bartin,Ulus,39.24857,-76.55436,Baltimore,Wrong
D814EE49-0547-42F7-9F35-D042F633ADE8,CADDE ECZANESİ,Bartin,Merkez,41.84552,32.7209,Bartın,Correct
B844B65E-7C7B-4E2B-969B-D0CAA3F9E73E,BARTIN MERKEZ KEMERKÖPRÜ 1 NOLU AİLE SAĞLIĞI MERKEZİ,Bartin,Merkez,41.62795,32.33028,Bartın,Correct
17BE9E23-8C2E-4416-A1D3-D281B00D8A37,YAŞAM ECZANESİ,Bartin,Merkez,41.62722,32.34996,Bartın,Correct
62FF5923-6762-4DE4-B55E-D3240B3B9CC7,BARTIN ULUS İLÇE HASTANESİ,Bartin,Ulus,41.58533,32.64004,Bartın,Correct
8B298564-DCBD-4455-927F-D3C2A43709E7,KOZCAĞIZ ECZANESİ,Bartin,Merkez,39.66347,-76.00116,Maryland,Wrong
2FD4E154-7153-46FE-8965-D42513D07CF8,ELİF CEREN SALMAN MUAYENEHANESİ,Bartin,Merkez,41.84478,32.72147,Bartın,Correct
7BCF66F7-A656-4031-A474-D592DE63A548,ŞİFA ECZANESİ,Bartin,Merkez,41.58514,32.64051,Bartın,Correct
AB2B5404-7E74-47C7-9F62-D71BEF4F5233,UMUT ECZANESİ,Bartin,Ulus,41.51822,32.55797,Bartın,Correct
3CE8B145-336A-4794-BC3D-D73E50839A65,ULUNAY ERKAYA MUAYENEHANESİ,Bartin,Merkez,41.4101,32.29256,Bartın,Correct
09330CB5-2C73-454A-93EC-D8B778A51DAD,EGEMEN ECZANESİ,Bartin,Amasra,41.74564,32.3856,Bartın,Correct
988A2CE2-AA1A-47C4-9102-DC18D177F876,ASLI ÖZDEMİR MUAYENEHANESİ,Bartin,Merkez,39.28277,-76.50876,Dundalk,Wrong
C5466BA5-08A9-4793-B8C2-E193B15BB53D,BÜYÜK ECZANESİ,Bartin,Merkez,41.6298,32.33702,Bartın,Correct
C5B9A6EC-79C4-4337-B00E-E2C10831CA20,DORUK ECZANESI,Bartin,Merkez,41.64048,32.34323,Bartın,Correct
5B811BAA-4A00-481E-B84C-E34CFD480D9D,BENAY YAZICI BESLENME VE DİYET DANIŞMANLIĞI,Bartin,BARTIN MERKEZ,41.63469,32.33614,Bartın,Correct
E23C5C02-E4AF-4F72-B360-E471F6CAD3DE,BEYAZ AĞIZ VE DİŞ SAĞLIĞI POLİKLİNİĞİ,Bartin,Merkez,41.63531,32.33637,Bartın,Correct
35F49209-4101-4802-8FA5-E50D37C50A0B,BARTIN MERKEZ ELLİBAŞ AİLE SAĞLIĞI MERKEZİ,Bartin,BARTIN MERKEZ,41.57475,32.42708,Bartın,Correct
024B74D9-1A48-43CC-B871-E5B536B2C008,TÜRKER ECZANESİ,Bartin,Merkez,41.58604,32.64171,Bartın,Correct
D75996B2-4420-4FC3-8D58-E781A2F54F26,BERK ECZANESİ,Bartin,Merkez,41.63473,32.33444,Bartın,Correct
90D88B19-74B3-401B-97A0-E795C31D273B,BARTIN MERKEZ ARIT AİLE SAĞLIĞI MERKEZİ,Bartin,Merkez,41.57565,32.42828,Bartın,Correct
E207C69D-8F0F-4EF4-AE4D-E7AD8C89E53C,KESKİNER ECZANESİ,Bartin,Merkez,39.62027,-76.05876,Maryland,Wrong
30DDDC93-7A5A-4DD2-A902-E8C289F58516,TURKUAZ ECZANESİ,Bartin,Merkez,41.62995,32.33442,Bartın,Correct
C7F5CEA3-4AC0-412A-A69D-E8DCCCADA91E,AMASRA İLÇE HASTANESİ,Bartin,Amasra,41.74793,32.38614,Bartın,Correct
4BF4A808-FAE0-42C1-9E75-EEFC8D89AAF4,BARTIN MERKEZ KIZILELMA AİLE SAĞLIĞI MERKEZİ,Bartin,Merkez,41.5664,32.18056,Bartın,Correct
5B7534C7-C7BE-47B8-9106-F1C8948F4C1E,KUZEY ECZANESİ,Bartin,Merkez,41.62423,32.33585,Bartın,Correct
CD07816D-D63B-4325-9D62-F242E374BDBF,FEYZULLAH HASAN KARAASLAN MUAYENEHANESİ,Bartin,Merkez,41.62975,32.33703,Bartın,Correct
DF769438-330B-4E0E-BED0-F2F4FDEFEF2C,ÜMİT ECZANESİ,Bartin,Merkez,39.02087,-76.85796,Maryland,Wrong
FE6DA284-5AAB-446B-8F4B-F3E91F9C60D4,YEDİTEPE ECZANESİ,Bartin,Merkez,41.63745,32.33351,Bartın,Correct
D4792225-2364-4DCD-A1AB-F66868AB859E,BARTIN MERKEZ KEMERKÖPRÜ 2 NOLU AİLE SAĞLIĞI MERKEZİ,Bartin,Merkez,41.62469,32.33669,Bartın,Correct
FF79E3AB-9534-480B-8DF1-F6AA22BFF4BA,CANAN ECZANESİ,Bartin,Merkez,41.12119,42.06714,Artvin,Wrong
2031DAA6-AE09-4CBA-8479-FBAAF9C6F07F,KAAN EFE ECZANESİ,Bartin,Merkez,41.59993,32.44504,Bartın,Correct
467111A6-87B5-45DA-A959-FBD595363693,ÜNAL ECZANESİ,Bartin,Merkez,41.62867,32.33726,Bartın,Correct
03BF8A9B-20E3-4F36-A7F6-FDD3DDBEC701,HAKAN ECZANESİ,Bartin,Merkez,41.62743,32.35284,Bartın,Correct
