UnitId,UnitName,CityName,DistrictName,Latitude,Longitude,DetectedCity,Match
B3F83198-1DCE-4CCB-A424-0026C4942EEC,ÖZGÜR PAŞAOĞLU MUAYENEHANESİ,Trabzon,Ortahisar,41.00623,39.72902,Trabzon,Correct
0FC6DA5E-2DBC-4D2E-9C1B-002C2329BCD0,LİSE ECZANESİ,Trabzon,MERKEZ,41.00327,39.70688,Trabzon,Correct
42494C86-FB8A-4E4E-B4D6-011E7C8CC693,SANİTAS WELLNESS SAĞLIKLI YAŞAM MERKEZİ,Trabzon,Ortahisar,41.00489,39.73055,Trabzon,Correct
E504B781-07E7-4095-8388-0121E14FB404,ÇETİN BAYRAKTAR MUAYENEHANESİ,Trabzon,Ortahisar,41.00546,39.72557,Trabzon,Correct
5867CD09-9BBB-4515-8A74-01CC10CF662D,AKTOPRAK ECZANESİ,Trabzon,Ortahisar,40.9694,39.6947,Trabzon,Correct
27DD1052-6EFA-4BFF-933B-0208DAE34B8F,SELAY SEMERCİ-AYTEKİN SEMERCİ MUAYENEHANESİ,Trabzon,Akçaabat,41.02163,39.56911,Trabzon,Correct
B7F59733-483F-47B0-AF69-0226DB2CC84D,AHMET ÖMEROĞLU MUAYENEHANESİ,Trabzon,MERKEZ,40.8181,28.7303,İstanbul,Wrong
74CF7ABF-1A77-4246-B470-0294E6D6E2D8,TRABZON ORTAHİSAR İNÖNÜ AİLE SAĞLIĞI MERKEZİ,Trabzon,Ortahisar,41.00078,39.70544,Trabzon,Correct
84769321-BB37-48E0-A408-02A6094F379C,SEMİH ECZANESİ,Trabzon,Yomra,40.96347,39.83756,Trabzon,Correct
5C2326BB-3E07-4F6E-A2F3-033BD4B204B3,KIBRIS ECZANESİ,Trabzon,Ortahisar,41.00813,39.72764,Trabzon,Correct
1F82AC4C-7832-43F6-9ED7-0522ECECE78A,BERKHAN DEMİR MUAYENEHANESİ,Trabzon,Ortahisar,41.00518,39.72937,Trabzon,Correct
1D04C32D-C405-4A14-A492-060C3C78C794,ESRA SAĞLAM ALTUNTAŞ MUAYENEHANESİ,Trabzon,Ortahisar,41.00487,39.72921,Trabzon,Correct
6B44AB67-3BAF-47B8-AE0B-06432C07BED4,UMUT ECZANESİ,Trabzon,Akçaabat,40.95234,39.50275,Trabzon,Correct
813446DF-8D14-450A-96BB-069E75014150,ALİ YALCIN MUAYENEHANESİ,Trabzon,Ortahisar,41.00578,39.72844,Trabzon,Correct
73D46B74-F14C-44C3-872B-06A3D791FF5B,ARAKLI ECZANESİ,Trabzon,Arakli,40.93829,40.05907,Trabzon,Correct
E2BB52DD-6CAD-4412-BF2E-06E651E28C38,MERKEZ ECZANESİ,Trabzon,Ortahisar,41.00499,39.72939,Trabzon,Correct
3C6581DB-2FF3-4D50-9BA8-0766B5A7F312,MALİKE ASLAN KEHRİBAR MUAYENEHANESİ,Trabzon,Ortahisar,41.00666,39.72797,Trabzon,Correct
24748FC9-12BF-4421-A30A-078F67C413DE,ARAKLI AĞIZ VE DİŞ SAĞLIĞI POLİKLİNİĞİ,Trabzon,Arakli,40.93859,40.05424,Trabzon,Correct
FB557D9F-1665-4E67-8EF4-089A71A7AC7D,EDİZ ECZANESİ,Trabzon,Ortahisar,41.00603,39.72964,Trabzon,Correct
110C398C-DF3E-4ADA-BB23-0910503EFF7F,DERYA ECZANESİ,Trabzon,Ortahisar,41.00793,39.73154,Trabzon,Correct
DBB8B8DD-34FD-48CC-907E-098DBAB4AA16,MUHAMMET SAKA-ALPAY SAVRAN MUAYENEHANESİ,Trabzon,Ortahisar,41.0077,39.73017,Trabzon,Correct
D68DBE69-354A-45F7-80D2-0A0A945BA0F4,ÇAĞLAR ECZANESİ,Trabzon,Çarşibaşi,41.08086,39.37401,Trabzon,Correct
B76BBEA4-4325-4579-9D7C-0A7FCD760B49,TRABZON AKÇAABAT MERSİN AİLE SAĞLIĞI MERKEZİ,Trabzon,Akçaabat,41.09054,39.48636,Trabzon,Correct
4D066D17-CA40-4493-BAFB-0A8FA5DE083D,HÜLYA ECZANESİ,Trabzon,Ortahisar,40.99559,39.76426,Trabzon,Correct
F9AED108-9365-4BD3-97CC-0AACE8FD79D5,TRABZON KIZILAY KAN MERKEZİ,Trabzon,Ortahisar,41.00478,39.71418,Trabzon,Correct
0B87C0AC-9A52-4383-A48B-0ADD4FDEC253,TAHA TANRIVERDİ MUAYENEHANESİ,Trabzon,Sürmene,40.91953,40.19963,Trabzon,Correct
0DAAAA8E-1D5C-4B17-81B2-0BA9FE696AAD,ADNAN GÜNNAR MUAYENEHANESİ,Trabzon,Ortahisar,40.99535,39.76466,Trabzon,Correct
BACCDCA3-CFB8-49F5-8A58-0BF6CCB902FF,TRABZON ORTAHİSAR KARŞIYAKA AİLE SAĞLIĞI MERKEZİ,Trabzon,Ortahisar,40.9959,39.68451,Trabzon,Correct
E1FD68E9-DA5E-42A9-802C-0C1B42E44C59,ÇAĞATAY KANSIZ BESLENME VE DİYET MERKEZİ,Trabzon,Ortahisar,41.00319,39.72356,Trabzon,Correct
F1B2671D-5A29-4825-A2CB-0D121C036FDF,TRABZON ORTAHİSAR UZUNSOKAK AİLE SAĞLIĞI MERKEZİ,Trabzon,Ortahisar,41.00532,39.72405,Trabzon,Correct
F1E7827F-3401-4345-A2ED-0D6A58A661EB,MİRAC KOÇ MUAYENEHANESİ,Trabzon,Ortahisar,41.00295,39.72389,Trabzon,Correct
7F597003-0F67-4E4A-A222-0DA676BD52F0,YAVUZ ECZANESI,Trabzon,Akçaabat,41.0229,39.56746,Trabzon,Correct
BBB5BA7B-EA39-453B-AEC8-0E47A36E061C,EMİN ECZANESİ,Trabzon,Ortahisar,40.99521,39.76478,Trabzon,Correct
E61E0E22-0EB7-421D-BCA0-0E9FC63422EC,STİL DİYET,Trabzon,Ortahisar,41.00624,39.73026,Trabzon,Correct
AAC844CB-6363-4888-A633-0F05B14C45A9,TRABZON ORTAHİSAR PELİTLİ AİLE SAĞLIĞI MERKEZİ,Trabzon,Ortahisar,40.98883,39.79894,Trabzon,Correct
71234DAD-53E7-4843-8415-0FA8AB934211,TRABZON ORTAHİSAR BEŞİRLİ AİLE SAĞLIĞI MERKEZİ,Trabzon,Ortahisar,40.99509,39.6736,Trabzon,Correct
5201B7AE-944B-4FD4-A628-106EAC8ED84B,HAYAT ECZANESİ,Trabzon,Şalpazari,41.04402,39.2673,Trabzon,Correct
20A719AC-B138-4B7A-A3A5-107766466CA5,SÜLEYMAN GÜVEN MUAYENEHANESİ,Trabzon,Ortahisar,41.00473,39.72968,Trabzon,Correct
0D548486-BCEA-4AFB-A1CA-10CEBA660205,DOĞANKÖY ŞİFA ECZANESİ,Trabzon,Akçaabat,40.92681,39.49672,Trabzon,Correct
D1837A5D-664C-447B-8DE8-11108BE490B7,ÇÖMLEKÇİ ECZANESİ,Trabzon,Ortahisar,41.00575,39.73308,Trabzon,Correct
E98CC65C-E0D9-4D2B-89C3-111310190CCA,ÇAYKARA ECZANESİ,Trabzon,Çaykara,40.83924,40.23715,Trabzon,Correct
EB6A16F8-F0E5-451F-979F-130F23A4B7EA,TRABZON YOMRA KANUNİ AİLE SAĞLIĞI MERKEZİ,Trabzon,Yomra,40.96639,39.83846,Trabzon,Correct
367ED1FB-D4E8-44BC-A2DF-138C3B72B84E,DAMLA ECZANESİ,Trabzon,Maçka,40.88044,39.69408,Trabzon,Correct
9447AFD7-8CAE-487E-8F75-13EEC6B92461,BEŞİRLİ ECZANESİ,Trabzon,Ortahisar,40.99211,39.66711,Trabzon,Correct
4754C441-D9F8-44C7-B490-149589A7F18D,TRABZON TONYA AİLE SAĞLIĞI MERKEZİ,Trabzon,Tonya,40.88795,39.29045,Trabzon,Correct
036955D4-D995-4555-A8F3-1506DF6752FF,YOL ECZANESİ,Trabzon,Ortahisar,40.89996,39.73451,Trabzon,Correct
C93F58D2-6AC7-46B5-A556-154C4A6B3813,SILA ECZANESİ,Trabzon,Akçaabat,41.00397,39.62908,Trabzon,Correct
B7C79F21-516B-4FEA-AD8B-1578AE884BBD,DÜZKÖY İLÇE HASTANESİ,Trabzon,Düzköy,40.80743,40.12406,Trabzon,Correct
052B2578-6438-4CFF-A341-1579E958B155,TRABZON MERKEZ YALINCAK ASM,Trabzon,Ortahisar,41.00032,39.73414,Trabzon,Correct
BECEC5B2-9D02-4EF5-8B74-1600340EC9F8,ÖZEL İMPERİAL HASTANESİ ECZANESİ,Trabzon,Ortahisar,41.1532,29.3303,İstanbul,Wrong
F3A1BA76-C4DC-46A9-B4B4-160D88E68CC1,VOLKAN ECZANESİ,Trabzon,Vakfikebir,41.04864,39.28055,Trabzon,Correct
65F6910D-3D96-4185-A51A-170C4571A0CA,SEÇKİN ECZANESİ,Trabzon,Ortahisar,40.9896,39.69882,Trabzon,Correct
EA17E116-099D-4B12-B467-175C0238ABC3,ÖZEL 7M HASTANESİ,Trabzon,Akçaabat,41.03254,39.5597,Trabzon,Correct
0D6E1CAC-9930-4143-87EE-182087D9DEFD,ŞİFA ECZANESİ,Trabzon,Of,40.94556,40.26621,Trabzon,Correct
9C54E73D-D4F1-4B3F-858B-186DE6097E59,ESİROĞLU ECZANESİ,Trabzon,Maçka,40.88017,39.69324,Trabzon,Correct
5ED8B18A-1846-4755-A4CF-1948C6E40C5E,DİLANUR ECZANESİ,Trabzon,Akçaabat,41.02605,39.56344,Trabzon,Correct
28767649-E014-4139-A93E-196289072B6C,CEREN ECZANESİ,Trabzon,Sürmene,40.91109,40.12348,Trabzon,Correct
3F7FE261-3D1E-4CCC-933E-1968CEED21A8,TRABZON ÇARŞIBAŞI YAVUZ AİLE SAĞLIĞI MERKEZİ,Trabzon,Çarşibaşi,41.00205,39.40842,Trabzon,Correct
7F1DAFB5-FA6E-426A-AEDA-196BD19F2C84,KOFOĞLU ECZANESİ,Trabzon,Ortahisar,41.00688,39.72777,Trabzon,Correct
DA0009A6-00C3-4613-9431-19E017FBE0B3,ONGAN ECZANESİ,Trabzon,Ortahisar,41.00621,39.72556,Trabzon,Correct
E206DCCC-CC44-43A3-80E0-1A03B3661BC0,ARIN ECZANESİ,Trabzon,Ortahisar,41.00585,39.70834,Trabzon,Correct
034AE682-3310-4808-9E7F-1A356B121BA7,TRABZON BEŞİKDÜZÜ AİLE SAĞLIĞI MERKEZİ,Trabzon,Beşikdüzü,41.04891,39.23959,Trabzon,Correct
E91A2DB5-42A2-4CA1-85D5-1A4565986634,İLKNUR ECZANESİ,Trabzon,Ortahisar,40.99425,39.75821,Trabzon,Correct
DC1A68DC-9521-49F5-82D7-1A4BB3987E17,ÖZEL İMPERİAL HASTANESİ,Trabzon,Ortahisar,41.00839,39.72766,Trabzon,Correct
213244F7-44FE-4E31-9F55-1B005A8719CF,YILDIZ ECZANESİ,Trabzon,Akçaabat,41.02163,39.57048,Trabzon,Correct
F6AFECA5-282E-497C-8017-1B87617752BC,EVREN DEMİRBAŞ MUAYENEHANESİ,Trabzon,MERKEZ,41.1626,28.8804,İstanbul,Wrong
3DF5EB14-B214-42C6-B7FA-1BBE0D1A2D4C,PELİTLİ ECZANESİ,Trabzon,Ortahisar,40.98813,39.79902,Trabzon,Correct
9745FF66-D922-4491-93A4-1BE39E177963,SEVGİ ECZANESİ,Trabzon,Ortahisar,40.99719,39.7286,Trabzon,Correct
8D4E952F-9343-4EB9-81C3-1BFA9E42554A,AYDAN-CEM ŞÜKRÜ DEMET MUAYENEHANESİ,Trabzon,Ortahisar,41.009,39.73219,Trabzon,Correct
82E6293F-1241-43F8-89DC-1C3FAE46EEAB,TRABZON VAKFIKEBİR YALIKÖY AİLE SAĞLIĞI MERKEZİ,Trabzon,Vakfikebir,41.06369,39.33309,Trabzon,Correct
937A5216-CA53-4697-98BD-1C40944D0BC5,TRABZON ORTAHİSAR ÇATAK AİLE SAĞLIĞI MERKEZİ,Trabzon,Ortahisar,40.99333,39.70628,Trabzon,Correct
9D14FB07-95DF-4E61-9DDB-1C49D80230FD,POYRAZ ECZANESİ,Trabzon,Ortahisar,41.00569,39.7012,Trabzon,Correct
11BAAA0F-729C-4BE8-A6F1-1CC9546EA0E5,T.C. S.B. SÜRMENE DEVLET HASTANESİ,Trabzon,Sürmene,40.91183,40.13464,Trabzon,Correct
88924850-AA3F-45F2-B086-1DCB60C34911,ÇAYKARA DR MEHMET İLHAN DURGUN İLÇE HASTANESİ,Trabzon,Çaykara,40.74807,40.24292,Trabzon,Correct
09403994-1FEB-45F3-8DA1-1DD7D8A10692,ARDA ECZANESİ,Trabzon,Ortahisar,40.98797,39.72652,Trabzon,Correct
E2F7F52A-E014-4E2B-820A-1E2FF494B8C2,KARADUMAN ECZANESİ,Trabzon,Akçaabat,41.025,39.56407,Trabzon,Correct
1408B939-4406-4898-B782-1EAD2994088B,ÇİĞDEM ECZANESİ,Trabzon,Tonya,40.88896,39.29185,Trabzon,Correct
169D28A4-BC83-4AF9-8DEF-22E2FFF53006,MERKEZ ECZANESİ,Trabzon,Düzköy,40.80955,39.6141,Trabzon,Correct
8B0ECD87-1FAF-4549-A39E-22ED240F443F,TOPALOĞLU ECZANESİ,Trabzon,Of,40.94913,40.27148,Trabzon,Correct
CD97614B-7A24-4542-AC68-22F434574CEC,ELVAN SAĞIR MUAYENEHANESİ,Trabzon,Arsin,40.9537,39.93506,Trabzon,Correct
18B489C5-9C36-4848-AD72-231977EF9712,TRABZON AKÇAABAT DOĞANKÖY AİLE SAĞLIĞI MERKEZİ,Trabzon,Akçaabat,40.91325,39.47673,Trabzon,Correct
BB41A409-CB23-4D78-8A1C-234A354A0205,ÇAĞLAR ECZANESİ,Trabzon,Ortahisar,40.99997,39.73567,Trabzon,Correct
BEACF378-8FB5-47D8-9C64-23654FE7009F,TRABZON AKÇAABAT YAVUZ SELİM AİLE SAĞLIĞI MERKEZİ,Trabzon,Akçaabat,41.01319,39.60106,Trabzon,Correct
9A72C0C4-62AD-409C-A0A5-240032D8FA8E,DENTOMED İMPLANT VE ESTETİK DİŞ HEKİMLİĞİ KLİNİĞİ,Trabzon,Ortahisar,41.00569,39.72887,Trabzon,Correct
811EA8E1-1ED6-44EF-BDFB-244275EACA8B,FAKÜLTE ECZANESİ,Trabzon,Ortahisar,40.99527,39.76476,Trabzon,Correct
0D00E059-09C7-439F-B73E-24810F0F4A61,SERDAR TURAN MUAYENEHANESİ,Trabzon,Ortahisar,41.00587,39.72806,Trabzon,Correct
837A00C0-47B8-44A6-BF83-24D11322F103,AYLA ECZANESİ,Trabzon,Ortahisar,40.99581,39.67498,Trabzon,Correct
3C9BF423-B510-43EB-B729-255806AE3D08,AĞASAR ECZANESİ,Trabzon,Ortahisar,40.99965,39.69489,Trabzon,Correct
AB0D82BC-B14D-45AF-96C3-2613B402B937,ENİS ECZANESİ,Trabzon,Ortahisar,41.00174,39.70124,Trabzon,Correct
517ABABE-1B7A-4326-A932-26BFAC825C45,OCAKLI ECZANESİ,Trabzon,Ortahisar,41.00531,39.72397,Trabzon,Correct
BC110EF2-B8C3-48B6-862F-2756D986974D,ŞAHİN ECZANESİ,Trabzon,Yomra,40.95696,39.8553,Trabzon,Correct
8BB2F0E2-D6AA-4AD5-8F52-27C133C4DC70,ÖNDER ECZANESİ,Trabzon,Ortahisar,41.00773,39.70627,Trabzon,Correct
182DBECC-871A-47C6-B312-2962C3CD418A,DEFNE ECZANESİ,Trabzon,Ortahisar,41.00596,39.73067,Trabzon,Correct
373E42B6-D7A4-46E5-87E1-29C1ED7C165C,BACIOĞLU ECZANESİ,Trabzon,Arsin,39.15587,-76.67796,Glen Burnie,Wrong
9FC5DEDA-36C4-455B-986A-2A52AE0D8AE9,SAĞLIK ECZANESİ,Trabzon,Akçaabat,41.02202,39.56962,Trabzon,Correct
1A4B0815-5CFE-43DD-BC75-2B368F37EC1A,ÜMİT ECZANESİ,Trabzon,Arakli,39.43847,-76.30116,Maryland,Wrong
8B84A749-B9E2-4D99-9533-2C84C2D88452,SOĞUKSU ECZANESİ,Trabzon,MERKEZ,40.98881,39.69648,Trabzon,Correct
102388EA-F40D-4FA9-9C71-2CCDCE875FDF,İSMAİL ALP MUAYENEHANESİ,Trabzon,Vakfikebir,40.95657,39.29425,Trabzon,Correct
842E42CA-54AD-403A-991F-2D41B560D4DD,TRABZON AKÇAABAT PULATHANE AİLE SAĞLIĞI MERKEZİ,Trabzon,Akçaabat,41.02726,39.56385,Trabzon,Correct
EAA8A1C4-FAAB-4B66-96AB-2F8E90F32E5B,TRABZON ARSİN DEVLET HASTANESİ,Trabzon,Arsin,37.57789,36.93087,Kahramanmaraş,Wrong
7CB11BC0-93C5-4E94-AD1E-2F8FEC9FA98C,ŞEYMA ECZANESİ,Trabzon,Ortahisar,41.00171,39.71363,Trabzon,Correct
2C4CC566-4F6A-4955-B778-2FE00EAC9B34,FORUM SERAP ECZANESİ,Trabzon,Ortahisar,41.00201,39.76016,Trabzon,Correct
C694C032-AE48-4FF2-AAF3-3025945CF447,AHMET SEZGİN BÜYÜKADA MUAYENEHANESİ,Trabzon,Şalpazari,41.05211,39.22654,Trabzon,Correct
7B46B730-BF9D-4659-B219-324D26F83E7E,SEZER ECZANESİ,Trabzon,Ortahisar,41.00624,39.72122,Trabzon,Correct
3454D3C7-FD52-4EF8-97E2-32781165F448,DOĞA ECZANESİ,Trabzon,Çaykara,40.74819,40.24274,Trabzon,Correct
472AC821-6ACE-4D75-9EDC-3335F19734E5,DEVA ECZANESİ,Trabzon,Ortahisar,40.99774,39.74572,Trabzon,Correct
4744E4B6-10DE-4DDA-AF13-3360525AE493,YUSUF BAHADIR MUAYENEHANESİ,Trabzon,Ortahisar,41.00671,39.73289,Trabzon,Correct
3BA4CC6E-FB8B-4011-AC6E-3513B8DF20B5,TOKGÖZ ECZANESİ,Trabzon,Ortahisar,41.00587,39.70656,Trabzon,Correct
FA7D8B23-3086-4C9B-8FC9-35267067168C,VEDAT OCAK MUAYENEHANESİ,Trabzon,Ortahisar,41.00922,39.73297,Trabzon,Correct
EF29D000-F2E6-4A2A-8C92-352E2BD159F2,AKÇAABAT ECZANESİ,Trabzon,Akçaabat,41.01646,39.59137,Trabzon,Correct
1849CC3D-B993-487B-864D-35843012B1D4,ELVAN ECZANESİ,Trabzon,Ortahisar,41.00389,39.71162,Trabzon,Correct
693F5DD7-79CD-4945-B78E-35A662D5CA15,FİKRET YILMAZ MUAYENEHANESİ,Trabzon,Of,40.94702,40.26807,Trabzon,Correct
EB12086E-6687-440A-86F2-35B0F38131D6,YOMRA MERKEZ TSM,Trabzon,Yomra,40.93907,39.84459,Trabzon,Correct
C153038D-8093-4386-BED6-35C65BD7CE16,ÇAĞLAR ECZANESİ,Trabzon,Tonya,41.08086,39.37401,Trabzon,Correct
448D3887-1A20-4047-B8D4-3605DAC7EB4D,KASIM ŞAHİN MUAYENEHANESİ,Trabzon,Sürmene,40.9151,40.18916,Trabzon,Correct
29E0EB70-3474-41C5-B93A-3717EED51109,SELDA ECZANESİ,Trabzon,Ortahisar,41.00466,39.7269,Trabzon,Correct
EBA6B717-0316-4307-A111-37B61C28B738,NUHOĞLU ECZANESİ,Trabzon,Akçaabat,41.02333,39.56636,Trabzon,Correct
CC9BC3C8-1569-49A1-AE11-37C088A942F5,ELİF ECZANESİ,Trabzon,Akçaabat,41.01859,39.58104,Trabzon,Correct
F20292BF-02F3-4F02-9CFE-37FE8FBA2F7E,TRABZON AKÇAABAT DERECİK AİLE SAĞLIĞI MERKEZİ,Trabzon,Akçaabat,40.95513,39.59423,Trabzon,Correct
3B86BF10-713A-435B-8458-380C6667C3E4,ÖZGÜR İMRAN SAYIL MUAYENEHANESİ,Trabzon,Ortahisar,41.0081,39.73099,Trabzon,Correct
1BB457AE-F867-4802-87CA-3832C265538C,HİLAL ECZANESI,Trabzon,Arakli,40.93965,40.05391,Trabzon,Correct
628B9B41-B1BC-48C9-9095-38746A49E5C3,ÇAĞLA ECZANESİ,Trabzon,Ortahisar,40.99727,39.74672,Trabzon,Correct
A24507B3-AED5-4FAF-B498-38C09E6F0F97,VOLKAN TAŞKARA MUAYENEHANESİ,Trabzon,Ortahisar,41.00297,39.72286,Trabzon,Correct
CB393E5A-E7B9-4F1C-A849-38EA19A35E34,ŞALPAZARI ECZANESİ,Trabzon,Şalpazari,41.04776,39.27557,Trabzon,Correct
BEEAB6D6-DE0D-46B6-9D45-3A78578A7E5C,YAZICI ECZANESİ,Trabzon,Ortahisar,41.00502,39.73006,Trabzon,Correct
54FF4EF9-8043-4609-840D-3AA46A8ED9E7,KÖROĞLU ECZANESİ,Trabzon,Ortahisar,40.96257,39.70061,Trabzon,Correct
4C953CF4-9A6D-40B9-B27D-3AEE5E0DBB71,SAĞLAM ECZANESİ,Trabzon,Ortahisar,40.99204,39.70003,Trabzon,Correct
FA9FBA9C-6528-4BE7-95D0-3B84E4A8ACA4,TRABZON KÖPRÜBAŞI AİLE SAĞLIĞI MERKEZİ,Trabzon,Köprübaşi,40.80905,40.1169,Trabzon,Correct
059B01B7-3B2D-4BF3-A77B-3C1458B626A7,EBRU ECZANESİ,Trabzon,Akçaabat,41.02219,39.56913,Trabzon,Correct
63A915D2-9D38-4949-A0D0-3D0208AB90B0,T.C. S.B. MAÇKA ÖMER BURHANOĞLU FİZİK TEDAVİ VE REHABİLİTASYON HASTANESİ,Trabzon,Maçka,40.81039,39.60933,Trabzon,Correct
04E13A9A-9E12-464C-A13F-3D2DC0971FD1,ZÜMRÜT ECZANESİ,Trabzon,Ortahisar,40.99601,39.76342,Trabzon,Correct
89A0105E-B6E5-4E8C-9C12-3D6360B56854,HAKAN ECZANESİ,Trabzon,Ortahisar,41.005,39.7296,Trabzon,Correct
8C34F2F6-2DA6-4046-99D0-3D6707705320,SİNEM ECZANESİ,Trabzon,Akçaabat,41.00888,39.61989,Trabzon,Correct
D2654AAC-F0FE-4ED0-8486-3D789A0C4D70,FIRAT ECZANESİ,Trabzon,Ortahisar,40.98816,39.79903,Trabzon,Correct
EAF110E9-CBA0-4F4D-B0A5-3E6D035AB044,ÖZEL TRABZON 7M HASTANESİ,Trabzon,Akçaabat,41.01886,39.57535,Trabzon,Correct
F6CDC4C4-034C-454D-9016-3ECC30035CD4,KİSARNA ECZANESİ,Trabzon,Ortahisar,40.97606,39.69225,Trabzon,Correct
09F69616-D58F-4B0E-9AB9-3F5821FE1F8E,EBRU ECZANESİ,Trabzon,Arakli,40.92042,40.04524,Trabzon,Correct
E6FC7AE1-48EA-409F-A651-3FC9DD4A115F,TRABZON ORTAHİSAR ÇAĞLAYAN AİLE SAĞLIĞI MERKEZİ,Trabzon,Ortahisar,40.90655,39.71783,Trabzon,Correct
3B086F8A-5649-4122-B816-4122869B5009,SENA ECZANESİ,Trabzon,Akçaabat,41.01609,39.58474,Trabzon,Correct
6F2FE16E-059D-4F3A-B5A4-4131A23519CD,DOĞA ECZANESİ,Trabzon,Arakli,40.93804,40.05964,Trabzon,Correct
EB7C33DC-C2C9-4047-8B84-414EC96673B9,TRABZON ORTAHİSAR ÜNİVERSİTE AİLE SAĞLIĞI MERKEZİ,Trabzon,Ortahisar,40.99509,39.76403,Trabzon,Correct
D34B3837-CA10-4B1D-A0D1-4162C809B6B9,YUSUF YILMAZ MUAYENEHANESİ,Trabzon,Beşikdüzü,41.05367,39.22526,Trabzon,Correct
B7D5460A-42EB-4B09-AA6B-41E0FBF484C4,TRABZON AKÇAABAT CİHAN AİLE SAĞLIĞI MERKEZİ,Trabzon,Akçaabat,41.01213,39.60483,Trabzon,Correct
D1500429-C3C0-40F0-9985-422A15C11FF4,RIDVAN HACIAHMETOĞLU MUAYENEHANESİ,Trabzon,Vakfikebir,41.0476,39.27604,Trabzon,Correct
2297ACC7-5E0B-4225-86C3-42BB7FAD5CBC,ALEYNA SÜRMEN UZUN MUAYENEHANESİ,Trabzon,Ortahisar,41.00542,39.7246,Trabzon,Correct
C734587E-A877-459F-B5AF-42C0EC321119,ŞİFA ECZANESİ,Trabzon,Yomra,40.9547,39.86362,Trabzon,Correct
058ADD4F-87D9-45CD-B396-42FF8A7D347A,ALİBEYOĞLU ECZANESİ,Trabzon,Ortahisar,40.99601,39.766,Trabzon,Correct
646B9556-3771-404F-A3AB-43429AE79A34,HAYRAT MERKEZ TSM,Trabzon,Hayrat,40.88828,40.36917,Trabzon,Correct
AF5B0312-7F67-47ED-BD89-4446C779EFAA,TRABZON YOMRA KAŞÜSTÜ AİLE SAĞLIĞI MERKEZİ,Trabzon,Yomra,40.96729,39.83966,Trabzon,Correct
5BB5172E-884C-4367-856E-44BBAFF3F4EF,DENT TRABZON AĞIZ VE DİŞ SAĞLIĞI MERKEZİ,Trabzon,Ortahisar,41.00532,39.72712,Trabzon,Correct
4E0B26B3-227E-4F70-AAC2-45F694E9AE5B,EBRU ULU MUAYENEHANESİ,Trabzon,Ortahisar,41.00624,39.72596,Trabzon,Correct
746B2D4D-FD94-4037-8F3E-460CCDC3E2C4,TRABZON ORTAHİSAR KIŞLA AİLE SAĞLIĞI MERKEZİ,Trabzon,Ortahisar,40.99971,39.7106,Trabzon,Correct
8D02B991-902F-4F04-A26E-46185BEB3E0E,RASİM İHTİYAROĞLU MUAYENEHANESİ,Trabzon,Ortahisar,41.00564,39.73171,Trabzon,Correct
8A3448C3-7C82-4698-95CF-46410A5E9345,TRABZON ÇARŞIBAŞI AİLE SAĞLIĞI MERKEZİ,Trabzon,Çarşibaşi,41.07881,39.36626,Trabzon,Correct
652269A8-8F86-4F9B-8BAE-467F51147526,FATMA PEHLİVANLAR MUAYENEHANESİ,Trabzon,Ortahisar,41.00595,39.73023,Trabzon,Correct
11BDB626-3CC6-49A3-B73F-471417F772D9,ŞÜKRANİYE ECZANESİ,Trabzon,Ortahisar,40.98733,39.69696,Trabzon,Correct
4C0387BD-5941-49FB-9055-47511BE58F5E,EBRU ECZANESİ,Trabzon,Ortahisar,40.99418,39.7067,Trabzon,Correct
CD11EDB4-4500-4335-8E6B-49789C2611FC,VİLDAN ABBASOĞLU BİNLER MUAYENEHANESİ,Trabzon,Ortahisar,41.00625,39.72888,Trabzon,Correct
78131E1E-C4AA-4182-9FF0-4A4F6AE45B48,MİHRİBAN ECZANESİ,Trabzon,Ortahisar,40.99337,39.67194,Trabzon,Correct
1C78703B-5DB2-4985-AB35-4A602028B4B3,TOLGA VAROL MUAYENEHANESİ,Trabzon,Ortahisar,41.00832,39.73177,Trabzon,Correct
875AF61D-4F51-4329-900B-4A91E09B89F7,MERKEZ ECZANESİ,Trabzon,Akçaabat,40.87346,39.42548,Trabzon,Correct
210A11B3-ECBD-472A-A8D6-4AA3D6FD79D3,TRABZON YOMRA AİLE SAĞLIĞI MERKEZİ,Trabzon,Yomra,40.95513,39.85958,Trabzon,Correct
CC61C3AF-8EE6-4B4E-AFDB-4B26F62F553C,AYASOFYA ECZANESİ,Trabzon,Ortahisar,41.00088,39.69852,Trabzon,Correct
B260ED9B-3BFA-46ED-AC14-4BA759038E7E,FARABİ ECZANESİ,Trabzon,Ortahisar,40.99554,39.76435,Trabzon,Correct
AD65B95E-C7E5-4241-869B-4BBC06DF89B9,ERAY ECZANESİ,Trabzon,Ortahisar,40.99629,39.7274,Trabzon,Correct
6AD7856D-2DC1-414C-96CD-4BE2527B3F8E,ÖZLEM ECZANESİ,Trabzon,Yomra,40.96221,39.83165,Trabzon,Correct
CEB5B9E7-C7AB-497D-AE68-4BF3F9B55D32,TRABZON ORTAHİSAR ADATEPE AİLE SAĞLIĞI MERKEZİ,Trabzon,Ortahisar,40.98756,39.66308,Trabzon,Correct
6873D5AE-8076-461A-90F7-4C2C84BE33EC,RIZA ECZANESİ,Trabzon,Of,40.94646,40.26848,Trabzon,Correct
3554B9C5-D2B8-40F2-ADD7-4CA5AA306100,ERVA ECZANESİ,Trabzon,Ortahisar,41.00561,39.70125,Trabzon,Correct
3F4CAFB9-DB28-4C59-85E6-4CDA4DFA7027,TANJANT ECZANESİ,Trabzon,Ortahisar,41.00409,39.71199,Trabzon,Correct
3207A176-6668-474B-B8C2-4D7AF0EE5121,CANAN ÖZER MUAYENEHANESİ,Trabzon,Ortahisar,41.00475,39.71205,Trabzon,Correct
8E21DC13-65F6-4931-BEF0-4E23465E850F,ASLİ AYDİN MUAYENEHANESİ,Trabzon,Ortahisar,41.00274,39.73026,Trabzon,Correct
993BFAE3-6BF8-4760-9A97-4FDD190A181E,HUZUR ECZANESİ,Trabzon,Yomra,40.96134,39.84406,Trabzon,Correct
9BE2EE35-5565-45E7-89D9-50017B437B2F,SEVİM YILDIRIM MUAYENEHANESİ,Trabzon,Beşikdüzü,41.05159,39.23321,Trabzon,Correct
18752B37-21DC-4D1D-94B1-5064B2205890,TURAN ECZANESİ,Trabzon,Ortahisar,40.99822,39.69394,Trabzon,Correct
5ECAA011-F2E3-4548-97DE-50C5A025E50E,TRABZON OF AİLE SAĞLIĞI MERKEZİ,Trabzon,Of,40.94914,40.27147,Trabzon,Correct
1ECCDD1D-861D-49F0-9EA5-50E100045DC5,ESTETİK PLUS,Trabzon,Ortahisar,41.01031,39.73769,Trabzon,Correct
6628F1CF-179A-4F36-928D-511AF4DEBEF2,ÖZEL KARADENİZ LAZER GÖZ MERKEZİ,Trabzon,Ortahisar,41.00667,39.7303,Trabzon,Correct
FB785DAB-4FFA-471E-8A30-51BB5BA583A7,YAŞAM ECZANESİ,Trabzon,Ortahisar,41.00357,39.70227,Trabzon,Correct
8563915E-00E1-4A33-848D-51C1A21C2398,AYDIN ECZANESİ,Trabzon,Akçaabat,41.02524,39.56386,Trabzon,Correct
384471A9-ABE1-4E3C-BD97-51C4FB087CC3,TRABZON ÇAYKARA AİLE SAĞLIĞI MERKEZİ,Trabzon,Çaykara,40.74792,40.24369,Trabzon,Correct
4C1F1601-99E1-4449-BD47-5276974E9989,GÜNIŞIĞI ECZANESİ,Trabzon,Arakli,40.93844,40.05874,Trabzon,Correct
1E8EB1B5-D1EE-4CF8-AC05-527F9032916F,SEYİTOĞLU ECZANESİ,Trabzon,Arakli,40.95588,39.85991,Trabzon,Correct
F3D72124-39B4-4E8E-B3F9-53370C8BEA80,SAĞLIK ECZANESİ,Trabzon,Çaykara,40.83925,40.23714,Trabzon,Correct
7E2D6041-0318-418F-889E-53CC9C6A7AF4,KONAK ECZANESİ,Trabzon,Ortahisar,41.00526,39.72371,Trabzon,Correct
3C7B9070-5867-4CF0-9158-54C11F90A85A,TRABZON ORTAHİSAR BENGİSU AİLE SAĞLIĞI MERKEZİ,Trabzon,Ortahisar,40.97468,39.6939,Trabzon,Correct
9C9A06DD-B750-4105-B849-55D50D807826,YAYLACIK ECZANESİ,Trabzon,Akçaabat,41.01561,39.59395,Trabzon,Correct
10233FC1-7181-46FA-A76F-563360085D4D,SELCUK ECZANESİ,Trabzon,Ortahisar,40.98959,39.7836,Trabzon,Correct
6C8DC20A-3DE0-403F-BBE8-5666F4E4A3CC,SERKAN KARADENİZ MUAYENEHANESİ,Trabzon,Ortahisar,41.00941,39.73649,Trabzon,Correct
B2C834D2-0273-404D-B25A-567A546E7CC2,BÜNYAMİN SAĞIR MUAYENEHANESİ,Trabzon,Ortahisar,41.00577,39.7285,Trabzon,Correct
1657D27C-E9A9-476D-A43F-56BC25FEDD57,ÇAMLICA ECZANESİ,Trabzon,Sürmene,40.90562,40.38763,Trabzon,Correct
B15CF7ED-D089-467C-B06D-57ACBC30618E,DÜZKÖY ÇAYIRBAĞI 4 NOLU AİLE SAĞLIĞI MERKEZİ,Trabzon,Düzköy,40.82393,39.35052,Trabzon,Correct
D33CE2B8-DF1A-4A2C-97B7-58742FD933A9,BERNA SULTAN ECZANESİ,Trabzon,Düzköy,40.76654,39.67985,Trabzon,Correct
96760932-1A36-4CF9-9A2D-5A1DC9E4D539,KUNDURACILAR ECZANESİ,Trabzon,Ortahisar,41.00629,39.72867,Trabzon,Correct
15AE0914-A120-4F3F-B950-5B372BEF031A,MELEK PEKER MUAYENEHANESİ,Trabzon,Akçaabat,41.01205,39.60582,Trabzon,Correct
458502C5-E6F7-4A4A-8142-5C040A112FE3,KONAKOĞLU ECZANESİ,Trabzon,Ortahisar,40.98782,39.69864,Trabzon,Correct
3790D8E3-BD78-486B-8B62-5C0D5431C483,ADA DİYET VE BESLENME DANIŞMA MERKEZİ,Trabzon,Ortahisar,41.0072,39.72979,Trabzon,Correct
EBCC93E7-130A-40C1-826B-5C476C637FFD,UĞUR ECZANESİ,Trabzon,Akçaabat,41.01647,39.5873,Trabzon,Correct
9ABDACE5-B618-4AAE-A7F5-5CE71F425313,TRABZON ORTAHİSAR KONAKLAR AİLE SAĞLIĞI MERKEZİ,Trabzon,Ortahisar,40.98974,39.7838,Trabzon,Correct
9EA84CF4-12E0-412E-85C2-5DC6B26EFCB9,ENES ÖZCAN MUAYENEHANESİ,Trabzon,Akçaabat,41.01628,39.59213,Trabzon,Correct
580F488D-210F-408C-B25C-5E0032883F4F,SAĞLIK ECZANESİ,Trabzon,Dernekpazari,40.83925,40.23714,Trabzon,Correct
46EF4929-280A-4D55-BF3B-5E58FB5BF539,ERDOĞAN ECZANESİ,Trabzon,Ortahisar,41.0053,39.72392,Trabzon,Correct
89D27249-E012-432C-B723-5EA3BA1FC70D,BİRİNCİ ECZANESİ,Trabzon,Ortahisar,40.99676,39.71513,Trabzon,Correct
872C8C8E-82B2-496E-8FB6-5ED596BF99EF,HARUN AKÇAY MUAYENEHANESİ,Trabzon,Ortahisar,41.00629,39.72862,Trabzon,Correct
0F2107F7-D8C3-4F8C-9B48-5F164CCFEC71,SEMA ŞEN GÜNAYDIN MUAYENEHANESİ,Trabzon,Ortahisar,41.00608,39.73057,Trabzon,Correct
B0D12CC3-1015-4DCA-861D-5F9257B02BEA,FİRDEVS ECZANESİ,Trabzon,Ortahisar,40.99972,39.71068,Trabzon,Correct
3A0BD074-F43D-4207-818F-5FBA50DEACDF,İBRAHİM ECZANESİ,Trabzon,MERKEZ,40.994,39.69188,Trabzon,Correct
B8685E50-373E-468D-BEE5-6002E7C03214,T.C. S.B. AKÇAABAT HAÇKALI BABA DEVLET HASTANESİ,Trabzon,Akçaabat,41.02034,39.57731,Trabzon,Correct
388E3AFE-C183-4621-88C5-603FFB671D1F,ÖMER KARAKAŞ-OĞUZ KARAKAŞ MUAYENEHANESİ,Trabzon,Ortahisar,40.99691,39.72854,Trabzon,Correct
2E0B013B-935C-4234-9672-616769AA2C06,DERMAN ECZANESİ,Trabzon,Vakfikebir,39.09737,-76.75596,Maryland,Wrong
55C82FF7-0F0A-40F0-B498-61A6C4E33C34,ZEYNEP GÖKTAŞ ECZANESİ,Trabzon,Ortahisar,41.00792,39.72763,Trabzon,Correct
A38136D6-F946-4D0C-A20B-61DAC8FCC2DE,TRABZON ORTAHİSAR BAHÇECİK AİLE SAĞLIĞI MERKEZİ,Trabzon,Ortahisar,40.99728,39.71608,Trabzon,Correct
28D49E96-A11C-4105-A12B-621AF8DAC451,DENTOMED YOMRA,Trabzon,Yomra,40.96201,39.84215,Trabzon,Correct
6030B55A-D723-43F6-AE19-62A8EA3D8CB1,LOKMAN ECZANESİ,Trabzon,Yomra,40.95423,39.86599,Trabzon,Correct
5E0D3250-1A4D-492F-8C55-62E4B75F68A7,AYA KLİNİK,Trabzon,Ortahisar,41.00454,39.73266,Trabzon,Correct
47451735-5B55-4138-8460-62F0B6AEB0B6,DERMAN ECZANESİ,Trabzon,Arsin,40.94762,40.2694,Trabzon,Correct
0CB9E220-620D-4D32-B5F6-634448738E3A,TOLGA ŞENGÜL MUAYENEHANESİ,Trabzon,Yomra,40.95432,39.8656,Trabzon,Correct
BB9ADC77-5B5C-4CDF-802E-65C5D3A896A4,ÖZNUR ECZANESİ,Trabzon,Akçaabat,41.01208,39.60244,Trabzon,Correct
A2C9141C-F971-4F28-9DC0-66087D59E09B,ETEM ALHAN MUAYENEHANESİ,Trabzon,Ortahisar,41.0031,39.73097,Trabzon,Correct
88FC2FDE-20D7-46D0-9B84-664515636198,GENÇER ECZANESİ,Trabzon,Akçaabat,41.01439,39.59347,Trabzon,Correct
37A19B3A-B74B-440D-B3B9-665C5B28BC45,DOĞA ECZANESİ,Trabzon,Ortahisar,40.99322,39.72593,Trabzon,Correct
C8270776-F989-42D4-B55A-66615734BB5C,ALİ SARAÇ MUAYENEHANESİ,Trabzon,Ortahisar,41.00581,39.73169,Trabzon,Correct
B24A90A0-AC9E-4781-B0E3-66EAF06DB4EA,ANADOLU ECZANESİ,Trabzon,Maçka,40.81021,39.61385,Trabzon,Correct
4FA808D0-1449-4811-99DA-66EE40E92734,TRABZON ARAKLI AİLE SAĞLIĞI MERKEZİ,Trabzon,Arakli,40.93934,40.05994,Trabzon,Correct
EB830CA9-C69E-4DC9-9A7B-66F6D445FDC8,BEŞİKDÜZÜ ECZANESİ,Trabzon,Beşikdüzü,41.0469,39.2674,Trabzon,Correct
1C242A9A-A01A-4BE5-BB16-673405928845,ARZU AYDIN ÇAPKIN MUAYENEHANESİ,Trabzon,Ortahisar,41.00572,39.73199,Trabzon,Correct
C5EF100D-EB8B-49FB-96E8-675A4AB19850,RAHMİ BORAN MUAYENEHANESİ,Trabzon,Ortahisar,41.00462,39.7332,Trabzon,Correct
021AE195-2BE9-4B26-9602-6762561E9839,SÖĞÜTLÜ ECZANESİ,Trabzon,Akçaabat,41.01237,39.60075,Trabzon,Correct
0FDDA5E8-A05A-44EA-A11A-67C993BC5566,TRABZON KÖPRÜBAŞİ VALI RECEP YAZİCİOĞLU İLÇE HASTANESI,Trabzon,Köprübaşi,40.80907,40.12394,Trabzon,Correct
AC12D3CA-4D93-421F-B94A-680DCD8D70C7,ÖZEL TRABZON DENTELİT AGİZ VE DİS SAĞLIĞI POLİKLİNİĞİ,Trabzon,Ortahisar,41.00449,39.7293,Trabzon,Correct
9886D75E-9993-404B-AE41-682DB8033267,HAKAN UZUN MUAYENEHANESİ,Trabzon,Ortahisar,41.00818,39.73156,Trabzon,Correct
ACFC85E3-9711-4623-A660-68471B707D9B,SAYGILI ECZANESİ,Trabzon,Ortahisar,41.00414,39.72837,Trabzon,Correct
312898FD-D20E-4763-AF62-684B98335D04,VANDAN ECZANESİ,Trabzon,Ortahisar,41.00617,39.71974,Trabzon,Correct
0C94CA31-AAE6-4FF8-849D-6900409E2DB5,AKAR ECZANESİ,Trabzon,Akçaabat,41.00845,39.6216,Trabzon,Correct
CE212DEA-496A-4B43-AB36-690548EEA5FB,MC DİYET DANIŞMANLIK MERKEZİ,Trabzon,Ortahisar,41.00216,39.73246,Trabzon,Correct
DC1848B2-D1DA-486C-A324-69396248A8D6,MEHMET KAYAALP MUAYENEHANESİ,Trabzon,Ortahisar,41.00566,39.72556,Trabzon,Correct
F310DEC3-EC08-4019-B0FD-696043E8F9C2,SENA ECZANESİ,Trabzon,Ortahisar,40.99866,39.71061,Trabzon,Correct
919FC88F-7BCE-4A0C-9C6B-6AA37810FCD7,KOÇHAN ECZANESİ,Trabzon,Maçka,40.80883,39.61496,Trabzon,Correct
B64E1EFA-8826-4A29-87E8-6BBAC423E074,ESRA ECZANESİ,Trabzon,Of,40.94268,40.26962,Trabzon,Correct
BA6D0010-D1CE-4EBC-9AC0-6C2C9C01285A,TRABZON ORTAHİSAR AKTOPRAK AİLE SAĞLIĞI MERKEZİ,Trabzon,Ortahisar,40.964,39.69137,Trabzon,Correct
C26B42C9-0507-4224-A3FC-6C6EC152A24D,BAŞKAN ECZANESİ,Trabzon,Beşikdüzü,41.0528,39.23101,Trabzon,Correct
DF7005D1-15A5-4DF7-A23A-6CA0CEFA7A59,TRABZON MAÇKA ESİROĞLU AİLE SAĞLIĞI MERKEZİ,Trabzon,Maçka,40.87947,39.69187,Trabzon,Correct
5730AE4C-9E14-4F9A-9EA7-6CAF4020F224,SOLAKLI ECZANESİ,Trabzon,Of,40.94621,40.2668,Trabzon,Correct
ED028BD2-8838-4054-8AB1-6D18A9A8A811,BERİL ECZANESİ,Trabzon,Ortahisar,40.99233,39.72723,Trabzon,Correct
72D57AFE-1681-4AD6-8363-6D3B71442639,ZEYNEP ÇEBİ MUAYENEHANESİ,Trabzon,Arakli,40.93915,40.05592,Trabzon,Correct
C9E5D763-E57B-4E30-9568-6D3C699E4DC5,KARADENİZ TEKNİK ÜNİVERSİTESİ MEDİKO SOSYAL TABİPLİĞİ,Trabzon,Ortahisar,40.99616,39.77024,Trabzon,Correct
F927D550-9930-430B-9CE7-6E211510E198,HANDE BAŞOĞLU MUAYENEHANESİ,Trabzon,MERKEZ,40.918,29.3239,İstanbul,Wrong
86A8252E-9E1E-44AB-AAC0-6E48BBC901AF,IPEK KAL MUAYENEHANESİ,Trabzon,MERKEZ,41.0476,29.1219,İstanbul,Wrong
0D1F457B-C313-45F7-B613-6EF46F14E47F,KAŞÜSTÜ ECZANESİ,Trabzon,Yomra,40.96298,39.83633,Trabzon,Correct
D47C1B80-F735-46FB-B51D-6F157F9679F0,TRABZON ORTAHİSAR KALKINMA AİLE SAĞLIĞI MERKEZİ,Trabzon,Ortahisar,40.99351,39.75817,Trabzon,Correct
3354E117-9B8C-4762-A1A8-6F4461F6E215,TRABZON ORTAHİSAR AYDINLIKEVLER AİLE SAĞLIĞI MERKEZİ,Trabzon,Ortahisar,40.99432,39.6924,Trabzon,Correct
75852979-57ED-4D97-8CE8-717912CFC17F,HAYRAT ECZANESİ,Trabzon,Hayrat,40.92115,39.72414,Trabzon,Correct
F3FE4D36-968C-4CB2-A6FB-71A69D835EC7,TRABZON AKÇAABAT SEBAT AİLE SAĞLIĞI MERKEZİ,Trabzon,Akçaabat,41.02077,39.57003,Trabzon,Correct
475ECB5A-7499-456D-B08F-71D2E95EAEC8,NİSAN ECZANESİ,Trabzon,Ortahisar,40.98977,39.65068,Trabzon,Correct
9ACB5FA6-6673-4084-A0DD-73EE1C3597FF,AYDINLIKEVLER ECZANESİ,Trabzon,Ortahisar,40.99467,39.69117,Trabzon,Correct
0541A418-57C6-4B26-BF3E-74950004983D,İRFANLI ECZANESİ,Trabzon,Of,40.94222,40.26111,Trabzon,Correct
CD903D4B-328A-480F-99EF-74B5603879BC,BAKKALOĞLU ECZANESİ,Trabzon,Ortahisar,40.99987,39.69457,Trabzon,Correct
5818BB53-9289-493B-A1D0-754C2D601E5B,MUSTAFA BOZALİ-ÖMER BOZALİ MUAYENEHANESİ,Trabzon,Akçaabat,41.02172,39.57227,Trabzon,Correct
52212629-D21F-421D-AA81-75AB4D79413B,PINAR ECZANESİ,Trabzon,Düzköy,40.87329,39.42537,Trabzon,Correct
2B125C65-570B-4154-8259-766275F1832C,TRABZON ORTAHİSAR GAZİPAŞA AİLE SAĞLIĞI MERKEZİ,Trabzon,Ortahisar,41.00384,39.72709,Trabzon,Correct
BE112142-996C-46A8-A7A4-7793E810C9A2,MUSTAFA ATAHAN TURGUT-HASAN TURGUT MUAYENEHANESİ,Trabzon,Ortahisar,41.00192,39.73047,Trabzon,Correct
31AC7EEB-C0E7-4698-98AA-7844B6E6EC46,TRABZON ORTAHİSAR AKOLUK AİLE SAĞLIĞI MERKEZİ,Trabzon,Ortahisar,40.9181,39.723,Trabzon,Correct
37295B50-E840-4E6F-AB34-78C7F6913B36,EDA ECZANESİ,Trabzon,Yomra,40.95951,39.82805,Trabzon,Correct
807C0FA0-CC9A-4DAE-A79C-79D46AD0BFF4,ÖZEL KAŞÜSTÜ DENT,Trabzon,Yomra,40.94973,39.81508,Trabzon,Correct
6472E6E4-ABA7-4FE6-92B7-7A14DC267D46,BEREN ECZANESİ,Trabzon,Ortahisar,41.00637,39.71125,Trabzon,Correct
271B1B93-F5A7-4948-A306-7A5D17F4B5C7,YENİ ECZANE,Trabzon,Arakli,40.9384,40.05444,Trabzon,Correct
826032D7-1B7F-44DA-959C-7A86DD1D4ED4,SERRA NUR ECZANESİ,Trabzon,Ortahisar,40.99213,39.70081,Trabzon,Correct
5243B111-CACE-45FD-B788-7A9A8E72D033,BAL ECZANESİ,Trabzon,Ortahisar,41.0041,39.7275,Trabzon,Correct
DB0549A5-33C5-4BD5-8698-7AB5C3E0A355,KOZA ECZANESİ,Trabzon,Akçaabat,41.02507,39.56401,Trabzon,Correct
B78BC91A-3589-470D-B1DA-7B200BA332B0,DENİZ ECZANESİ,Trabzon,Ortahisar,41.00602,39.72982,Trabzon,Correct
ACF82715-000E-425A-B426-7BAB63DFEAFE,AYBERK ÇALIK MUAYENEHANESİ,Trabzon,Ortahisar,41.00723,39.73035,Trabzon,Correct
104C085D-8F95-442B-A758-7C57C04DBF16,TRABZON ORTAHİSAR BULAK AİLE SAĞLIĞI MERKEZİ,Trabzon,Ortahisar,40.95355,39.77058,Trabzon,Correct
6C51FD34-9AC6-4AFB-8DEC-7C7E50CCE11D,ERENLER ECZANESİ,Trabzon,Beşikdüzü,41.04763,39.27654,Trabzon,Correct
648D2F94-D7E2-439B-90DD-7CAE97B7239B,DERYA ECZANESİ,Trabzon,Vakfikebir,41.04785,39.27612,Trabzon,Correct
303BDC2C-1AD9-4E98-88F7-7CB40ACA8297,ERHAN-ÜMMİYE KALAY MUAYENEHANESİ,Trabzon,Beşikdüzü,41.05192,39.23043,Trabzon,Correct
527D3A41-4EC3-49B5-AB62-7CD7D3541076,ELİF YARDIM EYUBOGLU MUAYENEHANESİ,Trabzon,Ortahisar,41.00364,39.73146,Trabzon,Correct
380F2325-454D-4313-AB46-7D9D6FB01758,MEHMET TAFLAN MUAYENEHANESİ,Trabzon,Ortahisar,41.00506,39.72847,Trabzon,Correct
0C3A7422-C957-4EAE-9382-7DD7C6946E4C,SİBEL ECZANESİ,Trabzon,Ortahisar,41.00549,39.72491,Trabzon,Correct
2B6043C5-E27F-4D68-83C9-7E084AF03FD9,ÇATAK ECZANESİ,Trabzon,Ortahisar,40.99465,39.70648,Trabzon,Correct
0D0D5664-7140-4DCB-8958-7E4AA0A32BA8,GÖNÜL ECZANESİ,Trabzon,Akçaabat,40.92881,39.49421,Trabzon,Correct
EC051C7B-E575-459E-9992-7F04F37D6AF1,SURMENE ECZANESI,Trabzon,Sürmene,40.91059,40.12867,Trabzon,Correct
4DA38869-A249-431C-B1A0-7F3863A69E9A,HALK ECZANESİ,Trabzon,Of,40.94786,40.2693,Trabzon,Correct
4AAEE705-3C9C-48B6-B727-802A3F6E1624,TRABZON HALK SAĞLIĞI MÜDÜRLÜĞÜ,Trabzon,Ortahisar,41.00448,39.71765,Trabzon,Correct
6AA0919A-FA85-4226-81B0-803304779039,FEYZA ECZANESİ,Trabzon,Yomra,40.96583,39.83529,Trabzon,Correct
D6AFC19C-D273-4CA9-ABA2-81CF353A697A,BAHADIR ECZANESİ,Trabzon,Vakfikebir,41.0482,39.27528,Trabzon,Correct
15847265-C3B2-43B5-8B64-833768A11571,ATACAN ECZANESİ,Trabzon,Arakli,40.91952,40.04404,Trabzon,Correct
F5E18352-3D67-4D81-AB05-833C0BCE2887,YENİ MURAT ECZANESİ,Trabzon,Ortahisar,40.99671,39.67618,Trabzon,Correct
A085033F-9232-4455-8207-837AAF78A621,TRABZON KANUNİ EĞİTİM VE ARAŞTIRMA HASTANESİ KAŞÜSTÜ KAMPÜSÜ,Trabzon,Yomra,40.95645,39.81926,Trabzon,Correct
4BB7F78B-12D7-4B9C-953F-8380C6766B7E,AYŞEGÜL GENÇCAN MUAYENEHANESİ,Trabzon,Ortahisar,41.00645,39.73028,Trabzon,Correct
2D05A2D1-825F-4022-AD60-841AA3F7FB71,TRABZON OF GÜRPINAR AİLE SAĞLIĞI MERKEZİ,Trabzon,Of,40.83915,40.28109,Trabzon,Correct
F9D2C6BC-4CE7-4E8C-8E3B-85876F0CC357,GÜL ECZANESİ,Trabzon,Akçaabat,41.02292,39.57082,Trabzon,Correct
D8904CE3-64CF-4CF2-8F53-85AFAD59C25F,TRABZON ORTAHİSAR BOZÇAYIR AİLE SAĞLIĞI MERKEZİ,Trabzon,Ortahisar,40.99199,39.72767,Trabzon,Correct
8E356CAB-B370-4127-9B22-85E5CD4FF914,İREM BALCİ MUAYENEHANESİ,Trabzon,Akçaabat,41.01333,39.60433,Trabzon,Correct
4EB9E50F-167D-43F1-9DF0-86314170BCA6,MARAŞ ECZANESİ,Trabzon,Ortahisar,41.00569,39.72886,Trabzon,Correct
6B6DD1E6-5615-41CC-B540-86958F17D715,T.C. S.B. VAKFIKEBİR DEVLET HASTANESİ,Trabzon,Vakfikebir,41.04853,39.27774,Trabzon,Correct
7D3C3CE9-44C9-4484-81CE-88032BA95E44,ÇARŞIBAŞI ECZANESI,Trabzon,Of,40.945,40.2685,Trabzon,Correct
7FC37AA9-E877-4B92-AB76-88870D5E20E4,ÇUKURÇAYIR ECZANESİ,Trabzon,Ortahisar,40.99572,39.72724,Trabzon,Correct
5A2AA4D5-605D-4033-A9D4-88E55B0A9B21,TRABZON YOMRA ÖZDİL AİLE SAĞLIĞI MERKEZİ,Trabzon,Yomra,40.83888,39.81096,Trabzon,Correct
66EDB13A-2E6C-4303-B578-892B915BB7CF,UĞUR DURMUŞ MUAYENEHANESİ,Trabzon,Ortahisar,41.0037,39.72301,Trabzon,Correct
5B1A5C35-2DF6-456D-B427-896B81963517,T.C. S.B. TRABZON YAVUZ SELİM KEMİK HASTALIKLARI VE REHABİLİTASYON HASTANESİ,Trabzon,Ortahisar,40.9952,39.72638,Trabzon,Correct
917D00D5-1C61-47F5-8F4B-8B6DD2CF17A6,KEMERKAYA AKIN ECZANESİ,Trabzon,Ortahisar,41.00681,39.7277,Trabzon,Correct
E320525A-38EE-4756-BD72-8C0846EA664A,YAĞMUR ECZANESİ,Trabzon,Akçaabat,41.02513,39.56463,Trabzon,Correct
0DB74AD0-84AA-4BC6-B53A-8C4FC6AC2BEF,SAĞLIK ECZANESİ,Trabzon,Sürmene,40.91116,40.11987,Trabzon,Correct
8059A8C0-DB66-44B3-80AB-8CA6639DB5F2,RECEP KOÇ MUAYENEHANESİ,Trabzon,MERKEZ,41.1659,29.1257,İstanbul,Wrong
4006EB92-AA3F-45EC-90A6-8D6A6220EF4E,ZAFER ECZANESİ,Trabzon,Ortahisar,41.00844,39.72729,Trabzon,Correct
2B9B2F91-0523-47A8-B2AA-8D91FAB86197,AHMET MİHCİOGLU MUAYENEHANESİ,Trabzon,Ortahisar,41.00533,39.72413,Trabzon,Correct
E29F95C5-839C-4393-882D-8E9C833918FD,DEMET EĞRİOĞLU MUAYENEHANESİ,Trabzon,Ortahisar,41.00602,39.72992,Trabzon,Correct
9DBC88BE-5D2E-46F4-AC2A-8FCAF4F560EB,MUHAMMET ERKAN KLİNİĞİ,Trabzon,Ortahisar,41.00591,39.72986,Trabzon,Correct
1AB987FD-F234-4029-B83F-9005A2A38B3A,GÜLDENİZ ECZANESİ,Trabzon,Arsin,40.9563,39.94354,Trabzon,Correct
E7BE3070-423F-48B9-B646-924F0F01CFAC,TRABZON MERKEZ AĞIZ VE DİŞ SAĞLIĞI POLİKLİNİĞİ,Trabzon,Ortahisar,41.00331,39.72353,Trabzon,Correct
3C7437A4-D472-4AF1-8C30-92800C8B5A93,DİLA METE PEKER MUAYENEHANESİ,Trabzon,Ortahisar,41.01121,39.73889,Trabzon,Correct
3C65633A-EEF5-41C8-AEDB-928BB4314FF9,FLORMED SAÇ EKİMİ VE GÜZELLİK MERKEZİ,Trabzon,Ortahisar,41.00823,39.72484,Trabzon,Correct
3CAA848A-EEFB-4F0C-8942-92B11FB7EEA2,TRABZON AHİ EVREN GÖĞÜS KALP VE DAMAR CERRAHİSİ EĞİTİM VE ARAŞTIRMA HASTANESİ,Trabzon,Ortahisar,40.98777,39.69737,Trabzon,Correct
B9D8DA6B-803D-41A3-9EED-933402D5C7AC,BAHAR ECZANESİ,Trabzon,Ortahisar,41.00464,39.72347,Trabzon,Correct
FA0FB819-9B66-4B0E-B49A-93405A6B1581,TRABZON SÜRMENE AİLE SAĞLIĞI MERKEZİ,Trabzon,Sürmene,40.91013,40.12011,Trabzon,Correct
198B3037-A304-4C27-804B-9360FBB50922,BERNA ÖZEL MUAYENEHANESİ,Trabzon,MERKEZ,40.8758,28.9672,İstanbul,Wrong
4C29BD13-55C0-4FB7-9DD8-93631DFD1F87,NURAN ECZANESİ,Trabzon,Ortahisar,41.00515,39.72936,Trabzon,Correct
D4D719D8-E256-4A3D-9418-936E88CC41DB,FİZYOWELL SAĞLIKLI YAŞAM MERKEZİ,Trabzon,Ortahisar,40.99377,39.66704,Trabzon,Correct
F4CC9CAC-0DC4-4E08-93CB-93F987586FCA,ÇİĞDEM ECZANESİ,Trabzon,Vakfikebir,40.88896,39.29185,Trabzon,Correct
17CD15EF-ABAF-4C12-9280-9433575E8A9E,KAVAKLI ECZANESİ,Trabzon,Akçaabat,41.00809,39.6212,Trabzon,Correct
3BD6F6B7-C1DE-4F36-B84A-9442087086C1,FARUK ECZANESİ,Trabzon,Ortahisar,40.99976,39.69456,Trabzon,Correct
DFF75F20-AED8-4020-AAFF-94A3B8F81414,ERTAN YILDIZ MUAYENEHANESİ,Trabzon,Ortahisar,41.00883,39.73274,Trabzon,Correct
43AB0C16-05D9-4A02-B334-94AA153AFBA8,İPEK ECZANESİ,Trabzon,Ortahisar,40.98836,39.79908,Trabzon,Correct
26B88B16-1344-46E3-A4C7-94E76E0F806E,LOZAN ECZANESİ,Trabzon,Ortahisar,40.98827,39.79906,Trabzon,Correct
4DC4ADD9-4F5F-4869-828E-9507473D2F2F,UĞUR MIHCIOGLU MUAYENEHANESİ,Trabzon,Ortahisar,40.99832,39.74115,Trabzon,Correct
FDAD39D7-FC9E-4DC6-B9F5-96563957949B,TRABZON ORTAHİSAR ÇUKURÇAYIR AİLE SAĞLIĞI MERKEZİ,Trabzon,Ortahisar,40.98781,39.72787,Trabzon,Correct
D3AB58AD-C9D8-4EB5-A826-9707B304D9D7,FONKSİYONEL TIP DİYETİSYENİ EKİN ÇANKAYA,Trabzon,Ortahisar,41.00662,39.73319,Trabzon,Correct
5D3FB935-DB0D-496E-8B0D-9741156B0298,TRABZON AĞIZ VE DİŞ SAĞLIĞI HASTANESİ,Trabzon,Ortahisar,41.00499,39.69891,Trabzon,Correct
1564EE36-694C-40EA-9622-97412EC9910A,ALPER SERT MUAYENEHANESİ,Trabzon,Of,41.00554,39.72973,Trabzon,Correct
E79D21EC-52DA-4E38-B276-979BA854C604,TRABZON ORTAHİSAR KİREÇHANE AİLE SAĞLIĞI MERKEZİ,Trabzon,Ortahisar,40.96322,39.70445,Trabzon,Correct
AA6D8476-CF38-4E10-B8F5-97A64991C624,DURU ECZANESİ,Trabzon,Ortahisar,41.00315,39.70245,Trabzon,Correct
49F90A6A-4538-479B-85A7-97DCC4EF96E9,DERECİK MERKEZ ECZANESİ,Trabzon,Akçaabat,40.95849,39.5836,Trabzon,Correct
6DE9BDF0-477E-448E-BAEE-97DE5209731E,MERVE ECZANESI,Trabzon,Ortahisar,40.99984,39.69949,Trabzon,Correct
FB85BEAA-3BFA-4605-9BA9-989C2F9DF3F2,BOZTEPE ECZANESİ,Trabzon,Ortahisar,40.99539,39.7262,Trabzon,Correct
6E43004A-CAC1-4576-8654-98CF8A57EDE5,KUBRA ECZANESI,Trabzon,Arsin,40.95352,39.93107,Trabzon,Correct
23A44FAB-5891-4F84-BB81-98ED1E7B3D6C,AKÇAABAT MERKEZ TSM,Trabzon,Akçaabat,41.02124,39.57851,Trabzon,Correct
E8F2CE23-E744-4CA7-A022-9A159024F016,BURCU ECZANESİ,Trabzon,Yomra,40.954,39.8187,Trabzon,Correct
2B0A6B0A-F054-4E6E-B32A-9A41A5C535A0,SAHİL ECZANESİ,Trabzon,Ortahisar,41.00846,39.72709,Trabzon,Correct
50F519F5-E3D9-4CB8-A907-9A5278889995,ÖZEL KUZEY GÖZ HASTALIKLARI MERKEZİ,Trabzon,Ortahisar,41.00262,39.70203,Trabzon,Correct
43711FEA-31E0-4F3B-A9B3-9ABDCE7B39C8,HALUK SARUHAN MUAYENEHANESİ,Trabzon,Ortahisar,41.00761,39.73409,Trabzon,Correct
C1F45B59-4033-4BB2-86A3-9B8BED70BCA9,AYŞEN MOLLAOĞLU MUAYENEHANESİ,Trabzon,Of,40.9955,39.71718,Trabzon,Correct
F40EF6EF-F844-40EC-88C7-9BCC4859BCE7,EZGİ MAKULOĞLU BESLENME VE DİYETİSYENLİK MERKEZİ,Trabzon,Ortahisar,40.99114,39.75874,Trabzon,Correct
EC007D0E-98F3-4880-B1E1-9BE51A4D0B7D,KEFELİ ECZANESİ,Trabzon,Arakli,40.93316,40.06346,Trabzon,Correct
AFD9888B-27D2-43CC-879F-9C2A51AFD7A6,ÖZEL SAĞLICAKLA KADIN SAĞLIĞI KLİNİĞİ,Trabzon,Ortahisar,41.00706,39.73034,Trabzon,Correct
74758A9F-9B97-4530-A570-9C2EABFF0519,KANUNİ ECZANESİ,Trabzon,Yomra,40.96131,39.83045,Trabzon,Correct
F67BBBB9-4144-47DC-AE25-9C41216CDDC5,GÜNAYDIN ECZANESİ,Trabzon,Of,40.94634,40.26763,Trabzon,Correct
B4DA3442-47F3-40EE-A1F9-9D89018DBF95,ÖZEL FİZYOTEM TIP MERKEZİ,Trabzon,Ortahisar,41.00533,39.73273,Trabzon,Correct
D1430223-575F-4784-A9C1-9D9F18328665,ŞİFA ECZANESİ,Trabzon,Vakfikebir,41.0476,39.27616,Trabzon,Correct
40CF43EA-91A8-468B-A0D1-9DB2E90E9B0B,HAYAT ECZANESİ,Trabzon,Beşikdüzü,41.04402,39.2673,Trabzon,Correct
E1415DF7-0ABC-4377-B2C5-9DBD1586E0E1,MURATOĞLU ECZANESİ,Trabzon,Maçka,40.81009,39.61389,Trabzon,Correct
E8C4A119-E026-469D-A401-9DEA55B66017,BAŞER ECZANESİ,Trabzon,Ortahisar,40.99376,39.67174,Trabzon,Correct
C8E95AD9-7913-4755-A7AB-9E863E10FD21,YAVUZ ECZANESI,Trabzon,Ortahisar,41.00491,39.70598,Trabzon,Correct
7DC3F6D2-7343-4FC3-91A2-9F4B16BA3391,KUZEY ECZANESİ,Trabzon,Ortahisar,41.00544,39.70558,Trabzon,Correct
4823394A-7954-4073-838B-9F577FB3443C,TRABZON ORTAHİSAR ERDOĞDU AİLE SAĞLIĞI MERKEZİ,Trabzon,Ortahisar,40.99081,39.70041,Trabzon,Correct
D6BE1FB3-1EBA-4E2B-AF70-A01B3E4C8CA9,NUR ECZANESİ,Trabzon,Ortahisar,41.00797,39.72163,Trabzon,Correct
1E4D0352-8C43-468E-B47A-A0505E292AEC,EDA HATİPOĞLU MUAYENEHANESİ,Trabzon,Ortahisar,41.00447,39.72848,Trabzon,Correct
52242411-5B32-4CC6-A2A1-A17F17192604,ŞİFA ECZANESİ,Trabzon,Arsin,40.9547,39.86362,Trabzon,Correct
F13077FF-0B9D-4AFA-91B0-A2AD70291E44,NURAN YILDIZ MUAYENEHANESİ,Trabzon,Ortahisar,41.00502,39.72861,Trabzon,Correct
26A55467-D0C9-4AEF-9EBC-A328D34B65D2,TRABZON HAYRAT AİLE SAĞLIĞI MERKEZİ,Trabzon,Hayrat,40.88525,40.364,Trabzon,Correct
F24AD6C1-BC9C-4878-B53A-A367EEA5A4CB,ZEKİ ECZANESİ,Trabzon,Beşikdüzü,41.04492,39.2685,Trabzon,Correct
B77CA798-A1CD-401E-92C1-A37D53B81105,TRABZON VAKFIKEBİR BÜYÜKLİMAN AİLE SAĞLIĞI MERKEZİ,Trabzon,Vakfikebir,41.0486,39.27989,Trabzon,Correct
9C5FBA63-7822-45D1-B65C-A3E529FB23D5,UZUN ECZANESİ,Trabzon,Arakli,40.92132,40.04644,Trabzon,Correct
15919078-218B-4729-9064-A506D8AEF0A2,FADİME SELİM MUAYNEHANESİ,Trabzon,Ortahisar,41.00337,39.73108,Trabzon,Correct
4C7BE3CD-84A6-4046-AC3E-A56E87BAF7A6,ÖZEL MEDICALPARK KARADENIZ HASTANESI,Trabzon,Ortahisar,40.99953,39.69975,Trabzon,Correct
BF1E353F-66AC-4F89-987F-A59A67C8E391,KADİR TEOMAN YILMAZ MUAYENEHANESİ,Trabzon,Ortahisar,41.0071,39.71852,Trabzon,Correct
7F8AD02E-0B37-4583-BBC6-A60B094D8AA0,NATURAL CLINIC TRABZON,Trabzon,Ortahisar,41.00482,39.73079,Trabzon,Correct
D665BB4F-23A8-4351-8E0B-A622E26B91EE,ZEKERİYA ARSLAN MUAYENEHANESİ,Trabzon,Ortahisar,40.99964,39.69473,Trabzon,Correct
2406D8AE-FD2D-4B24-A4E7-A646EA443537,TRABZON ECZANESİ,Trabzon,Ortahisar,40.98833,39.79665,Trabzon,Correct
88233DFE-F32B-4BB6-8904-A6EFD2215DF6,SAĞLIK ECZANESİ,Trabzon,Akçaabat,41.02202,39.56962,Trabzon,Correct
272CA77B-E3A2-48AF-95F2-A76D53C2177E,İPEKYOLU ECZANESİ,Trabzon,Ortahisar,41.00617,39.72443,Trabzon,Correct
5EA58296-635D-450D-9241-A76F5BFDDC64,ŞİFA ECZANESİ,Trabzon,Ortahisar,40.99983,39.69997,Trabzon,Correct
2DFF1822-9B0E-4164-8BE7-A83944BDB408,SİBEL TUĞCUGİL MUAYENEHANESİ,Trabzon,Ortahisar,41.01211,39.74009,Trabzon,Correct
95E927DE-FFA5-4138-9622-A8AB4EAC4DA7,MEHMET AYALOĞLU MUAYENEHANESİ,Trabzon,Ortahisar,40.98911,39.78747,Trabzon,Correct
276CC600-0EC6-410B-A2AC-A8AEA9F7BE4D,T.C. S.B. SBÜ.TRABZON KANUNİ EĞİTİM VE ARAŞTIRMA HASTANESİ NUMUNE KAMPÜSÜ,Trabzon,Ortahisar,40.95735,39.82046,Trabzon,Correct
8865B758-BFFC-47C5-8F4E-A9C0AF8A2668,UZUNKUM ECZANESİ,Trabzon,Ortahisar,40.99537,39.67135,Trabzon,Correct
7C573BB0-B1D4-4D50-B94D-AA1E8A957390,KUTLU ECZANESİ,Trabzon,Ortahisar,41.00635,39.71102,Trabzon,Correct
A565C546-5C13-4AC6-8092-AA6287F88DD4,T.C. S.B. ARAKLI BAYRAM HALİL DEVLET HASTANESİ,Trabzon,Arakli,40.91661,40.04431,Trabzon,Correct
1AA92797-071D-4102-8B85-AAD635750EB8,SUAT ECZANESİ,Trabzon,Ortahisar,41.00148,39.70272,Trabzon,Correct
56B58FF6-0BBC-48D5-BF58-AADFCACA5145,TRABZON AKÇAABAT IŞIKLAR AİLE SAĞLIĞI MERKEZİ,Trabzon,Akçaabat,40.89463,39.45742,Trabzon,Correct
F76DCBB0-A180-40CC-81C4-AAE0293641F7,NUMUNE ECZANESİ,Trabzon,Ortahisar,41.00593,39.70833,Trabzon,Correct
049F4CFB-81FE-4F23-8812-ABBFCF18EF1B,ÇAĞATAY TAŞDEMİR MUAYENEHANESİ,Trabzon,MERKEZ,41.154,28.76,İstanbul,Wrong
1A08F97F-8DBD-4479-B855-AC155B1EC8A8,BAŞAK ECZANESİ,Trabzon,Akçaabat,41.01962,39.57876,Trabzon,Correct
212024A0-3CFF-4E7A-B3B2-AC5B1E95899B,YENİ KÖPRÜBAŞI ECZANESİ,Trabzon,Köprübaşi,40.91526,40.11118,Trabzon,Correct
11E0835E-3C5C-4F35-BA88-AC628417B9C7,VERESELİ BAŞKAYA ECZANESİ,Trabzon,Ortahisar,40.99288,39.77917,Trabzon,Correct
2C9B6AF7-1AF1-4427-A3D1-AC7A45C386AB,BİLGE ECZANESİ,Trabzon,Çaykara,40.94034,40.25824,Trabzon,Correct
087EB901-B644-49FC-B58F-ACCD609FBB39,KADİR SERDAR SARP MUAYENEHANESİ,Trabzon,Ortahisar,41.00491,39.73049,Trabzon,Correct
1E069D0C-566D-474D-9709-AD909FAE8028,MERKEZ ECZANESİ,Trabzon,Vakfikebir,41.04724,39.27633,Trabzon,Correct
E8469E6F-BFCC-4F38-927D-ADAD8B9100F1,ALEYNA ECZANESİ,Trabzon,Ortahisar,40.96007,39.62642,Trabzon,Correct
512A2A4A-B2CE-480F-98DF-AED0E16A019A,MERYEM SARPKAYA KLİNİĞİ,Trabzon,Ortahisar,41.00563,39.72605,Trabzon,Correct
516952AA-BD85-4B35-9C5F-AEF3CAA446E8,HASAN OKTAY ÇAVUŞOĞLU MUAYENEHANESİ,Trabzon,Ortahisar,41.00501,39.72866,Trabzon,Correct
31555528-7752-4106-BBAE-AF016766E08D,TRABZON ORTAHİSAR DR. HAKAN YILDIRIM AİLE SAĞLIĞI MERKEZİ,Trabzon,Ortahisar,40.99988,39.73565,Trabzon,Correct
0F883FF9-85AE-4A50-8BA8-AF1471039083,İKİZLER ECZANESİ,Trabzon,Akçaabat,41.09388,39.4729,Trabzon,Correct
C527D025-B4B2-47DE-9502-AF20434F1F67,KARDELEN ECZANESİ,Trabzon,Ortahisar,40.99298,39.69328,Trabzon,Correct
4C141F18-FCF3-4471-BDCA-AF7A4112EA8A,SİBEL AKBULUT CELİK MUAYENEHANESİ,Trabzon,Akçaabat,40.95542,39.46978,Trabzon,Correct
603978EA-30DD-4BEA-8840-AFC47F1C3386,TRABZON 112 KOMUTA KONTROL MERKEZİ,Trabzon,Sürmene,41.00545,39.715,Trabzon,Correct
BA8EE97D-C27F-493B-BF49-AFD32C012D84,BURÇİN ECZANESİ,Trabzon,Ortahisar,41.00585,39.72983,Trabzon,Correct
75252920-6E66-48E6-A41E-B15E43ABAF23,TALİP ECZANESİ,Trabzon,Akçaabat,41.01323,39.60107,Trabzon,Correct
8F71316B-59B7-4752-98EF-B299CBBCF068,ÇAPAR ESTETİK MERKEZİ,Trabzon,Ortahisar,41.00703,39.73034,Trabzon,Correct
67C7049B-49E2-4E5A-B5A0-B29B02969348,BÜŞRA KOCAMAN MUAYENEHANESİ,Trabzon,Yomra,40.95422,39.86604,Trabzon,Correct
587F507E-21B6-4162-A9EF-B346525356D1,AYŞEN EMİR MUAYENEHANESİ,Trabzon,Ortahisar,41.00449,39.72924,Trabzon,Correct
074BE270-C09C-49A1-B5DD-B3AA37BB9962,MECİT ÖZAYDIN MUAYENEHANESİ,Trabzon,Ortahisar,41.00452,39.72764,Trabzon,Correct
6F4F3FE1-4C2E-4AC6-BF37-B3FD1342C99B,RIDVAN ÇELİK - İSMAİL KARKAÇ MUAYENEHANESİ,Trabzon,Ortahisar,41.00558,39.72936,Trabzon,Correct
F0D9DAAA-68AD-4CE6-8F57-B493A80313B8,BETÜL GÜR MUAYENEHANESİ,Trabzon,Ortahisar,41.0065,39.72928,Trabzon,Correct
78270D92-30F0-4351-902F-B51C521FDBE7,BAYRAK ECZANESİ,Trabzon,Yomra,40.95771,39.82565,Trabzon,Correct
7BF28FBF-D24B-4348-A2CD-B53C79DCCD5E,TRABZON MAÇKA AİLE SAĞLIĞI MERKEZİ,Trabzon,Maçka,40.80906,39.6145,Trabzon,Correct
9441FF68-01BF-4F56-81F8-B5A3790B39CA,ŞAHİN ECZANESİ,Trabzon,Vakfikebir,41.04445,39.27396,Trabzon,Correct
9D6C741E-593E-44EA-BCD3-B5B4202E592A,BAKİ ECZANESİ,Trabzon,Yomra,40.95861,39.82685,Trabzon,Correct
7E6C0BF9-0013-42E7-A48B-B62745D54A20,ÖZGE UZUN MUAYENEHANESİ,Trabzon,Ortahisar,41.00621,39.73026,Trabzon,Correct
AA7CC443-9464-4D55-8E50-B6778494BB03,MURAT KANLI MUAYENEHANESİ,Trabzon,Arakli,40.93971,40.05541,Trabzon,Correct
A33E50C5-7648-4E43-9B6D-B6E568F9D588,HASRET KARABULUT GÜL MUAYENEHANESİ,Trabzon,Ortahisar,41.00742,39.73057,Trabzon,Correct
016BFBF4-6BB6-4D4B-BC7B-B80E17715D31,ZEHRAGÜL ECZANESİ,Trabzon,Ortahisar,41.00847,39.7211,Trabzon,Correct
2DBFE563-35C1-4A0F-B044-B8FBF186C37E,ULU ECZANESİ,Trabzon,Of,40.94193,40.26161,Trabzon,Correct
2EE9A8A2-37EA-4E79-AC59-B9311723213D,PELİN ECZANESİ,Trabzon,Ortahisar,40.99964,39.6947,Trabzon,Correct
E801BB02-0091-435B-8E85-B97C603249C6,BAHÇECİK ECZANESİ,Trabzon,Ortahisar,40.99823,39.71926,Trabzon,Correct
41DC00AD-8AC8-408E-867C-B9854F05CECA,ZEKİ ÖZÇELİK MUAYENEHANESİ,Trabzon,Ortahisar,41.00601,39.72832,Trabzon,Correct
4BADB7EF-4B70-42D6-9DE9-BA271975B41B,BİZİM ECZANESİ,Trabzon,Akçaabat,41.00397,39.62856,Trabzon,Correct
08A6B9E0-B327-4B7A-AE7B-BA94AA901081,VAKFIKEBİR ECZANESİ,Trabzon,Vakfikebir,41.04855,39.27928,Trabzon,Correct
53B5E3AC-A4F3-4A32-8EE9-BA9E93036227,ÖZGÜL YAZICI MUAYENEHANESİ,Trabzon,Ortahisar,41.00733,39.72364,Trabzon,Correct
9DB1C9F0-4952-473E-85CF-BAE19B60E935,BEŞİKDÜZÜ MERKEZ TSM,Trabzon,Beşikdüzü,41.05155,39.23331,Trabzon,Correct
672B299F-96F0-497F-8552-BC3F910D9AA5,YALINCAK ECZANESİ,Trabzon,Ortahisar,40.97301,39.81105,Trabzon,Correct
5C4A1B00-C23B-4E6E-9224-BC5678BA6FA8,ZAMAN ECZANESİ,Trabzon,Ortahisar,41.00264,39.70244,Trabzon,Correct
DAD1FEA7-EA7A-443C-8C68-BCB14305D94C,ÖZGÜR ECZANESİ,Trabzon,Ortahisar,41.00142,39.70557,Trabzon,Correct
613A6D18-D263-4A9D-B1D8-BCD655CB3426,HASAN BÜLENT YILMAZ MUAYENEHANESİ,Trabzon,Ortahisar,41.0056,39.72808,Trabzon,Correct
89BC1B11-951C-414C-9AB6-BCD8B37CC6E8,DİLEK ECZANESİ,Trabzon,Ortahisar,40.99969,39.69538,Trabzon,Correct
79993688-8AD2-4589-B1FE-BDC137FFE125,SERKAN ALTUNTAŞ MUAYENEHANESİ,Trabzon,Akçaabat,41.02164,39.56951,Trabzon,Correct
26774BE1-594E-41E9-8A46-BEE70B234CFD,RASİM AKTÜRK MUAYENEHANESİ,Trabzon,Ortahisar,41.00517,39.72804,Trabzon,Correct
34F3B543-2362-48A4-B38D-BF45C9918DCD,CEMİL BULAK MUAYENEHANESİ,Trabzon,Ortahisar,41.00482,39.72921,Trabzon,Correct
89187CBE-A195-47A3-B9A6-BF80E77566C1,ÖZTÜRK ECZANESİ,Trabzon,Of,39.01007,-76.87236,Maryland,Wrong
3A926474-3476-4753-87A2-BF8B98274E15,EMRE ATASOY MUAYENEHANESİ,Trabzon,Ortahisar,41.00525,39.7294,Trabzon,Correct
D7DC3396-7258-4760-820D-C11C075576F4,HAYAT ECZANESİ,Trabzon,Sürmene,40.91228,40.11541,Trabzon,Correct
618BA461-65FD-4262-9D3A-C1EF0CF17723,ESSE İMPLANT VE ESTETİK DİŞ KLİNİĞİ,Trabzon,Ortahisar,41.00501,39.72868,Trabzon,Correct
4E6D9F5D-D5D1-48EA-BF6B-C22D435F55DE,HAYAT ECZANESİ,Trabzon,Of,40.94485,40.26802,Trabzon,Correct
6AD5AA05-1568-4F6E-BA42-C252BAFB8688,TRABZON ORTAHİSAR AKYAZI AİLE SAĞLIĞI MERKEZİ,Trabzon,Ortahisar,40.99231,39.63238,Trabzon,Correct
CDF43837-80DB-4DC6-8943-C2B270A295D3,KAYA ECZANESİ,Trabzon,Ortahisar,41.00378,39.7271,Trabzon,Correct
FDE7B186-A39A-4E4F-A404-C301AB5EA77C,MELİKE BAKKALOĞLU MUAYENEHANESİ,Trabzon,Ortahisar,40.99996,39.69457,Trabzon,Correct
CA38D18D-B5C8-475F-9160-C317B1BDDA7F,TILSIM ECZANESİ,Trabzon,Akçaabat,41.02064,39.5773,Trabzon,Correct
EE5AEE30-A660-4EE4-8666-C39A40FA81CF,AHMET UĞUR ZİHNİ MUAYENEHANESİ,Trabzon,Ortahisar,41.00614,39.72666,Trabzon,Correct
A8455BF1-CF6E-4148-A48A-C3A892B8AA76,YURDUM ECZANESİ,Trabzon,Ortahisar,41.00804,39.72798,Trabzon,Correct
570480AF-FD9D-47A3-BDE8-C51DF6DC868D,İRFAN FERİT ÇİÇEK MUAYENEHANESİ,Trabzon,Ortahisar,41.0063,39.72859,Trabzon,Correct
AC3A14A6-71B4-416E-AC56-C5AD44574068,ÖZEL MEDICALPARK TRABZON HASTANESI,Trabzon,Akçaabat,41.00709,39.62467,Trabzon,Correct
85289597-E393-4DCC-BBDE-C5BE1459F4F4,ELÇİN ŞÜKÜROĞLU MUAYENEHANESİ,Trabzon,Ortahisar,41.00318,39.727,Trabzon,Correct
78431D61-AA49-440C-A8E5-C6586AEE1371,DİLA ECZANESİ,Trabzon,Ortahisar,41.00331,39.70704,Trabzon,Correct
DF458A60-4EF8-42F8-9EA1-C6712FF99CB1,İBRAHİM EMRE TOPKARA MUAYENEHANESİ,Trabzon,Ortahisar,41.00549,39.7249,Trabzon,Correct
4E003FE4-CB47-4E14-BAA5-C6C7E1A298A6,YAĞIZ ECZANESİ,Trabzon,Ortahisar,40.99396,39.76064,Trabzon,Correct
CB4A3B6D-5046-44C9-9E03-C71CA48517D4,YUSUF BAHRİ YİĞİTBAŞI MUAYENEHANESİ,Trabzon,Of,41.00939,39.60166,Trabzon,Correct
7209C396-8266-4637-ABB9-C7F15FF92B94,ESEN TOPUZ ÇOLAK MUAYENEHANESİ,Trabzon,MERKEZ,40.9043,29.3437,İstanbul,Wrong
95DA25BF-60E2-4CFD-934F-C8663CDE8A86,VEFA ECZANESİ,Trabzon,Ortahisar,40.99574,39.72704,Trabzon,Correct
D19A2EBF-F52E-4917-B63A-C8ABEE0637A7,YAĞMUR ECZANESİ,Trabzon,Yomra,40.9549,39.8199,Trabzon,Correct
E422F9D8-AF77-41DB-9156-C8E864DE65EF,MEHMET KESKİN MUAYENEHANESİ,Trabzon,Ortahisar,41.00713,39.73022,Trabzon,Correct
8672BEBF-3F7B-4C0A-8A82-C90E2516A2F0,GÜVEN ECZANESİ,Trabzon,Ortahisar,40.99555,39.68426,Trabzon,Correct
E271B397-25EA-40AA-83EB-CA6F622FDB30,ORTAHİSAR ECZANESİ,Trabzon,Ortahisar,41.00439,39.71932,Trabzon,Correct
A87C7665-675B-42A6-87FB-CA91B08F7F3E,PARK ECZANESİ,Trabzon,Ortahisar,41.0056,39.73237,Trabzon,Correct
C8868B46-177F-4932-844F-CB43F06CA968,ÖZYİĞİT ECZANESİ,Trabzon,Sürmene,40.91301,40.11447,Trabzon,Correct
A87D9BCA-E990-46E9-86F1-CB481EC38513,TRABZON YOMRA OYMALITEPE AİLE SAĞLIĞI MERKEZİ,Trabzon,Yomra,40.81641,39.82473,Trabzon,Correct
58E61E0C-AB93-45EE-8023-CBD940C0AEC3,ÖZMEN ECZANESİ,Trabzon,Ortahisar,41.00477,39.71258,Trabzon,Correct
0ED9F6C9-7517-464F-A1DB-CD0DBBFCA5A3,ARAKLI ŞİFA ECZANESİ,Trabzon,Arakli,40.93934,40.055,Trabzon,Correct
A4CEEDAA-616B-4EAF-8D26-CD4B7FE0BC5F,İLGE ECZANESİ,Trabzon,Ortahisar,40.99524,39.72704,Trabzon,Correct
A5828A72-A3D1-445F-899B-CD745A0A8795,AKOLUK ECZANESİ,Trabzon,Ortahisar,40.91764,39.72278,Trabzon,Correct
DD59FB0A-843E-4281-AF34-CDEBF98C1E76,FANUS ECZANESİ,Trabzon,Ortahisar,41.00805,39.72595,Trabzon,Correct
60BEE23E-3129-4999-A39E-CEA67DFD178A,IŞIK ECZANESİ,Trabzon,Akçaabat,40.8939,39.45602,Trabzon,Correct
60C4CFC0-A8EA-4AA8-B396-CEAEF2503EC4,BİLGE BEŞİR KALAYCI MUAYENEHANESİ,Trabzon,Ortahisar,41.00554,39.72972,Trabzon,Correct
2CB40560-212A-419F-86AF-CEF21F232E2A,AHSEN ECZANESİ,Trabzon,Arsin,40.95628,39.94347,Trabzon,Correct
23D2FF08-710A-448D-833B-CF68FE2DC483,ÖZLEM İSKENDER İNCE MUAYENEHANESİ,Trabzon,Ortahisar,41.00593,39.73142,Trabzon,Correct
50B553F5-FFFD-464D-980C-CF795F016836,FATİH ECZANESİ,Trabzon,Ortahisar,41.00442,39.71071,Trabzon,Correct
1242A2EF-5C9E-4AF6-8460-D005B3538248,SIHHAT ECZANESİ,Trabzon,Akçaabat,41.01185,39.60196,Trabzon,Correct
916B5A2F-0F60-4F12-BD9A-D0936E4439E1,TRABZON ŞALPAZARI AİLE SAĞLIĞI MERKEZİ,Trabzon,Şalpazari,40.94236,39.19466,Trabzon,Correct
25575D23-C111-4C9B-98DB-D18D6165CC94,NİHAL ECZANESİ,Trabzon,Ortahisar,41.00076,39.69531,Trabzon,Correct
D0274E9E-3BDC-4A28-A87F-D1E3D015B3C2,TRABZON AKÇAABAT SÖĞÜTLÜ AİLE SAĞLIĞI MERKEZİ,Trabzon,Akçaabat,41.00853,39.61331,Trabzon,Correct
DF77978D-5C6F-4DF0-B2B9-D3D28B6C7AAC,MERKEZ ECZANESİ,Trabzon,Yomra,40.95364,39.93214,Trabzon,Correct
ADAE70CA-1205-49DF-9184-D42D1703447A,TRABZON ORTAHİSAR DEĞİRMENDERE AİLE SAĞLIĞI MERKEZİ,Trabzon,Ortahisar,40.99531,39.74395,Trabzon,Correct
BA27CA2B-5295-415E-BD4E-D43C5594815A,ÖNER ZENGİN MUAYENEHANESİ,Trabzon,Ortahisar,41.0052,39.72791,Trabzon,Correct
D61D7112-311F-4A51-B4DE-D45B8FFE90AA,ŞİFA ECZANESİ,Trabzon,Sürmene,40.91485,40.18839,Trabzon,Correct
C26D7E1D-C12A-4FB5-BEA3-D4C9382A0CF6,SAĞLIK ECZANESİ,Trabzon,Arakli,40.93849,40.05863,Trabzon,Correct
4BB7A517-ACE9-4895-BA1D-D5D66309126A,TRABZON TONYA İSKENDERLİ AİLE SAĞLIĞI MERKEZİ,Trabzon,Tonya,40.90434,39.2396,Trabzon,Correct
E0F5481D-15DC-402B-A3CF-D5E7BBCCA432,İNANIR ECZANESİ,Trabzon,Ortahisar,40.99539,39.76461,Trabzon,Correct
E5152549-2785-479C-8728-D68970FA0B6B,TRABZON AKÇAABAT ŞİNİK AİLE SAĞLIĞI MERKEZİ,Trabzon,Akçaabat,40.94558,39.50056,Trabzon,Correct
F1DC228E-D857-439F-851C-D739D141488E,AYFETTİN İNCEHASAN MUAYENEHANESİ,Trabzon,Akçaabat,41.03588,39.54854,Trabzon,Correct
320BDBFE-7F69-48B8-85C6-D74CE6522AAC,ÖMER DÜZENLİ MUAYENEHANESİ,Trabzon,MERKEZ,40.9744,29.1578,İstanbul,Wrong
76D23A7E-4ADA-4079-9001-D7D944C6D6A1,AKÇAABAT MERKEZ 2 NOLU ASM,Trabzon,Akçaabat,41.01657,39.58818,Trabzon,Correct
51BA88BE-BAFC-4762-ABFA-D85928DD1EC6,SELCEN TUĞCUGİL UZUN MUAYENEHANESİ,Trabzon,Ortahisar,41.00569,39.72955,Trabzon,Correct
C1369C60-EB2A-492E-ABEA-D89B0274168F,MÜFİT GÜRSEL PAŞAOĞLU MUAYENEHANESİ,Trabzon,Ortahisar,41.00567,39.72587,Trabzon,Correct
41383AEC-9B95-41AF-A7B1-D8E022B33882,AYDIN ECZANESİ,Trabzon,Ortahisar,41.0059,39.70833,Trabzon,Correct
76F339CD-6349-4BBF-ACA2-D8E6C8D87639,SAĞLIK ECZANESİ,Trabzon,Of,40.83925,40.23714,Trabzon,Correct
AA76FD9C-9253-49AC-8AEE-D9911EB26417,BİLGE ECZANESİ,Trabzon,Ortahisar,41.00655,39.73029,Trabzon,Correct
1A7D16A1-5D76-4834-9103-DA696F0A4DC8,KARADUMAN ECZANESİ,Trabzon,Ortahisar,41.00683,39.70507,Trabzon,Correct
94FE7E42-E818-47C5-92C8-DAA60C810BBA,TRABZON ORTAHİSAR SOĞUKSU AİLE SAĞLIĞI MERKEZİ,Trabzon,Ortahisar,40.99227,39.69487,Trabzon,Correct
4F45FA51-9C89-4607-8DF2-DAC4FB0B3CC4,SEBAT ECZANESİ,Trabzon,Akçaabat,41.02213,39.5693,Trabzon,Correct
60C00E39-AEEC-4A94-BBE3-DB22B23C1544,ÖMER KAZANCI-İBRAHİM KAZANCI MUAYENEHANESİ,Trabzon,Ortahisar,41.00501,39.72983,Trabzon,Correct
F03ED70C-2886-423C-AED4-DB34BFAFAB1D,BORDO MAVİ ECZANESİ,Trabzon,Ortahisar,41.00529,39.72387,Trabzon,Correct
FB777D10-B63B-4D78-BE3C-DB53EE4965D0,EROL ÖZTÜRK MUAYENEHANESİ,Trabzon,Ortahisar,41.00472,39.70312,Trabzon,Correct
15455585-0301-4377-A383-DB7EC89FFED6,YENİ ÇAĞLAYAN ECZANESİ,Trabzon,Ortahisar,41.00607,39.70845,Trabzon,Correct
D1A8007E-9390-47D8-A619-DB88881252AA,AYŞEGÜL İKBAL MUAYENEHANESİ,Trabzon,Ortahisar,41.00447,39.73074,Trabzon,Correct
8904ADCF-3F1E-43E7-B626-DC9B03520AAC,SİTELER ECZANESİ,Trabzon,Ortahisar,40.98814,39.7248,Trabzon,Correct
757FED13-71FE-4E9B-9B61-DD73A534610F,MUSTAFA ÇANKAYA MUAYENEHANESİ,Trabzon,Ortahisar,41.00435,39.7305,Trabzon,Correct
AF27E0CF-B06E-42DF-9EAC-DD92B63D29AE,S.ÇİLEM BİLGİNER MUAYENEHANESİ,Trabzon,Ortahisar,41.00331,39.72352,Trabzon,Correct
CFCD78CB-8885-41A8-8A71-DE8173A362B9,EROL ECZANESİ,Trabzon,Ortahisar,40.99966,39.69498,Trabzon,Correct
62B99B26-B056-477C-BF60-DFA43351D4D9,KAYA ECZANESİ,Trabzon,Maçka,40.80981,39.614,Trabzon,Correct
040CE5BC-4934-4738-AEE0-DFCDC1493709,SAĞLIK ECZANESİ,Trabzon,Vakfikebir,41.04796,39.2787,Trabzon,Correct
AD36300C-C150-48E4-8626-E1204E895854,HAYIRLIOĞLU ECZANESİ,Trabzon,Ortahisar,40.99762,39.74777,Trabzon,Correct
5E6D407C-3F19-4298-A3C9-E15D5C8C0E58,ZEYNEP ECZANESİ,Trabzon,Vakfikebir,41.04838,39.27816,Trabzon,Correct
76253871-5C2E-429F-817B-E1D1A6328D18,TRABZON VAKFIKEBİR CUMHURİYET AİLE SAĞLIĞI MERKEZİ,Trabzon,Vakfikebir,41.04763,39.27651,Trabzon,Correct
8F2AED1E-D6E2-42BC-8BC7-E263777B5214,TRABZON ORTAHİSAR FATİH AİLE SAĞLIĞI MERKEZİ,Trabzon,Ortahisar,41.00008,39.69456,Trabzon,Correct
ADD2FD3A-9EBF-486D-935D-E3810D7ED8B1,TRABZON KARADENİZ TEKNİK ÜNİVERSİTESİ FARABİ HASTANESİ,Trabzon,Ortahisar,40.98907,39.76848,Trabzon,Correct
8F50156D-E18F-4E9C-BC5B-E3B90C94A30B,TRABZON ARAKLI ARAKALE AİLE SAĞLIĞI MERKEZİ,Trabzon,Arakli,40.99524,39.70193,Trabzon,Correct
ECC5A45B-AC34-4051-A65F-E46A10B7099D,CANSU ECZANESİ,Trabzon,Ortahisar,41.00188,39.69715,Trabzon,Correct
E36BC87A-FE45-4A21-A09E-E48971320D03,GÖKHAN ECZANESİ,Trabzon,Akçaabat,41.00201,39.60691,Trabzon,Correct
7D2583D1-710A-4A34-9C0B-E4B505F13C31,GÖKHAN ÇEBİ MUAYENEHANESİ,Trabzon,Çarşibaşi,41.08195,39.37734,Trabzon,Correct
C39E180E-2A63-47EB-B200-E4DE900915D4,MELİS ECZANESİ,Trabzon,Ortahisar,41.00016,39.69954,Trabzon,Correct
EC069217-1C9C-4870-8472-E50BDD358B78,ÖZEL MEDİCALPARK TRABZON HASTENESİ ECZANESİ,Trabzon,Akçaabat,40.8673,29.0659,İstanbul,Wrong
9B7DC22C-027E-41EE-8D1E-E57BF4CA98CD,MERKEZ ECZANESİ,Trabzon,Arsin,40.95364,39.93214,Trabzon,Correct
F2609A36-A01A-4BBB-994B-E5FF817E4B14,GÜNER ECZANESİ,Trabzon,Akçaabat,41.02219,39.56818,Trabzon,Correct
2C37B100-F85D-46F2-9787-E603A3961394,KARA ECZANESİ,Trabzon,Akçaabat,41.0161,39.59338,Trabzon,Correct
030E12C6-AC62-44C7-8877-E690EDE2E53C,NEŞE ECZANESİ,Trabzon,Ortahisar,41.00268,39.70268,Trabzon,Correct
6267E6F9-3D9B-4506-B02D-E6AB68E8AEEE,CEVDET ECZANESİ,Trabzon,Ortahisar,40.99979,39.69985,Trabzon,Correct
DB2F85D4-7488-4A45-ACD8-E6E5F16B1868,T.C. S.B. OF DEVLET HASTANESİ,Trabzon,Of,40.91273,40.13584,Trabzon,Correct
B0F314B0-587F-4B79-9D8E-E794D9AC6AA0,ORHAN ÖZGÜR MUAYENEHANESİ,Trabzon,Ortahisar,41.00851,39.73529,Trabzon,Correct
2270FFDD-F7A0-431D-ACB9-E86C1283868B,TRABZON ORTAHİSAR UZUNKUM AİLE SAĞLIĞI MERKEZİ,Trabzon,Ortahisar,40.99295,39.67109,Trabzon,Correct
E7642B00-4095-46E4-A91C-E8B35C79BD7F,EFENDİOĞLU ECZANESİ,Trabzon,Sürmene,40.91377,40.11346,Trabzon,Correct
442FF508-7DCC-4851-8F8F-E9F0B872E815,HÜSAMETTİN KONAK MUAYENEHANESİ,Trabzon,Ortahisar,41.00602,39.72991,Trabzon,Correct
59D9B900-91EA-47CA-96AC-EA114A013C06,MERVE ECZANESI,Trabzon,Akçaabat,41.02132,39.5694,Trabzon,Correct
6A8CB709-29BA-432C-8C81-EA5A1BED5177,TONYA ECZANESİ,Trabzon,Tonya,40.88661,39.29058,Trabzon,Correct
05F9A980-B493-41A8-8C59-EB94B4C0E15F,KADİR ECZANESİ,Trabzon,Beşikdüzü,41.18915,40.98045,Rize,Wrong
75A34FCA-BB0D-4C85-8DCB-EC129010ACF9,ÖZTUNA ECZANESİ,Trabzon,Ortahisar,40.99761,39.67738,Trabzon,Correct
138ACFB3-073F-4D54-8805-EC320F21DC3B,CENGİZHAN ECZANESİ,Trabzon,Vakfikebir,41.05879,39.31653,Trabzon,Correct
AAA29E5B-2B84-4AB3-BAE9-EC3C96B4F0CF,MEYDAN ECZANESİ,Trabzon,Ortahisar,41.00581,39.73274,Trabzon,Correct
B26CC75D-A7F3-4892-A2CF-EC4CDBDA833C,ÇAYKARA ATAKÖY RUH SAĞLIĞI VE SİNİR HASTALIKLARI HASTANESİ,Trabzon,Çaykara,40.70052,40.23159,Trabzon,Correct
D1FC9476-4BBD-4B26-86BE-ECB1E15EFE00,TRABZON SÜRMENE YENİAY AİLE SAĞLIĞI MERKEZİ,Trabzon,Sürmene,40.91483,40.18736,Trabzon,Correct
107262D8-1D91-44BA-B3EA-ED1C2EF9675B,GÖKÇE ECZANESİ,Trabzon,Çarşibaşi,41.08207,39.37952,Trabzon,Correct
6132DF02-DD0B-46CA-AAD6-ED2ECC754E6A,KARADENİZ TEKNİK ÜNİVERSİTESİ DIS HEKIMLIGI FAKULTESI,Trabzon,Ortahisar,40.99368,39.77,Trabzon,Correct
35E0F4AC-6334-4F31-9E60-ED4770AF262F,ERDOĞDU ECZANESİ,Trabzon,Ortahisar,41.00062,39.71188,Trabzon,Correct
028F5357-0D1D-45C8-B825-ED783A24F28F,LEVENT YALTI MUAYENEHANESİ,Trabzon,Ortahisar,41.00659,39.73029,Trabzon,Correct
9C5261A6-A05D-49E8-B4A5-EDF34806C9F8,SİNEM YILDIZ MUAYENEHANESİ,Trabzon,Ortahisar,41.00714,39.72586,Trabzon,Correct
1611DE1E-8593-4ABE-93B2-EE21A8DB93E1,OKAN SEVİM MUAYENEHANESİ,Trabzon,Akçaabat,41.02062,39.57666,Trabzon,Correct
E73E62C5-4115-4085-B1CE-EE5662589075,UZUNSOKAK ECZANESİ,Trabzon,Ortahisar,41.00519,39.72796,Trabzon,Correct
58C5128F-EB01-4D7D-9D69-EED9EB54D6BA,HASTANE ECZANESİ,Trabzon,Şalpazari,40.94251,39.19404,Trabzon,Correct
E6563101-AAFE-4328-BDB2-EF2268B43639,ÖZEN ECZANESİ,Trabzon,Yomra,40.83193,39.82715,Trabzon,Correct
3BC54023-7E6A-4DAB-850F-F0B7760E37CB,BÜYÜK ECZANESİ,Trabzon,Of,40.94247,40.2699,Trabzon,Correct
5DCB112E-BC6A-4302-854A-F161609C2025,HATİCENUR KARATEPE MUAYENEHANESİ,Trabzon,Ortahisar,41.00355,39.72435,Trabzon,Correct
19A36706-E3D6-48A2-889F-F1E6FE752015,ERDEM VELİ UZUN MUAYENEHANESİ,Trabzon,MERKEZ,41.188,28.8486,İstanbul,Wrong
8F4E0918-5242-48BF-8337-F244F65995DD,DEVA ECZANESİ,Trabzon,Arakli,40.93902,40.05416,Trabzon,Correct
E75BEF06-3B8F-4124-A4E1-F25E556FD055,HAYAT ECZANESİ,Trabzon,Çarşibaşi,41.04402,39.2673,Trabzon,Correct
862DB73F-E2E3-4F3B-8727-F2860EEF2044,RABİA ECZANESİ,Trabzon,Akçaabat,41.00733,39.61837,Trabzon,Correct
78965BC5-C3E7-4D35-B2AA-F36485CB5EA2,YENİ ECZANE,Trabzon,Sürmene,40.91017,40.11931,Trabzon,Correct
845B2B98-DA4F-4DA0-BCE9-F3DF1547170E,YASEMİN İMAMOĞLU ESTETİK VE PLASTİK KLİNİĞİ,Trabzon,Ortahisar,41.00771,39.72992,Trabzon,Correct
1FE23629-DCF6-4463-9240-F44BF35EE534,ÖMER CAN MERAL MUAYENEHANESİ,Trabzon,Ortahisar,41.00659,39.72971,Trabzon,Correct
83463CC3-840B-4FF4-9ADD-F4826A7F1FD6,SEDA ECZANESİ,Trabzon,Ortahisar,40.98951,39.78359,Trabzon,Correct
F128BD9E-8C9A-45EE-96C3-F4EC684E1F70,TRABZON ORTAHİSAR BOZTEPE AİLE SAĞLIĞI MERKEZİ,Trabzon,Ortahisar,40.99717,39.72591,Trabzon,Correct
58D76C66-56F0-476F-9BB5-F50B1B400267,AYLA GEMİCİ MUAYENEHANESİ,Trabzon,Ortahisar,40.99529,39.69428,Trabzon,Correct
17AAFAE3-A26C-4C1A-9156-F5BE1A57A5F2,ÖZEL RNS YAVUZ SELİM DİYALİZ MERKEZİ,Trabzon,Ortahisar,40.99707,39.68877,Trabzon,Correct
EFE4CDE6-D4F9-4CEA-BA4A-F5F35263938E,TRABZON ORTAHİSAR GÜLBAHARHATUN AİLE SAĞLIĞI MERKEZİ,Trabzon,Ortahisar,41.0037,39.71229,Trabzon,Correct
765BC92D-CB1B-485B-A413-F621DFB724FD,SEVDA ECZANESİ,Trabzon,Vakfikebir,41.04846,39.27929,Trabzon,Correct
56F92D37-B6DE-4838-8EB1-F62A36AC7BED,TRABZON DÜZKÖY AİLE SAĞLIĞI MERKEZİ,Trabzon,Düzköy,40.87364,39.42429,Trabzon,Correct
E73654C4-DD49-42A8-8589-F6418B921321,ALPER ECZANESİ,Trabzon,Ortahisar,40.994,39.75807,Trabzon,Correct
9C94BB0E-3F46-417B-A964-F689A7C07FFE,GİZEM ECZANESİ,Trabzon,Ortahisar,41.00611,39.72684,Trabzon,Correct
B922BE8E-4840-4F83-9F6E-F6B2DBB1B313,ALİ BAKİ MUAYENEHANESİ,Trabzon,Ortahisar,41.00706,39.73045,Trabzon,Correct
49224438-5EF3-4032-AD52-F6D5320AADD2,UMUT KLİNİK,Trabzon,Ortahisar,41.00728,39.73036,Trabzon,Correct
86D88DA7-42B6-4EB7-8301-F70F45513681,ÖMER ÜÇÜNCÜ MUAYENEHANESİ,Trabzon,MERKEZ,40.8035,29.2516,İstanbul,Wrong
A060C3C3-01F8-49C9-B2AC-F76E574DDD86,ÜNİVERSİTE ECZANESİ,Trabzon,Ortahisar,40.99511,39.7648,Trabzon,Correct
E323C606-1204-419A-AB09-F7D35D256DBB,TRABZON ARSİN YEŞİLYALI AİLE SAĞLIĞI MERKEZİ,Trabzon,Arsin,40.9594,39.97776,Trabzon,Correct
1921EAB8-5076-42AA-8B06-F8735FECE634,SELMA TOPAL MUAYENEHANESİ,Trabzon,Ortahisar,41.00619,39.72416,Trabzon,Correct
6F4ED567-F773-4CBD-9DED-F885001E76CD,PAZARCIK AİLE SAĞLIĞI MERKEZİ,Trabzon,Akçaabat,40.94648,39.50176,Trabzon,Correct
958A5933-DF6D-41FB-BF3B-F9A228B44C23,VİLDAN ECZANESİ,Trabzon,Akçaabat,41.01589,39.59377,Trabzon,Correct
5738F687-6806-4775-879E-FA6981512652,TUĞBA ECZANESİ,Trabzon,Akçaabat,41.00354,39.62794,Trabzon,Correct
1215347A-0A89-4366-90EB-FAE6B554BD22,VOLKAN İNCE MUAYENEHANESİ,Trabzon,Ortahisar,41.0052,39.7279,Trabzon,Correct
5EAF489C-422F-4C54-A4E4-FAF7440921E0,TRABZON ORTAHİSAR MISIRLI AİLE SAĞLIĞI MERKEZİ,Trabzon,Ortahisar,40.98223,39.73405,Trabzon,Correct
BBAA0A67-3130-4116-AC84-FB622734C4E7,MERKEZ ECZANESİ,Trabzon,Maçka,40.80955,39.6141,Trabzon,Correct
59352C9E-77BE-4100-931F-FBAD988E2537,HAYAT ECZANESİ,Trabzon,Vakfikebir,41.04402,39.2673,Trabzon,Correct
4E6305CE-A399-4DAA-852E-FBE69A03D6EB,TONYA DEVLET HASTANESİ,Trabzon,Tonya,40.91363,40.13704,Trabzon,Correct
C8E61C24-50D3-4376-9B18-FC29BB037E2D,S.B. TRABZON ŞALPAZARİ İLÇE DEVLET HASTANESİ,Trabzon,Şalpazari,40.94835,39.18772,Trabzon,Correct
CEF47622-73EE-42FB-A974-FC56AE18E112,PINAR ECZANESİ,Trabzon,Akçaabat,41.0075,39.62569,Trabzon,Correct
AC430176-F0A8-4462-AC07-FC8CF277C0CF,TRABZON OF İRFANLI AİLE SAĞLIĞI MERKEZİ,Trabzon,Of,40.9413,40.25959,Trabzon,Correct
60171EA4-4C95-4F53-9DE2-FCA4B0F9432D,HÜRRİYET ECZANESİ,Trabzon,Arsin,40.95414,39.93486,Trabzon,Correct
20D7FFF1-1EE8-4F10-B14D-FD25372E6907,TRABZON ORTAHİSAR HAVAALANI AİLE SAĞLIĞI MERKEZİ,Trabzon,Ortahisar,40.99209,39.77866,Trabzon,Correct
902634A4-5C9C-4EEC-85D4-FD4A9ACCBE9D,ÇELEBİ ECZANESİ,Trabzon,Ortahisar,40.99048,39.69897,Trabzon,Correct
7689F628-FEDF-4713-AC48-FDA71623F492,TRABZON AKÇAABAT YILDIZLI AİLE SAĞLIĞI MERKEZİ,Trabzon,Akçaabat,41.00316,39.62787,Trabzon,Correct
76346168-09E5-42D2-A96C-FDE9917C9227,PETEK ECZANESİ,Trabzon,Yomra,40.96041,39.82925,Trabzon,Correct
2C2DB9D5-EDE3-422D-B700-FE043DCA6327,ÖZGÜR ÖZDEMİR MUAYENEHANESİ (TRABZON),Trabzon,Ortahisar,41.00562,39.72918,Trabzon,Correct
49EDE8D6-36D1-4F0D-93D5-FE4D3137FBAE,TEKİN ÖZLÜ MUAYENEHANESİ,Trabzon,Ortahisar,41.00503,39.73022,Trabzon,Correct
4C413E18-EE01-4E42-AB81-FE9138A6A91B,OKAN ECZANESİ,Trabzon,Beşikdüzü,41.04943,39.27894,Trabzon,Correct
FAB18EC6-5914-446F-906B-FF008703EFE1,HİPNO DİYET,Trabzon,Ortahisar,41.00592,39.72981,Trabzon,Correct
E368DB7E-F32A-4C30-93B8-FF9489E8ABFA,ŞALPAZARI İLÇE HASTANESİ,Trabzon,Şalpazari,40.94175,39.19304,Trabzon,Correct
B38595B9-9E3C-412F-A94C-FFC84E4D7AED,ÖZEL MEDİCALPARK KARADENİZ HASTANESİ ECZANESİ,Trabzon,Ortahisar,41.1228,28.95,İstanbul,Wrong
DED72A32-BBFB-4B18-B984-FFF8295D3399,T.C. S.B. TRABZON FATİH DEVLET HASTANESİ,Trabzon,Ortahisar,41.00184,39.70101,Trabzon,Correct
