UnitId,UnitName,CityName,DistrictName,Latitude,Longitude,DetectedCity,Match
3B2BB6DF-AE65-4CC7-9EFD-0065F694C8A3,CİHANGİR ÖZCAN MUAYENEHANESİ,Tekirdağ,Malkara,40.89418,26.90489,Malkara,Correct
23C75196-2104-491A-BBA9-00892470C35B,CEMHAN ECZANESİ,Tekirdağ,Kapakli,41.27111,27.97455,Çerkezköy,Correct
53934525-361B-4478-8A7D-0137B9D22DD4,İSMAİL GÜL MUAYENEHANESİ,Tekirdağ,Süleymanpaşa,40.97814,27.51155,Tekirdağ,Correct
5CAFACE8-ABF4-439F-8A51-01EE8E91B87B,SİNEM ALBAYRAK KAYA-OSMAN ESELER MUAYENEHANESİ,Tekirdağ,Süleymanpaşa,40.97816,27.51341,Tekirdağ,Correct
F5C7FAD4-F45F-4B29-B0D3-026A7EB77772,TEKİRDAĞ ÇORLU EMLAK KONUTLARI AİLE SAĞLIĞI MERKEZİ,Tekirdağ,Çorlu,41.15543,27.84153,Çorlu,Correct
04BBB7EB-7A09-4C9B-A166-02C24B10DEB7,BAYRAM ECZANESI,Tekirdağ,Muratli,41.16925,27.49937,Muratlı,Correct
B589FFF4-6457-41CF-BC84-032D69554B0C,PEDİATRİUM,Tekirdağ,Çerkezköy,41.32701,27.97632,Kapaklı,Correct
51803043-9C42-4726-B55B-0357F32FDDA4,SELÇUK BİÇİCİ MUAYENEHANESİ,Tekirdağ,Hayrabolu,41.21298,27.10641,Hayrabolu,Correct
CF7D3C00-B46D-435E-8F8E-0456B0F24973,TEKİRDAĞ ŞARKÖY HOŞKÖY AİLE SAĞLIĞI MERKEZİ,Tekirdağ,Şarköy,40.71686,27.31131,Şarköy,Correct
ABEBE58F-B8D8-41ED-9362-0480FADEE9A5,GÜLÇİFTÇİ ECZANESİ,Tekirdağ,Süleymanpaşa,40.97853,27.51333,Tekirdağ,Correct
0D7C8394-1D96-4AE1-852F-048ED820BC1A,SİNEM KAYA SAVCI BESLENME VE DİYET DANIŞMANLIK,Tekirdağ,Çerkezköy,41.29145,28.0009,Çerkezköy,Correct
95167564-6231-48D1-9986-05A2F49324D9,HAYAT ECZANESİ,Tekirdağ,Malkara,40.89362,26.90462,Malkara,Correct
F1450D44-86CA-4C38-885E-05C8C5DC1C6D,PINAR AYDIN ECZANE,Tekirdağ,Çerkezköy,41.286,27.99696,Çerkezköy,Correct
B2FDD48D-4ECC-4967-AEE4-05EF1EEF44F9,TEKİRDAĞ SÜLEYMANPAŞA ÇINARLI AİLE SAĞLIĞI MERKEZİ,Tekirdağ,Süleymanpaşa,40.98151,27.49958,Tekirdağ,Correct
796D354A-E65C-437D-BB0E-061F83FA1842,GÜLAY ECZANESİ,Tekirdağ,Çerkezköy,41.29486,27.99762,Çerkezköy,Correct
60928E0E-F953-4C67-897E-065496E381C1,AYDIN ECZANESİ,Tekirdağ,Çerkezköy,41.28385,28.01058,Çerkezköy,Correct
3FE81396-E55C-4F4C-A1E2-067579A7C7B0,EDA ECZANESİ,Tekirdağ,Süleymanpaşa,40.9782,27.51355,Tekirdağ,Correct
BE0D41DA-FFD9-473D-8972-073AC91C9A56,GÖKSEL ECZANESİ,Tekirdağ,Süleymanpaşa,40.96627,27.49417,Tekirdağ,Correct
F19596B0-DFDF-4F3A-B157-0750D51E64E3,TOKGÖZ ECZANESİ,Tekirdağ,Muratli,41.18215,27.47896,Muratlı,Correct
9BA44EE1-A2F9-43F3-8F67-0828DBB41039,TEKİRDAĞ ŞARKÖY SELAHATTİN ARSLAN AİLE SAĞLIĞI MERKEZİ,Tekirdağ,Şarköy,40.61819,27.11686,Şarköy,Correct
449F45B5-7125-4472-A280-0877C6E56264,ELİF ECZANESİ,Tekirdağ,Çorlu,41.15069,27.80412,Çorlu,Correct
F1EEC4D3-81A1-4513-A92B-087A6D260121,DAMLA ECZANESİ,Tekirdağ,Çorlu,41.15077,27.80836,Çorlu,Correct
3A0AA482-C079-40B9-8356-0917C3794F86,POLEN ECZANESİ,Tekirdağ,Malkara,40.8976,26.90709,Malkara,Correct
1CE23650-9B59-4B17-B3AC-0945EE64170F,ÖZEL OPTİMED HASTANESİ,Tekirdağ,Çerkezköy,41.29546,27.99747,Çerkezköy,Correct
C4955A1B-1BE8-4D55-B95A-09672A26F0AD,TÜRK BÖBREK VAKFI KAPAKLI DİYALİZ MERKEZİ,Tekirdağ,Çerkezköy,41.30892,27.98343,Kapaklı,Correct
6270DED6-F489-4160-BA8B-09B716713CD7,BETÜL IŞIK ECZANESİ,Tekirdağ,Çerkezköy,41.28734,28.00374,Çerkezköy,Correct
52F8266E-03FD-45C5-AB85-0B16C46AEC36,ÖZGENUR ECZANESİ,Tekirdağ,Ergene,41.18729,27.76997,Ergene,Correct
11636FB7-1DDD-4568-9F48-0B7F2FB3927A,ÖZEL TRAKYA DENT AĞIZ VE DİŞ SAĞLIĞI MERKEZİ,Tekirdağ,Çerkezköy,41.28306,28.00048,Çerkezköy,Correct
356071BA-5463-43EF-BE91-0C0B4A84CF04,TEKİRDAĞ ÇERKEZKÖY FEVZİPAŞA AİLE SAĞLIĞI MERKEZİ,Tekirdağ,Çerkezköy,41.28361,27.99029,Çerkezköy,Correct
BEF5626D-2245-445C-8BAB-0C5A2A370281,TEKİRDAĞ MURATLI KURTPINAR AİLE SAĞLIĞI MERKEZİ,Tekirdağ,Muratli,41.17875,27.49874,Muratlı,Correct
60F48608-E715-4D55-92A4-0D8113A51B06,YALÇIN ECZANESİ,Tekirdağ,Şarköy,40.61154,27.1163,Şarköy,Correct
7F187D23-9C8D-445E-A998-0D9FE7017DF0,ANKA SAĞLIKLI YAŞAM MERKEZİ,Tekirdağ,Süleymanpaşa,40.988,27.5526,Tekirdağ,Correct
EF6C26C8-0CCF-46C6-B912-0E71146DBCD9,ÇINARLI ECZANESİ,Tekirdağ,Süleymanpaşa,40.99727,27.51331,Tekirdağ,Correct
DD2C750C-C06F-483E-A6A8-0E99676E0224,BERKANT ZAYİM MUAYENEHANESİ,Tekirdağ,Süleymanpaşa,40.9835,27.51442,Tekirdağ,Correct
391EA547-2700-47A8-B46B-0EC2238B1322,EVREN ECZANESİ,Tekirdağ,Çorlu,41.15563,27.80714,Çorlu,Correct
47981D96-6B58-4F18-A191-0F44461183B3,TUNALI ECZANESİ,Tekirdağ,Kapakli,41.32949,27.97497,Kapaklı,Correct
3CDE1394-5EDB-45AD-8C35-0F4BC40A5826,TEKİRDAĞ ERGENE ULAŞ AİLE SAĞLIĞI MERKEZİ,Tekirdağ,Ergene,41.23838,27.71313,Ergene,Correct
A4A89A00-4452-4186-B081-0FF7602AA36A,BAL ARISI ECZANESİ,Tekirdağ,Çorlu,41.15432,27.80512,Çorlu,Correct
910A18D7-6697-4788-850D-105399770019,SEVİNÇ ECZANESİ,Tekirdağ,Saray,41.44117,27.92148,Saray,Correct
0B6BD224-1261-4B6A-80F0-108E33FC47B3,NEVVİTAL SAĞLIKLI YAŞAM MERKEZİ,Tekirdağ,Çorlu,41.15353,27.84811,Çorlu,Correct
AD8D5678-9F41-4D5C-9A44-1189186DA4E6,ÇAĞDAŞ SOYSAL MUAYENEHANESİ,Tekirdağ,Çerkezköy,41.29543,27.99748,Çerkezköy,Correct
D2E689FF-8BCB-457B-91CD-11A859440CD6,ŞEHNUR ECZANESİ,Tekirdağ,Süleymanpaşa,40.94723,27.4889,Tekirdağ,Correct
0F08AE4A-C7AA-4B05-A11E-120F2C1885DF,TEKİRDAĞ ÇORLU OMURTAK AİLE SAĞLIĞI MERKEZİ,Tekirdağ,Çorlu,41.16084,27.80408,Çorlu,Correct
0949B3E3-EDA7-44A3-B2C3-134531CFDAD1,KAYA ECZANESİ,Tekirdağ,Kapakli,41.28761,27.9992,Çerkezköy,Correct
1BC1324F-ED13-4FF6-B171-1405ED913BB9,ÖZEL EGE DİYALİZ MERKEZİ,Tekirdağ,Süleymanpaşa,40.98267,27.57018,Tekirdağ,Correct
37F2D6C8-827B-4301-AB8B-1422697B8E88,TEKİRDAĞ ÇORLU NUSRATİYE AİLE SAĞLIĞI MERKEZİ,Tekirdağ,Çorlu,41.16185,27.81531,Çorlu,Correct
9D485D68-20EA-49C6-BE4B-14791F8CFA4E,KARACAKILAVUZ ECZANESİ,Tekirdağ,Süleymanpaşa,41.13042,27.35205,Süleymanpaşa,Correct
E0375EF0-944D-4BA1-A990-147FDFAD05F5,BAHAR ECZANESİ,Tekirdağ,Çorlu,41.15685,27.81921,Çorlu,Correct
B4DA8C96-9D4B-411E-8E92-15339BE19741,ÇETİNKAYA ECZANESİ,Tekirdağ,Süleymanpaşa,40.97432,27.50848,Tekirdağ,Correct
A1ACD14A-D906-483A-A040-154050210C13,TEKİRDAĞ MALKARA ERENLER AİLE SAĞLIĞI MERKEZİ,Tekirdağ,Malkara,40.89284,26.90218,Malkara,Correct
2CF3C736-255F-46DF-BC79-15856F7D2AD9,YELTEKİN ECZANESİ,Tekirdağ,Hayrabolu,41.20917,27.0951,Hayrabolu,Correct
7A0CD5FC-219D-4E3B-8207-15DFD3AD44D6,TUĞÇE ÜNLÜDAĞ MUAYENEHANESİ,Tekirdağ,Kapakli,41.3239,27.97615,Kapaklı,Correct
EA7A1DAF-981F-4445-90BF-162F577AD945,SAĞLIK ECZANESİ,Tekirdağ,MARMARA EREĞLİSİ,40.99519,27.84441,Marmaraereğlisi,Correct
1293FA64-0B98-4F50-8962-1645645CAD3C,ZADE ECZANESI,Tekirdağ,Çerkezköy,41.29058,27.9992,Çerkezköy,Correct
133FEBA5-4CC5-4C8F-B954-16A03411ABCA,SARAY ECZANESİ,Tekirdağ,Saray,41.44121,27.92144,Saray,Correct
53C7CA97-FB24-4056-A75F-1703630A1572,DEVA ECZANESİ,Tekirdağ,Çorlu,41.15333,27.83053,Çorlu,Correct
83E6BAE6-8E7E-4434-A5DE-174AFF059878,BUSE ÇOLPAN AĞIZ VE DİŞ SAĞLIĞI MERKEZİ,Tekirdağ,Çorlu,41.15461,27.82101,Çorlu,Correct
C0F688BB-1BE9-469C-8AD7-179A5CE4F307,DOKTOR DENTAL,Tekirdağ,Çorlu,41.15433,27.84216,Çorlu,Correct
B3E02B20-00AA-4B0A-ABB0-17A48CBEE282,UMUT ECZANESİ,Tekirdağ,Çorlu,41.16153,27.80043,Çorlu,Correct
83D1EA86-D9E6-415D-912A-1926710B2218,DOĞAN ECZANESİ,Tekirdağ,Hayrabolu,41.20132,27.09666,Hayrabolu,Correct
A411702D-E536-4806-9B5C-1954B29FB548,CENGİZ ERDEN MUAYENEHANESİ,Tekirdağ,Çorlu,41.16025,27.80173,Çorlu,Correct
CB7D3AA2-2893-465B-B06D-1971B2AFAB36,TEKİRDAĞ ÇERKEZKÖY GAZİOSMANPAŞA AİLE SAĞLIĞI MERKEZİ,Tekirdağ,Çerkezköy,41.28612,27.99674,Çerkezköy,Correct
EA396D29-D92E-4AE5-8C34-1A902A241981,SÜLEYMANPAŞA NAMIK KEMAL ASM,Tekirdağ,Süleymanpaşa,40.98197,27.51971,Tekirdağ,Correct
540E5674-309D-41FE-B62B-1AD5E8BB5019,ECE YALÇIN BESLENME VE EMZİRME,Tekirdağ,TEKİRDAĞ MERKEZ,40.9105,28.6424,İstanbul,Wrong
51982AA2-7986-42C2-BD2D-1C3A28E66CC2,EMİR ECZANESİ,Tekirdağ,Süleymanpaşa,40.97984,27.51303,Tekirdağ,Correct
693B0A95-B70F-4863-BE5A-1C49F109D95D,ÖREN ECZANESİ,Tekirdağ,Çerkezköy,41.27201,27.97573,Çerkezköy,Correct
D1C47D05-4C64-4009-9DC5-1C655EC7F3F6,TEKİRDAĞ ÇERKEZKÖY ÇINAR AİLE SAĞLIĞI MERKE,Tekirdağ,Çerkezköy,41.29284,28.00394,Çerkezköy,Correct
9801E23C-3031-4247-ACAA-1C73A1C060E1,İNAN ECZANESİ,Tekirdağ,Kapakli,41.32648,27.9812,Kapaklı,Correct
09D691E9-EE7C-4BB2-A6D1-1CA825422A4D,AHMET CEBRAİL GÜMÜŞBAŞ MUAYENEHANESİ,Tekirdağ,Çorlu,41.16472,27.78588,Çorlu,Correct
D9D7BFF8-3647-49F9-953E-1E468CB41532,TEKİRDAĞ HAYRABOLU SAKA HÜSEYİN AİLE SAĞLIĞI MERKEZİ,Tekirdağ,Hayrabolu,41.21091,27.10479,Hayrabolu,Correct
A8A6E455-9D10-43EE-884A-1E94E1154E7C,ELVAN ECZANESİ,Tekirdağ,Süleymanpaşa,40.97779,27.51379,Tekirdağ,Correct
97228815-00FD-484D-AB8C-1E9815972296,ÖZEL STAR MEDİCA HOSPITAL,Tekirdağ,Süleymanpaşa,40.97882,27.55025,Tekirdağ,Correct
87836471-0F78-422A-B9BF-1EFAB97D7F15,GILBAZ ECZANESİ,Tekirdağ,MERKEZ,40.977,27.50686,Tekirdağ,Correct
0FB27C4F-8B11-407D-AE13-1F04207B2A63,SULTANKÖY ECZANESİ,Tekirdağ,MARMARA EREĞLİSİ,41.2087,27.75382,Ergene,Correct
81B4292E-8869-4CAD-969B-1F9447B97B27,BURCU SEMİZLER ECZANESİ,Tekirdağ,Çorlu,41.15499,27.80336,Çorlu,Correct
FC2C942B-211C-4C06-BFFD-1FB362FC1485,BARBAROS ECZANESİ,Tekirdağ,Süleymanpaşa,40.91975,27.47264,Süleymanpaşa,Correct
20FC037B-DB3D-4A13-9520-1FDE2C621337,AHMET TURGUTLUGİL MUAYENEHANESİ,Tekirdağ,Malkara,40.89469,26.90353,Malkara,Correct
711E40D9-61F6-4CC6-945A-204CE44C248E,EYLÜL ECZANESİ,Tekirdağ,Çerkezköy,41.2845,27.98802,Çerkezköy,Correct
52E733DC-12BB-4C5B-A5E7-20867143D866,ALAZ ECZANESİ,Tekirdağ,Çerkezköy,41.28967,27.99722,Çerkezköy,Correct
21AB80D3-4B44-441C-8359-217E6748FBFB,ŞENDA ECZANESİ,Tekirdağ,Süleymanpaşa,40.9781,27.51309,Tekirdağ,Correct
3891BA2E-CEB6-4F34-A300-219EE3707699,MAVİ ECZANESİ,Tekirdağ,Süleymanpaşa,40.97838,27.51184,Tekirdağ,Correct
1BE8582D-8320-4535-891D-21CE4380DC85,GÜLSEREN ECZANESİ,Tekirdağ,Süleymanpaşa,40.98331,27.51492,Tekirdağ,Correct
7E66A9C7-002F-4878-8062-21F1F58F508F,NURHAYAT ECZANESİ,Tekirdağ,Çorlu,41.16011,27.79698,Çorlu,Correct
B5F8A409-19F6-4E64-8649-22190E26FA6F,HENATEKS BOYA SAĞLIK BİRİMİ,Tekirdağ,Çerkezköy,41.29677,27.97602,Çerkezköy,Correct
E4AC1076-AE3B-420A-9CEE-221FECC8544D,TEKİRDAĞ ÇORLU SEDAT UYSALCAN AİLE SAĞLIĞI MERKEZİ,Tekirdağ,Çorlu,41.14567,27.83061,Çorlu,Correct
806C94A4-ABB3-4286-8DBD-22A58EB7CD35,TEKİRDAĞ ÇORLU MUHİTTİN AİLE SAĞLIĞI MERKEZİ,Tekirdağ,Çorlu,41.1523,27.81554,Çorlu,Correct
AAA22A4A-6BD1-4057-A896-22CAB1A7298B,TEKİRDAĞ ÇORLU KUMYOL AİLE SAĞLIĞI MERKEZİ,Tekirdağ,Çorlu,41.1593,27.79556,Çorlu,Correct
355D621A-130F-4F82-8933-22E0E6B214FC,EYLÜL ECZANESİ,Tekirdağ,Çorlu,41.15819,27.80227,Çorlu,Correct
53B4811B-371E-4F96-92D8-23CB055E564E,TEKİRDAĞ SÜLEYMANPAŞA ÇİFTLİKÖNÜ AİLE SAĞLIĞI MERKEZİ,Tekirdağ,Süleymanpaşa,40.98244,27.52176,Tekirdağ,Correct
04278234-2001-4FD9-9A16-2493FCE39FCB,BERNA ERKOCAOĞLAN MUAYENEHANESİ,Tekirdağ,Çorlu,41.16342,27.49211,Muratlı,Correct
7DEF846B-98BE-4971-A855-24B1C24F9DA5,ALİ AYHAN ÖLMEZOĞLU MUAYENEHANESİ,Tekirdağ,Süleymanpaşa,40.97799,27.52087,Tekirdağ,Correct
8E4E6130-FE54-4B2C-AE05-250005692032,GÖRKEM ECZANESİ,Tekirdağ,Kapakli,41.32971,27.98101,Kapaklı,Correct
CB4542F2-9F3F-4197-BD53-2564FEE95114,BAŞAR ECZANESİ,Tekirdağ,Malkara,40.88716,26.89459,Malkara,Correct
C98028C2-E8C8-44EF-A629-25B3E244F884,MELİS ECZANESİ,Tekirdağ,Süleymanpaşa,40.98205,27.51469,Tekirdağ,Correct
43C18553-E6E5-41B2-BF14-266ADC9769A8,MÜGE ÇUBUKÇU MUAYENEHANESİ,Tekirdağ,Süleymanpaşa,40.98293,27.56601,Tekirdağ,Correct
48B098AC-0660-407A-A96F-266E64902EF4,ÖZEL OPTİMED HASTANESİ ECZANESİ,Tekirdağ,Çerkezköy,40.9806,28.9207,İstanbul,Wrong
F1FACA54-2C00-44B1-8C75-271FFFE72F38,LOKMAN HEKİM ECZANESİ,Tekirdağ,Çorlu,41.15102,27.84832,Çorlu,Correct
1824F01A-C0CC-409C-9F50-277AF101351D,ŞARKÖY MERKEZ TSM,Tekirdağ,Şarköy,40.61479,27.12118,Şarköy,Correct
EC24A1F9-D3F8-4D0E-807D-279B388777F9,GÜNAY İŞGÖREN MUAYENEHANESİ,Tekirdağ,Malkara,40.89319,26.90266,Malkara,Correct
F79DA019-5C38-4484-B306-27DE807263BB,ŞENGÜL ECZANESİ,Tekirdağ,Kapakli,41.32738,27.9824,Kapaklı,Correct
0A04D10C-35B7-48F7-8DE8-27DF69752884,DOĞAN AĞIZ VE DİŞ SAĞLIĞI POLİKLİNİĞİ,Tekirdağ,Çerkezköy,41.29155,27.99975,Çerkezköy,Correct
43D74D46-F7EB-4F6F-BC13-289F8CCEC2E4,ESMANUR ECZANESİ,Tekirdağ,Ergene,41.18639,27.76877,Ergene,Correct
93AD5AD5-4F8F-41A9-BE1F-2A0103A504F6,ECE ECZANESİ,Tekirdağ,Süleymanpaşa,40.98101,27.4996,Tekirdağ,Correct
F3996ACC-ABCE-4D20-9B28-2A23CB0A2D82,EMİN ECZANESİ,Tekirdağ,Kapakli,41.32249,27.98193,Kapaklı,Correct
A0C80B82-B406-49FF-AC17-2A2DA43BB816,ÇİFTLİKÖNÜ ECZANESİ,Tekirdağ,Süleymanpaşa,40.9836,27.52341,Tekirdağ,Correct
A7391640-F2FC-49D5-8FB0-2A5E26D941C9,TEKİRDAĞ MALKARA KOZYÖRÜK AİLE SAĞLIĞI MERKEZİ,Tekirdağ,Malkara,41.00362,26.94353,Malkara,Correct
27D96DF2-E46F-40D1-961F-2B4D8D68D95D,DEFACTO ÇERKEZKÖY ŞUBESİ,Tekirdağ,Çerkezköy,41.28818,27.99994,Çerkezköy,Correct
13907967-0843-4F7E-9E20-2C1E76D76121,HALK ECZANESİ,Tekirdağ,Çerkezköy,41.32818,27.98297,Kapaklı,Correct
C44439D3-3091-4606-BC37-2C2AD74C856C,HÜSEYİN KORAL MUAYENEHANESİ,Tekirdağ,Muratli,40.97992,27.51173,Tekirdağ,Correct
1F132F13-A727-4431-A7BE-2C6DD1DD1294,SÜLEYMANPAŞA ADALET ASM,Tekirdağ,Süleymanpaşa,41.08456,27.51168,Süleymanpaşa,Correct
3592D6EF-D97E-4AE9-B7E0-2CDDE3D63274,SEVGİ ECZANESİ,Tekirdağ,Ergene,41.19319,27.77139,Ergene,Correct
C45BEF4E-1AF0-4E33-9FA5-2DBE16D04BB5,EHC KLİNİK,Tekirdağ,Çorlu,41.1578,27.79709,Çorlu,Correct
61D96948-9B33-484F-9582-2EF546E9082F,TEKİRDAĞ MALKARA TİCARET BORSASI AİLE SAĞLIĞI MERKEZİ,Tekirdağ,Malkara,40.88712,26.89465,Malkara,Correct
ED87401F-9736-438D-9A61-30FEA5B2235E,ALEV SOLAK MUAYENEHANESİ,Tekirdağ,Süleymanpaşa,40.97857,27.51303,Tekirdağ,Correct
2F41EA68-35DF-46DC-BCD3-311BE556877D,ÇERKEZKÖY DEVLET HASTANESİ KAPAKLI EK HİZMET BİRİMİ,Tekirdağ,Çerkezköy,41.28414,28.01084,Çerkezköy,Correct
13405A12-FB0E-4AB1-A07A-31A27A0D6D00,FİGEN ÇELEN MUAYENEHANESİ,Tekirdağ,Süleymanpaşa,40.97774,27.5118,Tekirdağ,Correct
B778A730-7EF7-4232-9D82-31D7433ED9E5,İLKYAZ ECZANESİ,Tekirdağ,Çorlu,41.16075,27.80403,Çorlu,Correct
14E0DB98-6BA0-44CC-B86A-327DDA05B576,MISRA ECZANESİ,Tekirdağ,Çorlu,41.15396,27.79303,Çorlu,Correct
E1C95822-188E-4C40-8601-33208A869C2D,EMRAH GÖKHAN DOĞANCA MUAYENEHANESİ,Tekirdağ,Süleymanpaşa,40.9777,27.51256,Tekirdağ,Correct
151E1179-248A-4837-B129-33FFA37A18C6,ASLI ECZANESİ,Tekirdağ,Çorlu,41.14934,27.78123,Çorlu,Correct
18DFBF0F-9D27-473A-86AD-34286E19FB0D,ÖZEL REYAP HASTANESİ,Tekirdağ,Çorlu,41.15309,27.82912,Çorlu,Correct
3988FD0B-D9E0-4940-AA3A-3468B71C2EB3,ULAŞ ECZANESİ,Tekirdağ,Ergene,41.23808,27.7109,Ergene,Correct
F6100DBD-40CE-4937-95C2-353C7BC1416A,ÇORLU DEVLET HASTANESI,Tekirdağ,Çorlu,41.16935,27.80331,Çorlu,Correct
55CF15C0-878B-485D-B90F-35C907124223,TEKİRDAĞ KAPAKLI HÜRRİYET AİLE SAĞLIĞI MERKEZİ,Tekirdağ,Kapakli,41.33675,27.97649,Kapaklı,Correct
DF5AD382-EF0C-465D-9736-36465A453596,HİLAL ECZANESI,Tekirdağ,Süleymanpaşa,40.98483,27.51483,Tekirdağ,Correct
40FD0D79-9EEA-414B-88C6-364A81F1B9D6,GÜNEYER ECZANESİ,Tekirdağ,Süleymanpaşa,40.97803,27.5027,Tekirdağ,Correct
7E3150C9-2E49-486D-ADFF-379C6B403097,SİMGE ÇOLAKOĞLU MUAYENEHANESİ,Tekirdağ,Süleymanpaşa,40.97792,27.51174,Tekirdağ,Correct
1E750D54-1654-461F-85C5-389ACABCFECF,EKİN ECZANESİ,Tekirdağ,Kapakli,41.00167,28.83441,İstanbul,Wrong
A08D5F8E-F587-4DF9-AFA4-38D438B68E0F,CELAL-FIRAT ERDOĞAN MUAYENEHANESİ,Tekirdağ,Süleymanpaşa,40.97767,27.51183,Tekirdağ,Correct
FB30BC0B-5CCE-40B7-B928-38D7AEA502FE,ÇAĞDAŞ ECZANESİ,Tekirdağ,Çorlu,41.15978,27.80013,Çorlu,Correct
79FCBFE6-B2DE-4ACA-AD17-395886E4742C,TEKİRDAĞ ÇERKEZKÖY KIZILPINAR AİLE SAĞLIĞI MERKEZİ,Tekirdağ,Çerkezköy,41.26242,27.97202,Çerkezköy,Correct
130DBD0D-C1DC-427B-8120-398DC936D7FC,İSTASYON ECZANESİ,Tekirdağ,Çerkezköy,41.27939,28.00461,Çerkezköy,Correct
A4AE1228-08DA-450E-9634-3A79BEB8DDD2,TEKİRDAĞ KAPAKLI CUMHURİYET AİLE SAĞLIĞI MERKEZİ,Tekirdağ,Kapakli,41.32641,27.9813,Kapaklı,Correct
20F6F773-5D4C-45E6-86A3-3AB682CB2636,KIZILIRMAK ECZANESİ,Tekirdağ,Kapakli,41.33217,27.99482,Kapaklı,Correct
67DFD403-1310-45DE-A996-3BBE62DC53E5,MUTLU ECZANESİ,Tekirdağ,Kapakli,41.33086,27.97134,Kapaklı,Correct
597A5F04-EC31-4636-8FF5-3BF7334D6FA5,BAHADIR ECZANESİ,Tekirdağ,Şarköy,40.89376,26.90274,Malkara,Correct
D6931393-2C80-4B81-BB9D-3C62D670FA8D,KLİNİK AQUA ÇORLU,Tekirdağ,Çorlu,41.15235,27.83274,Çorlu,Correct
73786F25-90DC-4E23-B702-3C6471C4B3B6,HÜLYA KUYBULU MUAYENEHANESİ,Tekirdağ,Şarköy,40.61322,27.11596,Şarköy,Wrong
159D06DB-15BF-4FCE-958A-3C6743EE86F8,DUYGU ECZANESİ,Tekirdağ,Süleymanpaşa,40.97918,27.51142,Tekirdağ,Correct
CF0C148F-AC0F-48E4-8A86-3C7941EFF2FF,VELİMEŞE ECZANESİ,Tekirdağ,Ergene,41.25491,27.87787,Ergene,Correct
CE73E05A-64B0-48D3-9E49-3CFBE4CB1302,ESEN ÇAKIR ECZANESİ,Tekirdağ,Çorlu,41.15512,27.81902,Çorlu,Correct
89B70A87-2304-43EB-B415-3D02F4DB3A9D,ÖZDEMİR ECZANESİ,Tekirdağ,Çorlu,41.15962,27.79563,Çorlu,Correct
AB427474-20D1-43CB-9C37-3DDBFA6CB4D7,DERMAN ECZANESİ,Tekirdağ,Çerkezköy,41.28486,28.00793,Çerkezköy,Correct
D40CFE71-1206-4900-A80F-3E6C623802B7,GÜLSEMA ECZANESİ,Tekirdağ,Çorlu,41.16185,27.81541,Çorlu,Correct
FED5FB4B-69FA-4A77-9A50-3E9140FD5C22,MÜJGAN ÖZGÜR MUAYENEHANESİ,Tekirdağ,Süleymanpaşa,40.97813,27.51133,Tekirdağ,Correct
E6A4BF8B-2250-49C6-8C0D-3F059DDC69EF,HÜRREM ECZANESİ,Tekirdağ,Çorlu,41.15923,27.80396,Çorlu,Correct
50BCB06B-66AB-429D-B67C-3F0DC972CE46,ERGENE AYŞE ÜLKÜ ÖZEN AİLE SAĞLIĞI MERKEZİ,Tekirdağ,Ergene,41.20696,27.75282,Ergene,Correct
DC49BAE0-2CF5-40BD-8E90-3F2E05523A2A,ERCAN TAŞ MUAYENEHANESİ,Tekirdağ,Süleymanpaşa,40.97771,27.51385,Tekirdağ,Correct
6218C4A8-9C93-4CA0-9F8A-4045B79ED397,YASEMİN KIRCI SEZER MUAYENEHANESİ,Tekirdağ,Süleymanpaşa,40.97928,27.51438,Tekirdağ,Correct
7FCDC887-F7F1-4C67-90B0-40A49BFD4AB2,SEZİN GÜN MUAYENEHANESİ,Tekirdağ,Hayrabolu,41.21282,27.10712,Hayrabolu,Correct
4DA2268C-57AF-46C3-A691-40AD7A73FD8C,ONUR UZUNLAR MUAYENEHANESİ,Tekirdağ,Çorlu,41.15627,27.81322,Çorlu,Correct
DACC8DDF-6B3C-4609-B149-410642C68723,TEZCAN ECZANESİ,Tekirdağ,Malkara,40.89594,26.90509,Malkara,Correct
B280CF4D-D5C0-4841-BAC5-4136C798BFAC,ORHUN ECZANESİ,Tekirdağ,Çorlu,41.15563,27.80729,Çorlu,Correct
966EC2B2-2D3C-4A6E-BE42-41DDD1E51FA5,YEKTA ÖNDER MUAYENEHANESİ,Tekirdağ,Çorlu,41.15473,27.83785,Çorlu,Correct
87D6E298-3A1C-4CB4-9D0C-41EA3DA5C0B6,FERDA TÜRKYILMAZ MUAYENEHANESİ,Tekirdağ,Süleymanpaşa,40.97694,27.51245,Tekirdağ,Correct
0EFE9E8F-AE18-486F-88BB-42014F638B82,ÇERKEZKÖY ECZANESİ,Tekirdağ,Çerkezköy,41.2868,27.99781,Çerkezköy,Correct
A14F3FAB-4473-4D22-B193-4238121E1434,KÖROĞLU ECZANESİ,Tekirdağ,Çerkezköy,41.29091,27.99471,Çerkezköy,Correct
3FDC2A02-5890-494B-B14B-428002D98933,SEMA DENT AĞIZ VE DİŞ SAĞLIĞI POLİKLİNİĞİ,Tekirdağ,Çorlu,41.15656,27.81168,Çorlu,Correct
2D2E7794-A610-46E7-A92B-429E92AC86F6,NURCAN EREN ŞİMŞEK MUAYENEHANESİ,Tekirdağ,Çorlu,41.15836,27.80703,Çorlu,Correct
AAAEE362-0911-467C-B4E5-42AE370A2B4B,BENGİ ECZANESİ,Tekirdağ,Çerkezköy,41.29071,27.99528,Çerkezköy,Correct
542976F6-E8C3-4639-9457-42BEB2D2DEAA,BALCI ECZANESİ,Tekirdağ,Kapakli,41.3196,27.97875,Kapaklı,Correct
84EBFF6F-81BD-4FCE-B42F-42EC61772E94,TEKİRDAĞ MALKARA SAĞLAMTAŞ AİLE SAĞLIĞI MERKEZİ,Tekirdağ,Malkara,40.78047,27.1066,Malkara,Correct
6DA186FC-3A89-4481-BCEB-42EEBD87B12D,TEKİRDAĞ ÇORLU FİDANLIK AİLE SAĞLIĞI MERKEZİ,Tekirdağ,Çorlu,41.16516,27.80007,Çorlu,Correct
818C4CC7-5523-4DF2-A972-42FC7D8B30D5,SÜLEYMAN BARIŞ BAŞLAR MUAYENEHANESİ,Tekirdağ,Süleymanpaşa,40.97748,27.51064,Tekirdağ,Correct
43F3E675-A96B-4E6C-987B-43B03D3677CC,SELENYUM ECZANESİ,Tekirdağ,Çorlu,41.16195,27.79993,Çorlu,Correct
960DC756-12AA-4EB5-9999-43E25C2C811C,SİMGE NUR ARICI BESLENME VE DİYET MERKEZİ,Tekirdağ,Çorlu,41.15282,27.83371,Çorlu,Correct
40A789E0-F406-4A95-9212-448E266519A6,VELİKÖY ECZANESİ,Tekirdağ,Çerkezköy,41.26131,27.93874,Çerkezköy,Correct
789AC8C3-76CA-40DB-BAF1-454DA0440BF3,TOLGA KUTAL MUAYENEHANESİ,Tekirdağ,Süleymanpaşa,40.97926,27.51583,Tekirdağ,Correct
B946DF81-65BD-4C1D-9E77-4587D9E639CC,DİYET EXPRESS SAĞLIKLI YAŞAM MERKEZİ,Tekirdağ,Çorlu,41.1541,27.83695,Çorlu,Correct
87C29466-5144-40C6-AE3B-45DC3818C517,SUPHİ ALOLO MUAYEHANESİ,Tekirdağ,Çorlu,40.85825,27.37632,Süleymanpaşa,Correct
6DAE05D3-CC47-4B55-9070-45E675D6A751,TEKİRDAĞ ÇERKEZKÖY VELİKÖY AİLE SAĞLIĞI MERKEZİ,Tekirdağ,Çerkezköy,41.25642,27.9375,Çerkezköy,Correct
FCB7A017-7803-4132-9A05-460551BCF01F,ALKAN ECZANESİ,Tekirdağ,Çorlu,41.1468,27.83336,Çorlu,Correct
9490C21C-A2BF-4F02-B712-46611BB8F3FD,SAHİL ECZANESİ,Tekirdağ,Şarköy,40.61198,27.11621,Şarköy,Correct
7B0A10A6-20D2-46DC-A46C-468D33060AD0,TEKİRDAĞ KAPAKLI KARAAĞAÇ AİLE SAĞLIĞI MERKEZİ,Tekirdağ,Kapakli,41.2946,27.94513,Kapaklı,Correct
980CB8A0-26DE-4E9A-AF21-470D0D7F4E16,YENİ ECZANESİ,Tekirdağ,Malkara,40.89185,26.9026,Malkara,Correct
CABCA62B-4CEB-4EC7-B0B0-47957E932418,ERSİN RIZA ARDA MUAYENEHANESİ,Tekirdağ,Çorlu,41.15704,27.81829,Çorlu,Correct
432EAEEA-7FE8-4464-9AAA-47958209F158,VERESELİ SAĞLIK ECZANESİ,Tekirdağ,Şarköy,40.61139,27.11633,Şarköy,Correct
4D9FBFAD-9840-4FA1-8F2D-47F6A64B2023,YENİ SAĞLIK ECZANESİ,Tekirdağ,Çorlu,41.16301,27.80025,Çorlu,Correct
70983F45-B995-46F1-B712-47F6E6905165,ECEM SEYHAN MUAYENEHANESİ,Tekirdağ,MERKEZ,41.0081,28.6009,İstanbul,Wrong
DE746895-5F30-49F2-ACAA-480082DED4D2,YENİ ECZANESİ,Tekirdağ,Süleymanpaşa,40.97785,27.51073,Tekirdağ,Correct
0599991B-5558-426C-A35A-4836C3D6ADC4,ŞARKKÖY DİŞ KLİNİĞİ,Tekirdağ,Şarköy,40.61202,27.11898,Şarköy,Correct
5E5E1B9B-DB44-467B-AC06-4A311559C061,HAYAT ECZANESİ,Tekirdağ,Malkara,40.89362,26.90462,Malkara,Correct
4D54B88B-28D6-4B29-BF22-4A3CA4B7AACA,NEVDERMA DERMATOLOJİ KLİNİĞİ,Tekirdağ,Çorlu,41.15443,27.84931,Çorlu,Correct
734254FF-86F3-4CB0-A12F-4AA6C8E51B10,ŞAMİÖZEN ECZANESİ,Tekirdağ,Çorlu,41.15496,27.80336,Çorlu,Correct
FFB294CC-492D-460A-AB13-4AC704F5C0AE,ÖZEL ÇERKEZKÖY AKUT POLİKLİNİĞİ,Tekirdağ,Çerkezköy,41.28437,27.99632,Çerkezköy,Correct
7DD2E08C-C2A4-4D39-9D1F-4ADCFF22E087,DOĞA ECZANESİ,Tekirdağ,Süleymanpaşa,40.96653,27.49303,Tekirdağ,Correct
C5EE940B-C21E-4258-BDCC-4B1C5C86563F,TEKİRDAĞ ÇERKEZKÖY FATİH AİLE SAĞLIĞI MERKEZİ,Tekirdağ,Çerkezköy,41.27994,28.00808,Çerkezköy,Correct
ADB1BEC4-5275-4771-A5E1-4B6DD2230461,DÜNYA ECZANESİ,Tekirdağ,Çorlu,41.15279,27.81582,Çorlu,Correct
6A8047B4-00EE-41A0-8EC9-4B9B076F122A,ERKAN YARAPSAN MUAYENEHANESİ,Tekirdağ,Süleymanpaşa,40.97975,27.51308,Tekirdağ,Correct
D71516FC-F15F-4C3C-BFA9-4BA142F139E7,DÜRÜST ECZANESİ,Tekirdağ,Şarköy,39.11447,-76.73316,Maryland,Wrong
981D4441-4754-4D42-9A5F-4BCF5C1E6D0C,KIRAL ECZANESİ,Tekirdağ,Çerkezköy,41.44088,27.92121,Saray,Correct
FC4C70C4-CFA8-407D-95FB-4C8060CFAA1B,ÖZEL İRMET HOSPİTAL,Tekirdağ,Çerkezköy,41.29373,27.99479,Çerkezköy,Correct
4A335649-9E08-4288-BB73-4C8242AADA94,TEKİRDAĞ ÇERKEZKÖY GÜLTEPE AİLE SAĞLIĞI MERKEZİ,Tekirdağ,Çerkezköy,41.31189,28.61177,İstanbul,Wrong
2A8223DE-9C8D-497E-AB65-4D1DB597587D,CİHAT ÇINAR MUAYENEHANESİ,Tekirdağ,Çorlu,41.15219,27.8335,Çorlu,Correct
3C93B689-4303-412D-9C97-4D31B3417A35,VERESELI KAYA ECZANESI,Tekirdağ,Malkara,40.88529,26.93148,Malkara,Correct
7D8A540C-B59F-49DB-BD01-4D66082BC3F9,ÖZEL TEKİRDAĞ AĞIZ VE DİŞ SAĞLIĞI POLİKLİNİĞİ,Tekirdağ,Süleymanpaşa,40.97607,27.51215,Tekirdağ,Correct
505421AB-E725-40D9-9185-4D9729F81B05,TÜTÜNCÜ ECZANESİ,Tekirdağ,Malkara,40.89499,26.89103,Malkara,Correct
612479ED-F098-45BA-8A3B-4E7AC439082B,AKDENİZ ECZANESİ,Tekirdağ,Çerkezköy,41.2845,28.01061,Çerkezköy,Correct
0A0DFCA8-DBF9-4E71-8FC4-4E8B10E057E5,ÖMER MUHARREM TOKSOY MUAYENEHANESİ,Tekirdağ,Süleymanpaşa,40.97922,27.54096,Tekirdağ,Correct
80C01E9A-90CE-4A2F-AFAF-4F6BD1EC25F9,ÖZTRAK ECZANESİ,Tekirdağ,Kapakli,41.29496,27.9462,Kapaklı,Correct
E2835A6B-08D1-4879-81B8-4F6EBE96570B,KARDELEN ECZANESİ,Tekirdağ,Çerkezköy,41.2941,27.995,Çerkezköy,Correct
1740EB64-9461-4DA2-BEC8-50E793570140,KURTGÖZ ECZANESİ,Tekirdağ,Ergene,41.24072,27.70687,Ergene,Correct
8D12F15B-E485-49C1-90F5-510CB6C8EE43,HASAN MEMİŞ MUAYENEHANESİ,Tekirdağ,Süleymanpaşa,40.97726,27.51222,Tekirdağ,Correct
897B4F88-3691-4305-89E4-512387BDD712,BÜLENT KAPTAN MUAYENEHANESİ,Tekirdağ,Çorlu,41.15124,27.83775,Çorlu,Correct
F003124E-21AF-4E78-944B-515FF408F298,SEMRA ECZANESİ,Tekirdağ,Çorlu,41.15949,27.80331,Çorlu,Correct
35633F77-AA9B-4890-A283-51EF276ADB6E,ŞAFAK ECZANESİ,Tekirdağ,Süleymanpaşa,40.97626,27.50678,Tekirdağ,Correct
0D28BBA9-4B37-47C6-9A30-5262F43A47D1,TEKİRDAĞ ÇORLU REŞADİYE AİLE SAĞLIĞI MERKEZİ,Tekirdağ,Çorlu,41.15494,27.80378,Çorlu,Correct
59A249FE-4E82-48DB-9902-529B87205C8E,GÖZDE ECZANESİ,Tekirdağ,Çorlu,41.15553,27.81689,Çorlu,Correct
854FFC56-5955-4E07-985B-53A1A0026DD5,TREND ARENA ECZANESİ,Tekirdağ,Çorlu,41.15227,27.83185,Çorlu,Correct
C5C426DA-E977-4368-AB80-53DC29D46D59,BEGÜM BILDIRCIN SAKARYA MUAYENEHANESİ,Tekirdağ,Süleymanpaşa,41.00141,27.58266,Tekirdağ,Correct
45091835-9AAD-41FF-BFAD-540E28BD17D4,ERCAN YILMAZ MUAYENEHANESİ,Tekirdağ,Çerkezköy,41.28532,27.9998,Çerkezköy,Correct
24FCBC7B-A501-4B1E-9B55-54260B103DAD,MEHMET DOĞAN MUAYENEHANESİ,Tekirdağ,Süleymanpaşa,40.92853,27.47552,Tekirdağ,Correct
5A31029D-738D-46DA-BC89-547DB4271567,BAHÇELİEVLER ECZANESİ,Tekirdağ,Kapakli,41.33261,27.98387,Kapaklı,Correct
740F72C4-03E8-406C-9088-548DA4BA165B,MİRADENT AĞIZ VE DİŞ SAĞLIĞI POLİKLİNİĞİ,Tekirdağ,Çorlu,41.15604,27.81292,Çorlu,Correct
0ECAEEB8-F941-480F-9D95-54C27EEBB3A2,FULYA ECZANESİ,Tekirdağ,Ergene,41.25523,27.87884,Ergene,Correct
442FCB62-9823-4DB6-B8F3-551672468439,ŞİFA ECZANESİ,Tekirdağ,Saray,41.44146,27.9198,Saray,Correct
FE291AAE-8815-42C1-8B85-557D629CB5E0,SELİN ECZANESİ,Tekirdağ,Çerkezköy,41.25996,27.93955,Çerkezköy,Correct
CB8CCCB3-F233-4F51-8BC6-55A7C93A901F,NEFES ECZANESİ,Tekirdağ,Ergene,41.26247,27.64965,Ergene,Correct
2D78F45E-171E-49B0-A9E2-56749B2911F8,ÖZEN ECZANESİ,Tekirdağ,Süleymanpaşa,40.98004,27.51178,Tekirdağ,Correct
793A2D05-A0C2-4FFC-9FE6-56B6DD42C30A,YASEMİN ECZANESİ,Tekirdağ,Süleymanpaşa,40.9747,27.50874,Tekirdağ,Correct
19A9C7BC-DE16-4023-A3D8-56C091663947,AHMET YILMAZ MUAYENEHANESİ,Tekirdağ,Çorlu,41.16072,27.80063,Çorlu,Correct
D221BBA1-57A2-4B20-87DE-570265C2075F,İLHAN ECZANESİ,Tekirdağ,Süleymanpaşa,40.97705,27.49466,Tekirdağ,Correct
FD22E375-8DBE-498B-A08E-5813C5454BA5,FATİH ECZANESİ,Tekirdağ,Çorlu,41.15422,27.81362,Çorlu,Correct
41D5F8A9-AAE6-4010-B7B8-583C743A9C51,EMİN SARITAŞ MUAYENEHANESİ,Tekirdağ,Muratli,41.16786,27.50794,Muratlı,Correct
0CEACE3A-676D-419E-8FC9-58DA22295C3C,HAKAN ECZANESİ,Tekirdağ,Çerkezköy,41.28446,27.98783,Çerkezköy,Correct
68F9D06B-1423-4567-953B-59D76C509F02,REYHAN TEMEL BESLENME VE DİYET KLİNİĞİ,Tekirdağ,Çerkezköy,41.29135,27.99912,Çerkezköy,Correct
E79DF297-3CEA-451D-A222-5A5D9D2DE406,ÖZGE ECZANESI,Tekirdağ,Saray,41.37715,27.92348,Saray,Wrong
B07D0C93-AE7E-4CC8-9A78-5AB464AF90D5,HÜRRİYET ECAZANESİ,Tekirdağ,Çorlu,41.15754,27.84551,Çorlu,Correct
61429351-2198-4BCD-B011-5B0EB2DD4EC4,TÜRK BÖBREK VAKFI TEKİRDAĞ DİYALİZ MERKEZİ,Tekirdağ,Süleymanpaşa,40.96469,27.4877,Tekirdağ,Correct
6503C574-316C-4F4C-8ADB-5B63EB938632,GÖKÇE ECZANESİ,Tekirdağ,Süleymanpaşa,40.98019,27.51345,Tekirdağ,Correct
3BA32217-7FA9-42C3-985A-5BA2FF8F9B4D,GÜNDÜZ ECZANESİ,Tekirdağ,Çerkezköy,41.29014,28.00005,Çerkezköy,Correct
AD36F8D5-269A-4706-8733-5BDC8D03ABC5,TEKİRDAĞ MALKARA BADEMLİK AİLE SAĞLIĞI MERKEZİ,Tekirdağ,Malkara,40.89801,26.90568,Malkara,Correct
5C8A13F8-A670-4D8A-A3F4-5BFC0A4D0A78,NAMIK KEMAL ÜNİVERSİTESİ ARŞ. VE UYG. HASTANESİ,Tekirdağ,Süleymanpaşa,40.95452,27.49122,Tekirdağ,Correct
BCE69B85-17D7-4580-BBAF-5C26765E8910,BÜLENT ALEMDAĞ-MERVE İKİZ MUAYENEHANESİ,Tekirdağ,Çerkezköy,41.28915,27.99887,Çerkezköy,Correct
9E6A8637-5AA9-41A8-A19A-5C4066DDB88D,ASLI ECZANESİ,Tekirdağ,Kapakli,41.32649,27.98788,Kapaklı,Correct
11D22B61-9FEE-4D42-A6A7-5C69160C4C27,TEKİRDAĞ ŞARKÖY CUMHURİYET AİLE SAĞLIĞI MERKEZİ,Tekirdağ,Şarköy,40.61507,27.12331,Şarköy,Correct
98620767-6281-42C0-8C72-5C7DE47E47D2,ZAFER ECZANESİ,Tekirdağ,Malkara,40.88971,26.91411,Malkara,Correct
BFAE7436-BB64-4474-9B2D-5C876125D6B3,ÇORLU KARAEVLİ ECZANESİ,Tekirdağ,Çorlu,41.15843,27.79966,Çorlu,Correct
BFCFB0D7-2F35-4A9C-94EA-5CAE7C03033F,ALTINOK ECZANESİ,Tekirdağ,Çorlu,41.14639,27.83263,Çorlu,Correct
255294E6-5F44-4080-A4EB-5DF1E6468091,SEVGİ AĞIZ VE DİŞ SAĞLIĞI POLİKLİNİĞİ 2,Tekirdağ,Çorlu,41.15572,27.83772,Çorlu,Correct
F160B345-C88F-482A-B74B-5E20D24CB4B0,MEYDAN ECZANESİ,Tekirdağ,Ergene,41.23693,27.70908,Ergene,Correct
28A598A8-3173-4A18-8FAE-5E2BDF6186C3,MERVE DAYIOĞLU DİYET VE BESLENME KLİNİĞİ,Tekirdağ,Çorlu,41.15274,27.83427,Çorlu,Correct
1F6ACE5D-C2B5-496D-8557-5EFE54ADDCED,BELGİN ECZANESİ,Tekirdağ,Çerkezköy,41.29426,27.99587,Çerkezköy,Correct
91DCE80B-85DA-4205-B102-5F1C3F6E155F,ERGENE SAĞLIK AİLE SAĞLIĞI MERKEZİ,Tekirdağ,Ergene,41.24112,27.70622,Ergene,Correct
824D1656-C44C-43EA-AA7A-5F45E35B6E3C,MERİÇ ECZANESİ,Tekirdağ,Süleymanpaşa,40.98341,27.57031,Tekirdağ,Correct
ABA65E0E-525C-4C9D-BF64-5FBC9CF223A0,PINAR ECZANESİ,Tekirdağ,Malkara,40.89351,26.90362,Malkara,Correct
96625745-4329-4288-B87A-5FF8B73B3CDB,EMRE ECZANESİ,Tekirdağ,Süleymanpaşa,40.97381,27.50084,Tekirdağ,Correct
28EB90D2-1993-488D-AB35-60204910F983,MERAL ECZANESİ,Tekirdağ,Çorlu,41.15392,27.80509,Çorlu,Correct
8ECDFA1F-8475-4DA0-8C82-60B489A8609F,BİRSEN ECZANESİ,Tekirdağ,Çorlu,41.15903,27.8031,Çorlu,Correct
7C9CE6AC-6219-4778-8010-60EB1DD08CEB,GÖLGE ECZANESİ,Tekirdağ,Süleymanpaşa,40.96836,27.49731,Tekirdağ,Correct
6EA1C94B-CBA8-4C3A-BA07-610D6976B9BF,EDA ECZANESİ,Tekirdağ,Çorlu,41.15942,27.80021,Çorlu,Correct
616D6183-861E-43B8-BF85-61122A09EC5B,SİNEM ECZANESİ,Tekirdağ,Çorlu,41.15921,27.79578,Çorlu,Correct
75D223C4-2D34-4456-BE09-6144564B38DA,SARIKAYA ECZANESİ,Tekirdağ,Saray,41.43987,27.92529,Saray,Correct
C04E1656-96A2-49B5-8AEC-618EB31BC8C5,TEKİRDAĞ DR İSMAİL FEHMİ CUMALIOĞLU ŞEHİR HASTANESİ,Tekirdağ,Süleymanpaşa,41.00607,27.52638,Tekirdağ,Correct
CA0499F1-3FBD-49C0-B187-624BAF4E23EA,PROF DR TANSU GÖNEN MUAYENEHANESİ,Tekirdağ,Süleymanpaşa,40.99178,27.57155,Tekirdağ,Correct
B140288B-E418-4C63-82FB-631091497386,NİLGÜN ARİFOĞLU TURAN MUAYENEHANESİ,Tekirdağ,Çorlu,41.15871,27.80528,Çorlu,Correct
D15AB2E4-5E3B-4ACA-898B-6351B9CB2D9D,CENK ECZANESİ,Tekirdağ,Süleymanpaşa,40.98303,27.54975,Tekirdağ,Correct
5B4DA572-2EF4-41D6-98B5-63BAEFB77334,EREĞLİ ECZANESİ,Tekirdağ,Marmaraereğlisi,39.0901,35.56221,Kayseri,Wrong
B9C82FFD-E3C3-477D-AA68-643C7227522D,YENİ UMUT ECZANESİ,Tekirdağ,Saray,41.37757,27.92891,Saray,Wrong
BC194B8A-A8E2-46BA-B750-65A88CEAB1A1,MALKARA MERKEZ TSM,Tekirdağ,Malkara,40.89916,26.90931,Malkara,Correct
740A668C-6404-4A3E-A4B8-65FC94E1F145,DAYIOĞLU ECZANESİ,Tekirdağ,Kapakli,41.29006,27.99642,Çerkezköy,Correct
D349BDA3-7330-4396-8255-66CC8EB7BBB9,SEMİR SAKARYA MUAYENEHANESİ,Tekirdağ,Çorlu,41.15927,27.80823,Çorlu,Correct
18DA1884-7703-4C94-B5F5-674D74C4CBAA,HİLAL ECZANESI,Tekirdağ,Kapakli,41.31739,27.97073,Kapaklı,Correct
E3A8C78E-4086-46E6-AAF1-67B07F049295,TEKİRDAĞ HAYRABOLU ÇERKEZMÜSELLİM AİLE SAĞLIĞI MERKEZİ,Tekirdağ,Hayrabolu,41.27204,27.02596,Hayrabolu,Correct
FB8BEA7C-7DA1-4184-B376-67DB4352989E,DERMAN ECZANESİ,Tekirdağ,Süleymanpaşa,40.97812,27.5112,Tekirdağ,Correct
5B8ED7CE-F6D9-4CAA-86FF-685C13596F21,TEKIRDAĞ ÇORLU AĞİZ VE DIŞ SAĞLİĞİ HASTANESİ,Tekirdağ,Çorlu,41.14991,27.84804,Çorlu,Correct
8B261C05-80F6-43B6-AB6E-6964621F5C41,HÜLYA ECZANESİ,Tekirdağ,Süleymanpaşa,40.9812,27.51579,Tekirdağ,Correct
E0D708F1-15EB-4659-B283-696BB178F12A,ÖNDER BAŞAR MUAYENEHANESİ,Tekirdağ,Süleymanpaşa,40.97978,27.50771,Tekirdağ,Correct
6A468985-F402-4BC7-9C0D-697C2A4D23D7,UĞUR ECZANESİ,Tekirdağ,Malkara,40.88439,26.93028,Malkara,Correct
7BDBC75F-3ED2-456D-B4EA-69FB10E7BC3A,GÜNEŞ ECZANESİ,Tekirdağ,Süleymanpaşa,40.94335,27.48549,Tekirdağ,Correct
3273F46E-A7E2-453D-8B66-6A128F13E579,TEKİRDAĞ SÜLEYMANPAŞA 100.YIL AİLE SAĞLIĞI MERKEZİ,Tekirdağ,Süleymanpaşa,40.97275,27.4939,Tekirdağ,Correct
0EB41121-3B57-45E4-8539-6A1406CDA2B0,TEKİRDAĞ SÜLEYMANPAŞA BANARLI AİLE SAĞLIĞI MERKEZİ,Tekirdağ,Süleymanpaşa,41.07017,27.3341,Süleymanpaşa,Correct
E9A6E4A9-E071-45AE-87A4-6AAEEB5EFEEA,KAAN EREN MUAYENEHANESİ,Tekirdağ,Çorlu,41.16226,27.80055,Çorlu,Correct
8F8D680E-666A-423C-9FA4-6AC2A5295E02,GÜROL ÖZMAN MUAYENEHANESİ,Tekirdağ,Çerkezköy,41.28924,27.99885,Çerkezköy,Correct
37BF2BE6-0160-4C78-B53C-6AD713335247,KİRAZ ECZANESİ,Tekirdağ,Süleymanpaşa,40.97893,27.51677,Tekirdağ,Correct
8BEACDEE-4FDF-4C74-BEA4-6B4F84D0B676,İLHAN ECZANESİ,Tekirdağ,Kapakli,41.32885,27.97526,Kapaklı,Correct
211BCD4C-B33C-4F37-8233-6C88F2EB109E,NİL ECZANESİ,Tekirdağ,Saray,41.44492,27.91361,Saray,Correct
BA1755F8-0AE2-4794-9382-6CD4A01DC837,SEN ECZANESİ,Tekirdağ,Süleymanpaşa,40.94299,27.48544,Tekirdağ,Correct
C0C3BCD3-68D3-43AD-8189-6CF12A32C473,ALANUR ECZANESİ,Tekirdağ,Süleymanpaşa,40.98668,27.57737,Tekirdağ,Correct
A6AD0C7A-12F6-4A86-A946-6D03CF4F5A77,MELTEM EYİCİ TANRIVERDİ MUAYENEHANESİ,Tekirdağ,Çorlu,41.15319,27.8417,Çorlu,Correct
94DDDB8F-AD17-40CE-9565-6D4A92DCC3A0,İPEK ECZANESİ,Tekirdağ,Hayrabolu,41.20339,27.09511,Hayrabolu,Correct
92E9B996-7C5B-4EAC-9A33-6DDA71AB649C,BÜLENT BÜYÜKEREN MUAYENEHANESİ,Tekirdağ,Çorlu,41.16156,27.80251,Çorlu,Correct
AA4B54E4-5A3A-4988-99C1-6EAEEE76762A,BEHÇET DUYGU MUAYENEHANESİ,Tekirdağ,Süleymanpaşa,40.97839,27.51111,Tekirdağ,Correct
24539F64-23F0-4CA9-AB5A-6EC6DABC632B,BEYAZIT DİŞ KLİNİĞİ,Tekirdağ,Süleymanpaşa,40.97906,27.51461,Tekirdağ,Correct
AEBE928F-FA3E-440D-8B64-6FBA3D284EF0,MURATLI DEVLET HASTANESİ,Tekirdağ,Muratli,41.15707,27.49341,Muratlı,Correct
CFA9C628-D83A-483F-AC4F-6FEC30470A83,ÖZEL OPTİMED İNTERNATİONAL ÇORLU HASTANESİ,Tekirdağ,Çorlu,39.36647,-76.39716,Maryland,Wrong
562DE94C-35C6-4026-9B63-71C5CDA9EB4C,MURAT ÇAVUŞ-ÖZNUR ARACI MUAYENEHANESİ,Tekirdağ,Çorlu,41.1656,27.7871,Çorlu,Correct
E73200EE-E4E9-4CDC-9EA2-71CEF18B96D4,ÜLKER ECZANESİ,Tekirdağ,Süleymanpaşa,40.97908,27.51138,Tekirdağ,Correct
C1D475A4-2642-4F3D-9B5A-727BB23C42C1,İPEK ECZANESİ,Tekirdağ,Çorlu,41.1615,27.80046,Çorlu,Correct
2046AC49-8011-4B2B-AC03-72B92EE5911E,GÜLÜMSER ŞAHİNCİ MUAYENEHANESİ,Tekirdağ,Çorlu,41.1625,27.80058,Çorlu,Correct
B34893A1-AA38-486D-BF57-72D5387B0FC9,ÖZEL VEGA HOSPITAL HASTANESİ,Tekirdağ,Çorlu,41.15661,27.80789,Çorlu,Correct
42AF5245-63E7-4F31-902D-73817F6E78F1,MELTEM ECZANESİ,Tekirdağ,Çorlu,41.16205,27.80164,Çorlu,Correct
4EF3070D-5EB7-44C9-B2B7-73A58B2A5143,NARİN ECZANESİ,Tekirdağ,Süleymanpaşa,40.94355,27.48578,Tekirdağ,Correct
A17638BA-58EE-4091-9157-73C85B732885,BAYRAK ECZANESİ,Tekirdağ,Süleymanpaşa,40.9792,27.51442,Tekirdağ,Correct
DF9223BF-DD72-47AF-8673-746085A5151E,SADIK YAŞA MUAYENEHANESİ,Tekirdağ,Çorlu,41.16052,27.80145,Çorlu,Correct
5935E66F-A35A-4DCC-B325-748121E18F5D,TEKİRDAĞ ÇORLU ÇIRAK BAYIRI AİLE SAĞLIĞI MERKEZİ,Tekirdağ,Çorlu,41.16279,27.79053,Çorlu,Correct
75413F47-88F7-4DCA-8022-749E735A9338,METE ECZANESİ,Tekirdağ,Çorlu,41.15591,27.84269,Çorlu,Correct
F454BC72-AD06-4518-A3EA-74EDBB22B000,HASEKİ ECZANESİ,Tekirdağ,Çerkezköy,41.26443,27.97378,Çerkezköy,Correct
9E08531D-8B58-4301-BA18-753D6BB6760A,SÜLEYMAN-İMREN KILIÇ MUAYENEHANESİ,Tekirdağ,Çerkezköy,41.28711,28.00174,Çerkezköy,Correct
B577CDD3-8881-4D2B-A04A-758C9B657738,İLGÜN ECZANESİ,Tekirdağ,Süleymanpaşa,40.97138,27.49974,Tekirdağ,Correct
E7FD758E-83F5-43D6-9AA8-758FFA5931E8,ÖZGÜR ÖZKAN MUAYENEHANESİ,Tekirdağ,Süleymanpaşa,40.98468,27.55851,Tekirdağ,Correct
542B3184-7F0B-4B15-AAFB-75A2469904BB,RUKİYE BAŞARAN MUAYENEHANESİ,Tekirdağ,Çorlu,41.16251,27.79009,Çorlu,Correct
D39ACB20-A294-45A1-B241-75FA203D0882,DİLARA ECZANESİ,Tekirdağ,Çorlu,41.15303,27.80503,Çorlu,Correct
CD4733E9-6079-464D-91C0-762F7D559C39,İLKNUR BAYRAKLI AKALIN MUAYENEHANESİ,Tekirdağ,Çorlu,41.15926,27.80739,Çorlu,Correct
8A1C9417-620F-4A38-9574-775EB31792E6,ÖZLEM ŞATIR ERTEM MUAYENEHANESİ,Tekirdağ,Süleymanpaşa,40.98818,27.56675,Tekirdağ,Correct
BF414879-CAD3-4CEE-967C-7772FDCE021C,OKTAY DENİZ MUAYENEHANESİ,Tekirdağ,Çorlu,41.15232,27.83288,Çorlu,Correct
0E8FD590-0B51-4E15-8351-777C2608FB41,EREZ ECZANESİ,Tekirdağ,Hayrabolu,41.21984,27.11129,Hayrabolu,Correct
D768BD65-90E3-4FB9-891F-788C39BEFF8F,TEKİRDAĞ KAPAKLI YUNUS EMRE AİLE SAĞLIĞI MERKEZİ,Tekirdağ,Kapakli,41.328,27.99362,Kapaklı,Correct
60E1561C-C575-4D9B-B330-789702923E69,TEVFİK CESUR MUAYENEHANESİ,Tekirdağ,Çerkezköy,41.28621,28.00054,Çerkezköy,Correct
3A35100E-2D6F-421E-84BF-7931DB985372,TUĞBA ECZANESİ,Tekirdağ,Çorlu,41.15163,27.8137,Çorlu,Correct
8FB0D045-A25F-423C-BAEA-794A868F3F14,HAKAN ECZANESİ,Tekirdağ,Şarköy,40.89064,26.91384,Malkara,Correct
7F0B7AB6-7C9F-490A-93D6-79604C4F06D1,TEKİRDAĞ ÇORLU FATİH AİLE SAĞLIĞI MERKEZİ,Tekirdağ,Çorlu,41.16286,27.79967,Çorlu,Correct
5F3BFA3C-37F4-43BC-99EA-79FDA219EAEC,ŞAHİN ECZANESİ,Tekirdağ,Malkara,40.8947,26.90431,Malkara,Correct
BBCBBBDE-6C00-47BD-9C26-7A01F2022078,VAHİT TANER ÇAPAR MUAYENEHANESİ,Tekirdağ,Çorlu,41.18733,27.76994,Ergene,Correct
B7E13C38-F731-4364-B560-7A1471CB4CF0,BUSE ECZANESİ,Tekirdağ,Kapakli,41.31666,27.97181,Kapaklı,Correct
E9DA60DE-7119-4D79-9E1F-7A58EE538BCD,TEKİRDAĞ MURATLI KAZIMDİRİK AİLE SAĞLIĞI MERKEZİ,Tekirdağ,Muratli,41.16867,27.50403,Muratlı,Correct
5F2A67BA-AD07-4170-A153-7B9727E3B975,ÖZEL OPTİMED TIP MERKEZİ,Tekirdağ,Çorlu,41.15664,27.82144,Çorlu,Correct
42BAF822-C7AB-4DD0-9BDA-7BA1C27A0A16,UFUK ECZANESİ,Tekirdağ,Kapakli,41.28813,27.99909,Çerkezköy,Correct
BC65DF78-FF8F-4DAD-AC04-7BBCF57A5597,ÇAĞLAYAN ECZANESİ,Tekirdağ,Süleymanpaşa,40.97136,27.49973,Tekirdağ,Correct
254F3C86-CFAF-4A87-9CB7-7C5DB0DF26F4,MELİS ECZANESİ,Tekirdağ,Çorlu,41.15061,27.83051,Çorlu,Correct
F80557B0-279A-4D1A-B6F4-7C7AE70E5AD6,TEKİRDAĞ SÜLEYMANPAŞA TEPE DEĞİRMENLER AİLE SAĞLIĞI MERKEZİ,Tekirdağ,Süleymanpaşa,40.97636,27.49467,Tekirdağ,Correct
A28A9CA6-AF80-4FB0-ADA7-7C9B24175ADC,EATON POLİMER KAUÇUK PAZARLAMA SAĞLIK BİRİMİ,Tekirdağ,Çerkezköy,41.28297,28.00051,Çerkezköy,Correct
1EF972E3-7069-4E5B-A4E6-7CB5E589F197,TEKİRDAĞ SÜLEYMANPAŞA AYDOĞDU AİLE SAĞLIĞI MERKEZİ,Tekirdağ,Süleymanpaşa,40.98207,27.50971,Tekirdağ,Correct
9B8AFAEF-C84F-4344-A14D-7CCE2E7FEE42,ÇORLU DENT AĞIZ VE DİŞ SAĞLIĞI POLİKİLİNİĞİ,Tekirdağ,Çorlu,41.16562,27.78708,Çorlu,Correct
FBBDC43D-BDCF-4F7A-B28E-7DCD3811D60C,BEYHAN ECZANESİ,Tekirdağ,Ergene,41.23719,27.7092,Ergene,Correct
65E44806-912E-4BC0-A677-7DE7D333D7EE,TEKİRDAĞ ÇORLU MANDIRACI AİLE SAĞLIĞI MERKEZİ,Tekirdağ,Çorlu,41.15731,27.80281,Çorlu,Correct
61C7BFE3-C701-4332-8F38-7E18F787AD5B,TİMUÇİN TUNA MUAYENEHANESİ,Tekirdağ,Süleymanpaşa,40.97867,27.51332,Tekirdağ,Correct
8A2BF43B-3DE2-4B91-8285-7E46B56DDAEE,TRAKYA ECZANESİ,Tekirdağ,Süleymanpaşa,41.00068,27.58466,Tekirdağ,Correct
116857F2-D296-442F-B5EF-7E6E056D6A3F,NİL TOY MUAYENEHANESİ,Tekirdağ,Çorlu,41.1619,27.80153,Çorlu,Correct
E2FCA683-6579-4C83-9FAC-80346875C5D4,SERDAR SEZEN DİŞ KLİNİĞİ,Tekirdağ,Çorlu,41.15292,27.83506,Çorlu,Correct
29C63745-DC81-4B5B-A269-808CC1565CED,ÖZEL HÜRRİYET AĞIZ VE DİŞ SAĞLIĞI POLİKLİNİĞİ,Tekirdağ,Süleymanpaşa,40.98924,27.55596,Tekirdağ,Correct
E7A574B2-6A40-4AFE-9AF3-80B1F566E3CE,YASEMİN YULAF MUAYENEHANESİ,Tekirdağ,Süleymanpaşa,40.97255,27.49569,Tekirdağ,Correct
B5902158-F4A7-4F4B-9CF2-80C34D985EFE,KILIÇER ECZANESİ,Tekirdağ,MARMARA EREĞLİSİ,41.23676,27.70772,Ergene,Correct
ADFFB7D0-592B-4FA3-8326-80FC9EC1B07A,BROSS TEKSTİL SAĞLIK REVİRİ,Tekirdağ,Çerkezköy,41.44045,27.92046,Saray,Correct
D9482C00-8827-4CF5-8E37-8101922B5C6A,FATİH ECZANESİ,Tekirdağ,Hayrabolu,41.21396,27.10519,Hayrabolu,Correct
DB68F882-9489-4CAD-953D-816200E438D5,ÖZNUR ECZANESİ,Tekirdağ,Çorlu,41.15889,27.8077,Çorlu,Correct
7D9B4BC6-F376-4BA6-83C8-81E95A56B90E,MELAHAT TÜRKMEN MUAYENEHANESİ,Tekirdağ,Süleymanpaşa,40.97918,27.54161,Tekirdağ,Correct
A204C3E4-89B6-4926-92C6-81F741BD8972,TEKİRDAĞ ÇORLU ALİPAŞA AİLE SAĞLIĞI MERKEZİ,Tekirdağ,Çorlu,41.14511,27.82521,Çorlu,Correct
68E96A44-7661-4302-80D6-82E6C3B87C4F,OSMAN KÖKDUMAN MUAYENEHANESİ,Tekirdağ,Saray,41.44065,27.91908,Saray,Correct
9BDC263F-7273-48BD-B727-82FCA2AACB95,ÜZMEZOĞLU ECZANESİ,Tekirdağ,Süleymanpaşa,40.97775,27.51073,Tekirdağ,Correct
4CDCDE8C-D57B-46A7-8D30-83140BF3B690,TEKİRDAĞ ÇERKEZKÖY HAYAT AİLE SAĞLIĞI MERKEZİİ,Tekirdağ,Çerkezköy,41.28579,28.01191,Çerkezköy,Correct
F4944B11-7C77-4FFD-AD7A-83EBE6CC5900,TEKİRDAĞ KAPAKLI YILDIZKENT AİLE SAĞLIĞI MERKEZİ,Tekirdağ,Kapakli,41.32263,27.9758,Kapaklı,Correct
BCD8E965-39EB-4E42-A7F9-8579BDC4E788,TUĞÇE MERVE ORDUERİ KILAVUZ MUAYENEHANESİ,Tekirdağ,Çorlu,41.01561,28.97672,İstanbul,Wrong
E7E0141E-DE4E-4316-9D39-86D6B3CA79FA,DENİZ ECZANESİ,Tekirdağ,Çorlu,41.13955,27.7987,Çorlu,Correct
D98EE459-D976-407E-8A42-876647DD2081,ESRA ECZANESİ,Tekirdağ,Çerkezköy,41.29065,27.99855,Çerkezköy,Correct
7E49B530-4E5B-4682-B330-876E0C5BBF37,PELİN ECZANESİ,Tekirdağ,Süleymanpaşa,40.97899,27.50817,Tekirdağ,Correct
9AADC717-78F0-40DC-BC76-87AD6B8772DF,AYTEKİN ŞAHAN MUAYENEHANESİ,Tekirdağ,Çorlu,41.15443,27.82122,Çorlu,Correct
52B68D88-2F97-4FC7-A638-881F3A28C130,TEKİRDAĞ KAPAKLI İSMETPAŞA AİLE SAĞLIĞI MERKEZİ,Tekirdağ,Kapakli,41.3192,27.98136,Kapaklı,Correct
B483B047-1346-4612-B999-88278BB08AD9,TUNA ECZANESİ,Tekirdağ,Çerkezköy,41.28769,27.9871,Çerkezköy,Correct
5A6E275F-72C8-4FE5-9DED-88E1D4DDAB88,METE ÇITIR MUAYENEHANESİ,Tekirdağ,Süleymanpaşa,40.97726,27.51221,Tekirdağ,Correct
5DB290EA-1C1C-40EF-A39D-89EB24CD86FC,GEDİK ECZANESİ,Tekirdağ,Çorlu,41.15427,27.81358,Çorlu,Correct
430ECDFF-3FAE-4E96-9BBE-8A279BDD7777,GÜLENYÜZ AĞIZ VE DİŞ SAĞLIĞI POLİKLİNİĞİ,Tekirdağ,Çorlu,41.15299,27.83137,Çorlu,Correct
243D55F4-BC33-4491-BB97-8AA37DC5B4E7,DOĞA ECZANESİ,Tekirdağ,Çorlu,41.15443,27.79322,Çorlu,Correct
1742D642-3A27-4CDB-9F5F-8B63CCA60DD8,ALİ BAYHAN MUAYENEHANESİ,Tekirdağ,Çerkezköy,41.32739,27.97588,Kapaklı,Correct
6E1554D0-435C-4415-8DF0-8C5A0A1845C0,YÜNSA SAĞLIK BİRİMİ,Tekirdağ,Çerkezköy,41.30612,27.9827,Çerkezköy,Correct
DFD8EAAD-0601-4CDC-991D-8D5B9115D1FB,DENİZ ECZANESİ,Tekirdağ,Çerkezköy,41.29075,27.99516,Çerkezköy,Correct
DE61184A-B45B-430E-884D-8E858F0E880E,SARAY DİŞ KLİNİĞİ,Tekirdağ,Saray,41.44414,27.92545,Saray,Correct
69DC64C5-84F5-45EE-B6C1-8E9453422CFB,NURTEKS SAĞLIK BİRİMİ,Tekirdağ,Çerkezköy,41.29217,27.98336,Çerkezköy,Correct
0B4AF9CE-1603-4D54-82D7-8EA680E59447,MELTEM DEMET YAVUZ MUAYENEHANESİ,Tekirdağ,Çorlu,41.1587,27.79967,Çorlu,Correct
8A893E13-26EB-47A0-BCFA-8F57AA50CB88,BEYDAR KÖKSOY MUAYENEHANESİ,Tekirdağ,Çorlu,41.15961,27.80648,Çorlu,Correct
DB91E7D7-C657-43A9-A0A8-8F5E0E9CF103,TEKİRDAĞ KAPAKLI ATATÜRK AİLE SAĞLIĞI MERKEZİ,Tekirdağ,Kapakli,41.33135,27.97348,Kapaklı,Correct
63BC3B95-C5D8-4DDD-9438-8F5E2F9F54EB,BARIŞ TİCARET TEKSTİL SAĞLIK BİRİMİ,Tekirdağ,Ergene,41.21191,27.88258,Ergene,Correct
E66C0B85-7F1F-4962-8966-9040411C551D,GİZEM SELİN KEŞLİ DİYETİSYEN VE DANIŞMANLIK,Tekirdağ,Çorlu,41.15943,27.80694,Çorlu,Correct
EFEAAB8D-2527-4EC7-BA4A-90A780C673F8,MUSTAFA ÖZKAN MUAYENEHANESİ,Tekirdağ,Çorlu,41.25009,27.88131,Ergene,Correct
80BFA782-AEE0-4DBA-94B2-91DA25B9B48A,YENİGÜL ECZANESİ,Tekirdağ,Çorlu,41.14766,27.78485,Çorlu,Correct
E8E5B591-425E-4BB9-8FF3-92068E7F1EA4,DEMİR ECZANESİ,Tekirdağ,Çorlu,41.15786,27.80754,Çorlu,Correct
7B44FEA3-1B79-443E-8B20-93285D1DD96D,BÜLENT DEDEOĞLU MUAYENEHANESİ,Tekirdağ,Saray,41.44043,27.91988,Saray,Correct
703EB3A7-F2B4-43B2-8B89-936C0EA09ADA,İLKE ECZANESİ,Tekirdağ,Çorlu,41.15395,27.81349,Çorlu,Correct
A5740C3E-4D54-4B83-A11B-9383566FF6C5,ALEYNA OSMAK TURAN BESLENME VE DANIŞMANLIK,Tekirdağ,Çorlu,41.1532,27.83575,Çorlu,Correct
55FA5437-DC56-4355-8F09-93AA3D336068,ZEYNEP ÇARMIK MUAYENEHANESİ,Tekirdağ,Süleymanpaşa,40.97696,27.51407,Tekirdağ,Correct
66C235CF-6AD4-4AFD-8867-941413D64E98,SENEM ECZANESİ,Tekirdağ,MARMARA EREĞLİSİ,40.99482,27.8499,Marmaraereğlisi,Correct
97AA975E-2786-4A64-9AB3-944EDA4CFDDA,TEKİRDAĞ ERGENE YEŞİLTEPE AİLE SAĞLIĞI MERKEZİ,Tekirdağ,Ergene,41.19155,27.77017,Ergene,Correct
4CC99EB3-4A18-442A-A507-9469416F7C02,AYHAN ÇETİNKAYA MUAYENEHANESİ,Tekirdağ,Çerkezköy,41.29317,27.99797,Çerkezköy,Correct
EE0F7582-11AC-471B-B9C7-94AD31C066B5,GÖKŞEN SEREZ ECZANESİ,Tekirdağ,Süleymanpaşa,40.96462,27.49113,Tekirdağ,Correct
D92D2D2A-D448-4311-AE5E-94DC11CEF9BF,PERİZAT ECZANESİ,Tekirdağ,Süleymanpaşa,40.98782,27.57827,Tekirdağ,Correct
91F55CEE-16D1-45E1-9ECC-953F5BD1CFE1,EBRU ECZANESİ,Tekirdağ,Çorlu,41.15559,27.84073,Çorlu,Correct
9AC0A45B-CC82-4A4B-A78B-958115B34463,MENEKŞE ECZANESİ,Tekirdağ,Çorlu,41.15677,27.81817,Çorlu,Correct
9B51883A-75CB-4F16-9304-95AEF9519A7C,GAMZE ECZANESİ,Tekirdağ,Süleymanpaşa,40.99067,27.56321,Tekirdağ,Correct
F46743C4-E63C-435D-9854-963922B5E3DC,SÜMER ECZANESİ,Tekirdağ,Çerkezköy,41.28455,27.98795,Çerkezköy,Correct
4218994F-C04E-41C8-9C3F-96C9418D9BAC,ERSÖZ ECZANESİ,Tekirdağ,Süleymanpaşa,41.00065,27.58595,Tekirdağ,Correct
FAEC0AFD-0DB2-4C98-9B3F-96FA62132BCD,ATALAY ECZANESİ,Tekirdağ,Çorlu,41.15062,27.8036,Çorlu,Correct
CB4A6F79-5C99-4285-AF64-97CAE24FF971,YURDAKUL ECZANESİ,Tekirdağ,Malkara,40.89766,26.90477,Malkara,Correct
509F7E52-35E1-4D94-87C7-97D4FB330D64,CAN DENTAL CLİNİC,Tekirdağ,TEKİRDAĞ MERKEZ,41.151,29.3036,İstanbul,Wrong
3BA8BB55-B5FA-4D30-ADD2-97DB2C9CE823,TEKİRDAĞ SARAY BÜYÜKYONCALI AİLE SAĞLIĞI MERKEZİ,Tekirdağ,Saray,41.36992,27.93479,Saray,Correct
4CDBD696-1253-4531-8147-97F203E88CCB,ÖZEL BEYAZ DİŞ AĞIZ VE DİŞ SAĞLIĞI POLİKLİNİĞİ,Tekirdağ,Çorlu,41.15533,27.82242,Çorlu,Correct
172368FD-7C14-4DB6-BD66-99301CDD7E25,RODOSTO ECZANESİ,Tekirdağ,Süleymanpaşa,40.99157,27.56441,Tekirdağ,Correct
BB48308C-CF11-4C2F-BF01-9954DD151636,FERİDE CİHAN MUAYENEHANESİ,Tekirdağ,Çerkezköy,41.285,28.00022,Çerkezköy,Correct
A11DB41C-AA01-4DE0-8711-9963052122E3,TEKİRDAĞ ERGENE VELİMEŞE AİLE SAĞLIĞI MERKEZİ,Tekirdağ,Ergene,41.2586,27.87952,Ergene,Correct
0F8E767D-6792-435F-8925-99EB0555A68F,ÖZNUR ECZANESİ,Tekirdağ,Süleymanpaşa,40.97895,27.51156,Tekirdağ,Correct
9C34DA40-0D08-4372-86BF-9A85284B1627,TEKİRDAĞ MALKARA NİHAN İLGÜN AİLE SAĞLIĞI MERKEZİ,Tekirdağ,Malkara,40.88959,26.91412,Malkara,Correct
ABDEA900-11BB-4584-A832-9B1799383A8C,HAYAT ECZANESİ,Tekirdağ,Hayrabolu,41.21132,27.10507,Hayrabolu,Correct
72B626E5-205A-4BF9-A30A-9B73565954C7,EDA ECZANESİ,Tekirdağ,Çerkezköy,41.28427,27.99502,Çerkezköy,Correct
A7A86F8D-4270-4448-B5F2-9C8FEECCDE12,TEKİRDAĞ SÜLEYMANPAŞA HASAN ÇİZEN AİLE SAĞLIĞI MERKEZİ,Tekirdağ,Süleymanpaşa,40.97479,27.5088,Tekirdağ,Correct
C74C30F8-32DE-48FD-A3D1-9CD56F639F9D,SEFA ECZANESİ,Tekirdağ,Çerkezköy,41.26139,27.93791,Çerkezköy,Correct
B10FE3E1-A35A-4EE5-9D97-9D10CE88C999,İLKER ECZANESİ,Tekirdağ,Çorlu,41.15055,27.83522,Çorlu,Correct
18D7AEAE-3CD0-44B5-911F-9E85D6810576,TEKİRDAĞ ÇORLU HAVUZLAR AİLE SAĞLIĞI MERKEZİ,Tekirdağ,Çorlu,41.13849,27.79914,Çorlu,Correct
92FCF49A-A40A-4CEA-8EB1-9EB566DA6BCD,YUVAM ECZANESİ,Tekirdağ,Kapakli,41.28506,27.99988,Çerkezköy,Correct
6A412CE1-A840-49AA-BBE4-9EF7F30D7F96,BAHÇELİEVLER ECZANESİ,Tekirdağ,Çorlu,41.15512,27.82094,Çorlu,Correct
892644CA-3F56-49E3-B58B-9F4C2706389C,TEKİRDAĞ SÜLEYMANPAŞA İNECİK AİLE SAĞLIĞI MERKEZİ,Tekirdağ,Süleymanpaşa,40.93641,27.28251,Süleymanpaşa,Correct
45D6F32D-CAEF-4F6A-9427-9FDEAE3BCD11,TEKİRDAĞ MARMARA EREĞLİSİ YENİÇİFTLİK AİLE SAĞLIĞI MERKEZİ,Tekirdağ,MARMARA EREĞLİSİ,41.00672,27.8499,Marmaraereğlisi,Correct
9F41882E-A99F-44DD-ABE6-9FF1521C020F,ŞİFA ECZANESİ,Tekirdağ,MARMARA EREĞLİSİ,40.97168,27.95141,Marmaraereğlisi,Correct
64E889F3-1B38-46DC-9AB3-A0278E718A02,GÜVEN 1 OSGB,Tekirdağ,Çerkezköy,41.29356,27.99881,Çerkezköy,Correct
0901AC1C-78F1-4824-89DD-A06DB02382B7,TEKİRDAĞ ÇERKEZKÖY GAZİ MUSTAFA KEMAL PAŞA AİLE SAĞLIĞI MERKEZİ,Tekirdağ,Çerkezköy,41.28698,28.00337,Çerkezköy,Correct
AA8182DC-54DF-4CA0-9CCF-A1A702C78414,KAPAKLI İLCE DEVLET HASTANESİ,Tekirdağ,Kapakli,41.31456,27.97296,Kapaklı,Correct
7A71F688-60CE-4E4A-834F-A1B24653DE7A,TEKİRDAĞ KAPAKLI VATAN AİLE SAĞLI MERKEZİ,Tekirdağ,Kapakli,41.33549,27.9865,Kapaklı,Correct
5FC7C7D4-54CB-4DD7-A62D-A1C5A59A22FF,HİLAL GÜLGEZEN MUAYENEHANESİ,Tekirdağ,Süleymanpaşa,40.97916,27.51444,Tekirdağ,Correct
0BC91E62-6159-4166-9775-A1E7D49E3B02,VATAN ECZANESİ,Tekirdağ,Çorlu,41.14855,27.84911,Çorlu,Correct
F580C7B8-8194-4B14-BA23-A223D8F63147,GÖZDE ECZANESİ,Tekirdağ,Süleymanpaşa,40.98519,27.51484,Tekirdağ,Correct
576914EF-835F-4AEE-8D81-A29ED7FADE86,BEHİCE BAKIŞGAN MUAYENEHANESİ,Tekirdağ,Çorlu,41.15818,27.80666,Çorlu,Correct
9F4D0BAD-C8F5-4334-A445-A2F3BEF052D3,SEYRAN ECZANESİ,Tekirdağ,Süleymanpaşa,40.9766,27.49458,Tekirdağ,Correct
A940A6C5-BB8D-40C9-BB4F-A32752A3E98A,CROSS JEANS SAĞLIK BİRİMİ,Tekirdağ,Çorlu,41.21416,27.833,Ergene,Correct
23D1197F-3661-4A10-9CB2-A34F36A2EA2E,YEŞİL KUNDURA AYAKKABI FABRİKASI,Tekirdağ,Çorlu,39.40877,-76.34076,Maryland,Wrong
083DB09E-B90B-4B5D-9713-A36977B2A4BE,ÇORLU ÇOCUK KLİNİĞİ,Tekirdağ,Çorlu,41.15005,27.83077,Çorlu,Correct
9B77F456-686B-4E14-8664-A4094494A222,GENÇ ECZANESİ,Tekirdağ,Şarköy,40.66881,27.24477,Şarköy,Correct
BC33C167-8E8E-4FE1-98A1-A40D8B559ACF,MERKEZ ECZANESİ,Tekirdağ,Çorlu,41.1566,27.7995,Çorlu,Correct
5AE77E4C-03F2-4BEE-81CC-A41C07E69F46,TEKİRDAĞ SÜLEYMANPAŞA CUMHURİYET AİLE SAĞLIĞI MERKEZİ,Tekirdağ,Süleymanpaşa,40.96668,27.49369,Tekirdağ,Correct
A08E19C3-E5C4-4B78-8DFC-A476517C72E5,TEKİRDAĞ SÜLEYMANPAŞA ALTINOVA AİLE SAĞLIĞI MERKEZİ,Tekirdağ,Süleymanpaşa,40.94234,27.48533,Tekirdağ,Correct
3A6ABBE9-14B0-453D-82D3-A58EAF8FF203,ÇERKEZKÖY AĞIZ VE DİŞ SAĞLIĞI MERKEZİ,Tekirdağ,Çerkezköy,41.28403,28.01059,Çerkezköy,Correct
90A9059A-C522-4B77-8FF5-A617E2076FAE,ŞİFA ECZANESİ,Tekirdağ,Çerkezköy,41.29446,27.99771,Çerkezköy,Correct
BFC613AF-0E53-4431-9837-A634608FA4AE,SEZER ECZANESİ,Tekirdağ,Çerkezköy,41.28659,27.98914,Çerkezköy,Correct
8A1DDCD3-38D6-4DF4-A5F6-A655BE3EBD58,TEKİRDAĞ MARMARA EREĞLİSİ CEDİD ALİ PAŞA AİLE SAĞLIĞI MERKEZİ,Tekirdağ,MARMARA EREĞLİSİ,40.97962,27.91744,Marmaraereğlisi,Correct
FEDD479C-F95F-458E-AD1F-A68BB6168996,VAKIFLAR ECZANESİ,Tekirdağ,Ergene,41.26085,27.64405,Ergene,Correct
E94E12F1-9771-485B-BD1B-A768D2F24D0C,ÇORLU ECZANESİ,Tekirdağ,Çorlu,41.14798,27.83398,Çorlu,Correct
F87E73C5-B62A-49C9-B15F-A76CE636DF99,TEKİRDAĞ ÇERKEZKÖY BAĞLIK AİLE SAĞLIĞI MERKEZİ,Tekirdağ,Çerkezköy,41.29387,28.00549,Çerkezköy,Correct
57F2B7C4-A882-4E39-A3D3-A77DE5ABB2BB,YAZICIOĞLU ECZANESİ,Tekirdağ,Malkara,40.89288,26.90541,Malkara,Correct
737B80EF-8E08-4937-AB2C-A77FE04C555F,TUNÇ ECZANESİ,Tekirdağ,Süleymanpaşa,40.9835,27.51438,Tekirdağ,Correct
1C0DCE53-C000-4A82-BA8D-A7BB3B98FC91,TEKIRDAĞ DEVLET HASTANESI,Tekirdağ,Süleymanpaşa,40.98382,27.51569,Tekirdağ,Correct
61E11EB3-E10D-4BE2-A58C-A7BC9AC7779C,ERDEM ECZANESİ,Tekirdağ,Çerkezköy,41.2871,27.98639,Çerkezköy,Correct
74AF0B25-818B-4486-B80D-A802267A995D,ERTUĞRUL ECZANESİ,Tekirdağ,Kapakli,41.26659,27.97046,Çerkezköy,Correct
1847E71A-F1E7-45A9-AF99-A8569708AB31,GÜRKAN ECZANESİ,Tekirdağ,Çorlu,41.16095,27.80414,Çorlu,Correct
9DC67154-D256-4881-A3F6-A8A48AF0089C,BİLİM ECZANESİ,Tekirdağ,Çorlu,41.14766,27.79153,Çorlu,Correct
F137549D-5529-4034-9589-A93F01E5A089,MERKEZ ECZANESİ,Tekirdağ,Muratli,41.16252,27.49091,Muratlı,Correct
9CEC1AD2-007D-4022-A112-A9806CE81581,SİNAN ŞAHAN MUAYENEHANESİ,Tekirdağ,Çorlu,41.16452,27.78615,Çorlu,Correct
C4FE31D0-A7AC-4D1D-A95C-A9F8EA5AE6EF,TEKİRDAĞ ÇORLU YENİ BAĞLAR AİLE SAĞLIĞI MERKEZİ,Tekirdağ,Çorlu,41.15077,27.80778,Çorlu,Correct
552F3242-76A2-4D4D-9782-AA17E47BA13D,EMİN ECZANESİ,Tekirdağ,Süleymanpaşa,40.98337,27.51484,Tekirdağ,Correct
E153F197-008B-44C9-ACE2-AA23ED3BACB5,ÖZGÜR KARAKOYUN ZUHAL KARAKOYUN FİZİK TEDAVİ MERKEZİ,Tekirdağ,Süleymanpaşa,40.98908,27.56795,Tekirdağ,Correct
267FF1EB-C270-43AA-A0C8-AC615A6F0BAC,NURGÜL ECZANESİ,Tekirdağ,Ergene,41.25556,27.87852,Ergene,Correct
B8545CCB-01A2-4A93-8F36-ACD1CBC6F611,TEKİRDAĞ ÇERKEZKÖY YILDIRIM BEYAZIT AİLE SAĞLIĞI MERKEZİ,Tekirdağ,Çerkezköy,41.28584,27.98491,Çerkezköy,Correct
9885F79B-1009-4C00-BE88-AD5EBCCB87D7,CLİNİC TRAKYA,Tekirdağ,Çorlu,41.14766,27.78529,Çorlu,Correct
080131C8-6F79-4ED1-ADF7-AD7EFFABEC86,İRFAN KÖSEOĞLU MUAYENEHANESİ,Tekirdağ,Çorlu,41.15601,27.81396,Çorlu,Correct
203B6295-FAD4-42BF-A696-AE07ED274C85,CELAL TOKATLI MUAYENEHANESİ,Tekirdağ,Saray,41.44416,27.91487,Saray,Correct
C7EE44CD-7EF6-4B6F-85D2-AE355905FF79,VERESELİ BURCU DURGUT ECZANESİ,Tekirdağ,Süleymanpaşa,40.99815,27.58534,Tekirdağ,Correct
6E55CCFD-BD2A-4D32-A47E-AECEAC041C76,ÖZTÜRK ECZANESİ,Tekirdağ,Süleymanpaşa,40.97814,27.5115,Tekirdağ,Correct
A1FAE4F3-9C19-4048-9482-AF0B94496258,MÜGE ECZANESİ,Tekirdağ,Çerkezköy,41.2548,27.93118,Çerkezköy,Correct
A771B1D7-3120-4844-8810-AF4AF61BFDEC,HÜSEYİN KUTLU MUAYENEHANESİ,Tekirdağ,Çorlu,41.15383,27.83665,Çorlu,Correct
6D66F8BA-E153-40B0-8EC4-B035F2DC05FA,NECİP FAZIL KISAKÜREK AİLE SAĞLIĞI MERKEZİ,Tekirdağ,Süleymanpaşa,40.98322,27.52535,Tekirdağ,Correct
14AE11A9-8FD3-487E-BE5E-B0D2FD627419,DOĞUŞ ECZANESİ,Tekirdağ,Malkara,40.89272,26.90342,Malkara,Correct
3BD3092D-F5F7-46EF-A75E-B0DA36387B3C,SERAP ECZANESİ,Tekirdağ,Çerkezköy,41.28391,28.01058,Çerkezköy,Correct
7BFA37F8-16AB-4D5D-A19D-B1069FD7963D,GÖKHAN GÜLEÇ MUAYENEHANESİ,Tekirdağ,Çorlu,41.15214,27.83374,Çorlu,Correct
4FFEF342-0F35-4458-9FB0-B17946EB7504,TEKİRDAĞ SÜLEYMANPAŞA 13 KASIM AİLE SAĞLIĞI MERKEZİ,Tekirdağ,Süleymanpaşa,40.9649,27.49184,Tekirdağ,Correct
AAD49D17-68B0-430F-B0E7-B248D9394A41,BAŞAK ECZANESİ,Tekirdağ,Süleymanpaşa,40.9774,27.50934,Tekirdağ,Correct
EBF62099-CD5A-40EB-BBCF-B2DAEA656664,LİMON ECZANESİ,Tekirdağ,Çerkezköy,41.29536,27.99891,Çerkezköy,Correct
11D6D35B-8618-420A-9989-B2DD60D86E4B,DEVA ECZANESİ,Tekirdağ,Çerkezköy,41.28422,28.0106,Çerkezköy,Correct
5F8A1810-666B-4B4D-B91D-B312D19B791D,TEKİRDAĞ ÇERKEZKÖY İSTASYON AİLE SAĞLIĞI MERKEZİ,Tekirdağ,Çerkezköy,41.27725,28.0157,Çerkezköy,Correct
4C75F2DC-FC0F-423E-BB3F-B3144E91E09B,TEKİRDAĞ SÜLEYMANPAŞA YAVUZ AİLE SAĞLIĞI MERKEZİ,Tekirdağ,Süleymanpaşa,40.97637,27.50676,Tekirdağ,Correct
3BDE85EF-DB84-47A6-805B-B3754A5B716E,ŞİFA ECZANESİ,Tekirdağ,Süleymanpaşa,40.97811,27.51242,Tekirdağ,Correct
A6A3AF08-09BB-4455-9549-B3B0B3F77673,KURTULUŞ SAVAŞ ŞİMŞEK MUAYENEHANESİ,Tekirdağ,Çorlu,41.15563,27.81492,Çorlu,Correct
363D9600-C09F-4914-854D-B3DF168A45CB,TEKİRDAĞ ŞARKÖY MÜREFTE AİLE SAĞLIĞI MERKEZİ,Tekirdağ,Şarköy,40.66935,27.24136,Şarköy,Correct
40B4EFDD-6BD7-4410-9E03-B5F971586E8D,AKGÜN ECZANESİ,Tekirdağ,Çorlu,41.16188,27.80002,Çorlu,Correct
747F4F93-4EEF-4D0A-A2CB-B662411E0997,GIZAY ECZANESI,Tekirdağ,Malkara,40.78054,27.10696,Malkara,Correct
46A14504-C2BE-4FAA-B3F7-B76CA0D6917E,ÖZKAN ECZANESİ,Tekirdağ,Çerkezköy,41.28617,27.99666,Çerkezköy,Correct
694D7607-F973-43E9-99B7-B79A7146D60C,ÇINAR ECZANESİ,Tekirdağ,Çerkezköy,41.29397,27.99564,Çerkezköy,Correct
62A8B433-F6E4-4D9B-8B17-B86AFF439E66,FATİH DAĞDELEN MUAYENEHANESİ,Tekirdağ,Süleymanpaşa,40.98421,27.56583,Tekirdağ,Correct
6E2C83BD-732D-4531-99C7-BAA54A61C1FE,KARAGÖZ ECZANESİ,Tekirdağ,Kapakli,41.27124,27.96808,Çerkezköy,Correct
F54311CD-4D6A-401A-B222-BAC4AA9ECED6,YILDIZ ECZANESİ,Tekirdağ,Çerkezköy,41.31975,27.97901,Kapaklı,Correct
8C0B9A38-99A7-4AF4-AE36-BB43E9ADB035,BALKAYA ECZANESİ,Tekirdağ,Çerkezköy,41.28699,27.98626,Çerkezköy,Correct
15E6F938-EF3D-4825-ABBE-BBA8A188A80F,GÜLSEN ECZANESİ,Tekirdağ,Süleymanpaşa,40.97848,27.51114,Tekirdağ,Correct
B704D6CC-F3A9-4098-841E-BCD4324A9516,USLU ECZANESİ,Tekirdağ,Malkara,40.88693,26.89548,Malkara,Correct
9F3FB204-41AF-4FEF-A954-BD000CE5DA6F,ABDURRAHMAN ÖLÇÜLER MUAYENEHANESİ,Tekirdağ,Şarköy,40.61425,27.11575,Şarköy,Correct
E05F0B06-114E-4A85-BF60-BD1C9D5D1E80,KARAAĞAÇ ECZANESİ,Tekirdağ,Kapakli,41.28904,27.9979,Çerkezköy,Correct
F3BDEC6F-90EF-49BE-9C3A-BD33CACC935A,TUNA ECZANESİ,Tekirdağ,Çorlu,41.15241,27.83113,Çorlu,Correct
60FBDF38-214A-442A-B915-BDFAA4E6A3C5,TEKİRDAĞ KAPAKLI BAHÇELİEVLER AİLE SAĞLIĞI MERKEZİ,Tekirdağ,Kapakli,41.32457,27.9825,Kapaklı,Correct
2C669D0D-6362-473E-9E8B-BE13599658A3,TEKİRDAĞ SARAY PAZARCIK AİLE SAĞLIĞI MERKEZİ,Tekirdağ,Saray,41.45401,27.93654,Saray,Correct
8E03424B-EEC6-4BDF-BDA3-BE309B1AD2FD,DİYETİSYEN KLİNİĞİ,Tekirdağ,Çorlu,41.155,27.83815,Çorlu,Correct
E4CCD61A-0B63-42D2-8799-BEBB61BFEDC4,DEFNE ECZANESİ,Tekirdağ,Çorlu,41.1586,27.84175,Çorlu,Correct
000BB137-FC54-4549-A1A6-BEF42588D031,TEKİRDAĞ SÜLEYMANPAŞA HÜRRİYET AİLE SAĞLIĞI MERKEZİ,Tekirdağ,Süleymanpaşa,40.98192,27.54841,Tekirdağ,Correct
C715F8FC-27FB-4C35-BB23-BF223D661FA2,DERMAN ECZANESİ,Tekirdağ,Süleymanpaşa,40.97812,27.5112,Tekirdağ,Correct
5FBEF9C6-F8C1-425C-A9A1-BF52A8D7E824,KEMAL ECZANESİ,Tekirdağ,Ergene,41.18549,27.76757,Ergene,Correct
B3FA76AC-7C4B-4A04-8816-BFF871E5E50E,OKAY ECZANESİ,Tekirdağ,Çorlu,41.16176,27.8005,Çorlu,Correct
58DE7287-19AF-4148-A917-C009E8EBE4EE,BALIM ECZANESİ,Tekirdağ,Saray,41.444,27.92529,Saray,Correct
CEF2FB56-65FB-41C3-B3DE-C0BF4A20CB0A,VİTAMİN ECZANESİ,Tekirdağ,Çerkezköy,41.29405,27.99497,Çerkezköy,Correct
81DCDB7E-9473-4AC2-B7ED-C0DC159ACB00,YENİ ÇİFTLİK ECZANESİ,Tekirdağ,MARMARA EREĞLİSİ,41.00211,27.84742,Marmaraereğlisi,Correct
C5D905DD-6314-4CF8-88DC-C15641B243B6,BİLGE ECZANESİ,Tekirdağ,Çorlu,41.15694,27.81824,Çorlu,Correct
745F4FE8-F227-4A54-9DF9-C19D068A8846,YASEMİN ECZANESİ,Tekirdağ,Şarköy,40.89225,26.90684,Malkara,Correct
2CBCD04F-5695-4F06-909B-C2403C52E209,NEVRA ECZANESİ,Tekirdağ,Süleymanpaşa,40.98261,27.51483,Tekirdağ,Correct
064C5641-01EC-4657-9058-C2421F7DE166,SAFİR DİŞ KLİNİĞİ,Tekirdağ,Çorlu,41.15322,27.83408,Çorlu,Correct
844FBF87-A54A-4969-B5C4-C26B8636D4E5,GENESİS SAĞLIK HİZMETLERİ,Tekirdağ,Süleymanpaşa,40.98487,27.57086,Tekirdağ,Correct
A1E7C665-01BB-421E-AF42-C2A95F168D4D,EYLÜL ECZANESİ,Tekirdağ,Hayrabolu,41.27254,27.02537,Hayrabolu,Correct
592BF3FF-5500-4938-BDDB-C2E6FE66C3CD,KIZILPINAR ECZANESİ,Tekirdağ,Çerkezköy,41.26236,27.97214,Çerkezköy,Correct
97F1AC58-54CC-4CB4-A1A0-C34F39B1D370,CUMHURİYET ECZANESİ,Tekirdağ,Ergene,40.78051,27.10683,Malkara,Correct
15094BA4-1B3B-4725-B842-C3F0BA764B38,GÜLŞEN BAĞDELEN MUAYENEHANESİ,Tekirdağ,Çorlu,41.16246,27.80371,Çorlu,Correct
D8D23F82-8DA6-4480-BBBC-C4089B479273,YILDIRIM ECZANESİ,Tekirdağ,Çerkezköy,41.29387,28.00541,Çerkezköy,Correct
F927CA31-5C1A-4BF6-AA29-C40BDBB0C15C,IŞIK ECZANESİ,Tekirdağ,Çorlu,41.15463,27.84458,Çorlu,Correct
5268FC93-A770-49FC-89D3-C48522A759DD,DİYETİSYEN EBRU TOHUMCU,Tekirdağ,Süleymanpaşa,40.85735,27.37512,Süleymanpaşa,Correct
D5B2BBC9-DC8F-45D6-BE50-C49FDB555746,LÜTFİ MURAT DENİZ MUAYEHANEHESİ,Tekirdağ,Süleymanpaşa,40.98397,27.56966,Tekirdağ,Correct
ABE83011-2271-4EFE-8062-C4FE0B0338C9,ALTINYILDIZ TEKSTİL VE KONFEKSİYON ANONİM ŞİRKETİ SAĞLIK BİRİMİ,Tekirdağ,Çerkezköy,41.28268,27.97189,Çerkezköy,Correct
236BA34B-8197-417D-AEE9-C526CEE3CC79,ÜMİT ÖZPOLAT MUAYENEHANESİ,Tekirdağ,Süleymanpaşa,40.97719,27.50933,Tekirdağ,Correct
E81AC8B0-BDB3-4529-A45C-C54617A197A0,ÖZEL FULYA DİŞ DR.CEM ÖZGÜR AĞIZ VE DİŞ SAĞLIĞI POLİKLİNİĞİ,Tekirdağ,Çorlu,41.15409,27.8429,Çorlu,Correct
0273536E-1EE0-492A-AD1A-C5B4EE96A6DF,TEKİRDAĞ ÇORLU BAĞLARİÇİ AİLE SAĞLIĞI MERKEZİ,Tekirdağ,Çorlu,41.15397,27.81348,Çorlu,Correct
732B11FD-7604-46D8-914F-C5C42BEC15E9,TEKİRDAĞ ERGENE VAKIFLAR AİLE SAĞLIĞI MERKEZİ,Tekirdağ,Ergene,41.26157,27.64845,Ergene,Correct
0AABDD50-B6A8-4A49-BD06-C5DE0C19098E,ÖZGÜR BİGE MUAYENEHANESİ,Tekirdağ,Süleymanpaşa,40.92972,27.47591,Tekirdağ,Correct
6A3531DB-9672-4415-AD03-C5E5D40EB7A0,ATAKENT ECZANESİ,Tekirdağ,Çorlu,41.14738,27.83004,Çorlu,Correct
5A4F6DC8-A3D5-4D8B-9F92-C608210B574B,ERGENE ECZANESİ,Tekirdağ,Ergene,38.91017,-77.00556,Washington,Wrong
20B26AF8-4DA5-466D-82DE-C65A37B277D5,AYSU ECZANESİ,Tekirdağ,Süleymanpaşa,40.98216,27.51906,Tekirdağ,Correct
A442823F-903E-4A9D-BC38-C76304809C80,TEKİRDAĞ ÇERKEZKÖY SEVGİ AİLE SAĞLIĞI MERKEZİ,Tekirdağ,Çerkezköy,41.28402,28.00174,Çerkezköy,Correct
8298B9F6-1044-4E6F-9BE9-C77E29BA0BB3,GÖZDE ECZANESİ,Tekirdağ,Çerkezköy,41.26412,28.02885,Çerkezköy,Correct
ED6D4056-3EDB-4DDF-8635-C7906AD4B562,SERCAN YILMAZ MUAYENEHANESİ,Tekirdağ,Çorlu,41.15514,27.81172,Çorlu,Correct
D35A5615-C203-4422-AA97-C7BF0D279046,TEKİRDAĞ MALKARA DEVLET HASTANESI,Tekirdağ,Malkara,40.88456,26.93057,Malkara,Correct
6E05719A-61B0-456A-ABF2-C7D48265BFA8,ŞEN ECZANESİ,Tekirdağ,Kapakli,41.27628,27.99053,Çerkezköy,Correct
CF8BA05D-8322-4642-A6E1-C7D6DB507569,ÇERKEZKÖY BOSCH FABRİKASI SAĞLIK BİRİMİ,Tekirdağ,Çerkezköy,41.28561,27.98592,Çerkezköy,Correct
70BA050A-2BEE-4A10-B2C6-C7DC60BDBC8E,FETİH DÜZGEN-FERDA ÜSTÜN ALTÜRK MUAYENEHANESİ,Tekirdağ,Süleymanpaşa,40.97737,27.51384,Tekirdağ,Correct
A3C392B2-BE71-4E95-B62B-C8388A6EC3BE,BEYKENT ECZANESİ,Tekirdağ,Kapakli,41.33497,27.9836,Kapaklı,Correct
A0BC3338-A109-4C0A-8E5A-C8B2DF0A919D,VERESELİ SAĞLIK ECZANESİ,Tekirdağ,Çerkezköy,41.28392,28.00023,Çerkezköy,Correct
D2606B08-3C16-455B-8982-C906FA6EF1D6,KESLER CLİNİC,Tekirdağ,Çorlu,41.15305,27.83999,Çorlu,Correct
87BBB462-5BCB-4A70-B600-C922650C41AF,ZEYNEP ECZANESİ,Tekirdağ,Kapakli,41.33605,27.98986,Kapaklı,Correct
1C401EF3-1BA9-4181-9159-C965383E21C4,TEKİRDAĞ SARAY AYAZPAŞA AİLE SAĞLIĞI MERKEZİ,Tekirdağ,Saray,41.44309,27.92029,Saray,Correct
B8DC2D20-F916-4767-A42A-C9A342846FB6,ÖZCAN YILMAZ MUAYENEHANESİ,Tekirdağ,Çorlu,41.15305,27.82928,Çorlu,Correct
85F294FA-7A92-49A5-BBF8-C9C6F14A3480,DOĞUŞ ECZANESİ,Tekirdağ,Şarköy,40.89272,26.90342,Malkara,Correct
316E078F-4E16-4EA2-93F9-C9CB853A9FEB,DORA ECZANESİ,Tekirdağ,Süleymanpaşa,40.99975,27.58475,Tekirdağ,Correct
A8E9EA96-05C7-4FDA-ACEA-C9FF65670EA5,KOLBAŞ ECZANESİ,Tekirdağ,Çorlu,41.16179,27.81478,Çorlu,Correct
ABE73ABE-C861-4AF5-A30F-CA125D536AD6,BİROL KARAİBİŞ MUAYENEHANESİ,Tekirdağ,Süleymanpaşa,40.97798,27.51172,Tekirdağ,Correct
5D630B3D-BEE3-4998-A48D-CA1FEA117BE6,FİLİZ ALKAN ÇİÇEK MUAYENEHANESİ,Tekirdağ,Çerkezköy,41.28383,28.00123,Çerkezköy,Correct
11BB8D1C-F186-4ABB-A282-CA59D9DD2C1D,ÖZEL OLGUN GÖZ TIP MERKEZİ,Tekirdağ,Süleymanpaşa,40.97917,27.54867,Tekirdağ,Correct
66207BF0-CD94-417C-96F3-CA68143B374B,HAYRABOLU DEVLET HASTANESI,Tekirdağ,Hayrabolu,41.17025,27.80451,Çorlu,Correct
419F3779-165A-4D63-A9D1-CAD3102F2C75,GÜVENÇ ECZANESİ,Tekirdağ,Kapakli,41.32559,27.98014,Kapaklı,Correct
AED21765-155A-4D23-8288-CB26FD13AD97,MÜCAHİT ÖKLÜK MUAYNEHANESİ,Tekirdağ,TEKİRDAĞ MERKEZ,41.1296,28.9114,İstanbul,Wrong
BAA18076-B806-4261-9EA9-CB9024DA8B02,TEKİRDAĞ SÜLEYMANPAŞA KARACAKILAVUZ AİLE SAĞLIĞI MERKEZİ,Tekirdağ,Süleymanpaşa,41.12978,27.34922,Süleymanpaşa,Correct
49CD1947-5172-425F-BE3E-CB981C3B85A8,MEHMET ŞERİF TOP MUAYENEHANESİ,Tekirdağ,Çorlu,41.15837,27.80703,Çorlu,Correct
CE416815-C589-4B09-936D-CBAEA266442B,GÜRAY ECZANESİ,Tekirdağ,Saray,41.44386,27.91537,Saray,Correct
A8BE85CF-B01A-4EE3-AFD2-CBEC054861D7,ALTINOVA ECZANESİ,Tekirdağ,Süleymanpaşa,40.94364,27.48754,Tekirdağ,Correct
8A53D685-458A-43B5-8B66-CC482D645ECF,İBRAHİM SERHAT ERDEVİR MUAYENEHANESİ,Tekirdağ,Çerkezköy,41.28638,28.0001,Çerkezköy,Correct
C726970A-3EEC-41BD-9C3C-CC4BBF559D2E,DÜNYAGÖZ HASTANESİ ÇORLU,Tekirdağ,Çorlu,41.15628,27.81696,Çorlu,Correct
DC0FD80A-FBDE-4721-82D2-CD032428A27D,AYAN ECZANESİ,Tekirdağ,Çorlu,41.16056,27.80389,Çorlu,Correct
1A92A17A-AEA2-4646-9029-CD70B70F68BD,BUKET ECZANESİ,Tekirdağ,Çerkezköy,41.28676,28.01194,Çerkezköy,Correct
C253A13B-6D4E-4265-9073-CE2D7BCC9BD2,SEMA ECZANESİ,Tekirdağ,Süleymanpaşa,40.97883,27.51185,Tekirdağ,Correct
BB876F9E-A489-488D-998A-CF5B6A8DEE13,MELİKE ECZANESİ,Tekirdağ,Süleymanpaşa,40.98343,27.51473,Tekirdağ,Correct
CFD53B32-C8D3-4C32-A08B-CFDCD902CAC5,TEKİRDAĞ BELEDİYESİ SAĞLIK POLİKLİNİĞİ,Tekirdağ,Süleymanpaşa,40.97806,27.51404,Tekirdağ,Correct
B04E97E4-62D3-4026-9392-D00FF8F95DED,ECE ALTINDAĞ ORHAN MUAYENEHANESİ,Tekirdağ,Süleymanpaşa,40.92882,27.47471,Tekirdağ,Correct
3B18776F-948C-4388-AD72-D040BA0F0D8A,SEVAL EKER MUAYENEHANESİ,Tekirdağ,Çorlu,41.1592,27.80245,Çorlu,Correct
751D3983-1662-49F7-8E45-D0AF7CD2C658,CAN ECZANESİ,Tekirdağ,Çorlu,41.15328,27.79782,Çorlu,Correct
694B1ED0-DF0E-467E-9533-D0DEE2AE6CAE,TEKİRDAĞ SÜLEYMANPAŞA RÜSTEMPAŞA AİLE SAĞLIĞI MERKEZİ,Tekirdağ,Süleymanpaşa,40.97717,27.51598,Tekirdağ,Correct
A292C692-4FC6-47DF-89B1-D15418208B24,CANSU ECZANESİ,Tekirdağ,Çerkezköy,41.26299,28.02864,Çerkezköy,Correct
E0132997-B2B5-483A-9751-D1B4AEA2EA54,OZAN ECZANESİ,Tekirdağ,Saray,41.44157,27.91909,Saray,Correct
39DDFFFF-CE70-4B94-A1C5-D1F7C83CA603,SUNAR AKMANLAR MUAYENEHANESİ,Tekirdağ,Çorlu,41.15867,27.80454,Çorlu,Correct
8ACEA89E-09B6-425A-BC88-D264C848698B,SERHAT ECZANESİ,Tekirdağ,Şarköy,40.61958,27.0948,Şarköy,Correct
6FB0E04B-C0E2-4D6D-A4ED-D32E0A43625D,GÜLÇİN ECZANESİ,Tekirdağ,Çorlu,41.1586,27.79817,Çorlu,Correct
F52D5DD1-2061-48C5-9E7E-D355A3D545E5,TEKİRDAĞ SÜLEYMANPAŞA YUNUSBEY AİLE SAĞLIĞI MERKEZİ,Tekirdağ,Süleymanpaşa,40.98052,27.514,Tekirdağ,Correct
7CF5D9C3-B98B-483F-BB99-D3CB974B81A4,BİLTEK GÖRÜNTÜLEME MERKEZİ,Tekirdağ,Süleymanpaşa,40.97749,27.51064,Tekirdağ,Correct
B6DCE3EF-09AF-4969-872B-D44BFDA91618,ELİF BÜYÜKİŞCAN KLİNİĞİ,Tekirdağ,MERKEZ,40.9893,29.1877,İstanbul,Wrong
0606D03B-9FC5-47E4-82F9-D47D4119D511,KARAGÜL ECZANESİ,Tekirdağ,Çorlu,41.1614,27.80104,Çorlu,Correct
291A22EC-E3A4-42E1-8A4B-D4A1025E4ACC,AYKUT TAŞKIN MUAYENEHANESİ,Tekirdağ,Çerkezköy,41.28346,28.00036,Çerkezköy,Correct
97461D8A-DA52-430F-BCF6-D51649DB7F88,NAMIK KEMAL ÜNİVERSİTESİ DİŞ HEKİMLİĞİ FAKÜLTESİ,Tekirdağ,Süleymanpaşa,40.99432,27.5829,Tekirdağ,Correct
E08B5AAF-6079-4E05-AA67-D5184C0A9A80,SEVCAN YILMAZ MUAYENEHANESİ,Tekirdağ,Çorlu,41.1647,27.7859,Çorlu,Correct
4835D917-5121-4CCA-BA3C-D5407EFBA78F,NURAY ECZANESİ,Tekirdağ,Çorlu,41.16285,27.80113,Çorlu,Correct
90F728E8-67ED-4295-B354-D6031342C8E7,SİBEL SEZER MUAYENEHANESİ,Tekirdağ,Çorlu,41.15203,27.83425,Çorlu,Correct
C1326ADA-BF91-4580-8DE0-D6DBD9C429B6,TEKİRDAĞ SÜLEYMANPAŞA İBNİ SİNA AİLE SAĞLIĞI MERKEZİ,Tekirdağ,Süleymanpaşa,40.99017,27.56353,Tekirdağ,Correct
033112A0-BA08-4489-BC0F-D7505C04C9AB,GAMZE ECZANESİ,Tekirdağ,Kapakli,41.28739,27.99924,Çerkezköy,Correct
DE81C4D3-06A9-485E-B38A-D7C56C8BDFA2,ZAFER ECZANESİ,Tekirdağ,Muratli,41.16872,27.49855,Muratlı,Correct
00B2DD39-2AEA-41AC-A0D0-D8301E1CBF67,KEMALETTİN EKEN KIŞLASI REVİRİ,Tekirdağ,Malkara,40.88624,26.90799,Malkara,Correct
9DBF4748-0B3F-4129-937C-D9942EA9D840,BEGÜM DİKMEN ECZANESİ,Tekirdağ,Çorlu,41.15574,27.82024,Çorlu,Correct
861A4D35-D8E4-43AF-AD73-DAA40B4D9474,YILMAZ ECZANESİ,Tekirdağ,Çerkezköy,41.28613,27.99855,Çerkezköy,Correct
D5050983-2114-4B36-9A8B-DAD3FD1E8E70,BİLİR ECZANESİ,Tekirdağ,Malkara,40.77987,27.10046,Malkara,Correct
E7F0B8AB-C8D6-4DE3-A1C0-DB41C64FA6DC,METİN SAVCI MUAYENEHANESİ,Tekirdağ,Çorlu,41.15948,27.80332,Çorlu,Correct
661688AA-DF43-4F5D-BDAD-DBC70CC3B41A,SARAY MERKEZ TSM,Tekirdağ,Saray,41.44397,27.91518,Saray,Correct
C7A37BB4-1E41-42DF-8ADB-DC2EBFD09927,DOĞA ECZANESİ,Tekirdağ,Muratli,41.17377,27.49839,Muratlı,Correct
479DC91D-EF3D-41C7-8E2E-DC3EADD47B19,DEVA ECZANESİ,Tekirdağ,Süleymanpaşa,40.97743,27.50273,Tekirdağ,Correct
CBDC802B-7302-4DC0-BBD1-DD008E710BB7,ELFİDE İMAMOĞLU MUAYENEHANESİ,Tekirdağ,Çorlu,41.15298,27.82961,Çorlu,Correct
DBA65F1B-E8BD-469A-B47E-DD4ABDBC2E7A,ZEYNEP EZGİ ÖZKAN MUAYENEHANESİ,Tekirdağ,Süleymanpaşa,40.98378,27.55731,Tekirdağ,Correct
1727BA10-57A4-4FE8-85EB-DD948700D83B,YILDIZ ECZANESİ,Tekirdağ,Kapakli,41.31975,27.97901,Kapaklı,Correct
96A67E07-E622-4836-87E5-DD9C0E391595,KLİNİK TRAKYA BURAK GÜNAYDIN KLİNİĞİ,Tekirdağ,Çorlu,41.14572,27.82274,Çorlu,Correct
17D064E0-2F1D-4EC6-B046-DDB6342BE364,TÜRKER ECZANESİ,Tekirdağ,Marmaraereğlisi,40.99907,27.84336,Marmaraereğlisi,Correct
C632C3C9-F74D-4E0E-A86F-DDC73C805513,DOĞUŞ ECZANESİ,Tekirdağ,Çorlu,41.15388,27.79315,Çorlu,Correct
06F0A5CA-C3FC-4642-A42F-DE45BD83DE25,SABİHA KENAN MUAYENEHANESİ,Tekirdağ,Çorlu,41.16426,27.80611,Çorlu,Correct
8018FB6D-64AF-44DA-91A7-DE67B032026F,RODOSTODENT DİŞ KLİNİĞİ,Tekirdağ,Süleymanpaşa,40.96623,27.49299,Tekirdağ,Correct
F22EEFE2-CA29-409C-AEC1-DE97DCF91545,TEKİRDAĞ SÜLEYMANPAŞA DEĞİRMENALTI AİLE SAĞLIĞI MERKEZİ,Tekirdağ,Süleymanpaşa,40.98708,27.57736,Tekirdağ,Correct
F0469058-0BBE-4541-B1A1-DE9C83C0ED9E,HAS GROUP MAKİNA ENDÜSTRİ SAĞLIK BİRİMİ,Tekirdağ,Ergene,41.24297,27.93063,Çerkezköy,Correct
0D3FC539-DE97-4FC1-871A-DEBB7D08875C,FAİK ECZANESİ,Tekirdağ,Kapakli,41.34073,27.90177,Kapaklı,Correct
DE6A7F26-F538-4616-A0F3-DF3E6B8921A6,ARİF CESUR MUAYENEHANESİ,Tekirdağ,Süleymanpaşa,40.97771,27.51181,Tekirdağ,Correct
BB4A0B5E-757D-4740-827C-DF82E8D32B51,TEKİRDAĞ ÇORLU ÇOBANÇEŞME AİLE SAĞLIĞI MERKEZİ,Tekirdağ,Çorlu,41.15219,27.79847,Çorlu,Correct
EAAA16E7-1383-4E90-9CFA-DFC650797BB4,TAŞKIN ECZANESİ,Tekirdağ,Malkara,40.89346,26.90443,Malkara,Correct
2F803E8F-5335-4656-A909-DFEA87C1F89B,SEDAT ÖKSÜZ MUAYENEHANESİ,Tekirdağ,Ergene,41.20732,27.74802,Ergene,Correct
A9E84C8E-9700-495A-81D3-DFFBBEF2D78E,CAN MURAT GÖKSU MUAYENEHANESİ,Tekirdağ,Çorlu,40.61094,27.11604,Şarköy,Correct
81F1F759-E3FC-42D9-91E2-E00D2B44DB45,EŞKİNAT ECZANESİ,Tekirdağ,Süleymanpaşa,40.9782,27.51985,Tekirdağ,Correct
BAB5766E-0E72-4692-BBA1-E01417FF6D2E,SEVGİ AĞIZ VE DİŞ SAĞLIĞI POLİKLİNİĞİ,Tekirdağ,Çorlu,41.15948,27.80383,Çorlu,Correct
77D54615-FA1E-4F53-9E5C-E05959D4CCD0,BERKER AYYILDIZ MUAYENEHANESİ,Tekirdağ,MERKEZ,40.871,28.6575,İstanbul,Wrong
F877050E-B837-4A78-83E8-E0768A22F92A,MEHMET ECZANESİ,Tekirdağ,Kapakli,41.27777,28.00699,Çerkezköy,Correct
289F45BB-CF98-4054-846B-E0DFD8A46B25,EMİR ECZANESİ,Tekirdağ,Saray,41.44163,27.921,Saray,Correct
0F3859D8-6A42-4795-9C9A-E1F9AAED1F48,ÖZEL ÇORLU İNCİ AĞIZ VE DİŞ SAĞLIĞI POLİKLİNİĞİ,Tekirdağ,Çorlu,41.15372,27.83491,Çorlu,Correct
0DC0ED36-2513-4289-851A-E28EFEEAC301,AKAY ECZANESİ,Tekirdağ,Çorlu,41.15563,27.81144,Çorlu,Correct
5111F364-7623-4A82-9151-E3279DE6B467,CANGO ECZANESİ,Tekirdağ,Süleymanpaşa,40.97885,27.51179,Tekirdağ,Correct
E429EF81-C601-447A-8A35-E348563809F6,ERKAN ECZANESİ,Tekirdağ,Süleymanpaşa,40.97843,27.49472,Tekirdağ,Correct
97C8879B-6185-4EBA-9EB8-E390798F16A0,ALTINTAŞ ECZANESİ,Tekirdağ,Çorlu,41.16189,27.79778,Çorlu,Correct
456FE58A-12D0-4C0B-849D-E414B56634A0,DENTAŞ AMBALAJ VE KAĞIT FABRİKASI SAĞLIK BİRİMİ,Tekirdağ,Ergene,41.25607,27.64913,Ergene,Correct
6227343A-64D0-4FF7-A6FB-E41595CE7255,MARMARACIK ECZANESİ,Tekirdağ,Ergene,41.23942,27.68919,Ergene,Correct
164CA98F-6311-49E0-B7AD-E475FFAEAE74,ÇORLU KOPSAVAŞ KIŞLASI REVİRİ,Tekirdağ,Çorlu,41.15878,27.80442,Çorlu,Correct
B6C63123-0FC0-4A76-AE28-E4AE41818459,ÇİĞDEM ECZANESİ,Tekirdağ,Çerkezköy,41.26628,27.96537,Çerkezköy,Correct
A1F17F59-AA95-48A9-A6A5-E4B3FAA76F58,TEKİRDAĞ ÇERKEZKÖY ÖZEL FİZİTEM TIP MERKEZİ,Tekirdağ,Çerkezköy,41.29169,27.99357,Çerkezköy,Correct
75DF5C42-9F70-471D-B547-E4D4B8983295,SARAY İLÇE DEVLET HASTANESİ,Tekirdağ,Saray,41.17115,27.80571,Çorlu,Correct
AF4E4B9A-8C1F-4587-9C2D-E5241D4C32C3,ALİPAŞA ECZANESİ,Tekirdağ,Çorlu,41.1525,27.7983,Çorlu,Correct
6BD026A0-C9C0-43D5-B292-E656CFEBF65D,MARMARAEREĞLİSİ MERKEZ TSM,Tekirdağ,MARMARA EREĞLİSİ,40.9726,27.95084,Marmaraereğlisi,Correct
CCA0D92C-D729-4C3D-B4CC-E6765EC5F312,EMRE IŞIK ECZANESİ,Tekirdağ,Çerkezköy,41.28433,28.01258,Çerkezköy,Correct
6F295CA9-9A76-436C-A513-E678297177DE,FURKAN ECZANESİ,Tekirdağ,Saray,41.45097,27.93362,Saray,Correct
62CAB0E6-2E35-4B05-8D34-E6D46E4B84A4,ÇAĞATAY ECZANESİ,Tekirdağ,Kapakli,41.33456,27.99148,Kapaklı,Correct
8606B8D7-BB63-4E0F-A996-E6E29D1D1119,GÜLTEKİN ECZANESİ,Tekirdağ,Kapakli,41.3332,27.99025,Kapaklı,Correct
58A77CEA-CC11-4C21-90F1-E77431C83CD6,GAYE ECZANESİ,Tekirdağ,Çerkezköy,41.28702,27.99794,Çerkezköy,Correct
7BE6C0F7-8E64-4A9E-B19E-E7BE404B851E,TURHAN ECZANESİ,Tekirdağ,Süleymanpaşa,40.96647,27.49951,Tekirdağ,Correct
870D5207-AA1E-49E6-B510-E7E245E4A9A3,SAĞLIK ECZANESİ,Tekirdağ,Hayrabolu,41.20987,27.09326,Hayrabolu,Correct
2639A04D-2C71-48C7-8FAA-E8A84CDAA113,TEKİRDAĞ ÇORLU KIVANÇ AİLE SAĞLIĞI MERKEZİ,Tekirdağ,Çorlu,41.15427,27.79302,Çorlu,Correct
06C9D071-A80E-487B-9FA3-E925105240A2,HACETTEPE ECZANESİ,Tekirdağ,Muratli,41.17158,27.50803,Muratlı,Correct
4C232634-CF26-443E-9DD4-E928332F0AA4,GÜNEŞ ECZANESİ,Tekirdağ,Ergene,41.18921,27.76604,Ergene,Correct
0F70BC82-2DFF-4D37-85A2-E9367CDD54B2,RUMELİ ECZANESİ,Tekirdağ,Çorlu,41.15595,27.81801,Çorlu,Correct
D469C938-7A06-47F3-8B26-E96713915992,MURATLI GÜLER ECZANESİ,Tekirdağ,Muratli,41.1726,27.49952,Muratlı,Correct
1CD14DB1-E8A0-4FC7-A8FF-E9DCC8516E9B,KUMBAĞ ECZANESİ,Tekirdağ,Süleymanpaşa,40.88961,27.45745,Süleymanpaşa,Correct
689B07DF-875E-489E-B4AF-EA2C42D55A48,TEKİRDAĞ HAYRABOLU ŞEHİT PİYADE ER ÖZDEM AYAZ AİLE SAĞLIĞI MERKEZİ,Tekirdağ,Hayrabolu,41.06085,27.00488,Hayrabolu,Correct
6BF2C0AB-1545-46BF-92B3-EA306810208E,ZELİŞ ECZANESİ,Tekirdağ,Çerkezköy,41.26146,27.93785,Çerkezköy,Correct
CE226D62-C06C-4298-9A6F-EACB06A0C26D,TEKİRDAĞ SARAY SEBAHAT-MEHMET PERVER AİLE SAĞLIĞI MERKEZİ,Tekirdağ,Saray,41.4444,27.91448,Saray,Correct
0B6DAD9E-0091-4E8A-B82E-EB03253EAB82,BÜYÜK ECZANESİ,Tekirdağ,Çerkezköy,41.28862,27.99899,Çerkezköy,Correct
7AABC01D-A9EC-447C-8853-EB7F6760FE9A,ATEŞ ECZANESİ,Tekirdağ,Çorlu,41.1533,27.81452,Çorlu,Correct
4B700EF8-400A-4E49-93F5-EB87173C25BF,ASLI ECZANESİ,Tekirdağ,Süleymanpaşa,40.98266,27.56895,Tekirdağ,Correct
02BF0FD4-900E-4ABA-9C91-EBA961B7E025,GÖKSEL ÖZER MUAYENEHANESİ,Tekirdağ,Süleymanpaşa,41.28709,27.99931,Çerkezköy,Correct
4E21CCDB-3780-43CD-AF11-EBC2C3BF4554,EKİN ÇETİNKAYA ECZANESİ,Tekirdağ,Süleymanpaşa,40.98282,27.52203,Tekirdağ,Correct
882CB180-F871-4914-A2E8-EBD2F31E52F4,TEKİRDAĞ FATMA ÜSTÜN ÖZEL MUAYENEHANESİ,Tekirdağ,Süleymanpaşa,40.99088,27.57035,Tekirdağ,Correct
B7BC526E-D71F-448B-8406-ED1DC9F2317D,HİLAL BELEN ECZANESİ,Tekirdağ,Çorlu,41.15063,27.80364,Çorlu,Correct
75D04734-FD90-40EE-B0AF-ED21768894DE,AHMET ERSİN ATAY MUAYENEHANESİ,Tekirdağ,Çorlu,41.15293,27.83545,Çorlu,Correct
018AA288-C876-4DA3-8E07-ED5EB01399B0,HAVUZLAR ECZANESİ,Tekirdağ,Çorlu,41.14049,27.79874,Çorlu,Correct
B0253EFB-59EA-4B5B-9E53-EDA01733B060,IŞIK ECZANESİ,Tekirdağ,Muratli,41.16938,27.49955,Muratlı,Correct
5F53641E-1238-41A0-9F80-EDB8827FE6AF,TEKİRDAĞ HAYRABOLU GÜNEBAKAN AİLE SAĞLIĞI MERKEZİ,Tekirdağ,Hayrabolu,41.21144,27.10516,Hayrabolu,Correct
3494DE0E-EEE6-4698-98EF-EE2BBE1731AC,ÇERKEZKÖY DEVLET HASTANESİ,Tekirdağ,Çerkezköy,41.25798,27.94096,Çerkezköy,Correct
84ECE5B6-6428-46E2-9EDC-EE54D5B80AF7,SEMİHA HACIOĞLU MUAYENEHANESİ,Tekirdağ,Çorlu,41.15836,27.80619,Çorlu,Correct
7032F2D2-3DC0-4D44-836D-EE66E346F138,SARE ECZANESİ,Tekirdağ,Çerkezköy,41.28413,27.98832,Çerkezköy,Correct
A640F9E0-3CE0-4CD3-8A82-EE9369010E5A,HÜRRİYET ECZANESİ,Tekirdağ,Süleymanpaşa,40.98252,27.54871,Tekirdağ,Correct
AF351F3D-C06E-4767-84A2-EEE9F50537CB,SEVİMLİ ECZANESİ,Tekirdağ,Süleymanpaşa,40.97765,27.51002,Tekirdağ,Correct
8C91102C-6B32-4557-AAA3-EF0D9EF2309E,TEPE ECZANESİ,Tekirdağ,Kapakli,41.33046,27.97187,Kapaklı,Correct
9B0E06AA-A962-4651-B264-EF225950414D,TEKİRDAĞ İL SAĞLIK MÜDÜRLÜĞÜ,Tekirdağ,Süleymanpaşa,40.97109,27.49955,Tekirdağ,Correct
7835D854-FA0F-40E0-AD3D-EFFA233AC12C,YAĞMUR ECZANESİ,Tekirdağ,Çerkezköy,41.26056,27.94162,Çerkezköy,Correct
6D1FEB1F-145F-4AED-A2E1-F03B77DE302E,ARMADA ECZANESİ,Tekirdağ,Süleymanpaşa,40.98103,27.52157,Tekirdağ,Correct
D5A0FCC7-7687-4920-9913-F04166E41754,GÜRSU ÜLGER MUAYENEHANESİ,Tekirdağ,Süleymanpaşa,40.97716,27.51401,Tekirdağ,Correct
D6F20361-9AFB-415F-9184-F0E5391FBB50,AYŞEM ECZANESİ,Tekirdağ,Ergene,41.19402,27.77229,Ergene,Correct
FF3DF41A-58E8-4B03-A861-F166614320F9,CAN ECZANESİ,Tekirdağ,Saray,41.43975,27.92582,Saray,Correct
41B118B7-17DB-4C62-99EC-F1BC9473D73A,BERK ECZANESİ,Tekirdağ,Çorlu,41.14581,27.83301,Çorlu,Correct
0C687FF4-22D5-40E2-BD0B-F1CB861BE064,EMİNE KARAEVLİ ÖMEROĞLU MUAYENEHANESİ,Tekirdağ,Süleymanpaşa,40.97847,27.5124,Tekirdağ,Correct
0E1ABABD-7DB7-44A5-A6D3-F1D5FBBF7335,ÖZEL GÜNEŞ AĞIZ VE DİŞ SAĞLIĞI POLİKLİNİĞİ,Tekirdağ,Çerkezköy,41.29199,28.0017,Çerkezköy,Correct
890B64BE-38D0-47BD-AE5C-F1D978AAD804,KÖŞEM ECZANESİ,Tekirdağ,Çerkezköy,41.2927,28.0029,Çerkezköy,Correct
E0EDB19C-9316-4309-A4FA-F1EF3FA915CF,DURU ECZANESİ,Tekirdağ,Çorlu,41.15777,27.80457,Çorlu,Correct
5DB35BAC-DFEE-4CA6-B2E3-F1F92BF5AE6E,PELİN EREN MUAYENEHANESİ,Tekirdağ,Süleymanpaşa,40.9766,27.51223,Tekirdağ,Correct
5F5EB646-5653-464D-A0FB-F208E670CB08,BELGİN ECZANESİ,Tekirdağ,Süleymanpaşa,40.98279,27.52206,Tekirdağ,Correct
EF9966DE-34A7-4D4F-BC1B-F219F706A75C,ÖZEL ÇORLU İFALİFE DİYALİZ MERKEZİ,Tekirdağ,Çorlu,41.15355,27.8313,Çorlu,Correct
F57B1B11-7AAB-43CA-A806-F2313909278D,SÜRHAN İNANÇ MUAYENEHANESİ,Tekirdağ,Çorlu,41.14764,27.83347,Çorlu,Correct
A44480CF-9A0F-48A3-9C7A-F236288DDD74,SAYGI ECZANESİ,Tekirdağ,Çorlu,41.1465,27.85102,Çorlu,Correct
6AB55368-228F-4C72-9B10-F23759EA148D,KORKMAZ ECZANESİ,Tekirdağ,Çorlu,41.14795,27.78119,Çorlu,Correct
B1D5CB00-C3FB-4A5F-8BEC-F26B21F9F263,DİNARSU SAĞLIK REVİRİ,Tekirdağ,Çerkezköy,41.28872,27.98464,Çerkezköy,Correct
9AD250A2-E59E-4123-BABD-F284E0466D18,TEKİRDAĞ MARMARA EREĞLİSİ İLÇE HASTANESİ,Tekirdağ,MARMARA EREĞLİSİ,40.97258,27.94992,Marmaraereğlisi,Correct
6D657C89-2F32-4C6E-B1AE-F2BF778D2D27,ILGAZ ECZANESİ,Tekirdağ,Çerkezköy,41.28547,27.99854,Çerkezköy,Correct
141EF4D9-5136-40BB-B72A-F2DBE53DC3D0,SELİS ECZANESİ,Tekirdağ,Süleymanpaşa,40.98207,27.5486,Tekirdağ,Correct
9DB16BFD-1B51-4470-8561-F2DDE4BD1A11,TEKIRDAĞ ŞARKÖY DEVLET HASTANESI,Tekirdağ,Şarköy,40.6152,27.11377,Şarköy,Correct
0C037946-C8F4-4387-A298-F30D75C95633,CANER AKTAŞ MUAYENEHANESİ,Tekirdağ,Çorlu,41.1553,27.81308,Çorlu,Correct
70B96F14-7F98-4C79-BE17-F33390F62B7E,ERHAN CEYHUN MUAYENEHANESİ,Tekirdağ,Çorlu,41.16066,27.80131,Çorlu,Correct
514A73F2-159D-4C39-8814-F36DD4A9146A,T.C. S.B. TEKİRDAĞ AĞIZ VE DİŞ SAĞLIĞI HASTANESİ,Tekirdağ,Süleymanpaşa,41.00454,27.69902,Çorlu,Correct
F3122DA3-445A-4ACA-805E-F3F1FB14E178,TURGUTLUGİL ECZANESİ,Tekirdağ,Süleymanpaşa,41.03984,27.32483,Süleymanpaşa,Correct
A81663DB-01CC-4601-BC6F-F47A67FF30C2,KARADENİZ ECZANESİ,Tekirdağ,Kapakli,41.2655,27.9667,Çerkezköy,Correct
3C6AABDB-D864-4CB2-8923-F54C9D02DFD1,ÖZGE ECZANESI,Tekirdağ,Süleymanpaşa,40.97508,27.49441,Tekirdağ,Correct
AD134A3A-6059-4F04-AFA2-F5B9002635D9,ÖZEL ÇORLU VATAN HASTANESİ,Tekirdağ,Çorlu,41.16158,27.8012,Çorlu,Correct
E4F90602-4833-4F68-BC5F-F7739EE37D89,DENİZ ECZANESİ,Tekirdağ,Saray,41.44347,27.91897,Saray,Correct
5BC315E0-FD4F-4522-B614-F9148028F2F0,CAN ECZANESİ,Tekirdağ,Kapakli,41.26043,27.94142,Çerkezköy,Correct
96A9EC71-99EC-4894-9677-F9C5605BCF07,MÜGE ECZANESİ,Tekirdağ,Çorlu,41.15448,27.80811,Çorlu,Correct
B841E9FD-E851-46A4-97D0-F9D9A774D54D,İREM DUYAN ECZANESİ,Tekirdağ,Süleymanpaşa,40.98299,27.51496,Tekirdağ,Correct
5E07FA42-F16C-495D-869A-FA147077B197,TAYFUN GÜME MUAYENEHANESİ,Tekirdağ,Çorlu,41.16104,27.80131,Çorlu,Correct
5D50B169-F512-4222-958B-FA80E79F302F,VERESELİ LAL ECZANESİ,Tekirdağ,Süleymanpaşa,40.97349,27.49366,Tekirdağ,Correct
299E209E-2934-473B-B7B3-FA8EE82C2C10,EKİN ECZANESİ,Tekirdağ,Çorlu,41.16155,27.80041,Çorlu,Correct
CAAB6E2B-AD8A-43EA-8658-FAAEECD59FD3,TEKİRDAĞ MARMARA EREĞLİSİ SULTANKÖY AİLE SAĞLIĞI MERKEZİ,Tekirdağ,MARMARA EREĞLİSİ,41.0213,27.98889,Marmaraereğlisi,Correct
667AFE14-BCA7-4D57-81DC-FB80849A818C,MEVLANA AİLE SAĞLIĞI MERKEZİ,Tekirdağ,Çorlu,41.15238,27.78385,Çorlu,Correct
E174C4BF-95E7-4C86-8484-FB896DC26694,CUMHURİYET AİLE SAĞLIĞI MERKEZİ,Tekirdağ,Ergene,41.20606,27.75061,Ergene,Correct
EF35A6A8-83A1-40A6-9777-FB96CBA24ECA,ERTUĞRUL ÜSTEK MUAYENEHANESİ,Tekirdağ,Süleymanpaşa,40.97722,27.5106,Tekirdağ,Correct
BC18D487-C7AD-45C4-BEA6-FB9A82C77954,ESEN ECZANESİ,Tekirdağ,Kapakli,41.33536,27.98538,Kapaklı,Correct
4FFA06F2-FE70-45D6-95F9-FBE4BF3724F4,İPEK ECZANESİ,Tekirdağ,Süleymanpaşa,40.98881,27.57653,Tekirdağ,Correct
2802AD71-23C6-4FB6-AC0F-FD045F37D9C3,RECEP ALP MUAYENEHANESİ,Tekirdağ,Süleymanpaşa,40.98998,27.56915,Tekirdağ,Correct
DD0F0F0C-D0B8-478F-BA08-FD1E8803AF56,YAŞAM HASTANESİ (TEKİRDAĞ),Tekirdağ,Süleymanpaşa,40.98205,27.53254,Tekirdağ,Correct
42EC8B9C-B5A1-460E-BE33-FDB0456DAE73,YAKUT TAN ECZANESİ,Tekirdağ,Çorlu,41.14702,27.87311,Çorlu,Correct
75501162-C8AC-493A-84C8-FE67827A1CA5,HALK ECZANESİ,Tekirdağ,Kapakli,41.32818,27.98297,Kapaklı,Correct
11D42A5F-D027-4CC6-9098-FED87ADD56A9,SÜLEYMANPAŞA ECZANESİ,Tekirdağ,Süleymanpaşa,40.97983,27.51572,Tekirdağ,Correct
BB6F865C-0778-4977-BBCC-FFBECF85B8C8,ALİ GÜNER MUAYENEHANESİ,Tekirdağ,Çorlu,41.16336,27.80491,Çorlu,Correct
