UnitId,UnitName,CityName,DistrictName,Latitude,Longitude,DetectedCity,Match
68BEDF2B-B0D7-40DD-BD80-0534649C91EC,BÜLENT NALBANT-EDA USLU MUAYENEHANESİ,Siirt,Merkez,39.11537,-76.73196,Maryland,Wrong
EF5EA6E6-1430-4E02-90BB-0890E0D7F268,ALP ECZANESİ,Siirt,Merkez,37.94157,41.93571,Siirt,Correct
DBCD725E-5B69-45E9-8DF1-0BE8BF971F4F,TABİAT ECZANESİ,Siirt,Kurtalan,37.92382,41.70102,Siirt,Correct
22960452-B1C9-4276-94CA-0C1CC3656E1C,PERVARİ MERKEZ TSM,Siirt,Pervari,37.93372,42.54726,Siirt,Correct
68406F25-1C53-4B5E-9921-0E833ED1AE7A,OKAY ECZANESİ,Siirt,Baykan,37.04547,35.81677,Adana,Wrong
F6F5816E-AE1F-448E-BD03-12CCDDB36B28,ŞEHMUS BAYRAM MUAYENEHANESİ,Siirt,Merkez,37.93351,41.94094,Siirt,Correct
4F480F38-E08A-4693-8B88-18C805860058,SİİRT ECZANESİ,Siirt,Merkez,37.92461,41.69483,Siirt,Correct
B4C8416D-DA41-4F54-94BD-1AD93871A44D,BOTAN ECZANESI,Siirt,Merkez,37.92574,41.94029,Siirt,Correct
5EDFFBF6-3C9F-4103-B627-1B3A3741B1AF,SİİRT MERKEZ ŞEHİT EBE REŞİDE KIRAÇLAR AİLE SAĞLIĞI MERKEZİ,Siirt,Merkez,37.93566,41.93422,Siirt,Correct
DB046588-16EA-4BCB-92FB-20F619A58C55,ŞİFA ECZANESİ,Siirt,Eruh,37.92649,41.69207,Siirt,Correct
A139489F-FBC9-4DF7-9E08-22B4BBED5E93,SİİRT KURTALAN FIRAT AİLE SAĞLIĞI MERKEZİ,Siirt,Kurtalan,37.92275,41.70305,Siirt,Correct
B9511970-8FFA-4D17-A373-2785364B187F,SİİRT MERKEZ KOOPERATİF ASM,Siirt,Merkez,37.93986,41.92588,Siirt,Correct
3AABFC47-A629-4AD5-BA4D-28FE7A9ED07D,NEVAL ECZANESİ,Siirt,Merkez,37.92584,41.94045,Siirt,Correct
F0DE36DB-817B-4ACD-8785-2AB1FCA6198D,İLÇİNLER ECZANESİ,Siirt,Merkez,38.91917,-76.99356,Washington,Wrong
5E89CDE5-3FDC-4797-A5F0-2DC58304DD64,GÜVEN ECZANESİ,Siirt,Merkez,37.9287,41.94201,Siirt,Correct
B5D61E7A-F396-4490-A005-335C90499918,VİTAMİN ECZANESİ,Siirt,Merkez,37.92831,41.94236,Siirt,Correct
13FEABA8-DA84-4AA6-8F65-38B5412320FA,DİLAN ECZANESİ,Siirt,Baykan,38.16278,41.7822,Siirt,Correct
64AC7EE9-17BC-4CEA-988F-38E3900B01E1,ŞEVİN ECZANESİ,Siirt,Merkez,37.92767,41.94191,Siirt,Correct
D4EBF906-1FD8-4B5D-8F9D-3D7F7BDCAFC8,ENGİN ECZANESİ,Siirt,Merkez,37.93067,41.94038,Siirt,Correct
9006F232-DA88-44FC-9306-3DC3F09A438A,DERMAN ECZANESİ,Siirt,Baykan,37.92618,41.69976,Siirt,Correct
1EE1C064-0BCA-4971-B5C0-44EDA3C23E24,SİİRT ERUH DEVLET HASTANESI,Siirt,Eruh,37.74921,42.17994,Siirt,Correct
62497860-EBFA-4179-AF9C-4A45B02EDEFA,BİLEK ECZANESİ,Siirt,Merkez,39.57617,-76.11756,Maryland,Wrong
4A06B87F-BC2A-4E9D-BA66-4B8A07AB148E,ÇALAPKULU ECZANESİ,Siirt,Merkez,39.67787,-75.98196,Maryland,Wrong
8742B2EF-F31B-4529-8636-4DEF6A8B2647,ÖZDEMİR ECZANESİ,Siirt,Merkez,39.00467,-76.87956,Maryland,Wrong
E24904FA-C94E-4DE3-AF08-4E926F98DB34,DOĞU ECZANESİ,Siirt,Pervari,37.93366,42.54454,Siirt,Correct
46888169-142E-4245-842D-528991277093,LOKMAN HEKİM ECZANESİ,Siirt,Kurtalan,37.98617,41.46498,Siirt,Correct
AFC3D8B1-8305-489C-B3CD-52C2CD695D0E,ACAR ECZANESİ,Siirt,Merkez,37.93977,41.92796,Siirt,Correct
13EA6B75-BA6D-42B2-BD97-548BF5390053,SİİRT MERKEZ Ş.H.TÜLAY ÇELİK AİLE SAĞLIĞI MERKEZİ,Siirt,Merkez,37.9251,41.92224,Siirt,Correct
4371E503-ED4A-47C8-89FF-54B3555E539E,ÇINAR ECZANESİ,Siirt,Merkez,37.92806,41.94138,Siirt,Correct
7C6A24D9-5AC4-4D53-BD29-57D383F9A800,SEMA ECZANESİ,Siirt,Merkez,37.93979,41.96118,Siirt,Correct
A0688B35-C58E-40BF-B18A-581AAD474055,KILIÇVURAN ECZANESİ,Siirt,Baykan,37.93063,41.68514,Siirt,Correct
A93CE9FD-0E42-4966-8F1E-58752ADA0456,SİİRT BAYKAN VEYSEL KARANİ AİLE SAĞLIĞI MERKEZİ,Siirt,Baykan,38.12968,41.71408,Siirt,Correct
98BBC70D-340D-4A91-9960-597C921EC13D,SAĞLIK ECZANESİ,Siirt,Pervari,37.93373,42.54359,Siirt,Correct
EC32E7BF-3F24-47CE-8101-5AFF46E1C308,TUNÇ ECZANESİ,Siirt,Kurtalan,37.92829,41.69447,Siirt,Correct
CFB316F9-FEF9-4ED5-BDE3-5BD139E52ADB,AYTAŞ ECZANESİ,Siirt,Merkez,37.93978,41.92761,Siirt,Correct
54012C5E-2DA7-4EF6-B9A2-6228F7FB1644,SİİRT MERKEZ Ş.H.CANAN AKKUŞ AİLE SAĞLIĞI MERKEZİ,Siirt,Merkez,37.92844,41.94855,Siirt,Correct
F244ED11-25CA-44C3-83CA-6778466DF89B,SİİRT ERUH AİLE SAĞLIĞI MERKEZİ,Siirt,Eruh,37.74831,42.17874,Siirt,Correct
3C964794-72F4-4A1C-AB77-6A287F394492,SİİRT AĞİZ VE DIŞ SAĞLİĞİ MERKEZI,Siirt,Merkez,39.27107,-76.52436,Dundalk,Wrong
58F21012-2B09-47FB-AC95-6D32B76C64B7,SİİRT PERVARİ AİLE SAĞLIĞI MERKEZİ,Siirt,Pervari,37.93254,42.54619,Siirt,Correct
C54E64F1-3151-40D5-887C-6F3A07BB3A42,KÖŞKER ECZANESİ,Siirt,Merkez,37.93284,41.93953,Siirt,Correct
143A04D9-8D3D-4B94-9FA1-6FB20B298CC7,VOLKAN ECZANESİ,Siirt,Baykan,37.91528,41.68711,Siirt,Correct
99A65030-DFBA-4CA1-9C43-74D39494C303,BARIŞ ECZANESİ,Siirt,Merkez,37.93621,41.94454,Siirt,Correct
2589C35E-DEC6-49A7-9FE6-7839CC62464B,SPOR ECZANESİ,Siirt,Merkez,37.92996,41.94124,Siirt,Correct
5B01A07A-E432-45C4-BC4A-7ECC68FFCBBD,İNCİ ECZANESİ,Siirt,Kurtalan,37.91763,41.70051,Siirt,Correct
28A77AFF-74CD-4139-BFFB-7EEAAF1BC224,HUZUR ECZANESİ,Siirt,Kurtalan,37.91906,41.70057,Siirt,Correct
8F3899F8-255E-4770-8337-7F00636E56BA,ABKA ECZANESİ,Siirt,Merkez,37.93598,41.93305,Siirt,Correct
4915C636-D85E-4A62-846D-7F22E4C456F1,SİNAN CANPOLAT MUAYEHANESİ,Siirt,Merkez,38.25769,40.08382,Diyarbakır,Wrong
CB22667A-64A1-404D-9B28-81E257B087A1,SİİRT EBE BİRGÜL AKTAŞ AİLE SAĞLIĞI MERKEZİ,Siirt,Merkez,37.93408,41.94278,Siirt,Correct
BBDDC84D-B7FB-40C0-B14B-822521F8CB4C,ÖZEL İBNİ SİNA HASTANESİ,Siirt,Merkez,40.98107,28.72102,İstanbul,Wrong
B2F4589D-6F4C-4A5D-8270-8284ECCB206E,HALK ECZANESİ,Siirt,Kurtalan,37.98705,41.6656,Siirt,Correct
EABA6B08-5262-4405-8A49-84DB54C3E622,DEVA ECZANESİ,Siirt,Merkez,39.56897,-76.12716,Maryland,Wrong
3BEF3D6E-4464-4FD0-9CDC-87186D97C018,AVAŞİN ECZANESİ,Siirt,Merkez,39.64637,-76.02396,Maryland,Wrong
3E017855-1AE2-4FA3-8CB5-88996A62B56A,AYDINLAR ECZANESI,Siirt,Merkez,37.92802,41.94142,Siirt,Correct
D43708CA-9BC6-4A02-94EF-8AB112E06F6A,ÖZKAN ECZANESİ,Siirt,Baykan,38.16397,41.78916,Siirt,Correct
FA33B0A5-4ABF-4EB7-BD5D-8AB188A5A2D8,MAVİ ECZANESİ,Siirt,Merkez,39.11177,-76.73676,Maryland,Wrong
FD13D93E-48DE-440D-9310-8B04001C883C,ÜÇOK ECZANESİ,Siirt,Merkez,39.54197,-76.16316,Maryland,Wrong
2FA8A108-94EE-474B-BBA3-8E7FDCFC3A6A,SİİRT BAYKAN DEVLET HASTANESİ,Siirt,Baykan,38.16162,41.7825,Siirt,Correct
A31D0E2B-1727-451D-8470-8F3358AD168B,SİİRT MERKEZ GÜRES AİLE SAĞLIĞI MERKEZİ,Siirt,Merkez,37.93069,41.94143,Siirt,Correct
34E26597-C797-4BD4-84A5-919D239D8A18,MENDEŞ ECZANESİ,Siirt,Kurtalan,37.92546,41.69315,Siirt,Correct
B9CF9A5B-895A-4CBB-90DF-9354F40F7FA7,SENA ECZANESİ,Siirt,Eruh,37.74773,42.17955,Siirt,Correct
2E2431BF-65A1-4EFA-913A-98A60D1C2B31,YAŞAM ECZANESİ,Siirt,Merkez,37.93292,41.94282,Siirt,Correct
EC71BAB2-A069-4E63-8612-9A7256583D48,ERUH İLÇE HASTANESİ,Siirt,Eruh,37.74923,42.1805,Siirt,Correct
A4DE92A8-ECAD-4969-BA59-9C944768FD52,SENA ECZANESİ,Siirt,Şirvan,37.74773,42.17955,Siirt,Correct
973B6C3C-8F30-4E05-B6D1-9D9B04F7EACB,SİİRT MERKEZ ULUS AİLE SAĞLIĞI MERKEZİ,Siirt,Merkez,37.92158,41.94264,Siirt,Correct
35436B55-2F7F-4863-8174-9EBB8CC6913E,BENEK ECZANESİ,Siirt,Kurtalan,37.92554,41.69806,Siirt,Correct
4D2CDFF8-823E-406B-8B5F-A0DCFD72FAE5,PARLAK ECZANESİ,Siirt,Merkez,37.93531,41.94334,Siirt,Correct
905D2482-68A5-4382-B8F6-A11AE5DEDEC9,APARI ECZANESİ,Siirt,Merkez,37.92775,41.94377,Siirt,Correct
1830CD61-0036-4089-AC94-A1E14C9AA931,HACETTEPE ECZANESİ,Siirt,Merkez,37.93067,41.94137,Siirt,Correct
A99EF9B7-3589-4AE3-9AEA-A56183877402,NURİZ ECZANESİ,Siirt,Merkez,37.9284,41.94228,Siirt,Correct
0FDFEAFA-7062-4914-B845-A5A57469B311,PEKER ECZANESİ,Siirt,Merkez,37.93441,41.94214,Siirt,Correct
79731214-D0CE-4365-BBD5-A70056922540,SUDEM ECZANESİ,Siirt,Şirvan,37.9372,41.94157,Siirt,Correct
C7CC7D8A-943E-417B-A97E-A8D355CF19C5,SİİRT KURTALAN DEVLET HASTANESİ,Siirt,Kurtalan,37.92715,41.6945,Siirt,Correct
91D41B25-F5E5-43F4-9300-AD275676DC50,YENİ KURTALAN ECZANESİ,Siirt,Kurtalan,37.92063,41.70033,Siirt,Correct
C9739F9A-EB4E-4C5B-B418-AE53B3B30282,SİİRT BAYKAN AİLE SAĞLIĞI MERKEZİ,Siirt,Baykan,38.16273,41.78337,Siirt,Correct
15F2EABE-552F-416D-A901-B02D084C2E7B,CEZLAN ECZANESİ,Siirt,Merkez,39.16577,-76.66476,Glen Burnie,Wrong
290E6E6B-F569-4A34-A42A-B03F0A0AEF16,YENİ ÇINAR ECAZNESİ,Siirt,SİİRT MERKEZ,41.00538,28.86586,İstanbul,Wrong
636D56A1-43CC-4651-A7F4-B076991BFE7A,BÜYÜK ECZANESİ,Siirt,Merkez,37.92821,41.94611,Siirt,Correct
4628C098-53BF-4C88-943D-B2459F9D3DB0,NAS ECZANESİ,Siirt,Merkez,37.93294,41.9412,Siirt,Correct
40190459-F992-494A-9DC5-B2D5BDD46B35,NEFES ECZANESİ,Siirt,Merkez,37.9328,41.93947,Siirt,Correct
3982E9DB-180E-4E7B-A829-B4518B3DBD0E,YUSUF ECZANESİ,Siirt,Kurtalan,37.927,41.69443,Siirt,Correct
C8D8F8CB-420E-45F6-B8F1-B6E330874BBB,VERESELİ OKTAY ECZANESİ,Siirt,Kurtalan,37.91836,41.7005,Siirt,Correct
6E534590-191A-47C4-A4C9-BEE2E0151604,ELA ECZANESİ,Siirt,Merkez,37.92939,41.94063,Siirt,Correct
0284F374-4C76-4915-A621-C1D735F88F81,GÜL ECZANESİ,Siirt,Merkez,37.92843,41.94845,Siirt,Correct
6398EBF3-A55E-4886-A0DA-C39E8E322A80,CAN ECZANESİ,Siirt,Merkez,37.92837,41.9467,Siirt,Correct
BA62BC96-C75F-449B-BB29-C3CB8E50C0FA,EZGİ ECZANESİ,Siirt,Baykan,37.98486,41.66929,Siirt,Correct
3B21B636-7047-411F-B94C-C9455B867F59,ZAFER ECZANESİ,Siirt,Merkez,38.93447,-76.97316,Washington,Wrong
C68EE07F-D903-458C-99F8-CBABB6723D71,SİİRT KURTALAN BAHÇELİEVLER AİLE SAĞLIĞI MERKEZİ,Siirt,Kurtalan,37.92852,41.70503,Siirt,Correct
CADBC2F2-191E-45F7-9EF8-CC5F0C7E5E67,SİİRT ŞİRVAN AİLE SAĞLIĞI MERKEZİ,Siirt,Şirvan,38.0603,42.03001,Siirt,Correct
01A3CC5C-BB8C-47CD-A01D-CC9E9BFC9DFF,ELİF ECZANESİ,Siirt,Kurtalan,37.92663,41.69424,Siirt,Correct
04DE6B8F-C477-4CDF-93D9-CF5F99AA9BB0,EFE ECZANESİ,Siirt,Merkez,37.93237,41.94145,Siirt,Correct
461CC709-5091-4FC0-9B70-D3393EB2A785,YAŞAM ECZANESİ,Siirt,Kurtalan,37.92697,41.70454,Siirt,Correct
419FB5F5-C685-47E2-BE99-D659D28CC5BE,ŞAHİN AYTAN DİŞ KLİNİĞİ,Siirt,Kurtalan,37.92688,41.70371,Siirt,Correct
22B12F89-4FAA-47E8-A260-DA56E47269CD,YILDIZ ECZANESİ,Siirt,Merkez,37.94044,41.93613,Siirt,Correct
47D1CAA2-1C9A-4522-A6F3-DEB87F1CBED2,ŞİFA ECZANESİ,Siirt,Merkez,37.93982,41.92681,Siirt,Correct
6E069323-7778-457F-8879-DF4B8FE09F56,DERMAN ECZANESİ,Siirt,Kurtalan,37.92618,41.69976,Siirt,Correct
68C969C9-BCCF-4A60-A288-DF6DACEA797C,SİİRT PERVARİ DEVLET HASTANESİ,Siirt,Pervari,37.93233,42.55068,Siirt,Correct
5EAD3085-A4B3-42C2-8A9A-E386A7004221,UGAR ECZANESİ,Siirt,Kurtalan,37.92739,41.69327,Siirt,Correct
BB75A57C-649D-4206-8A61-E3BE26752A54,SİİRT MERKEZ DOĞAN AİLE SAĞLIĞI MERKEZİ,Siirt,Merkez,37.92569,41.94129,Siirt,Correct
B1815C63-C149-4FB6-A49E-E3FDB43D1FF6,SİİRT EĞİTİM ARAŞTIRMA HASTANESİ,Siirt,Merkez,40.95346,39.87064,Trabzon,Wrong
D07FF606-13B7-46D2-A687-E4D442BD20A0,AHMET ECZANESİ,Siirt,Kurtalan,37.92508,41.69879,Siirt,Correct
31D66CBF-BA33-4860-B133-E6AC67274562,FATİH ECZANESİ,Siirt,Merkez,37.92784,41.94421,Siirt,Correct
5F900EA2-97A5-4AB5-8599-E6CD2795D541,SİİRT KURTALAN CUMHURİYET AİLE SAĞLIĞI MERKEZİ,Siirt,Kurtalan,37.92185,41.70185,Siirt,Correct
A08BC9D6-B2FE-4AD2-923D-E9DB7850553A,SİİRT MERKEZ EBUL VEFA AİLE SAĞLIĞI MERKEZİ,Siirt,Merkez,37.93266,41.92979,Siirt,Correct
17EFEDE4-4389-4651-97F7-EB5561E43F59,TİLLO ECZANESİ,Siirt,Merkez,37.93342,41.94079,Siirt,Correct
DE4D6DA4-7514-4572-A605-EB87522F621E,DERMAN ECZANESİ,Siirt,Merkez,37.92509,41.93967,Siirt,Correct
8E60B458-9E1F-47D6-9DD1-EC481058789D,ŞEHİR ECZANESİ,Siirt,Merkez,37.92855,41.94343,Siirt,Correct
C8690BC2-E5D1-486C-8C0C-ECABF2293A44,GÜRES ECZANESİ,Siirt,Merkez,37.9333,41.94104,Siirt,Correct
64F08A2F-26B1-483A-9D7B-F1E87E41DE58,DİCLE ECZANESİ,Siirt,Merkez,39.02177,-76.85676,Maryland,Wrong
845AE0A6-969A-411E-9AC8-F312D66BF833,ÇARŞI ECZANESİ,Siirt,Merkez,37.74939,42.18041,Siirt,Correct
46F426ED-8B12-45B4-9891-F494A0F56CE3,VERESELİ YENİ ŞİFA ECZANESİ,Siirt,Pervari,37.93327,42.54681,Siirt,Correct
A886495E-A4CD-44EB-BA6C-F5C121933F7F,ÖZEL HAYAT HASTANESİ SİİRT,Siirt,Merkez,37.93842,41.92579,Siirt,Correct
30F9E96E-6B44-41F2-91B0-F6A659EFFE4D,ŞİFA ECZANESİ,Siirt,Kurtalan,37.92649,41.69207,Siirt,Correct
F08BA0DA-B9A4-4A33-822F-F92603F03FDC,ENSAROĞLU ECZANESİ,Siirt,Merkez,39.38537,-76.37196,Maryland,Wrong
012B93DC-B579-4980-9A07-FDC5163AE08E,SEMA ECZANESİ,Siirt,Kurtalan,37.98791,41.67027,Siirt,Correct
