UnitId,UnitName,CityName,DistrictName,Latitude,Longitude,DetectedCity,Match
BB31476D-5FC2-46F4-A72E-000A5CD7DAD8,GÖRELE ECZANESİ,Giresun,Görele,41.03152,39.00532,Giresun,Correct
9AC2DC18-2A4B-4B4F-A4FF-005E36E0701A,ÖNDER AĞDERE MUAYENEHANESİ,Giresun,Merkez,40.91688,38.38894,Giresun,Correct
6DFDD3C1-59E6-4EAB-8170-00768B9488BE,İLGİ ECZANESİ,Giresun,Bulancak,40.93859,38.23806,Giresun,Correct
60BB4CE3-3ECC-46DF-91EB-008693157319,AYDIN ECZANESİ,Giresun,Yağlidere,40.85953,38.62569,Giresun,Correct
5B456572-8CD1-43A2-A497-009802C227C0,HAKAN POYRAZ MUAYENEHANESİ,Giresun,Merkez,40.91651,38.38662,Giresun,Correct
1540F72B-B7E3-445B-B2B9-0171A7C76A60,AYSE ECZANESİ,Giresun,Ş.KARAHİSAR,40.28923,38.42305,Giresun,Correct
715B7886-CC4F-4995-AB4E-01AC33C56682,DERELİ ECZANESİ,Giresun,Dereli,40.73847,38.44985,Giresun,Correct
6B4E350C-AF67-4112-A914-04DD3E31678F,PELİN ECZANESİ,Giresun,Tirebolu,41.00551,38.84636,Giresun,Correct
79062E16-138C-43C4-B02F-0677388337BD,T.C. S.B. GİRESUN FİZİK TEDAVİ VE REHABİLİTASYON MERKEZİ,Giresun,Merkez,40.90146,38.43915,Giresun,Correct
C5D2CBDA-09E3-424F-A304-0793944FE48F,ÇAĞRI ECZANESİ,Giresun,Merkez,40.91574,38.51771,Giresun,Correct
4E09AC95-5A3C-4196-AF2D-0B078AC310E6,ARSLAN ECZANESİ,Giresun,Bulancak,40.93722,38.2194,Giresun,Correct
75DA3940-4C71-4A68-82A5-0BCA4CDF9069,GÖRELE ÇAVUŞLU ASM,Giresun,Görele,41.02956,39.07996,Giresun,Correct
90D65CC4-0E4D-4F0C-963F-0BCE8E2E21FF,EVREN ECZANESİ,Giresun,Eynesil,41.06429,39.14241,Giresun,Correct
9F834DED-2FF7-4B7D-9048-0C36ED57E6CE,CANER ECZANESİ,Giresun,Merkez,40.91311,38.37884,Giresun,Correct
8D22117C-52B9-4532-A2E7-0CA0E0B62631,FERİDUNOĞLU ECZANESİ,Giresun,Merkez,39.56627,-76.13076,No Info,No Info
46653F1E-FF19-4C5D-B936-0CDA48B5A949,ENGİN YÜKSEK MUAYENEHANESİ,Giresun,GİRESUN MERKEZ,40.91831,38.38902,Giresun,Correct
50EAC1A9-4743-418E-A834-0CDEE692C714,GİRESUN MERKEZ 15 TEMMUZ ŞEHİTLER ASM,Giresun,Merkez,40.91312,38.39999,Giresun,Correct
9BAB9A37-F9F7-47D3-B486-0D7FD6860694,KEŞAP ECZANESİ,Giresun,Keşap,37.82402,29.60843,Denizli,Wrong
6175C266-C1C0-4107-8F40-0F0F4655D65B,GÖKALP ECZANESİ,Giresun,Merkez,40.91372,38.38384,Giresun,Correct
924822A3-2632-4489-80B8-0FB642586E7C,BEKTAŞOĞLU ECZANESİ,Giresun,Merkez,40.91657,38.38871,Giresun,Correct
B7AEF3C8-0EB7-42D1-A176-116066A239CB,GÜRSOY ECZANESİ,Giresun,Ş.KARAHİSAR,40.29043,38.42435,Giresun,Correct
027F5664-1311-458C-9AFF-11EFA2513178,BEKTAŞOĞLU ECZANESİ,Giresun,Tirebolu,41.00425,38.82737,Giresun,Correct
7B6EECC5-26D4-43EB-8E2E-129DF56BA7C5,BULANCAK 2 NOLU ŞEHİT ER ENVER ERDOĞAN ASM,Giresun,Bulancak,40.932,38.19325,Giresun,Correct
4292B35E-1BBA-4334-9301-12F979B24C1F,ÇANAKÇI MERKEZ ASM,Giresun,Çanakçi,40.91907,39.01172,Giresun,Correct
B97205C8-00E4-4832-821C-133B2464662F,DUROĞLU ECZANESİ,Giresun,Merkez,40.94938,38.71072,Giresun,Correct
73CEC0F2-0D69-4D1A-A5FD-1429FEB89D01,KARADENİZ ECZANESİ,Giresun,Merkez,40.91655,38.38882,Giresun,Correct
33B39611-126E-4E36-B526-1463646C42B8,ÇITLAK ECZANESİ,Giresun,Espiye,40.9147,38.40229,Giresun,Correct
2D726B48-765B-4E8E-9EE1-15772A63F874,ÖZEL GİRESUN KENT HASTANESİ,Giresun,Merkez,40.9138,38.38313,Giresun,Correct
B6E94439-F975-4713-8492-166EE19EFA5E,MEHMET SİPAHİ MUAYENEHANESİ,Giresun,Merkez,40.82132,38.50127,Giresun,Correct
FD196906-DE96-4681-8292-167AD1D7E86F,DİLEK ECZANESİ,Giresun,Tirebolu,41.00423,38.81144,Giresun,Correct
E44C2C2F-B29D-44EF-A67C-1739A6FD1687,DEVA ECZANESİ,Giresun,Görele,41.03161,39.00498,Giresun,Correct
EBF5BF21-78CB-4BE9-88F1-180AE337E471,KARAMANLAR ECZANESİ,Giresun,Merkez,39.45737,-76.27596,No Info,No Info
B68C5F2E-14EB-4D14-9F14-193BB9D51454,GİRESUN DR ALİ MENEKŞE GÖĞÜS HASTALIKLARI HASTANESİ,Giresun,Merkez,40.90605,38.4119,Giresun,Correct
BEA02F25-8B17-4FE8-AEEA-1961E466ECD2,KAYA ECZANESİ,Giresun,Ş.KARAHİSAR,40.28928,38.42308,Giresun,Correct
021406D7-C059-473A-B0EA-196C75F6847B,HİSAR ECZANESİ,Giresun,Ş.KARAHİSAR,40.28893,38.4236,Giresun,Correct
AB0822F2-E89C-4C67-8B58-1BCFD57C390F,AYDINLAR ECZANESI,Giresun,Merkez,40.90717,38.45143,Giresun,Correct
73658FF4-D7A5-40E5-9CC6-1C3A1C546448,ÖZEL DENTAGROSS AGİZ VE DİS SAGLİGİ POLİKLİNİGİ BULANCAK SUBESI,Giresun,Bulancak,40.93791,38.23107,Giresun,Correct
E72DEA0B-AE64-46BC-B2B0-1CE283DE6C67,DOMAÇ ECZANESİ,Giresun,Tirebolu,41.00557,38.84263,Giresun,Correct
D9BB19F6-C15E-4621-8F02-1E8B86184740,PROF. DR. A. İLHAN ÖZDEMİR DEVLET HASTANESİ,Giresun,Merkez,40.90477,38.4116,Giresun,Correct
79F51296-759B-4814-A5D8-22134569C72F,SEVGİ ÇİÇEK MUAYENEHANESİ,Giresun,GİRESUN MERKEZ,40.91387,38.38208,Giresun,Correct
9360B20F-C19E-4E69-BDD2-22FF294731FC,GİRESUN KADIN DOĞUM VE ÇOCUK HASTALIKLARI EĞİTİM VE ARAŞTIRMA HASTANESİ,Giresun,Merkez,40.91335,38.39033,Giresun,Correct
87A870AE-D77D-43DD-BC1D-230156418FFD,GİZEM ECZANESİ,Giresun,Merkez,40.91287,38.39984,Giresun,Correct
72D3ABA7-E2F0-4F12-8EEE-23097FE85281,EYNESİL İLÇE DEVLET HASTANESİ,Giresun,Eynesil,41.06493,39.14403,Giresun,Correct
20F6DB2D-9C06-4CAE-B3E6-236D6C94DDD8,BİLGİ ECZANESİ,Giresun,Merkez,40.91627,38.38999,Giresun,Correct
92AEE03B-0EB7-4D7A-B8F7-23C9B8C5AFCE,ERHANLAR ECZANESİ,Giresun,Merkez,40.91533,38.3837,Giresun,Correct
DD110201-3FEB-4AF7-AE43-24CC2625B7AA,İREM ECZANESİ,Giresun,Merkez,40.9113,38.34572,Giresun,Correct
44A1C0C8-9C57-46CF-967A-2695D54DFB89,ÖMER YILMAZ MUAYENEHANESİ,Giresun,Bulancak,40.81515,38.91518,Giresun,Correct
F80BE593-BFB2-4FAA-9BC6-26BCD710F2ED,SERPİL ECZANESİ,Giresun,Merkez,40.91254,38.38378,Giresun,Correct
EEFFC2B2-AC1A-43BA-B920-2785473FBB8F,SEVDA HIZARCI BULUT MUAYENEHANESİ,Giresun,Merkez,39.53837,-76.16796,No Info,No Info
2C96974A-520D-4A14-B77E-27945B058C7C,ÜÇTEPE ECZANESİ,Giresun,Yağlidere,40.85918,38.62666,Giresun,Correct
FE79D424-77DA-4C9A-9DA8-2894DA495E1B,T.C. S.B. GİRESUN AĞIZ VE DİŞ SAĞLIĞI MERKEZİ,Giresun,Merkez,40.97717,37.88358,Ordu,Wrong
5174C001-6D51-40BC-9E9F-28C276D7113B,ŞEBİNKARAHİSAR MERKEZ ASM,Giresun,Ş.KARAHİSAR,40.28786,38.40249,Giresun,Correct
F562350A-28DA-4C2A-8A37-291A21FE6473,CANDAN ECZANESİ,Giresun,Bulancak,40.93828,38.22991,Giresun,Correct
EDFF0CF4-0989-4E2D-9CD8-2A32D1A712AA,ANNAKKAYA ECZANESİ,Giresun,Merkez,39.34487,-76.42596,No Info,No Info
A8E08B13-91D5-43F4-9706-2D4060B01826,ÇAĞIN ECZANESİ,Giresun,Piraziz,40.9527,38.12497,Giresun,Correct
BEDC0F02-E178-4600-8EE8-2D594DAF964D,BAYKAL ECZANESİ,Giresun,Espiye,40.95143,38.74343,Giresun,Correct
0FE89246-4052-4DF9-B38E-2EADD6C72630,ERAY ECZANESİ,Giresun,Tirebolu,41.00556,38.84279,Giresun,Correct
CC963BD8-8FC4-4237-A76C-2F9F5ED09CDE,FATİH DİZDAR MUAYENEHANESİ,Giresun,Merkez,40.91402,38.38382,Giresun,Correct
D5F3153B-938D-4B60-BE5F-330D74E3979C,NİHAN ECZANESİ,Giresun,Merkez,40.91056,38.34118,Giresun,Correct
CE56E11C-19B3-4ED2-A855-33B3D4E8D272,ŞENLİKOĞLU ECZANESİ,Giresun,Dereli,40.73876,38.44965,Giresun,Correct
16C2C649-928E-472E-A2C1-35659A67460E,DİKMEN ECZANESİ,Giresun,Tirebolu,41.00702,38.81463,Giresun,Correct
52ACC628-325F-4A43-A419-36633D420A76,TUĞBA ECZANESİ,Giresun,Merkez,40.90814,38.36007,Giresun,Correct
6178777B-C296-482D-A4F9-378CA93F83CC,GÜLŞAH ECZANESİ,Giresun,Espiye,40.9138,38.40109,Giresun,Correct
0C920D17-6639-4267-9023-3A0C11F6EA3D,T.C. S.B. ŞEBİNKARAHİSAR DEVLET HASTANESİ,Giresun,Ş.KARAHİSAR,40.28798,38.41055,Giresun,Correct
00AA95E6-5373-4752-BD99-3A3A94ECD15D,ÖZDEMİR ECZANESİ,Giresun,Piraziz,40.9527,38.12517,Giresun,Correct
8E095CE3-FB0A-47A2-B0B6-3ADB9619AE25,ERDEM ECZANESİ,Giresun,Merkez,40.91417,38.37665,Giresun,Correct
CA89A8CF-7087-4666-AE48-3B26FE066814,KARACA ECZANESİ,Giresun,Merkez,40.91448,38.38844,Giresun,Correct
CD726918-990A-4178-BF8B-3D0E0242DE17,DOĞANKENT ŞEHİT ÜSTEĞMEN MEHMET ALİM ASM,Giresun,Doğankent,40.81715,38.92257,Giresun,Correct
75B8165E-4116-468F-820E-3D2B7A78E507,HANDE MEMİŞ ECZANESİ,Giresun,Espiye,39.17657,-76.65036,No Info,No Info
96F3AB5D-E1F9-48AE-9F3C-3DCCEB2BBA5D,ONUR ECZANESİ,Giresun,Merkez,40.91304,38.40034,Giresun,Correct
B0109A46-D239-4C1C-9B8E-40EA17074EE0,HÜSEYİN MURAT KAYA MUAYENEHANESİ,Giresun,Espiye,40.91493,38.40245,Giresun,Correct
3C838B40-9B1E-469B-86C8-436C4073D5A1,KARAİBRAHİMOĞLU ECZANESİ,Giresun,Bulancak,40.93947,38.24431,Giresun,Correct
F0EB5E32-D4A9-43A6-AF8D-43ABE68BD84A,KONAK ECZANESİ,Giresun,Görele,41.0324,39.00162,Giresun,Correct
8D1D0FC6-9332-470E-972B-43CF2C70DA43,BULANCAK ECZANESİ,Giresun,Bulancak,40.93898,38.23189,Giresun,Correct
C28E4AD7-8CC2-4C0A-B9B6-447999D419B1,GİRESUN MERKEZ 2 NOLU ŞEHİT ASTEĞMEN NİZAMETTİN ŞENSOY ASM,Giresun,Merkez,40.91773,38.39097,Giresun,Correct
2809CE71-4D48-483A-A5AF-46EC7E690FFD,YAREN ECZANESİ,Giresun,Piraziz,40.95178,38.1302,Giresun,Correct
E83B344F-73F1-4DD3-8473-478E6178DA9D,DOĞA ECZANESİ,Giresun,Bulancak,40.93762,38.23114,Giresun,Correct
08315FC1-DAC6-4F32-AC98-47B97DC78D59,ERBAŞ ECZANESİ,Giresun,Görele,41.03395,38.98905,Giresun,Correct
304E2DD3-818A-4039-82E7-49A911D00808,FURKAN ECZANESİ,Giresun,Alucra,40.29013,38.42155,Giresun,Correct
A5AC5BFD-3814-411C-84B7-4A1BE162B308,GÜRSOY ECZANESİ,Giresun,Bulancak,40.93847,38.23195,Giresun,Correct
D6E26E09-0798-4915-BCFB-4C9E8DBC7710,GİRESUN TİREBOLU MERKEZ 2 NOLU AİLE SAĞLIĞI MERKEZİ,Giresun,Tirebolu,41.00552,38.84582,Giresun,Correct
E65A0551-3727-4396-BAE6-4CBDBAFACF22,ESPİYE ŞEHİT ER BARIŞ AYAZ ASM,Giresun,Espiye,40.94746,38.7062,Giresun,Correct
F0DC65B1-ECF4-4EFA-8D4B-4ED556E3F24A,BEKTAŞOĞLU ECZANESİ,Giresun,Dereli,40.73826,38.44986,Giresun,Correct
074C7E28-C220-4087-8260-4F0838DB7F2D,SADIK ECZANESİ,Giresun,Tirebolu,41.0082,38.85869,Giresun,Correct
269846D7-7F20-47E0-A89E-500E4C496F0A,SU ECZANESİ,Giresun,Merkez,40.85973,38.62601,Giresun,Correct
51D112B0-6C38-43D0-A872-5071E5C4E6C2,HÜLYA ECZANESİ,Giresun,Merkez,40.91544,38.38972,Giresun,Correct
69CE08DF-111D-4D25-9AC2-50C303002AEA,YENİ ÇAMOLUK ECZANESİ,Giresun,Çamoluk,40.73676,38.4538,Giresun,Correct
057C1594-C7FC-49E1-A164-54D756678074,T.C. S.B. DERELİ İLÇE DEVLET HASTANESİ,Giresun,Dereli,40.7241,38.46313,Giresun,Correct
14531D02-CFFD-4708-8C72-562E43A0E54C,T.C. S.B. ESPİYE DEVLET HASTANESİ,Giresun,Espiye,40.94966,38.70775,Giresun,Correct
76C176D5-405F-4BA0-9579-56467C328CB0,ZAFER ECZANESİ,Giresun,Görele,41.03143,39.00559,Giresun,Correct
5864A463-CCDB-4A59-A7E6-5676A00CEA90,ŞÜKRÜ KILIÇ MUAYENEHANESİ,Giresun,Merkez,40.91753,38.38732,Giresun,Correct
7E3A10FF-A851-47EF-B1C5-5846190FC3BA,SAĞLIK ECZANESİ,Giresun,Bulancak,40.93873,38.23891,Giresun,Correct
ADF8193F-1B9B-4FF3-BD5E-58E812ECB8C8,DİYET’İM KLİNİK,Giresun,Bulancak,40.93886,38.23372,Giresun,Correct
B55D2FE9-0906-4EBD-AE9F-598249B97512,MERVE ECZANESI,Giresun,Merkez,40.91056,38.34117,Giresun,Correct
11B48122-0EE1-4830-B967-5A583DAE3224,GİRESUN SOĞUKSU ASM,Giresun,Merkez,40.91527,38.38912,Giresun,Correct
C3680703-3224-4C7A-8C86-5BB80A988BAF,AHSEN ECZANESİ,Giresun,Merkez,40.91185,38.42325,Giresun,Correct
965AEF92-0095-460C-BDBA-5BEEB157808E,ARDA ECZANESİ,Giresun,Merkez,40.91826,39.01064,Giresun,Correct
FE51E306-DDA2-4885-A401-5E77FDFB08F9,NURDAN ECZANESİ,Giresun,Merkez,40.90865,38.42573,Giresun,Correct
A13F5918-6C22-4F46-952E-5E8D60BB9876,GİRESUN MERKEZ DUROĞLU ŞEHİT ER ORAL DEMİRAL ASM,Giresun,Merkez,39.28907,-76.50036,No Info,No Info
1B942067-5D76-4652-A9E7-609AE7DD1B71,SELİN ECZANESİ,Giresun,Görele,41.03282,39.00223,Giresun,Correct
B5870E3D-2A85-470D-A03C-60CDF5CB79E5,ZELİHA ÖDEMİŞ ECZANESİ,Giresun,Merkez,40.91741,38.38782,Giresun,Correct
71C8A5E1-8FEF-4EDD-8E9E-6124F9E9184A,YASEMİN BAHADIR BESLENME VE DİYETİSYENLİK MERKEZİ,Giresun,Espiye,38.99387,-76.89396,No Info,No Info
C541859B-DFC5-4991-8EFA-657A98B95AE3,BULANCAK 1 NOLU ŞEHİT ÜSTEĞMEN OĞUZ TÜRÜDÜ ASM,Giresun,Bulancak,40.93779,38.23521,Giresun,Correct
28438755-65D8-4DBB-98E4-68A4F8096883,BULANCAK 5 NOLU AİLE SAĞLIĞI,Giresun,Bulancak,40.93882,38.22722,Giresun,Correct
89404C1F-9859-418D-9D23-68E68374E9B0,YUSUF ÖDEMİŞ MUAYENEHANESİ,Giresun,Merkez,40.91364,38.37828,Giresun,Correct
43433319-837F-41DF-A19D-693A8697C4BB,GİRESUN MERKEZ TOPLUM SAĞLIĞI MERKEZİ,Giresun,Merkez,40.91678,38.3925,Giresun,Correct
310CA0D1-1C0C-4E9C-B1B3-6B3209BAD24C,EMRE ECZANESİ,Giresun,Merkez,40.91261,38.39957,Giresun,Correct
18E47101-4457-49F2-AA15-6B6F7D3B913C,PİRAZİZ MERKEZ ASM,Giresun,Piraziz,40.95257,38.12857,Giresun,Correct
D683B654-C687-4BE8-912B-6C74B3BFCE66,TUĞÇE ECZANESİ,Giresun,Merkez,40.91344,38.38498,Giresun,Correct
B66B1D32-90E6-40CC-9198-6D06D4EB9E2E,MEHMET ESEN MUAYENEHANESİ,Giresun,Espiye,40.95001,38.70772,Giresun,Correct
7579BA2B-2722-4ECD-A359-6E5F19DFFF21,DEVA ECZANESİ,Giresun,Espiye,40.94924,38.71473,Giresun,Correct
3B22066A-BEB8-453D-A92B-6E7487200F47,GİRESUN MERKEZ TEYYAREDÜZÜ ASM,Giresun,Merkez,40.91451,38.33665,Giresun,Correct
522038D9-81DB-46BC-863F-6FCBA610399F,HOTMANOĞLU ECZANESİ,Giresun,Keşap,40.81894,38.73512,Giresun,Correct
C8FDA46C-1A2B-48EB-B278-6FFC1D2EB903,DERMAN ECZANESİ,Giresun,Eynesil,41.06447,39.14269,Giresun,Correct
8029F597-29EC-4617-BE5F-7072B44619EE,DOĞA ECZANESİ,Giresun,Merkez,40.9109,38.33826,Giresun,Correct
C5B2A277-002B-4FA2-9FD9-745BDCBC0971,PINAR ECZANESİ,Giresun,Merkez,40.91428,38.38256,Giresun,Correct
54F7B2BB-21C4-499D-94CB-790E1AEB4976,T.C. S.B. BULANCAK DEVLET HASTANESİ,Giresun,Bulancak,40.94021,38.24446,Giresun,Correct
DB04C93E-CEEF-4613-879B-795A9992561C,GİRESUN YAĞLIDERE AİLE SAĞLIĞI MERKEZİ,Giresun,Yağlidere,40.86078,38.62078,Giresun,Correct
2646BDC2-B0FE-478E-9984-7AD99898D68D,YAŞAM ECZANESİ,Giresun,Merkez,40.90792,38.3701,Giresun,Correct
AA7191D8-5F99-44B9-8E42-7C6179136166,KARADENİZ ECZANESİ,Giresun,Espiye,40.91096,38.42646,Giresun,Correct
A8686A54-EBD8-4899-92BF-7CADE54F0F4B,OSMAN ÖZSOY MUAYENEHANESİ,Giresun,Merkez,40.91726,38.39082,Giresun,Correct
088E84FA-A64F-455A-8B51-7D1808957F96,ABACIBUKU ECZANESİ,Giresun,Merkez,40.90896,38.43956,Giresun,Correct
7C8CF9F9-18FD-49C0-9509-7D632F7CB6BE,ELİF ECZANESİ,Giresun,Merkez,40.9122,38.39831,Giresun,Correct
91D69C7F-A8E8-48B4-A088-7DEDA945FAA6,MURAT YILMAZ MUAYENEHANESİ,Giresun,Merkez,40.91636,38.38962,Giresun,Correct
A73A3320-9C79-4F87-8F8C-7EB3F82266C7,MEYDAN ECZANESİ,Giresun,Merkez,39.33587,-76.43796,No Info,No Info
F5AC386E-65C7-4982-8C74-7EFD26D24C8F,T.C. S.B. TİREBOLU DEVLET HASTANESİ,Giresun,Tirebolu,41.00434,38.82861,Giresun,Correct
085E1421-44ED-405C-8A7E-80CF377D2CE5,GİRESUN 1 NOLU ŞEHİT ER TEKİN ÇINAR ASM,Giresun,Merkez,40.91437,38.38792,Giresun,Correct
07C36BA2-CEC9-4684-A783-81BCAA17B743,UMUT ECZANESİ,Giresun,Bulancak,40.93426,38.19416,Giresun,Correct
F5DC53E0-5D68-4BAE-A717-81E30EF5D8C8,GİRESUN İL SAĞLIK MÜDÜRLÜĞÜ,Giresun,Merkez,40.90801,38.36703,Giresun,Correct
B7C38150-C1E4-4828-A6CF-824EAEBB9678,ŞÜHEDA GÜNAYDIN MUAYENEHANESİ,Giresun,GİRESUN MERKEZ,40.91531,38.51113,Giresun,Correct
EC87B3DA-95ED-4196-9ED8-827C068A16F1,MELİS ECZANESİ,Giresun,Bulancak,40.93709,38.22803,Giresun,Correct
6DC9BE2C-0DDB-438D-8412-8325B24B2B3A,DENİZ ECZANESİ,Giresun,Görele,41.03184,39.00428,Giresun,Correct
41B9D635-AD18-4CDD-AFBE-837CEC72977A,GİRESUN ÜNİVERSİTESİ DİŞ HEKİMLİĞİ FAKÜLTESİ,Giresun,Merkez,39.91835,32.8158,Ankara,Wrong
F77E36F2-BD9A-45FB-9A0B-84ABF41DC718,ŞİFA ECZANESİ,Giresun,Merkez,40.91634,38.38703,Giresun,Correct
4F7E7512-3F43-48BB-989C-84CC50736200,GİRESUN MERKEZ ŞEHİT ÜSTEĞMEN ADNAN BAHAT ASM,Giresun,Merkez,40.90603,38.3677,Giresun,Correct
B35A3054-E1A6-4D1F-8EA9-84D27E4C5C3D,GİRESUN YAĞLIDERE ÜÇTEPE AİLE SAĞLIĞI MERKEZİ,Giresun,Yağlidere,40.72285,38.62698,Giresun,Correct
BC03D7A3-CEBD-470D-9D94-85F2D091A244,ÖZTÜRK ECZANESİ,Giresun,Keşap,37.82332,29.60789,Denizli,Wrong
A5A32CB3-FC6D-440C-B9D1-8670477274E6,BULANCAK 4 NOLU ASM,Giresun,Bulancak,40.9356,38.21922,Giresun,Correct
752A5286-1CB8-4231-8C1E-876AB353AF79,IŞIK ECZANESİ,Giresun,Espiye,40.89488,29.5452,Kocaeli,Wrong
5FABE434-A836-4F53-A38E-87AE5398DF25,DERYA ECZANESİ,Giresun,Merkez,40.9076,38.45151,Giresun,Correct
2D03E5B8-C1B0-4D81-B57E-88B54E44E3FC,ÇİĞDEM ECZANESİ,Giresun,Görele,41.03185,39.00425,Giresun,Correct
1AC6AD47-81EB-479D-869F-89E526FFC4F2,KURT ECZANESİ,Giresun,Dereli,39.46907,-76.26036,No Info,No Info
B2342B10-7821-46D0-8DC2-8A0311153B45,ÇINARLAR ECZANESİ,Giresun,Merkez,40.91868,38.39076,Giresun,Correct
2D67752C-97BE-43B3-B889-8A1CD61876D3,DENİZ ECZANESİ,Giresun,Espiye,40.94741,38.6991,Giresun,Correct
F0FE3CD4-DA96-468C-BFF6-8CEDBEBC3D87,ŞAHİN ECZANESİ,Giresun,Yağlidere,40.85929,38.62594,Giresun,Correct
CEF4D285-93A8-4F23-A347-8DE6CC4CA509,AKYILDIZ ECZANESİ,Giresun,Merkez,40.91157,38.37705,Giresun,Correct
B5C5504B-C293-4B20-A9CE-90245FCE02EE,BOZTEKKE ECZANESİ,Giresun,Merkez,40.91406,38.33437,Giresun,Correct
4D3EE977-8FBC-4BB8-8693-910CD94BCA2E,GAMZE ECZANESİ,Giresun,Bulancak,40.93786,38.23522,Giresun,Correct
690FA73A-C8C2-4761-A80D-9276FB2CC66B,ÖZEL FİLİZ DİYALİZ MERKEZİ,Giresun,Merkez,40.91035,38.38428,Giresun,Correct
E60DEB84-1832-4920-9B54-931AB02BDEAF,İSMET ÖNER MUAYENEHANESİ,Giresun,Merkez,40.91746,38.38595,Giresun,Correct
7AA8D472-11AB-4971-95B4-9361DEDB3A52,BULANCAK İLÇE SAĞLIK MÜDÜRLÜĞÜ,Giresun,Bulancak,40.93769,38.23686,Giresun,Correct
9E5EC0E4-8A9C-4BCE-876B-943C523CFC72,TOLGA ECZANESİ,Giresun,Espiye,40.94911,38.70652,Giresun,Correct
3DA5778B-EFF3-4E66-B41B-9492FD8E2034,İPEKYOLU ECZANESİ,Giresun,Ş.KARAHİSAR,40.32079,38.76439,Giresun,Correct
8FA97EBA-B174-496B-A90C-950F419B92F4,YEŞİM ECZANESİ,Giresun,Merkez,40.91059,38.33991,Giresun,Correct
77F24BFF-1D56-41F7-8116-95925CD17937,CEM ECZANESİ,Giresun,Merkez,40.91435,38.38784,Giresun,Correct
5EB1EFCB-EA32-41F6-9FF2-965AB5358C7A,ESPİYE MERKEZ TSM,Giresun,Espiye,40.94633,38.69669,Giresun,Correct
10A6B3CD-820F-4F50-9B47-967C653B5867,BÜŞRA ECZANESİ,Giresun,Doğankent,40.81625,38.92137,Giresun,Correct
09A084D3-AD29-4FC4-BBFA-96F585B2E34A,VERESELİ GEDİKKAYA ECZANESİ,Giresun,Merkez,40.91604,38.50706,Giresun,Correct
1A93214B-35AF-458D-9E65-99A7E147E1A9,KARABIÇAK ECZANESİ,Giresun,Merkez,40.91035,38.44404,Giresun,Correct
2F97D872-4C5B-47CC-9844-9A22C6CAD69B,SÜRENSOY ECZANESİ,Giresun,Merkez,40.90952,38.41963,Giresun,Correct
777C1E6A-E5D1-47B5-8787-9A8790B31D03,ÖZTÜRK ECZANESİ,Giresun,Merkez,39.30077,-76.48476,No Info,No Info
D49233D1-5451-4B54-84C7-9B83E41E2078,IRMAK ECZANESİ,Giresun,Merkez,40.91516,38.51285,Giresun,Correct
A1B08DAC-AC2D-4576-BDE9-9BCF644AF0AD,ÖZEL GİRESUN ADA HASTANESİ,Giresun,Merkez,40.91326,38.44351,Giresun,Correct
EF48D890-049E-4E89-BD7B-9C0ED455957D,ÇAMOLUK İLÇE DEVLET HASTANESİ,Giresun,Çamoluk,40.13413,38.73669,Giresun,Correct
81DD6D32-A6E6-49E6-9B5B-9CBBCB191DC4,ÇOTANAK ECZANESİ,Giresun,Merkez,40.9182,38.38459,Giresun,Correct
49146B4C-EFD2-46EA-B6EF-9CFA17124038,DEMİRKILIÇ ECZANESİ,Giresun,Bulancak,40.93488,38.21365,Giresun,Correct
330C7F72-BC0D-472E-A07E-9D15DF47BC59,AHMET-MUSTAFA GELDİ MUAYENEHANESİ,Giresun,Dereli,40.7378,38.44958,Giresun,Correct
889873C3-2752-42D8-90AB-9F0449D6F83A,SARAY ECZANESİ,Giresun,Merkez,40.90771,38.44263,Giresun,Correct
1F979191-DEAE-4C5E-9159-9F539C709E28,FİLİZ ECZANESİ,Giresun,Görele,41.03235,39.00295,Giresun,Correct
4F544E6E-BFFD-4C13-9640-A0968B0BE229,ŞÜKRAN ECZANESİ,Giresun,Görele,41.04034,39.06615,Giresun,Correct
019B4A69-E0A9-4C95-8127-A33C5D1FFE4B,MURAT HAKAN GÜR MUAYENEHANESİ,Giresun,Merkez,40.91602,38.39121,Giresun,Correct
A20BEB40-C671-4164-BB3D-A504882A05C0,DEVA ECZANESİ,Giresun,Bulancak,40.93582,38.21924,Giresun,Correct
7DE3A77C-D29C-473A-8448-A5207C3B9DAA,ŞAFAK ECZANESİ,Giresun,Görele,41.03206,39.00249,Giresun,Correct
34FD7C94-AA7E-4C8C-9AC5-A645CA2CAA38,DENİZ ECZANESİ,Giresun,Bulancak,40.93871,38.23938,Giresun,Correct
CA0E6576-C80D-48E1-9272-A6B66A6600A1,ERTEKİN ECZANESİ,Giresun,Bulancak,40.93683,38.22865,Giresun,Correct
348BDAEA-C0B9-4DAA-983E-A7274A216E87,EROL İSKENDEROĞLU MUAYENEHANESİ,Giresun,Tirebolu,41.00708,38.81547,Giresun,Correct
93575D4F-C41D-488A-BB98-A7BDB7557B53,BULANCAK KOVANLIK ASM,Giresun,Bulancak,40.75491,38.12884,Giresun,Correct
69EE7143-2341-4C35-98AE-AA506B5D9E0F,NESLİHAN ECZANESİ,Giresun,Merkez,40.91373,38.38363,Giresun,Correct
490A8855-75A2-4FF6-AA12-AD5AA5DB7635,KESKİN ECZANESİ,Giresun,Espiye,40.94974,38.71011,Giresun,Correct
4114D146-3886-4AAD-A987-AE12B2FD675E,İLKER ECZANESİ,Giresun,Tirebolu,41.00428,38.82792,Giresun,Correct
D94D088D-7DD4-430C-9270-AE1DEA98C2CD,ALİ SABİT BULAM MUAYENEHANESİ,Giresun,Merkez,40.9167,38.38816,Giresun,Correct
F1D510E3-90E4-4B4F-8951-AF8B866F87C0,KARDELEN ECZANESİ,Giresun,Bulancak,40.93781,38.2311,Giresun,Correct
CE95593C-627A-48E7-ACF8-B24FAA403363,GÜCE MERKEZ ASM,Giresun,Güce,40.89635,38.80694,Giresun,Correct
E8BB44F6-C62B-4493-AFFA-B2D5AC18E43A,KEŞAP MERKEZ TSM,Giresun,Keşap,40.8229,38.55145,Giresun,Correct
B8D7963E-AC36-4204-B8C7-B428F93B2954,EYNESİL MERKEZ 1 NOLU KAMİL NALBANT ASM,Giresun,Eynesil,41.06151,39.13743,Giresun,Correct
26248F37-BEAA-4897-B730-B683267A8C3D,DERELİ MERKEZ TSM,Giresun,Dereli,40.72533,38.45307,Giresun,Correct
9D3236CF-8D84-4E18-A7D2-B71BA2754067,HAZAR ECZANESİ,Giresun,Merkez,40.91432,38.33548,Giresun,Correct
67ABB3A6-9E9D-45F4-8DBC-B8F07D907BA6,BİLGE ECZANESİ,Giresun,Yağlidere,40.78066,38.78087,Giresun,Correct
22425673-552E-45B4-91EA-B8F87B66DC12,ŞİFA ECZANESİ,Giresun,Tirebolu,41.00551,38.84633,Giresun,Correct
E7DED74C-E8D5-4948-B2F6-B9A440493132,YAĞLIDERE DEVLET HASTANESİ,Giresun,Yağlidere,40.85842,38.62778,Giresun,Correct
B867641B-CBCA-4E65-B886-B9D0462C9643,MÜGE ECZANESİ,Giresun,Bulancak,40.93935,38.24151,Giresun,Correct
3B6BBE43-1420-47BE-BC12-BBDD16202B31,AYŞEGÜL ECZANESİ,Giresun,Yağlidere,40.85989,38.62534,Giresun,Correct
38B0EE1E-7705-4F9F-A706-BBE61328D111,ZEYNEP ECZANESİ,Giresun,Merkez,40.91278,38.37952,Giresun,Correct
5AB0CC37-A436-4F57-A396-BC862CDCA5B2,EBRU ECZANESİ,Giresun,Merkez,40.90802,38.37037,Giresun,Correct
086827F2-4FB1-499B-9791-BCB9B0B5F343,HASTANELER ECZANESİ,Giresun,Merkez,40.91474,38.38963,Giresun,Correct
D22C3B5F-8CD4-4429-B8AF-BE720A51877B,ÇANAKÇI ECZANESİ,Giresun,Çanakçi,40.91321,38.38062,Giresun,Correct
09B995E6-EE67-40CC-9D95-BE8A3561C225,DEVA ECZANESİ,Giresun,Merkez,40.91711,38.38555,Giresun,Correct
4996B9ED-0D08-4EED-8835-BFF916333F81,GİRESUN BELEDİYESİ SAĞLIK BİRİMİ,Giresun,Merkez,40.93298,38.30247,Giresun,Correct
F1D680E0-BB0C-4F03-98D8-C0386F548CD5,YENİ YAĞLIDERE ECZANESİ,Giresun,Yağlidere,40.86084,38.62479,Giresun,Correct
616D66F1-1049-4256-93CD-C0735253E300,NESRİN EMÜR MUAYENEHANESİ,Giresun,Merkez,40.91439,38.38443,Giresun,Correct
FE210D2C-2E51-429D-AE97-C17EC235A0F1,ZAFER ECZANESİ,Giresun,Bulancak,40.93578,38.21485,Giresun,Correct
A53196B4-6B56-4C51-A02B-C433B5494651,GÖRELE ŞEHİT YÜZBAŞI TEMEL KUĞUOĞLU ASM,Giresun,Görele,41.03106,39.00681,Giresun,Correct
DAB933B0-A411-46BF-8FCE-C484F3D50E49,KUTLAY ECZANESİ,Giresun,Merkez,40.91637,38.32956,Giresun,Correct
33E0D2EC-D5F0-453C-923D-C5466617A16D,EYÜPOĞLU ECZANESİ,Giresun,Espiye,40.91472,38.40048,Giresun,Correct
5EDBA109-8B3C-48BE-8D68-C5666CE0FD5B,AYTUĞ ECZANESİ,Giresun,Görele,41.0314,39.0057,Giresun,Correct
526CDCD7-30AB-4EFC-83FF-C5858F4E5E53,BULANCAK 3 NOLU BALLICA ASM,Giresun,Bulancak,40.93452,38.21363,Giresun,Correct
E447DC3E-57D9-4F0C-ABB6-C5B2E1E70324,YILMAZ ECZANESİ,Giresun,Espiye,40.91403,38.40125,Giresun,Correct
004821FF-97C6-4318-BCFC-C5E898F85347,SOKAKBAŞI ECZANESİ,Giresun,Merkez,40.91757,38.38932,Giresun,Correct
87E29075-44B5-4B7F-BC02-C7C6CE8A5ED1,TAHMAZ ECZANESİ,Giresun,Görele,41.03444,38.98635,Giresun,Correct
D866955C-F7DF-4002-A680-C8855A33D229,PİRAZİZ ECZANESİ,Giresun,Piraziz,40.95247,38.14718,Giresun,Correct
181A05CE-7B52-4622-B74D-C8C3DE7A2DE9,VERESELİ HAYAT ECZANESİ,Giresun,Bulancak,40.93704,38.22873,Giresun,Correct
4898B514-8F01-471B-ACC0-CAE9AD5507DE,NİSAN ECZANESİ,Giresun,Şebinkarahisar,40.28953,38.42315,Giresun,Correct
5FA9D023-7686-45B0-8C18-CC0E38DF2FFD,GÜCE İLÇE DEVLET HASTANESİ,Giresun,Güce,40.91552,38.33546,Giresun,Correct
A8802A37-DB4B-4C1E-A69A-CEA643D9A32A,TÜRKOĞLU ECZANESİ,Giresun,Güce,40.96012,38.73387,Giresun,Correct
2DDF6CD4-01EE-4ABD-ABD8-CF5AE88DBD41,AYLİN ARSLAN MUAYENEHANESİ,Giresun,GİRESUN MERKEZ,40.899,38.43682,Giresun,Correct
27376595-5F60-4860-90ED-D1AF3F569DC8,GÜCE ECZANESİ,Giresun,Güce,40.95888,38.73198,Giresun,Correct
6FD799F7-7D83-4ED6-AE2E-D1DCE4781E4A,KİTAPÇI ECZANESİ,Giresun,Merkez,40.91735,38.38517,Giresun,Correct
92635982-F6BD-40BE-BCFE-D27EF68CB77A,IŞIK ECZANESİ,Giresun,Merkez,40.91374,38.38486,Giresun,Correct
54EB36B6-FF7A-4359-9453-D284520CA8C9,RANA ECZANESİ,Giresun,Alucra,40.31545,38.76955,Giresun,Correct
A59156DA-40BC-4EEB-8907-D3A9FEF6F7A1,ÖMÜR ECZANESİ,Giresun,Merkez,40.85963,38.62611,Giresun,Correct
8F786299-D6D0-42BE-9D28-D45F3EA9B8E8,MARTI ECZANESİ,Giresun,Bulancak,40.93763,38.23476,Giresun,Correct
076ABFDE-339E-4792-8ECF-D5EA41C14F1B,İNCİ ECZANESİ,Giresun,Merkez,40.91778,38.38956,Giresun,Correct
05D8953A-94A5-4A68-BA11-D66EBC470CB0,SONER ÇAKIR MUAYENEHANESİ,Giresun,Merkez,40.91663,38.38799,Giresun,Correct
F56D15FF-CB4A-4E3E-A3A0-D6916B12DBC2,ARİF ECZANESİ,Giresun,Merkez,39.59867,-76.08756,No Info,No Info
5D04B893-0E2F-40AA-BF10-D79932270F58,DEFNE ECZANESİ,Giresun,Merkez,40.91434,38.3878,Giresun,Correct
7A9CACC2-82A2-4FB8-94C6-D8DF2857FCBF,ŞİFA ECZANESİ,Giresun,Bulancak,40.93733,38.22542,Giresun,Correct
2F23F217-ECE6-415A-AAB1-D94872C14200,VERESELİ UĞUR ECZANESİ,Giresun,Tirebolu,41.00685,38.81503,Giresun,Correct
9CB53147-28C3-448D-A60F-D9B772FE456B,DERMAN ECZANESİ,Giresun,Dereli,40.73733,38.44981,Giresun,Correct
17EA0FB5-97AD-4BA6-81C7-DA90106D4885,GİRESUN ÜNV. GİRESUN E.A.H.,Giresun,Merkez,40.824,38.49925,Giresun,Correct
28AB56E2-863D-45B9-B291-DA9745606FDB,FATMA YILDIZ HACIŞABANOĞLU MUAYENEHANESİ,Giresun,Merkez,40.91671,38.38322,Giresun,Correct
2F6F0C1E-8071-41FD-A6B1-DABDA5100115,KUMYALI ECZANESİ,Giresun,Merkez,40.91518,38.38301,Giresun,Correct
280119FC-DC1E-47F8-8655-DC7F4DAF177F,HÜSAMETTİN GÖKSÜZOĞLU MUA.,Giresun,Merkez,40.91675,38.38794,Giresun,Correct
D07C7BDD-32A8-4BB6-BB05-DDDF3E36C1AA,FATİH ECZANESİ,Giresun,Keşap,40.91653,38.50959,Giresun,Correct
2EDECCE1-9C1C-498F-B4BA-E02C6DC438D8,EREN ECZANESİ,Giresun,Eynesil,41.06386,39.1421,Giresun,Correct
E8F32145-0FA0-440A-9D1E-E05CA2EE0EA7,KEŞAP MERKEZ ASM,Giresun,Keşap,40.9167,38.50873,Giresun,Correct
67028665-45F9-44A0-ADF0-E12798FE7B9E,KORAY ECZANESİ,Giresun,Espiye,40.94861,38.71215,Giresun,Correct
937892AF-AF39-43B3-B406-E17054AA6967,BALLICA ECZANESİ,Giresun,Bulancak,40.93473,38.21366,Giresun,Correct
6C2041FD-5856-4E44-AC23-E1C36A9FE5FB,ALPER SEZER AYDIN MUAYENEHANESİ,Giresun,Merkez,40.91606,38.38467,Giresun,Correct
2D4FFAC6-A82A-4CDE-B616-E220606A5AC1,SAFA AYAR MUAYNEHANESİ,Giresun,Merkez,40.91583,38.51772,Giresun,Correct
DC13192C-E818-4C9E-9504-E26FE1C4BDBD,GİRESUN DERELİ ŞHT.ER NECMETTİN ATİK AİLE SAĞLIĞI MERKEZİ,Giresun,Dereli,40.77735,38.45017,Giresun,Correct
DA68C23B-24DD-4DFD-854D-E5AD195E9182,İSTİKAMET ECZANESİ,Giresun,Merkez,40.91454,38.38852,Giresun,Correct
747E3128-1BBD-498D-8CF8-E77054CE33C5,KURTOĞLU ECZANESİ,Giresun,Merkez,40.91582,38.38442,Giresun,Correct
A9E57767-D33A-4DB7-A2DB-E77474CC9F5E,T.C. S.B. GÖRELE OP. DR. ERGUN ÖZDEMİR DEVLET HASTANESİ,Giresun,Görele,41.03705,38.97892,Giresun,Correct
83E936A7-73AD-4FE7-A05D-E7A2C97AF170,GİRESUN TİREBOLU MERKEZ 1 NOLU AİLE SAĞLIĞI MERKEZİ,Giresun,Tirebolu,41.00604,38.81015,Giresun,Correct
BE2B5A0F-F10D-427F-B0BC-E8EE1219FC8E,MUTLU ECZANESİ,Giresun,Espiye,40.94906,38.70832,Giresun,Correct
99740F81-8D5E-46C9-A824-E97403C76A65,ÖZEL GİRESUN AĞIZ VE DİŞ SAĞLIĞI POLİKLİNİĞİ,Giresun,Merkez,38.97227,-76.92276,No Info,No Info
B8E7FE0B-F5F4-46EC-B8BC-E97EF0BD2DCD,GÖKÇE ECZANESİ,Giresun,Merkez,40.91404,38.33431,Giresun,Correct
21481D45-A480-4069-81A5-EA9CDBCEEC12,ECE ECZANESİ,Giresun,Keşap,40.91613,38.51299,Giresun,Correct
DAD1DAF6-264F-45DF-B211-EBA7C6B34F08,BUĞRA EMRE YAVUZYILMAZ MUAYENEHANESİ,Giresun,Görele,41.03177,39.00272,Giresun,Correct
FABBA2DC-C39E-4E2F-8AB2-EBF9A4B83E24,ŞEBİN ECZANESİ,Giresun,Ş.KARAHİSAR,40.29133,38.42555,Giresun,Correct
7D7BCCE6-CF3E-4A91-B73E-ECEF2A60EF12,FATİH AKSÜT MUAYENEHANESİ,Giresun,Merkez,40.91698,38.38687,Giresun,Correct
6D92E88F-C34E-4EFB-B3BE-EDAE0B9F0794,URAL ECZANESİ,Giresun,GİRESUN MERKEZ,40.9142,38.38734,Giresun,Correct
E0A43D93-5568-4448-9CBF-EDE7597667E7,GÖKHAN ECZANESİ,Giresun,Merkez,40.89964,38.43745,Giresun,Correct
76B91EBF-3885-4F34-8D67-F0E59DFEAE7C,MUSTAFA PUL MUAYENEHANESİ,Giresun,Merkez,40.91659,38.38864,Giresun,Correct
646F12D1-4B2B-4244-B8E0-F2397DF06D08,SEFA ECZANESİ,Giresun,Merkez,40.91433,38.39513,Giresun,Correct
A07982AE-2750-4F3C-A74A-F25B02AEA3CE,MEHMET ALİ NEBİOĞLU MUAYENEHANESİ,Giresun,Görele,41.03303,39.00205,Giresun,Correct
5B5E782C-688B-4787-85A1-F3B8231C52FB,GİRESUN MERKEZ KUMYALI ASM,Giresun,Merkez,40.9131,38.37884,Giresun,Correct
094D9BA8-F954-4246-B1F1-F4B29B7B7C77,T.C. S.B. ALUCRA İLÇE DEVLET HASTANESİ,Giresun,Alucra,40.32193,38.76624,Giresun,Correct
CED4D0EB-4B97-4653-983B-F5859D5FF33A,KENAN PALTUN MUAYENEHANESİ,Giresun,Tirebolu,41.00737,38.8148,Giresun,Correct
855287B8-25FF-42D2-840D-F7B323145844,GİRESUN AKSU ŞEHİT ONBAŞI ERSİN CEBECİ ASM,Giresun,Merkez,40.1541,38.766,Giresun,Correct
3D468C06-3FFB-497F-A293-F7C557CA1B34,ÖZÇAKIR ECZANESİ,Giresun,Merkez,40.91541,38.51767,Giresun,Correct
D86519A1-1C22-4CB7-821B-F923168E518C,GİRESUN SANAYİ ASM,Giresun,Merkez,40.81579,38.91643,Giresun,Correct
E386D366-3744-41F2-B294-F947CDB439A9,ŞENOL ECZANESİ,Giresun,Merkez,40.91429,38.33536,Giresun,Correct
95CF9A9A-5682-4C49-AC22-FB0CFE7DBCD7,KOVANLIK ECZANESİ,Giresun,Bulancak,40.7468,38.12732,Giresun,Correct
3E1C660F-3228-443E-9E1E-FBB92B6C4702,TEKİN KIR MUAYENEHANESİ,Giresun,Yağlidere,40.85996,38.62576,Giresun,Correct
8EB03E35-7D6E-4891-A976-FD1130046325,SU ECZANESİ,Giresun,Merkez,40.85973,38.62601,Giresun,Correct
7893B1A4-A0B3-4F64-9AA3-FD17DE3E1070,YAĞMUR ECZANESİ,Giresun,Şebinkarahisar,40.28955,38.42316,Giresun,Correct
1D94A452-6F41-4032-982F-FD40519DB042,ESPİYE 2 NOLU AİLE SAĞLIĞI MERKEZİ,Giresun,Espiye,40.94888,38.70673,Giresun,Correct
A75AE5A8-9907-47B1-BAFB-FD41AF36B3CB,HAYAT ECZANESİ,Giresun,Görele,41.03209,39.00202,Giresun,Correct
4A9A8789-AF83-4ABB-850E-FD590EFCB2E6,ART AĞIZ VE DİŞ SAĞLIĞI HİZMETLERİ,Giresun,Merkez,40.91736,38.38663,Giresun,Correct
0BAA717C-BB97-4AE8-BCB2-FED3672D47FC,ŞAHİN ECZANESİ,Giresun,Bulancak,40.93776,38.2352,Giresun,Correct
59A24891-A077-4B48-A676-FFE8D9090102,YENİYOL ECZANESİ,Giresun,Merkez,40.91385,38.3958,Giresun,Correct
