UnitId,UnitName,CityName,DistrictName,Latitude,Longitude,DetectedCity,Match
92219CA3-D7E2-4257-A0DC-009EB22D39F1,YENİ ÖZTÜRK ECZANESİ,Rize,Çayeli,41.091,40.72682,Rize,Correct
19B80BA6-6169-4649-AA4B-0164177BCD42,NURŞEN ERGENÇ HASANÇEBİ MUAYENEHANESİ,Rize,Pazar,41.18038,40.88541,Rize,Correct
4A03B04A-697B-45AA-B7B8-02E645EF0A0B,ALİ İHSAN KOÇ MUAYENEHANESİ,Rize,Merkez,41.02464,40.42792,Rize,Correct
7E258E1D-FD34-4690-AFF0-0316F6FE4127,KALKANDERE CEZAEVİ 6 NOLU AİLE SAĞLIĞI MERKEZİ,Rize,Kalkandere,40.92572,40.44508,Rize,Correct
79786B91-AF44-4951-AB86-061D1C31E79A,FAKÜLTE ECZANESİ,Rize,Merkez,39.31067,-76.47156,No Info,No Info
F6034EC7-FF7E-4ED8-9890-06381BEDF062,KÜBRA ECZANESİ,Rize,Merkez,41.0309,40.51498,Rize,Correct
EF6EE1A0-0D62-4E01-92B7-06C5400F88C0,T.C. S.B. RİZE AĞIZ VE DİŞ SAĞLIĞI MERKEZİ,Rize,Merkez,41.02615,40.51797,Rize,Correct
B116D795-2D8F-45FA-A253-097028EA9C7D,ŞİFA ECZANESİ,Rize,Çayeli,41.07024,40.80368,Rize,Correct
B99325BE-A0DF-4F41-97C8-0B55111890C8,ÇOMOĞLU ECZANESİ,Rize,Çayeli,41.09128,40.72712,Rize,Correct
8BAB66B5-79B9-462A-B835-0B658CCE56E0,RİZE GÜNEYSU 1 NOLU AİLE SAĞLIĞI MERKEZİ,Rize,Güneysu,40.97874,40.61286,Rize,Correct
4A25BC6E-4EEC-45DD-B448-0B9512AE914E,ÜSKÜT ECZANESİ,Rize,Hemşin,41.04904,40.89938,Rize,Correct
B2149D7F-3379-484E-A0A5-0C0C5774F551,KAÇKAR ECZANESİ,Rize,Pazar,41.17942,40.94422,Rize,Correct
6553F15D-1DED-43B7-B19C-0F5F0F1374D5,ÖZEL KARADENİZ DİŞ POLİKLİNİĞİ,Rize,Merkez,41.02547,40.42595,Rize,Correct
C0A51DE4-3A06-4258-A597-112CC4E854AB,ZEKİ KARADENİZ MUAYENEHANESİ,Rize,Çayeli,41.08877,40.72473,Rize,Correct
CB621DEE-70BA-45F4-8F80-1138C0D56663,SERKAN ECZANESİ,Rize,Merkez,41.02878,40.51533,Rize,Correct
F1FFFF82-CD2F-4CC9-ABB1-12D7DDDC78F4,EKŞİOĞLU ECZANESİ,Rize,İkizdere,40.77693,40.56,Rize,Correct
E820C7EB-6932-4DBE-8F2A-13E16CE4ADEA,FINDIKLI ECZANESİ,Rize,Findikli,41.27391,41.14402,Rize,Correct
A8A2A8EF-E18B-4FF1-8BD7-1601E02B67FB,ÇİÇEK ECZANESİ,Rize,Kalkandere,41.01193,40.36081,Rize,Correct
549BDC7B-809E-476B-83CF-18221D053FCE,DENİZ ECZANESİ,Rize,Findikli,41.2659,41.13504,Rize,Correct
E008A1C4-E441-4B7D-B7FE-1A05CA7C09D2,YÜCEL ECZANESİ,Rize,Ardeşen,41.19435,40.99766,Rize,Correct
0186B2DD-1B39-49C1-A97F-1A5CD9F343C7,ŞİFA ECZANESİ,Rize,Ardeşen,39.47987,-76.24596,No Info,No Info
11412A72-3742-478C-BCD9-1AFFBD5B22F4,VATAN ECZANESİ,Rize,Merkez,41.03095,40.51493,Rize,Correct
25D8BE01-82F6-48E0-84A6-1B255F9B164D,CAHİT ŞAHİN MUAYENEHANESİ,Rize,Merkez,41.02804,40.5168,Rize,Correct
851E40E1-ECFF-44C2-9157-211B69491171,KAÇKAR DEVLET HASTANESİ,Rize,Pazar,41.17932,40.94397,Rize,Correct
0D48D328-A1E8-4EAA-899A-22E749060520,ÖZTÜRK ECZANESİ,Rize,Çayeli,39.58067,-76.11156,No Info,No Info
39655F30-CFF9-408D-8EC9-23B1C372362A,ÇAYELİ ECZANESİ,Rize,Çayeli,41.08486,40.71919,Rize,Correct
E92E4A11-2204-4DDB-B640-23F77CD49FA7,RİZE İYİDERE 1 NOLU AİLE SAĞLIĞI MERKEZİ,Rize,İyidere,41.01178,40.36204,Rize,Correct
C8E55BEC-5D8B-4CBD-AB69-242782E3A010,BİZİM ECZANESİ,Rize,Merkez,41.02469,40.42716,Rize,Correct
BEB4A3DF-0491-45B4-BA15-255C4F08DB50,MAHİR GÜVEN MUAYENEHANESİ,Rize,Merkez,40.97754,40.61698,Rize,Correct
4183ED10-1649-424F-8E0D-267EABEF8235,SEVİM ECZANESİ,Rize,Ardeşen,41.19742,41.00496,Rize,Correct
2B9B7BDD-5B38-4BB9-AD22-28B7994E0A45,FINDIKLI MERKEZ TSM,Rize,Findikli,41.27571,41.14642,Rize,Correct
0031BA28-F44D-40E0-BBFE-2A827F7ED6BB,BAYRAKTAR ECZANESİ,Rize,Derepazari,41.05496,40.76153,Rize,Correct
347868F9-2C86-4FE5-A30F-2EB38F05CCC8,MUHSİN SARIHAN MUAYENEHANESİ,Rize,Merkez,41.02973,40.55204,Rize,Correct
D38D3753-13F8-4C3D-B9E8-33A88C7FAE14,KÜÇÜKVAR ECZANESİ,Rize,Merkez,41.02598,40.51739,Rize,Correct
3DDA3A5A-1573-4BA2-AF8E-38F0467062D4,DENİZ ECZANESİ,Rize,Merkez,39.03347,-76.84116,No Info,No Info
694F9FA3-32C8-42F4-91BE-3A9FF38B4247,T.C. S.B. RİZE RECEP TAYYİP ERDOĞAN ÜNİVERSİTESİ EĞİTİM VE ARAŞTIRMA HASTANESİ,Rize,Merkez,41.03896,40.57174,Rize,Correct
AD65A731-2C6C-4E0C-943B-3AF5B70EB29E,SELMA PARLAK MUAYENEHANESI,Rize,Ardeşen,41.19252,40.99355,Rize,Correct
984629DD-7C6E-4059-B4EC-3B423A7DF96E,ELİF DERE MUAYENEHANESİ,Rize,Merkez,41.03019,40.51102,Rize,Correct
AA65CB18-E598-42E4-AFAB-3BB7A494F08C,RİZE ARDEŞEN MERKEZ 3 NOLU AİLE SAĞLIĞI MERKEZİ,Rize,Ardeşen,41.19281,40.99451,Rize,Correct
B40DE693-68C7-4EA7-9898-3C0217E1F56C,T.C. S.B. FINDIKLI BÖLGE GUATR ARAŞTIRMA VE TEDAVİ MERKEZİ,Rize,Findikli,41.26724,41.13711,Rize,Correct
7BFFF58D-FEA2-44AC-834B-3C51B43815AF,NAGİHAN ÖZÇELİK DİYET MERKEZİ,Rize,Merkez,40.89959,40.56212,Rize,Correct
582612D2-3425-4050-950F-3CBFDA605659,BALCI ECZANESİ,Rize,Merkez,41.04611,40.89973,Rize,Correct
71D9A3B9-2959-4478-9496-3D023C5E501C,GARDENYA BESLENME DANIŞMANLIĞI,Rize,Merkez,39.47627,-76.25076,No Info,No Info
9F7D1578-6270-48AF-B93D-3D1BA599A112,ÖMÜR ECZANESİ,Rize,Merkez,41.19002,40.99004,Rize,Correct
96DA0BB2-7DAE-4987-B136-3E6A4297A0B3,İBNİ SİNA ECZANESİ,Rize,Merkez,41.01824,28.87239,İstanbul,Wrong
C0D264B8-7483-4581-B067-3FBDC5849600,ESMA ECZANESİ,Rize,Çayeli,41.09145,40.73538,Rize,Correct
DC27BBB8-2647-4B5E-B538-402DDB7A62F0,TOPÇU ECZANESİ,Rize,Merkez,41.02549,40.51587,Rize,Correct
A64A5E68-CEE9-4FCD-8399-4180F19B66C8,BİZİM ECZANESİ,Rize,Ardeşen,36.64628,29.36343,Muğla,Wrong
8BFC602B-F0F8-45C7-8BD6-44CB34DFE662,RİZE MERKEZ 4 NOLU AİLE SAĞLIĞI MERKEZİ,Rize,Merkez,41.04523,40.61782,Rize,Correct
5921C39C-41FA-4518-A17A-465D9CC8F894,ÇAMLIHEMŞİN ECZANESİ,Rize,Çamlihemşin,41.0457,41.00538,Rize,Correct
BE25369F-08DD-4F2F-B62D-499E8ECFB852,RİZE MERKEZ 7 NOLU AİLE SAĞLIĞI MERKEZİ,Rize,Merkez,40.94934,40.54459,Rize,Correct
51672EBB-F5EE-4C8B-A8E0-49E824A30777,CİHAN KAANOĞLU MUAYENEHANESİ,Rize,Findikli,41.27197,41.14211,Rize,Correct
E641CCC8-F48D-4EBD-BBCB-4BA712A774D9,OSMAN CANER UYGUR MUAYENEHANESİ,Rize,Kalkandere,40.92809,40.44211,Rize,Correct
B613B149-7272-4E52-9278-4D32721FA6C6,SEVİLAY ECZANESİ,Rize,Merkez,41.02372,40.51986,Rize,Correct
F619C0A1-65DD-4B46-A957-4FC6D30C2A8A,KENDİRLİ ECZANESİ,Rize,Merkez,40.9723,40.42975,Rize,Correct
95E0A308-349A-4935-AF67-4FC97245256A,MURAT KAĞANOĞLU MUAYENEHANESİ,Rize,Ardeşen,41.19138,40.99145,Rize,Correct
AE413696-B661-4B29-AD41-4FD7C7C51DC1,ZELKİF AKGÜL MUAYNEHANESİ,Rize,Merkez,41.02616,40.51643,Rize,Correct
C0347085-972F-49A2-B13C-502BDEBDD117,AHMET BASA MUAYENEHANESİ,Rize,Pazar,41.18056,40.88688,Rize,Correct
30798FD6-90C6-4F24-B420-51AAFEB7B024,KARADENİZ ECZANESİ,Rize,Pazar,41.19025,40.98658,Rize,Correct
CEF2C453-97B1-4859-8BF0-5316CF31C27F,AHMET ARİF ACAR MUAYENEHANESİ,Rize,Pazar,39.03167,-76.84356,No Info,No Info
8B76B820-1306-4713-A63D-53B433196565,İKİZDERE HAKKI EMİNE EKŞİ İLÇE ENTEGRE HASTANESİ,Rize,İkizdere,40.8172,40.47915,Rize,Correct
0346BDEA-D67C-4D35-A09F-55DFAED1A0C3,CAN ECZANESİ,Rize,Merkez,41.02788,40.51413,Rize,Correct
81FDD787-89D3-46EC-96FE-55E59928C151,KARADENİZ ECZANESİ,Rize,Ardeşen,41.19025,40.98658,Rize,Correct
8E79F154-10EB-413A-B5F7-55FC4F176C92,İSMAİLOĞLU ECZANESİ,Rize,Merkez,41.02782,40.51558,Rize,Correct
07CC153A-1571-4F3E-8AD7-5946BC64FB70,MERKEZ ECZANESİ,Rize,Çayeli,41.08787,40.72372,Rize,Correct
8CBD1C8B-A392-45EC-9D8B-5AD8672B8E3F,T.C. S.B. RİZE DEVLET HASTANESİ,Rize,Merkez,41.09021,40.72673,Rize,Correct
F879090A-AA94-4013-A47A-5B3BA04022DC,SUAT KILIÇ MUAYENEHANESİ,Rize,Pazar,41.18045,40.88525,Rize,Correct
76226768-D3A2-4804-A8B9-5B53AC30F6E4,RİZE MERKEZ 1 NOLU AİLE SAĞLIĞI MERKEZİ,Rize,Merkez,41.02334,40.52867,Rize,Correct
5175BDD2-8529-447C-8C8A-5DD41AAF141E,ONUR ECZANESİ,Rize,Merkez,41.02995,40.51383,Rize,Correct
783165C5-7875-4CCB-9ED1-6218ABC07851,İYİDERE ECZANESİ,Rize,İyidere,41.01212,40.36052,Rize,Correct
A9FC9A0D-0335-4E53-B1E5-66106E1B0B9F,SAMİ BİLSEL-SEBAHATTİN İSLAMOĞLU MUAYENEHANESİ,Rize,Merkez,41.04559,40.90119,Rize,Correct
8578FC65-AC49-4927-8EF2-676C2650FF2B,SEVGİ ECZANESİ,Rize,Merkez,39.00017,-76.88556,No Info,No Info
884F416C-AA98-4034-8E15-68260638C998,MERVE ECZANESI,Rize,Merkez,41.02756,40.51426,Rize,Correct
83BE5325-1DF5-4F26-A9C3-68416975F4BB,RİZE ÇAYELİ 4 NOLU AİLE SAĞLIĞI MERKEZİ,Rize,Çayeli,41.08302,40.72616,Rize,Correct
5635EAD8-9032-4806-B554-69A1DD278DCD,ŞAFAK KILIÇ MUAYENEHANESİ,Rize,Pazar,41.18079,40.88804,Rize,Correct
13B15BF4-B7C8-4472-94E3-6EE37373558E,RİZE MERKEZ 10 NOLU FENER ASM,Rize,Merkez,41.03793,40.49175,Rize,Correct
338ED75B-73D0-4C31-8559-717C8345FF90,ÖZEL RİZE AĞIZ VE DİŞ SAĞLIĞI POLİKLİNİĞİ,Rize,Merkez,41.02539,40.52023,Rize,Correct
D582CC68-65AB-4043-AE90-71BFEC1C54CD,NEŞE HASANOĞLU SAĞLIKLI YAŞAM POLİKLİNİĞİ,Rize,Merkez,41.02583,40.51698,Rize,Correct
BD50EC58-41F6-466E-8589-73FC71621F95,RİZE ÇAYELİ 1 NOLU AİLE SAĞLIĞI MERKEZİ,Rize,Çayeli,41.09114,40.728,Rize,Correct
733F8A71-A841-4AD2-9BC3-746DA38128B8,ÖNCE SAĞLIK ECZANESİ,Rize,Merkez,41.02888,40.51293,Rize,Correct
E30848BE-3F43-41A5-9DEA-76E8613A81C2,RİZE HALK SAĞLIĞI MÜDÜRLÜĞÜ,Rize,Merkez,41.0228,40.52833,Rize,Correct
E0F2B83F-4550-4AA7-A55D-7AB251D44119,YAŞA ECZANESİ,Rize,Pazar,41.18088,40.88845,Rize,Correct
64A158CD-439F-443B-8305-7AC010195D9D,RİZE MERKEZ 14 NOLU BAĞDATLI AİLE SAĞLIĞI MERKEZİ,Rize,Merkez,41.0294,40.551,Rize,Correct
1F48E0AB-A498-4DB1-BB58-7AF72CE6008A,BERİL GÜRLEK MUAYENEHANESİ,Rize,Merkez,41.02624,40.5144,Rize,Correct
FC594969-9E81-436B-B84D-7C75BCD9887D,DEREPAZARI MERKEZ ASM,Rize,Derepazari,41.0228,40.42201,Rize,Correct
159E1320-9BF2-454B-BCD2-7D9610F35709,YENİ ECZANE,Rize,Merkez,41.02457,40.42475,Rize,Correct
A76D0277-12CD-4E45-A745-7F50C75CB3D8,DOSMA ECZANESİ,Rize,Merkez,41.02018,40.5147,Rize,Correct
E3FB8C38-550F-48F3-89EB-8173B6162639,RİZE ÇAYELİ 2 NOLU AİLE SAĞLIĞI MERKEZİ,Rize,Çayeli,41.02292,40.52182,Rize,Correct
62ED811B-0DE7-45C5-9B55-82950C43D2D7,EVREN AKMUT ÖZEL MUAYENEHANE,Rize,Merkez,39.06137,-76.80396,No Info,No Info
6638505D-F5B7-41D2-BEC6-82CD0599E1DC,SELİM YURTSEVEN BÜTÜNCÜL TIP KLİNİK,Rize,Merkez,41.02894,40.518,Rize,Correct
D9C54FB5-FEC4-4EDD-A1C4-835985DE8FF9,VOLKAN YENİAY MUAYENEHANESİ,Rize,Ardeşen,41.19305,40.9952,Rize,Correct
C91A17A9-65BA-46D3-B939-854015DBEBAE,MUSTAFA MAHREBEL MUAYENEHANESİ,Rize,Merkez,41.08756,40.72341,Rize,Correct
EB895EBB-41BD-4B7A-BBB5-8B2F2264931C,RİZE 13 NOLU AİLE SAĞLIĞI MERKEZİ,Rize,Merkez,41.04558,40.5925,Rize,Correct
53F27F3A-900F-4BE8-B40D-8E11BE28F331,YENER KASAPOĞLU MUAYENEHANESİ,Rize,Merkez,41.02498,40.52214,Rize,Correct
4C6CC2C9-C8DB-4676-BCBD-8E6BB1AA96B0,DUYGU ECZANESİ,Rize,Merkez,40.3401,26.68305,Çanakkale,Wrong
43FAA8C9-3115-491C-9DD9-900816A376FE,ELİF ECZANESİ,Rize,Merkez,41.02474,40.42544,Rize,Correct
68B6FB38-AD84-4978-A977-94B0F167F687,DERMAN ECZANESİ,Rize,Merkez,41.02687,40.54239,Rize,Correct
DEEFCA8D-D89A-498D-99C3-9525F4BF9A9E,HASTANELER ECZANESİ,Rize,Merkez,39.07217,-76.78956,No Info,No Info
38B1C5BD-B4C4-4A11-BBB6-9545F1C4A8EB,RİZE ÇAMLIHEMŞİN 1 NOLU AİLE SAĞLIĞI MERKEZİ,Rize,Çamlihemşin,41.03387,41.00735,Rize,Correct
9C2E9A13-F938-4A19-8C23-966CE61ED802,PERA ECZANESİ,Rize,Ardeşen,36.99245,35.43357,Adana,Wrong
08DEF826-8270-44A0-A1E1-96DF2B5389CD,KİBAROĞLU ECZANESİ,Rize,Ardeşen,37.37441,36.09727,Osmaniye,Wrong
955953E1-D9F1-4498-8D7E-971176E3DA42,FATİH ECZANESİ,Rize,Merkez,37.69193,37.86157,Adıyaman,Wrong
9D25939C-B7BF-48FC-8E72-98D846A7A38E,PAZAR ECZANESİ,Rize,Pazar,41.02269,40.51923,Rize,Correct
D3EF4F54-8874-4505-809D-99452FE7CA24,GÜLBAHAR ECZANESİ,Rize,Merkez,41.02507,40.54136,Rize,Correct
AA0A5825-CD99-4231-85F5-9B4B8A9604C2,PINAR ECZANESİ,Rize,Güneysu,41.08844,40.72579,Rize,Correct
B5650FB1-8715-4AA1-BD5E-9B99B76DB98D,İMREN ECZANESİ,Rize,Merkez,41.02563,40.51572,Rize,Correct
187497FD-4F4F-4190-A0B9-9CE6D6A3F5D1,SELİM YURTSEVER MUAYENEHANESİ,Rize,Merkez,41.02623,40.5144,Rize,Correct
48AAEFA9-7C2E-48F9-9DDC-9E2B8D85A3D2,GÜNDOĞDU ECZANESİ,Rize,Merkez,41.05209,40.61486,Rize,Correct
96BB08EC-C5EB-4F5E-B748-9ECB41C134FA,T.C. S.B. GÜNEYSU TENZİLE ERDOĞAN İLÇE DEVLET HASTANESİ,Rize,Güneysu,40.9788,40.61305,Rize,Correct
DC578D22-414F-4517-8609-9F9EB4C405BE,SAĞLIK ECZANESİ,Rize,Findikli,41.1804,40.88778,Rize,Correct
B4653E7E-0336-4720-A280-A0CD63E97841,RİZE KIZILAY KAN MERKEZİ,Rize,Merkez,41.03267,40.50952,Rize,Correct
82632D12-D913-4B4F-A15F-A207A824C6DD,ANADOLU ECZANESİ,Rize,Merkez,41.02784,40.51415,Rize,Correct
CB08CB50-539E-42A9-86DF-A23D76F60CBB,RİZE MERKEZ 12 NOLU İSLAMPAŞA AİLE SAĞLIĞI MERKEZİ,Rize,Merkez,41.0336,40.56006,Rize,Correct
1DA7D36F-03A4-4BA4-91AA-A25E0BE9B810,RİZE HEMŞİN 1 NOLU AİLE SAĞLIĞI MERKEZİ,Rize,Hemşin,41.05425,40.89591,Rize,Correct
D68D7834-07AB-4714-9A9A-A28177A42323,ARDEŞEN ECZANESİ,Rize,Pazar,41.18022,40.94517,Rize,Correct
2259F84A-0C83-401C-BA6C-A31AC82885C9,HALK ECZANESİ,Rize,Findikli,39.60227,-76.08276,No Info,No Info
0925E27D-1D92-4464-8860-A56FB9BA733F,GÜNEYSU SERDAR ECZANESİ,Rize,Güneysu,40.97823,40.6128,Rize,Correct
4816B2F3-78A6-451C-9697-A7B88EFF3873,RİZE MERKEZ 9 NOLU HÜSEYİN AVNİ AK AİLE SAĞLIĞI MERKEZİ,Rize,Merkez,41.0261,40.51746,Rize,Correct
E2CFA2E7-7F60-4D4D-A559-AADBD614CB70,FURKAN BUCAN ECZANESİ,Rize,Ardeşen,41.19293,40.98203,Rize,Correct
69BE53A5-E6C9-4ABA-B696-AAFAE0828AD1,HAYAT ECZANESİ,Rize,Merkez,41.03738,40.56603,Rize,Correct
C6149754-8BFD-4922-B7EE-AB107A78ADAA,BÜLENT KARADERELİ MUAYENEHANESİ,Rize,Merkez,41.07039,30.84768,Sakarya,Wrong
577F6538-D579-4868-9E18-AC9639682945,GÜNEŞ ECZANESİ,Rize,İyidere,41.08644,40.72135,Rize,Correct
149CEA06-4164-40F3-A707-AEBB15246EB8,ÇAMLIBEL ECZANESİ,Rize,Merkez,41.02262,40.52838,Rize,Correct
09171622-3F25-4CB1-9855-AF10C339978F,ÖZEL RİZE DİYALİZ MERKEZİ,Rize,Merkez,41.01936,40.49612,Rize,Correct
26C27456-0CE5-443C-B297-AF9AFAD67BA0,ERGÜN ECZANESİ,Rize,Merkez,39.20537,-76.61196,No Info,No Info
F280DD41-B255-4021-BB5C-B007BBBA971D,ÇAYELİ MERKEZ TSM,Rize,Çayeli,41.02743,40.54379,Rize,Correct
F212BD57-37D3-47A6-A1AE-B255C616A8AD,YAŞAM ECZANESİ,Rize,Merkez,41.19046,40.97795,Rize,Correct
31A31D07-D3CB-4F91-BA4E-B2AA13CD142E,ÖZEL RİZE TIP MERKEZİ,Rize,Merkez,41.02411,40.51635,Rize,Correct
1D91ED08-5CBF-43BA-AE00-B339F7918ACD,HALK ECZANESİ,Rize,Merkez,41.02773,40.51421,Rize,Correct
04C469A8-8B6B-447F-BEA2-B4E73DDB0903,HUDUT VE SAHİLLER SAĞLIK MERKEZİ,Rize,Merkez,41.03291,40.51197,Rize,Correct
E0026454-BCD3-4724-88DF-B5278F1E068C,NESRİN ATASARAL BEYAZ MUAYENEHANESİ,Rize,Merkez,40.94401,40.49712,Rize,Correct
58BD92DB-DBC1-4C22-B6C5-B5EC3EE9E5E9,TUĞBA ECZANESİ,Rize,Merkez,40.02978,27.04734,Çanakkale,Wrong
4E264111-74DB-4DCF-BA37-B6D75D9BFC65,ÖZEL ŞAR HOSPITAL,Rize,Merkez,41.03048,40.51332,Rize,Correct
3C7C6709-9143-479F-B25A-BAE9D352069A,BÜLENT GÜVENDİ MUAYENEHANESİ,Rize,Merkez,41.02774,40.51557,Rize,Correct
B99D0030-D38D-4021-9420-BCD67D3B1D45,SAĞLIK ECZANESİ,Rize,Pazar,41.1804,40.88778,Rize,Correct
A8D2117E-DEB2-4B99-8463-BEA8E1448697,SAHİL ECZANESİ,Rize,Merkez,41.02389,40.52804,Rize,Correct
4107903F-F156-4CE0-AD0A-C153D666FADE,NUR ECZANESİ,Rize,Çayeli,41.09055,40.73418,Rize,Correct
44970CEB-5ECF-44EF-B60B-C17FBD7FB1B4,MEHMET ZEKİ KABAOĞLU MUAYENEHANESİ,Rize,Ardeşen,41.19187,40.99145,Rize,Correct
74BD100C-1EDB-4239-BC6F-C3E05B9E218B,RİZE RECEP TAYYİP ERDOĞAN ÜNİVERSİTESİ DİŞ HEKİMLİĞİ FAKÜLTESİ,Rize,Merkez,40.97852,40.61399,Rize,Correct
8E6B1798-E8FE-4821-8A31-C433C36F331E,RİZE KALKANDERE 1 NOLU AİLE SAĞLIĞI MERKEZİ,Rize,Kalkandere,40.92988,40.44254,Rize,Correct
03BC4BCE-35AE-465D-BD2D-C45F55B99A0A,DALYAN ECZANESİ,Rize,Merkez,41.02294,40.52828,Rize,Correct
61612A0E-0DD5-41D8-A0D5-C465362548F2,RİZE MERKEZ 2 NOLU AİLE SAĞLIĞI MERKEZİ,Rize,Merkez,41.02031,40.51481,Rize,Correct
1891BCDE-D7DF-4779-96A8-C4CD0BFFA2F3,MURAT PLATİN MUAYENEHANESİ,Rize,Merkez,40.89867,30.47037,Sakarya,Wrong
4E05390E-15B3-4012-A0CB-C505574792EA,HÜSEYİN-SEMRA CEZAİRLİ MUAYENEHANESİ,Rize,Merkez,41.02453,40.51953,Rize,Correct
DEDD5D40-97EF-4422-8E8E-C5AC513877CE,RİZE MERKEZ 11 NOLU GÜLBAHAR AİLE SAĞLIĞI MEREKZİ,Rize,Merkez,41.02597,40.54119,Rize,Correct
E0DAC0B8-47C5-4469-B914-C5BED47E7205,DEVA ECZANESİ,Rize,Merkez,41.03005,40.51373,Rize,Correct
71082376-7737-41AC-B6E2-C713B6C24D5D,BÜYÜK ECZANESİ,Rize,Pazar,41.02285,40.51929,Rize,Correct
FFCFA014-BA19-4ECE-A996-CA127654E622,RİZE PAZAR 1 NOLU AİLE SAĞLIĞI MERKEZİ,Rize,Pazar,41.18022,40.88278,Rize,Correct
06C2C550-35CE-4C02-A398-CB12B482931F,RİZE ARDEŞEN 1 NOLU AİLE SAĞLIĞI MERKEZİ,Rize,Ardeşen,41.19077,40.98749,Rize,Correct
63E38E2B-C4F0-474B-8D42-CC4755C571F8,T.C. S.B. ÇAYELİ İSHAKOĞLU DEVLET HASTANESİ,Rize,Çayeli,41.0901,40.72691,Rize,Correct
84D7B99F-04B5-49E9-9329-CD1F44013797,HALİM ECZANESİ,Rize,Merkez,41.02576,40.51778,Rize,Correct
3D57ED78-7746-441C-9866-CF070492DFDA,ŞİFA ECZANESİ,Rize,Merkez,41.02688,40.51859,Rize,Correct
C5552354-9EF6-4FF2-9621-CF0BDE3C551D,KARADENİZ ECZANESİ,Rize,Merkez,41.02282,40.52832,Rize,Correct
C9231EC8-1E7E-4E00-9DD1-CFA2FF15F3E0,ÖZEL RİZE GÖZ MERKEZİ,Rize,Merkez,41.03,40.51378,Rize,Correct
63F70321-B9F6-4DF6-95D7-D3129BA8B410,YEŞİL MAVİ ECZANESİ,Rize,Merkez,41.02279,40.52833,Rize,Correct
77BA8525-2B35-4A32-918D-D39EB05C43B9,MUSTAFA KANDAZ MUAYENEHANESİ,Rize,Merkez,41.02546,40.51762,Rize,Correct
2B4843FE-ABC8-4B5C-AACE-D3B1DD4A8632,RİZE DEREPAZARI 1 NOLU AİLE SAĞLIĞI MERKEZİ,Rize,Derepazari,41.02363,40.42191,Rize,Correct
78F8DA92-DB1D-4F66-8F47-D3E935921377,RÜŞTÜ KÖSE PLASTİK REKONSTRÜKTİF VE ESTETİK CERRAHİ,Rize,Merkez,41.02525,40.51546,Rize,Correct
968540DC-5F07-41B0-B77C-D4FD4E284C98,VEFA ECZANESİ,Rize,Çayeli,41.08565,40.71883,Rize,Correct
DBA31915-500D-48C8-A8B1-D56691B2B71F,DEVA ECZANESİ,Rize,Çayeli,41.08875,40.73178,Rize,Correct
96A8D022-7A13-467E-89FA-D5C49F9B8605,BİLSEL ECZANESİ,Rize,Merkez,37.08016,44.31335,Hakkâri,Wrong
40AAA774-8699-45DA-AC2F-D7F0566903B0,SAĞLIK ECZANESİ,Rize,Ardeşen,41.1804,40.88778,Rize,Correct
179B39B3-01B1-4C6A-9632-D833D9700F70,TUĞRA ECZANESİ,Rize,Merkez,41.0231,40.52741,Rize,Correct
CDEEE3CB-0766-4BE9-BDFD-D86B1A3AC6AE,BARIŞ ECZANESİ,Rize,Pazar,41.18021,40.88345,Rize,Correct
2E2816FB-B226-465E-BB00-D89288072471,AĞARAN ECZANESİ,Rize,Çayeli,41.08335,40.72572,Rize,Correct
83D4DA58-5E0D-4691-900D-DA09C8399712,BEDİR ECZANESİ,Rize,Merkez,41.02828,40.54951,Rize,Correct
C5FFEA1A-0C83-46FC-9101-DB008C098E11,RİZE RECEP TAYYİP ERDOĞAN ÜNİVERSİTESİ EĞİTİM VE ARAŞTIRMA HASTANESİ PEDİATRİ POLİKLİNİĞİ,Rize,Merkez,41.02853,40.51342,Rize,Correct
5413F234-A7F8-4249-AF71-DB116DF73C51,LOKMAN HEKİM ECZANESİ,Rize,Merkez,41.02744,40.51429,Rize,Correct
36BD2BF6-9FAF-41D5-9F71-DD772EE8E517,ENGİN ECZANESİ,Rize,Çayeli,41.08965,40.73298,Rize,Correct
7A1184C0-050E-4D6B-8D56-DE1465419042,RİZE FINDIKLI 1 NOLU AİLE SAĞLIĞI MERKEZİ,Rize,Findikli,41.26999,41.14041,Rize,Correct
1032816D-87AC-47B4-9566-DF692AC83466,IŞIK ECZANESİ,Rize,Ardeşen,41.19283,40.9942,Rize,Correct
2AB372A5-BD26-4947-96F1-E1642404D113,AVCI ECZANESİ,Rize,Merkez,41.02733,40.51432,Rize,Correct
03D25EFD-96B3-4F67-A108-E32C41806E41,ELİF YURTSEVER MUAYENEHANESİ,Rize,Merkez,41.02592,40.51682,Rize,Correct
0ACDD6AB-BBC4-4FCB-9CAA-E3619AFF7DB2,HAŞİMOĞLU ECZANESİ,Rize,Merkez,41.03828,40.56723,Rize,Correct
C69C018A-B10A-4FF3-AD7B-E467EF5C0594,EMEK ECZANESİ,Rize,Merkez,40.72046,29.81863,Kocaeli,Wrong
5727DF2F-FDC0-44CE-B981-E974EE43B1D2,ZAMAN ECZANESİ,Rize,Pazar,41.02143,40.51832,Rize,Correct
E748081B-A2CC-4005-9076-EC10C2F608E6,ÖZEL ŞAR HASTANESİ ECZANESİ,Rize,Merkez,40.8313,28.7906,İstanbul,Wrong
8AC8597E-88DD-4A44-8E8F-ECC7EC5A3E91,ÇAKIROĞLU ECZANESİ,Rize,Merkez,41.02922,40.51257,Rize,Correct
46FF5CD8-63DC-4980-8649-EF5E6673189F,RİZE MERKEZ 3 NOLU AİLE SAĞLIĞI MERKEZİ,Rize,Merkez,41.0237,40.52953,Rize,Correct
EA02D0DD-3BDF-4D6F-9B99-EF881E653925,USTA ECZANESİ,Rize,Merkez,39.28187,-76.50996,No Info,No Info
F8F0C8C4-445B-4D50-AD5F-F1D6CD27C038,IŞIL ECZANESİ,Rize,Pazar,41.1802,40.88324,Rize,Correct
4FFDD8DE-5D8F-420F-A4B7-F35C898D28E6,HALK ECZANESİ,Rize,Pazar,39.60227,-76.08276,No Info,No Info
62095A64-E84D-41FF-A002-F48F774F5D30,MERKEZ ECZANESİ,Rize,Pazar,41.17936,40.94409,Rize,Correct
44508B19-1FBE-4D40-8768-F547E03469C9,GÜNEYSU MERKEZ TSM,Rize,Güneysu,40.97964,40.61406,Rize,Correct
9FAAF92A-7594-47C1-BE7D-F57D44F738F7,YALI ECZANESİ,Rize,Merkez,41.03352,40.5602,Rize,Correct
527F1B50-63D2-4894-A2E4-F5DFC52EC755,DEVA ECZANESİ,Rize,Ardeşen,41.19048,40.98643,Rize,Correct
3F83527A-6ACC-4476-8575-F9078C60E98A,HAYAT ECZANESİ,Rize,Ardeşen,41.19299,40.98202,Rize,Correct
1C35B628-0C99-40D3-9837-F99BC14858C0,EROGLU ECZANESI,Rize,Güneysu,40.97867,40.6125,Rize,Correct
F2DB05F6-1E8C-4610-B898-F9F691D04D1C,GÖZDE ECZANESİ,Rize,Merkez,41.02412,40.42318,Rize,Correct
011D5DD8-F2B2-404B-A1AC-FABA6163AE07,COŞKUN CAN MUAYENEHANESİ,Rize,Merkez,41.01383,40.36347,Rize,Correct
3B04E3FC-38E3-4490-BC1D-FB4CCEE63A8C,ŞİFA ECZANESİ,Rize,Kalkandere,41.07024,40.80368,Rize,Correct
F6B6AC70-7B77-4177-BE81-FC2F9F697A85,KALKANDERE ECZANESİ,Rize,Kalkandere,41.08936,40.72519,Rize,Correct
1E99B817-3EF6-41A0-B9F4-FCEB1CEA62BE,KUDRET ECZANESİ,Rize,Merkez,38.89847,-77.02116,No Info,No Info
BF80CA9A-D17F-43CD-B881-FF00BAB07D77,DERMAN ECZANESİ,Rize,Pazar,41.18077,40.88792,Rize,Correct
