UnitId,UnitName,CityName,DistrictName,Latitude,Longitude,DetectedCity,Match
71250162-AA65-44E1-9F1C-0035CB792F4B,İSTANBULLU ECZANESİ,Eskişehir,Tepebaşi,39.80223,30.50927,Eskişehir,Correct
AB14D0E4-9801-46F3-B276-00909735B008,DEFNE ECZANESİ,Eskişehir,Odunpazari,39.76668,30.53564,Eskişehir,Correct
A7CDF273-A6CB-40A1-A727-009ACF812A64,ARZU SEVER CUMALI MUAYENEHANESİ,Eskişehir,Odunpazari,39.76241,30.49318,Eskişehir,Correct
B288C9D6-EC8D-4B20-9734-00BA541AB6F5,AKİN BUĞRA PİŞİREN MUAYENEHANESİ,Eskişehir,Odunpazari,39.76495,30.50236,Eskişehir,Correct
511151BA-DB58-4D32-9A09-00FFCF793CCA,ESKİŞEHİR ODUNPAZARI YILDIZTEPE AİLE SAĞLIĞI MERKEZİ,Eskişehir,Odunpazari,39.75987,30.5099,Eskişehir,Correct
B1297181-72BA-4EB3-918C-01C9CA68E80F,EZGİ ECZANESİ,Eskişehir,Odunpazari,39.75289,30.50778,Eskişehir,Correct
005D9AD8-64A3-431C-8645-01DD03C918D1,ŞİRİN ECZANESİ,Eskişehir,Odunpazari,39.74528,30.5941,Eskişehir,Correct
8E296FE7-3183-42CF-A528-020B6EDDF869,GHİZLANE GENÇ MUAYENEHANESİ,Eskişehir,Tepebaşi,39.78989,30.48715,Eskişehir,Correct
ED0D97B1-C844-4DD5-87E1-0233FD6DFDD7,EFE ECZANESİ,Eskişehir,Tepebaşi,39.77715,30.51064,Eskişehir,Correct
7A3FEE9A-6204-4980-8812-02925AC2C4F4,ESKIŞEHIR SIVRIHISAR DEVLET HASTANESI,Eskişehir,Sivrihisar,39.43955,31.53357,Eskişehir,Correct
EF914B88-96FE-439C-8D1B-02A57DF79A89,ASİL ECZANESİ,Eskişehir,Odunpazari,39.74178,30.55506,Eskişehir,Correct
8CE3E9B1-8BB9-45A8-B212-02B601F157F5,ESKİŞEHİR SİVRİHİSAR KAYMAZ AİLE SAĞLIĞI MERKEZİ,Eskişehir,Sivrihisar,39.51602,31.17985,Eskişehir,Correct
320E7E0F-9882-4C2B-80D7-030A89BE7F57,DURU ECZANESİ,Eskişehir,Odunpazari,39.77092,30.53431,Eskişehir,Correct
C0FC243E-9F99-4365-985C-03C45AC7F265,BAŞKAYA ECZANESİ,Eskişehir,Tepebaşi,39.77895,30.51651,Eskişehir,Correct
5D2FD280-D62D-4583-BBDA-03ED4BB422B5,IŞIKLAR ECZANESİ,Eskişehir,Tepebaşi,39.777,30.52834,Eskişehir,Correct
86C306CE-6520-4398-9328-04524F29EB34,ŞİRİNTEPE ÇOCUK AĞIZ VE DİŞ SAĞLIĞI MERKEZİ,Eskişehir,Tepebaşi,39.79761,30.49282,Eskişehir,Correct
EE027DAA-5080-467C-803B-04F14C2B018B,ELMAS TÜFEK ATICI MUAYENEHANESİ,Eskişehir,Tepebaşi,39.78226,30.51976,Eskişehir,Correct
7AA88EDB-E3DF-4FAD-B241-04F39E18A2DF,EMİNE ŞAKALAR MUAYENESİ,Eskişehir,Tepebaşi,39.78569,30.50368,Eskişehir,Correct
EB011976-7D35-4185-A351-053A62A21C11,DORUK ECZANESI,Eskişehir,Odunpazari,39.76942,30.54204,Eskişehir,Correct
068394F8-0785-488F-924E-05899735069F,SENA ECZANESİ,Eskişehir,Tepebaşi,39.77823,30.45644,Eskişehir,Correct
65DC7F7A-EBA6-42D2-A994-0625CDC46E8F,SIHHİYE ECZANESİ,Eskişehir,Tepebaşi,39.78815,30.51943,Eskişehir,Correct
75F84DCB-1570-4598-9FB1-0658164AEDC9,İPEKÇİ ECZANESİ,Eskişehir,Tepebaşi,39.78644,30.48394,Eskişehir,Correct
94D37A48-344A-4D62-84BD-06D5F91E5E23,SEZGİN ECZANESİ,Eskişehir,Odunpazari,39.76246,30.55088,Eskişehir,Correct
69836A76-F2CE-4105-8A47-0728515217EA,TÜLİN TAHBERER MUAYENEHANESİ,Eskişehir,Odunpazari,39.72387,30.66219,Eskişehir,Correct
9F405E07-3A46-4E14-976A-0789A197E73A,ŞEBNEM ECZANESİ,Eskişehir,Odunpazari,39.75148,30.50069,Eskişehir,Correct
BD56C140-6665-4D91-B7F0-07B3A0BAA4AC,YASEMİN TEKİN ULUDAĞ MUAYENEHANESİ,Eskişehir,Odunpazari,39.7669,30.50099,Eskişehir,Correct
A30D3DBD-7A26-47FE-8F4F-07C946F94814,AHMET ÖZKOÇ MUAYENEHANESİ,Eskişehir,Tepebaşi,39.7791,30.5158,Eskişehir,Correct
53F43B58-B4FC-41CE-BC4D-07D46947F12A,GÜLBAHAR ECZANESİ,Eskişehir,Odunpazari,39.74528,30.59325,Eskişehir,Correct
C85D5288-120B-428C-9D3C-07E605AF1575,ERTUĞRULGAZİ ECZANESİ,Eskişehir,Tepebaşi,39.77086,30.47899,Eskişehir,Correct
B2A3075A-16CD-4C2B-AE9C-088005C4E2BE,BİNGÖL ECZANESİ,Eskişehir,Mihaliççik,39.86664,31.49539,Eskişehir,Correct
EB5C95BC-7BAA-4E3A-91C6-08F38FB146ED,ALTINEVLER ECZANESİ,Eskişehir,Tepebaşi,39.77481,30.47425,Eskişehir,Correct
3CBD9A98-10E0-45F5-BB11-09207C9277CC,MAYA ECZANESİ,Eskişehir,Tepebaşi,39.79232,30.51686,Eskişehir,Correct
46D78E23-09E0-4F11-BD4A-09B8E41DC2B9,ATASOY ECZANESİ,Eskişehir,Odunpazari,39.76746,30.5432,Eskişehir,Correct
12425055-C70A-4138-8C9B-0A1D6611AB3B,ADA ECZANESİ,Eskişehir,Tepebaşi,39.78463,30.49608,Eskişehir,Correct
A84C8ABA-8B0F-466A-8982-0AB8A3A6FF8D,FATİH GÖREN MUAYENEHANESİ,Eskişehir,Tepebaşi,39.78467,30.50032,Eskişehir,Correct
204F976E-BDA0-41D7-B1D5-0B5F2DDDA823,YAŞAMKENT ECZANESİ,Eskişehir,Tepebaşi,39.81245,30.44777,Eskişehir,Correct
717D6779-356F-4368-B373-0B899352438D,ŞAHİKA DENİZ YALÇIN DOĞRUKOL MUAYENEHANESİ,Eskişehir,Tepebaşi,39.77768,30.51667,Eskişehir,Correct
9EB8CCC7-5AF9-4B51-A3F1-0BBE963E7E25,ESKİŞEHİR ODUNPAZARI FAZİLET AİLE SAĞLIK MERKEZİ,Eskişehir,Odunpazari,39.7459,30.57965,Eskişehir,Correct
D78D460B-FCA4-458B-A36D-0CCCEB727943,MUSTAFA BİNGÖL MUAYENEHANESİ,Eskişehir,Odunpazari,39.77462,30.51546,Eskişehir,Correct
7819F9FA-F5B9-4EE7-A8BD-0CF779E6376F,DEMİR ECZANESİ,Eskişehir,Odunpazari,39.76498,30.5007,Eskişehir,Correct
01AD8FCF-13CB-41F4-B6D2-0CFAADC5B211,ESKİŞEHİR ODUNPAZARI ODUNPAZARI AİLE SAĞLIĞI MERKEZİ,Eskişehir,Odunpazari,39.76764,30.52573,Eskişehir,Correct
6627BEF1-6F51-4F8E-A5A4-0D4C97CAC81B,CADDE ECZANESİ,Eskişehir,Tepebaşi,39.78128,30.52146,Eskişehir,Correct
51287F33-A01A-4AEA-950B-0D67AE618BBD,OSMANGAZİ ECZANESİ,Eskişehir,Odunpazari,39.7699,30.49393,Eskişehir,Correct
A25C019A-AAA0-4448-90C7-0DB8550BEC75,YENİ ECZANE,Eskişehir,Mihaliççik,39.8667,31.49584,Eskişehir,Correct
6F0C9E65-8C6C-4958-8907-0DEC693C546E,ESKİŞEHİR ODUNPAZARI ÖRNEK AİLE SAĞLIĞI MERKEZİ,Eskişehir,Odunpazari,39.77467,30.51187,Eskişehir,Correct
53E472C4-E243-4849-9DE4-0F19A3FA4051,BEDRİ BAMAÇ MUAYENEHANESİ,Eskişehir,Tepebaşi,39.82927,30.3197,Eskişehir,Correct
31B061F6-8DB9-4E38-AD81-0F4BE5702698,HALK ECZANESİ,Eskişehir,Tepebaşi,39.79707,30.49996,Eskişehir,Correct
BDD77768-F64B-4E22-8DC2-0FDF41AA45F3,RABİA-FAHRİ KAVRUT MUAYENEHANESİ,Eskişehir,Odunpazari,39.77956,30.51616,Eskişehir,Correct
AE26681C-490B-4FAC-889E-0FE4F1AD29E8,KESKİN ECZANESİ,Eskişehir,Alpu,39.77328,30.97099,Eskişehir,Correct
40E0B4D7-3CD2-421F-A9F5-1020CADEB451,ÖZEL ESKİŞEHİR ANADOLU DİYALİZ,Eskişehir,Odunpazari,39.76853,30.53995,Eskişehir,Correct
3DC754F3-46C9-45A7-9C84-10FD8DB3BB77,COŞKUN EDİZGİL MUAYENEHANESİ,Eskişehir,Odunpazari,39.77483,30.52384,Eskişehir,Correct
0432F36E-8974-4B10-B9FB-118F9743139C,BÜŞRA ÜZEL YÜCEL MUAYENEHANESİ,Eskişehir,Tepebaşi,39.78441,30.50085,Eskişehir,Correct
ABBB49C6-6D7F-45E6-BBE3-11996472C363,ÜNAL KUTLU MUAYENEHANESİ,Eskişehir,Tepebaşi,39.77831,30.5155,Eskişehir,Correct
E56AD8BE-673D-4032-A8A6-1251D5A8041E,KÖKDEN ECZANESİ,Eskişehir,Tepebaşi,39.78697,30.50826,Eskişehir,Correct
83DD1752-0A11-411E-92D3-12B29DAE51F1,ALTINEL ECZANESİ,Eskişehir,Odunpazari,39.7704,30.51991,Eskişehir,Correct
0719BE2A-F9F8-4FCE-8027-131AF717EDE5,YÜZYIL ECZANESİ,Eskişehir,Odunpazari,39.7669,30.51472,Eskişehir,Correct
DE5E34FA-A029-4FE3-9A06-131E0D3360DC,İPEK ECZANESİ,Eskişehir,Odunpazari,39.77078,30.52254,Eskişehir,Correct
48C9F8B3-EA12-4526-9524-134A18F3FC4F,YUNUS EMRE AVŞAR MUAYENEHANESİ,Eskişehir,Tepebaşi,39.78432,30.49307,Eskişehir,Correct
4F37A998-363B-4AC0-8E9D-1417F6438851,ULUÖNDER ECZANESİ,Eskişehir,Tepebaşi,39.78934,30.4845,Eskişehir,Correct
2364ABD5-97D2-4A41-95CE-14C54AF95DD6,BÜLENT ALADAĞ MUAYENEHANESİ,Eskişehir,Tepebaşi,39.78198,30.51288,Eskişehir,Correct
4F6D7DC3-56D8-4377-8BA5-1508069CD9FA,ESKİŞEHİR OSMANGAZİ ÜNİVERSİTESİ ECZANESİ,Eskişehir,Odunpazari,39.75439,30.49602,Eskişehir,Correct
CCA9C257-305E-4360-8216-15081FED1B3E,ÖZNUR ECZANESİ,Eskişehir,Tepebaşi,39.79606,30.51202,Eskişehir,Correct
EAF8B39B-B3E3-4C7A-B0B4-15983191F1E2,GÜNAY ECZANESİ,Eskişehir,Odunpazari,39.75387,30.51488,Eskişehir,Correct
B36CEA4B-3CB1-4D69-BBE6-15D0C5E87E46,ÇELTİK ECZANESİ,Eskişehir,Odunpazari,39.74519,30.59768,Eskişehir,Correct
62CCD3F4-EDEE-4AD5-9D17-16DF5E3494C3,YURT ECZANESİ,Eskişehir,Odunpazari,39.76319,30.50442,Eskişehir,Correct
2EFE515A-66B6-48FC-9424-176A93E04931,BAKILAN ECZANESİ,Eskişehir,Tepebaşi,39.78136,30.51856,Eskişehir,Correct
093653FE-748E-4ACE-AAC2-17C33FCBFFCA,SERHAT ATALAY EVİŞ KLİNİK,Eskişehir,Tepebaşi,39.86466,30.44554,Eskişehir,Correct
706F589D-9B7F-497F-BCDB-17C73C48C583,AYDIN ECZANESİ,Eskişehir,Tepebaşi,39.8349,30.54675,Eskişehir,Correct
CA3B401B-1152-4C77-9F73-18D74DC5EFB9,ATAKAN TEZCAN MUAYENEHANESİ,Eskişehir,Sivrihisar,39.43622,31.52459,Eskişehir,Correct
6C2CDCF0-5081-4DB1-98D2-196891220A58,ECE ECZANESİ,Eskişehir,Odunpazari,39.7699,30.49396,Eskişehir,Correct
52742FA7-00E9-497A-81F3-19D22F71C28F,NESLİHAN ERENOĞLU ÇAĞA MUAYENEHANESİ,Eskişehir,Tepebaşi,39.77942,30.51533,Eskişehir,Correct
87A16405-E4FA-4498-87ED-1A4B4B7FC945,AHMET KAŞIKÇIOĞLU-BETÜL KAŞIKÇIOĞLU MUAYENEHANESİ,Eskişehir,Tepebaşi,39.77794,30.51743,Eskişehir,Correct
582DA375-901D-4A66-9BCF-1A60063ACC70,İREM DEMİR ECZANESİ,Eskişehir,Tepebaşi,39.79378,30.48322,Eskişehir,Correct
33F8FED7-6739-422F-B417-1A88A6EE749C,CAN KIVANÇ AKKAYÜZ MUAYENEHANESİ,Eskişehir,Tepebaşi,39.77813,30.5124,Eskişehir,Correct
D9599B91-B496-4832-8381-1AB984D2E9A0,ADALAR ECZANESİ,Eskişehir,Odunpazari,39.7756,30.51475,Eskişehir,Correct
19B89B14-150D-4E88-B81B-1B25A0AF5E86,ZÜLAL-SERKAN COŞKUN MUAYENEHANESİ,Eskişehir,Tepebaşi,39.7824,30.50724,Eskişehir,Correct
91FE6B43-FF2B-4BB0-A7A0-1B5505755A8E,TUĞÇE ECZANESİ,Eskişehir,Odunpazari,39.76589,30.54288,Eskişehir,Correct
1FE897A2-47CC-4E61-BB7A-1B6587FD59AD,YILDIRIM ECZANESİ,Eskişehir,Odunpazari,39.76978,30.49472,Eskişehir,Correct
4F026B78-EB35-4C06-8D67-1B6A6B5B9387,EMEK ECZANESİ,Eskişehir,Odunpazari,39.77349,30.52421,Eskişehir,Correct
B2494120-9F66-4349-A69C-1BAA08CBE0ED,ÜMMÜ EMEL NUR GÜNEY MUAYENEHANESİ,Eskişehir,Tepebaşi,39.78803,30.50455,Eskişehir,Correct
A3B78543-74CB-475A-8AC0-1BFBE75E1CBA,YENİ GÜNEŞ ECZANESİ,Eskişehir,Odunpazari,39.76616,30.54293,Eskişehir,Correct
792E62D9-032D-450A-88FF-1C2203F5EC56,ESKİŞEHİR ODUNPAZARI 71 EVLER AİLE SAĞLIĞI MERKEZİ,Eskişehir,Odunpazari,39.7469,30.58348,Eskişehir,Correct
0B776E19-3A13-412F-B317-1C253678D047,VENÜS ECZANESİ,Eskişehir,Odunpazari,39.75168,30.49527,Eskişehir,Correct
5DBE1BE2-1EF1-4CB2-BA8D-1C5300E7F94D,ARİF BOR MUAYENEHANESİ,Eskişehir,Tepebaşi,39.77812,30.51728,Eskişehir,Correct
0FC784D8-0D2C-4587-8469-1C6A93D8D71A,AYŞE TUNCA MUAYENEHANESİ,Eskişehir,Tepebaşi,39.77884,30.51863,Eskişehir,Correct
21379B92-FB32-4AA4-BE8C-1C8DA2853FC9,VİŞNELİK ECZANESİ,Eskişehir,Odunpazari,39.76918,30.50366,Eskişehir,Correct
B2D54338-1051-42E2-8A25-1C9107DEDD68,ESKİŞEHİR ODUNPAZARI BÜYÜKDERE AİLE SAĞLIĞI MERKEZİ,Eskişehir,Odunpazari,39.75258,30.50681,Eskişehir,Correct
A0576015-F694-441A-8195-1CDC946AFE93,BEYDA NUR ECZANESİ,Eskişehir,Odunpazari,39.7522,30.56622,Eskişehir,Correct
032206AF-CB81-47BE-B1C8-1CF3CC0061B2,DİDEM SÜSLER DÜLGER MUAYENEHANESİ,Eskişehir,Odunpazari,39.76562,30.50858,Eskişehir,Correct
5A58FAF6-BAC3-466A-8DEA-1D3ED6727F68,ESKİŞEHİR TEPEBAŞI ANADOLU AİLE SAĞLIĞI MERKEZİ,Eskişehir,Tepebaşi,39.77934,30.51493,Eskişehir,Correct
B7A71ACE-BEDA-4E10-AC98-1D6E0C76595A,FURKAN ECZANESİ,Eskişehir,Tepebaşi,39.78126,30.46214,Eskişehir,Correct
E242569D-75A6-4BB7-919C-1D9EEAF58128,ŞENER ECZANESİ,Eskişehir,Odunpazari,39.75329,30.55957,Eskişehir,Correct
866ED078-44D8-4CDB-A13E-1DC2ECA74DFA,ESKİŞEHİR TEPEBAŞI ESENTEPE AİLE SAĞLIĞI MERKEZİ,Eskişehir,Tepebaşi,39.80021,30.51805,Eskişehir,Correct
1558342A-7589-4164-82D0-1F0F61EDDBB7,ALPU DEVLET HASTANESİ,Eskişehir,Alpu,39.77326,30.96745,Eskişehir,Correct
92F75918-4EC5-41FB-87E8-1F3AFC37E925,ÖZEL ESKİŞEHİR AİLE DANIŞMA MERKEZİ,Eskişehir,Tepebaşi,39.78982,30.48807,Eskişehir,Correct
B2891A58-5436-4D54-85A3-1F53B1FC30AC,ODUNPAZARI ECZANESİ,Eskişehir,Odunpazari,39.76604,30.52367,Eskişehir,Correct
C845875D-36CB-482F-83AD-1FAEFA0449A4,BETÜL ECZANESİ,Eskişehir,Tepebaşi,39.78787,30.51609,Eskişehir,Correct
C5166A0D-760A-4E27-8140-1FECECEF22BB,ÖMÜR ECZANESİ,Eskişehir,Tepebaşi,39.77797,30.51604,Eskişehir,Correct
31C300ED-BCC3-4876-BE1D-202D8E0745DC,YAVUZ YÜKSEL VE FUNDA YÜKSEL MUAYENEHANESİ,Eskişehir,Tepebaşi,39.77886,30.51725,Eskişehir,Correct
86B964EB-3404-4BB3-8BC9-2140720C8669,İLHAN ECZANESİ,Eskişehir,Tepebaşi,39.78955,30.46922,Eskişehir,Correct
94FB46F7-ACA3-4E3D-95AE-214C688D6BF3,GÜLTEPE ECZANESİ,Eskişehir,Odunpazari,39.75302,30.50787,Eskişehir,Correct
F7F78F64-906F-4792-AFF5-2196B4C0C9B0,ABDULLAH ALKAŞI MUAYENEHANESİ,Eskişehir,Tepebaşi,39.78569,30.50069,Eskişehir,Correct
F25BB75D-4F38-47D6-8A1C-21EAA0383405,SEZGİN TEREKLİ MUAYENEHANESİ,Eskişehir,Tepebaşi,39.77872,30.51578,Eskişehir,Correct
9DEE41D1-884A-47E6-8321-220EBDB70F67,ÖZEL CİTY SMİLE AGİZ VE DİŞ SAĞLIĞI POLİKLİNİĞİ,Eskişehir,Tepebaşi,39.77907,30.51717,Eskişehir,Correct
6E53365E-3124-4A8A-904F-22136BCA9808,MEŞELİK ECZANESİ,Eskişehir,Odunpazari,39.7484,30.497,Eskişehir,Correct
B1C72FDB-9645-43EC-A17A-22A213C81AF7,MEHMET HAYATİ ERDEMGİL MUAYENEHANESİ,Eskişehir,Odunpazari,39.76877,30.5257,Eskişehir,Correct
AA6D7AEC-9499-419A-BAE4-2326E019EBCA,LEVENT ÖNAL MUAYENEHANESİ,Eskişehir,Tepebaşi,39.8492,30.57422,Eskişehir,Correct
E3B1A009-D9B5-4B3B-A911-23270C779800,ÖZGÜL ECZANESİ,Eskişehir,Tepebaşi,39.79387,30.48365,Eskişehir,Correct
C3D8F933-7621-430B-A849-234BDCC3BD73,EMRE ECZANESİ,Eskişehir,İnönü,40.02829,30.58115,Eskişehir,Correct
0A4ECC62-FB0C-48D6-8A09-236BDD80EB59,LAVANTA ECZANESİ,Eskişehir,Odunpazari,39.76758,30.50435,Eskişehir,Correct
8C3AD221-0417-4913-93F5-2387AB381771,SUZAN ECZANESİ,Eskişehir,Tepebaşi,39.7788,30.52301,Eskişehir,Correct
B75F9B00-5283-431C-9E43-241ABBF0C3AF,SARAR GİYİM SAĞLIK BİRİMİ,Eskişehir,Odunpazari,39.73847,30.66531,Eskişehir,Correct
9244DD66-B82D-4356-A66C-24567ED5D9F2,İLHAM EHAD ECZANESİ,Eskişehir,Tepebaşi,39.80206,30.49705,Eskişehir,Correct
50AA2352-E72C-489F-8DD8-24EBE49B94D5,ESKİŞEHİR TEPEBAŞI ŞİRİNTEPE AİLE SAĞLIĞI MERKEZİ,Eskişehir,Tepebaşi,39.79811,30.48935,Eskişehir,Correct
AD59A338-C7B6-4412-9244-250D5A02653D,MIHALGAZI ECZANESI,Eskişehir,Mihalgazi,40.02578,30.577,Eskişehir,Correct
CC21C35A-5D2E-479C-99B1-254034C25FD0,NECDET ATALIK MUAYENEHANESİ,Eskişehir,Tepebaşi,39.78611,30.50815,Eskişehir,Correct
5245DC18-1657-4011-AF35-25833A038048,SELİM ECZANESİ,Eskişehir,Odunpazari,39.74931,30.57341,Eskişehir,Correct
0CBF9FFE-3FFC-4C02-8002-2586F58E5D9A,ÖZEL SMİLE ESKİŞEHİR AĞIZ VE DİŞ SAĞLIĞI POLİKLİNİ,Eskişehir,Tepebaşi,39.78197,30.49902,Eskişehir,Correct
8A5271B3-CE2A-412F-A5E0-2642903134DD,ABDÜLKADİR ÖZYILDIRIM MUAYENEHEANESİ,Eskişehir,Tepebaşi,38.89397,-77.02716,No Info,No Info
31DA5594-E2D8-4687-A540-26A133D424D5,BEYLİKOVA ECZANESİ,Eskişehir,Beylikova,39.3838,31.04608,Eskişehir,Correct
E3953073-DFAF-4807-B724-27D5B87D8D8F,NİHAT-EMEL YIKICI MUAYENEHANESİ,Eskişehir,Tepebaşi,39.78865,30.49658,Eskişehir,Correct
CD7ADB3E-9ECA-4280-8CD6-280407ECBF2E,ACU CLİNİC,Eskişehir,Odunpazari,39.76535,30.51368,Eskişehir,Correct
28554F13-C116-441F-92E2-281052A11E7C,SEDEF ECZANESİ,Eskişehir,Saricakaya,40.03729,30.62192,Eskişehir,Correct
30A1B152-CA5B-4784-82AD-2884AFC0E55B,MUSTAFA YASİN YETER MUAYENEHANESİ,Eskişehir,Tepebaşi,39.77866,30.51496,Eskişehir,Correct
7A094C1A-9082-4D70-983F-295F3CA885B1,HALK ECZANESİ,Eskişehir,Çifteler,40.87803,29.06937,İstanbul,Wrong
FCC1A7AA-DB97-4F35-ACC3-2A1476A076CC,ALİ BARBAROS BAŞESKİOĞLU ÖZEL KLİNİK,Eskişehir,Tepebaşi,39.78297,30.49481,Eskişehir,Correct
2A1DD249-F5FC-428F-BD7E-2A239487B799,HAVAN ECZANESİ,Eskişehir,Tepebaşi,39.77974,30.48938,Eskişehir,Correct
9BDA4153-663D-4A07-8B0F-2A78EDACD3BF,ESKİŞEHİR FİZYOMER FİZİKTEDAVİ MERKEZİ,Eskişehir,Tepebaşi,39.77003,30.46187,Eskişehir,Correct
2A5523DF-62C1-4625-9133-2B87A4F6355D,ÖZEL ODUNPAZARI YAŞAM DİYALİZ MERKEZİ,Eskişehir,Odunpazari,39.75366,30.49433,Eskişehir,Correct
8DD3F30B-6895-48DE-98A5-2C04485D9905,ÖZEL CANPOL DENTAL CLİNİCS,Eskişehir,Tepebaşi,39.78557,30.50152,Eskişehir,Correct
901FDA1E-B615-47B8-A664-2C20F775E28B,ESKİŞEHİR TEPEBAŞI SÜTLÜCE AİLE SAĞLIĞI MERKEZİ,Eskişehir,Tepebaşi,39.79701,30.51319,Eskişehir,Correct
1A76F739-A06B-416C-BBAF-2CDBE6ADE583,ZEYNEP ECZANESİ,Eskişehir,Tepebaşi,39.77723,30.52417,Eskişehir,Correct
55552383-A35D-44B1-9DB9-2D06FD6512E7,UMUT DEMİREL MUAYENEHANESİ,Eskişehir,Tepebaşi,39.77916,30.52414,Eskişehir,Correct
5DAA3732-B6B9-4821-B74F-2DB36EFB6653,YÖRÜK ECZANESİ,Eskişehir,Tepebaşi,39.79797,30.45594,Eskişehir,Correct
6C0D4D58-0478-430D-A092-2E5FB2C9E719,ÇARŞI ECZANESİ,Eskişehir,Odunpazari,39.77478,30.51249,Eskişehir,Correct
E07A6D53-00A0-4E0C-9E11-2F1787747718,ESİN SİPAHİ ARKAN-CİHAT ARKAN MUAYENEHANESİ,Eskişehir,Tepebaşi,39.82976,30.31994,Eskişehir,Correct
83457E40-E5BC-4BD0-B5FE-2F4257159638,ERMİŞ ECZANESİ,Eskişehir,Tepebaşi,39.79001,30.44951,Eskişehir,Correct
BC1357A6-8449-4A1D-B670-2FA03BA98016,SİNAN AY MUAYENEHANESİ,Eskişehir,Tepebaşi,39.77716,30.51785,Eskişehir,Correct
98AAE582-8193-48C0-B278-2FA2739E1951,ESKİŞEHİR ODUNPAZARI ALANÖNÜ AİLE SAĞLIĞI MERKEZİ,Eskişehir,Odunpazari,39.76745,30.5442,Eskişehir,Correct
3C33CC24-6B6A-4C59-97DF-2FA2C7B03EDD,UNIVERSITE ECZANESİ,Eskişehir,Odunpazari,39.75245,30.50331,Eskişehir,Correct
0A60C6E4-3095-4AFF-B1E0-2FA75436A2D6,HATİCE TEMİZYÜREK MUAYENEHANESİ,Eskişehir,Tepebaşi,39.77974,30.51307,Eskişehir,Correct
DFB12638-83C2-47EA-A13A-2FE2C5700309,KURTULUŞ ECZANESİ,Eskişehir,Odunpazari,39.76744,30.53072,Eskişehir,Correct
6CFA44B5-2910-4EF5-AAD3-30A158E21C48,ÜNLER ECZANESİ,Eskişehir,Odunpazari,39.77271,30.52004,Eskişehir,Correct
0AA46852-0B92-4A13-B84D-316F41268943,AKSEL ECZANESİ,Eskişehir,Tepebaşi,39.78436,30.51876,Eskişehir,Correct
2834DC58-79A3-4D8D-91C4-31FCDA7384A4,ERKAN TÖRE MUAYENEHANESİ,Eskişehir,Tepebaşi,39.83975,30.54307,Eskişehir,Correct
F08EAD3F-22D4-4084-86D4-32F91FDB3165,ÇELİK ECZANESİ,Eskişehir,Odunpazari,39.77371,30.52567,Eskişehir,Correct
27B8DB6A-777F-44C6-8D2F-330F1B6E679C,RENGİN HASSA MUAYENEHANESİ,Eskişehir,Odunpazari,39.76478,30.50155,Eskişehir,Correct
12B51B93-ADCC-4275-855A-333206C1A0E9,REYHAN DAĞ KARATAŞ MUAYENEHANE,Eskişehir,Tepebaşi,39.78311,30.49202,Eskişehir,Correct
9E7E18CF-CE01-4780-B870-333BCF3E34F2,ESKİŞEHİR OSMANGAZİ ÜNİVERSİTESİ,Eskişehir,Odunpazari,39.75323,30.49312,Eskişehir,Correct
3C2CA647-5E1D-4168-9FF6-33BB86960B70,ESKİŞEHİR GÜNYÜZÜ DEVLET HASTANESİ,Eskişehir,Günyüzü,39.78732,30.48931,Eskişehir,Correct
69228BF6-41F3-4B97-BC8D-347A49592650,NERİMAN ECZANESİ,Eskişehir,Tepebaşi,39.78053,30.46575,Eskişehir,Correct
24C9B5D9-D16E-4A89-8848-348A720C3138,MELEK ERTAN MUAYENEHANESİ,Eskişehir,Odunpazari,39.76618,30.50777,Eskişehir,Correct
2CC38E6C-DA43-45B2-91A3-3494DDC6B8C2,KENAR ECZANESİ,Eskişehir,Tepebaşi,39.79596,30.48888,Eskişehir,Correct
F94AC27C-DCAC-4571-B37D-34EB434F33F6,ÖZDEN ECZANESİ,Eskişehir,Odunpazari,39.76241,30.50113,Eskişehir,Correct
09333845-2B27-4753-8834-34F9ECAE42B3,TEOMAN ÜNAL MUAYENEHANESİ,Eskişehir,Odunpazari,39.77644,30.51717,Eskişehir,Correct
727E2D08-49E2-47EA-BA4F-3522488C6663,FATMA GÜNEL TABAK MUAYENEHANESİ,Eskişehir,Odunpazari,39.76948,30.52576,Eskişehir,Correct
DB8B452B-0D00-4B41-84AD-36374989B7A3,ESKİŞEHİR ODUNPAZARI ORHANGAZİ AİLE SAĞLIĞI MERKEZİ,Eskişehir,Odunpazari,39.74557,30.45724,Eskişehir,Correct
D707A8FC-003E-4B76-8201-3653CCAD441B,İPEK ECZANESİ,Eskişehir,Tepebaşi,39.78969,30.47039,Eskişehir,Correct
B6B7EC96-C441-4164-97BF-36B7989C394B,LİMON ECZANESİ,Eskişehir,Tepebaşi,39.7937,30.54688,Eskişehir,Correct
99BF984D-EE2E-4FBF-B0FF-36E599F46EAE,İDİL ECZANESİ,Eskişehir,Odunpazari,39.76094,30.49882,Eskişehir,Correct
F52981B2-455C-4806-BA5C-37562F6B4277,NURALP ECZANESİ,Eskişehir,Odunpazari,39.77296,30.51352,Eskişehir,Correct
CF5A68DA-89F9-4713-9BBC-378F0B1A0EB9,METİN AKTAN MUAYENEHANESİ,Eskişehir,Tepebaşi,39.79001,30.48657,Eskişehir,Correct
3B60537D-5F8D-4BF6-B7A5-37C046C4736D,BAL ECZANESİ,Eskişehir,Odunpazari,39.76756,30.50395,Eskişehir,Correct
9622469F-52BE-4338-8885-37E0BE733039,KIRMIZI TOPRAK ECZANESİ,Eskişehir,Odunpazari,39.77371,30.51013,Eskişehir,Correct
53339638-9868-41A2-8FF3-37FBBA42D694,İLKNURUN ECZANESİ,Eskişehir,Tepebaşi,39.78822,30.52718,Eskişehir,Correct
C5FFB38C-4C82-4E09-820F-38E299FF41D4,HALİME SİVRİKAYA ÖZGAN MUAYENEHANESİ,Eskişehir,Tepebaşi,39.77831,30.51738,Eskişehir,Correct
C13116FE-A6FD-43A5-BEEC-391285CC1CE3,ESKIŞEHIR MIHALİÇCİK İLÇE HASTANESI,Eskişehir,Mihaliççik,39.49922,30.98056,Eskişehir,Correct
5B204B13-E7B9-4CE6-96B2-39BE47984C49,ESKİŞEHİR TEPEBAŞI ERTUĞRULGAZİ AİLE SAĞLIĞI MERKEZİ,Eskişehir,Tepebaşi,39.77582,30.47758,Eskişehir,Correct
083E56E6-5088-44AD-9B84-3A0E7E51B5EE,ESKİŞEHİR TEPEBAŞI FEVZİÇAKMAK AİLE SAĞLIĞI MERKEZİ,Eskişehir,Tepebaşi,39.79412,30.54632,Eskişehir,Correct
19C530A1-34E5-4C7E-891B-3A43EE344C65,GAMZE ECZANESİ,Eskişehir,Tepebaşi,39.78915,30.53212,Eskişehir,Correct
BAD81247-1ABB-4F98-850E-3A60E201D37E,ESKİŞEHİR ODUNPAZARI VADİŞEHİR AİLE SAĞLIĞI MERKEZİ,Eskişehir,Odunpazari,39.73997,30.54993,Eskişehir,Correct
4E8C91B8-0F8F-48EB-8E7E-3B0263672771,OĞUZLAR ECZANESİ,Eskişehir,Odunpazari,39.76513,30.55277,Eskişehir,Correct
DBA71C3B-3C63-4959-9204-3B88CA73D01C,ABDULKADİR AKKUŞ MUAYENEHANESİ,Eskişehir,Tepebaşi,39.83415,30.55045,Eskişehir,Correct
0CFD3448-A224-438F-A836-3D7A1A70E2FB,AHMET GÖRGÜN MUAYENEHANESİ,Eskişehir,Tepebaşi,39.78764,30.49564,Eskişehir,Correct
0A4CBDC2-6EA0-4D3A-80D3-3DD2EC8806C6,MABEL ECZANESİ,Eskişehir,Tepebaşi,39.79621,30.53545,Eskişehir,Correct
8954F825-6C68-4650-8960-3E09AA1A8A44,ESEN ECZANESİ,Eskişehir,Odunpazari,39.76894,30.5057,Eskişehir,Correct
69628981-7BEE-4FB9-88EF-3E1087721C05,SÜLEYMAN ŞADİ İDEM MUAYENEHANESİ,Eskişehir,Tepebaşi,39.78299,30.49709,Eskişehir,Correct
C75C5260-DF8F-4304-9024-3E77B87D7D9B,GÜVEN ECZANESİ,Eskişehir,Tepebaşi,39.77585,30.52016,Eskişehir,Correct
36EE619B-50D5-4EE3-86F8-3ECF17F0B14E,ÖZEL MİNEPOL AGİZ VE DİŞ SAĞLIĞI POLİKLİNİĞİ,Eskişehir,Tepebaşi,39.7833,30.50844,Eskişehir,Correct
DECC67BF-6FD7-47BC-9819-3EDCE618DC39,CAN GİDERLER MUAYENEHANESİ,Eskişehir,Odunpazari,39.77602,30.51767,Eskişehir,Correct
0FD858E1-DA4F-4B7F-AF67-3F2728694008,ÖZLEM KOCUKLU ÇAMKORU MUAYENEHANESİ,Eskişehir,Tepebaşi,39.82796,30.3155,Eskişehir,Correct
16EDCF20-2CD5-480A-9A82-3F2AFC8333DB,ESKİŞEHİR TEPEBAŞI BATIKENT GÖKKUŞAĞI AİLE SAĞLIĞI MERKEZİ,Eskişehir,Tepebaşi,39.7899,30.455,Eskişehir,Correct
9AA75ED5-7137-484D-8BF8-3F8F2D58E270,ONUR ECZANESİ,Eskişehir,Tepebaşi,39.77794,30.51608,Eskişehir,Correct
2C74DFF0-980D-4507-9366-4020905B4055,ESKİŞEHİR GÜNYÜZÜ GÜMÜŞKONAK AİLE SAĞLIĞI MERKEZİ,Eskişehir,Günyüzü,39.32658,31.82177,Eskişehir,Correct
000CB633-683B-4B90-B2C8-409AF6CA8686,ŞİFA ECZANESİ,Eskişehir,Tepebaşi,39.79024,30.52466,Eskişehir,Correct
694550B7-E2AD-49E6-9AA8-40D24FA8AD81,MUSTAFA CAHİT ATIŞKAN MUAYENEHANESİ,Eskişehir,Odunpazari,39.77305,30.52157,Eskişehir,Correct
D8320429-214C-40B2-B4B0-40FBD56A33A7,GERÇEKER ECZANESİ,Eskişehir,Tepebaşi,39.79027,30.47004,Eskişehir,Correct
F7D92A2A-4D5D-46E4-BDDC-416646625ED8,SİVRİHİSAR ECZANESİ,Eskişehir,Sivrihisar,39.44852,31.53902,Eskişehir,Correct
E64C8836-E8B2-4E47-B354-41DA306909E8,AŞIK ECZANESİ,Eskişehir,Odunpazari,39.77094,30.5112,Eskişehir,Correct
8E346C1B-0904-4106-A35D-43EDD31607A3,ÖZGÜR ÖZDEMİR MUAYENEHANESİ,Eskişehir,Tepebaşi,39.79387,30.44205,Eskişehir,Correct
E8232CC3-5983-48C4-AADD-4447244B1847,ENDER TUKAY MUAYENEHANESİ,Eskişehir,Tepebaşi,39.82886,30.31874,Eskişehir,Correct
B047F619-4D4F-4ED3-B537-45FF4B357B21,SÜSLER ECZANESİ,Eskişehir,Tepebaşi,39.79059,30.47159,Eskişehir,Correct
FAA878D1-2B6E-4030-8585-460E84289B30,ESKİŞEHİR BEYLİKOVA AİLE SAĞLIĞI MERKEZİ,Eskişehir,Beylikova,39.6898,31.20573,Eskişehir,Correct
31610C80-BDFD-4966-8302-462D1135C31D,ÖZEL ÜMİT TIP MERKEZİ,Eskişehir,Odunpazari,39.77327,30.52654,Eskişehir,Correct
518F8D1D-6655-4F71-9660-4688EC500081,KAMİL TURGAY ŞENER MUAYENEHANESİ,Eskişehir,Tepebaşi,39.78972,30.48944,Eskişehir,Correct
A192F8FE-B727-49DC-AFF9-468C69F6F559,KOÇAK ECZANESİ,Eskişehir,Tepebaşi,39.7908,30.4562,Eskişehir,Correct
2F508F1B-4F07-4D44-80A2-473A6A0D4370,GÖKMEYDAN ECZANESİ,Eskişehir,Odunpazari,39.76744,30.54553,Eskişehir,Correct
2AEBFB80-DD76-4769-B1B6-476C171CF309,BAHAR KARAOĞLU MUAYENEHANESİ,Eskişehir,Tepebaşi,39.78016,30.51499,Eskişehir,Correct
FD6BE1AA-15C6-4EE1-B321-47A334B8BC15,MAHRU ÖZAY UÇAK MUAYENEHANESİ,Eskişehir,Tepebaşi,39.77728,30.5176,Eskişehir,Correct
2D684613-97D0-4D4D-A4DD-47E09F725FBF,AYŞIL ECZANESİ,Eskişehir,Tepebaşi,39.79377,30.48328,Eskişehir,Correct
668C497D-7328-4A46-8E4F-47F13B8BBBD1,ESKİŞEHİR ODUNPAZARI İSTİKLAL AİLE SAĞLIĞI MERKEZİ,Eskişehir,Odunpazari,39.77257,30.51569,Eskişehir,Correct
F0211C6E-3E9E-47E0-8BEE-4825018F9400,BAŞAK ECZANESİ,Eskişehir,Odunpazari,39.7532,30.56088,Eskişehir,Correct
B3F7EBE9-E15F-463A-AD13-489CA4D0D3CA,ESTETİK ESKİŞEHİR,Eskişehir,Tepebaşi,39.77844,30.51349,Eskişehir,Correct
7FA594DF-8E52-4185-82ED-48BE90D1E705,UMUT KARASU MUAYENEHANESİ,Eskişehir,Tepebaşi,39.78893,30.50575,Eskişehir,Correct
BA8BF831-28FD-4E01-9754-4903597A7FEE,ŞİFA ECZANESİ,Eskişehir,Sivrihisar,39.44895,31.53904,Eskişehir,Correct
FA0AA096-EBC9-418C-B8B7-493CD8FED6D9,ÇOBANOĞLU ECZANESİ,Eskişehir,Odunpazari,39.76632,30.50574,Eskişehir,Correct
A0E59348-0A52-4499-A7FD-4A57E4D2067B,BOZAN ECZANESİ,Eskişehir,Alpu,39.43037,-76.31196,No Info,No Info
782BB9B4-0FBF-4653-90B0-4A62864DBC7E,ETİ GIDA SANAYİ VE TİC AŞ SAĞLIK BİRİMİ,Eskişehir,Odunpazari,39.75168,30.62661,Eskişehir,Correct
C6455841-1DBA-4FC9-B3E2-4A68DB39DEEA,MEHMET EMRE ÜNAY MUAYENEHANESİ,Eskişehir,Tepebaşi,39.77875,30.51871,Eskişehir,Correct
23B90F5F-5D46-4081-B4C8-4B12BB6857D7,ERTAŞ ECZANESİ,Eskişehir,Odunpazari,39.75293,30.56766,Eskişehir,Correct
1E2502F3-895F-4B23-AE83-4B9373957BB7,ZİŞAN ECZANESİ,Eskişehir,Odunpazari,39.76507,30.50836,Eskişehir,Correct
4C18A2B6-1818-4835-8B29-4C391CB39ACB,DEMET BELGİN ÖZBABALIK ADAPINAR MUAYENEHANESİ,Eskişehir,Tepebaşi,39.78296,30.49707,Eskişehir,Correct
79778E83-A614-4AA1-86E0-4C4FA6DF90B8,KAYA ECZANESİ,Eskişehir,Çifteler,39.37564,31.0384,Eskişehir,Correct
B812B4A0-C53E-4C14-AA14-4CA27B7F7272,ÖZVER ECZANESİ,Eskişehir,Tepebaşi,39.78498,30.45162,Eskişehir,Correct
DD019647-03E1-42E3-B1DC-4CC9E587D3D5,GÖRKEM ECZANESİ,Eskişehir,Tepebaşi,39.80207,30.49705,Eskişehir,Correct
2F590824-C883-4002-91FD-4D5A8B2F85BC,AKARBAŞI ECZANESİ,Eskişehir,Odunpazari,39.76449,30.51869,Eskişehir,Correct
4F378E0A-5C52-4138-BE6A-4D6D699B2DBE,BERNA ECZANESİ,Eskişehir,Tepebaşi,39.7778,30.52433,Eskişehir,Correct
DA0CE6D5-6B24-4A2A-9AB9-4DBA93D3C260,HAKAN KABELOĞLU MUAYENEHANESİ,Eskişehir,Odunpazari,39.77433,30.51435,Eskişehir,Correct
F1EF8D4F-3947-44F6-8FB2-4E04E6813EA1,NEFES ECZANESİ,Eskişehir,Odunpazari,39.74167,30.55397,Eskişehir,Correct
3915BC84-C72C-4407-BAD4-4E6C270E4B70,EKİN BAŞAK ECZANESİ,Eskişehir,Odunpazari,39.76069,30.51029,Eskişehir,Correct
2E8871CF-DD01-4C24-A8E0-4E7E5B3DB76F,TUĞÇE KARTAL MUAYENEHANESİ,Eskişehir,Tepebaşi,39.78145,30.51563,Eskişehir,Correct
8BFFEFE8-32F1-4189-AB7C-4E901C1D8997,AYŞE ECE ECZANESİ,Eskişehir,Tepebaşi,39.77876,30.45631,Eskişehir,Correct
C5BA882A-33B1-4C07-B540-4EA70ED6A263,CEM NAKIŞÇI MUAYENEHANE,Eskişehir,Tepebaşi,39.78623,30.50215,Eskişehir,Correct
342069A9-118C-4162-83DA-4EE3D96F419D,METİN ECZANESİ,Eskişehir,Tepebaşi,39.77608,30.47699,Eskişehir,Correct
76168F87-2846-4C54-B2BC-4F2B83D77AF1,SELENİN ECZANESİ,Eskişehir,Tepebaşi,39.78876,30.53561,Eskişehir,Correct
E515094C-E290-4E19-A767-4F9AAE167DB2,ESKİŞEHİR TAM TEŞHİS MERKEZİ,Eskişehir,Tepebaşi,39.8286,30.31804,Eskişehir,Correct
E9F0BB95-1160-4B5D-B02F-4FA0B47CE0AD,ERENKÖY ECZANESİ,Eskişehir,Odunpazari,39.75732,30.54914,Eskişehir,Correct
EE632337-6FCF-476C-A2E1-5084B377BD57,SELEN ECZANESİ,Eskişehir,Odunpazari,39.75304,30.50789,Eskişehir,Correct
17E87FF7-3035-4778-B559-5109BC3E3A4D,NEHİR ECZANESİ,Eskişehir,Tepebaşi,39.77919,30.52356,Eskişehir,Correct
B3613243-9334-46D8-BEBC-51517CF76620,ÜNER BOLAT MUAYENEHANESİ,Eskişehir,Tepebaşi,39.77731,30.51972,Eskişehir,Correct
3C4B0E4B-5203-40C0-ADDA-5198528E354D,GÖZDE BUZLU TANER MUAYENEHANESİ,Eskişehir,Odunpazari,39.77133,30.52493,Eskişehir,Correct
CD0011E1-140B-42C2-A159-51C83F24EC14,ESKİŞEHİR SARICAKAYA AİLE SAĞLIĞI MERKEZİ,Eskişehir,Saricakaya,40.03804,30.62363,Eskişehir,Correct
A613CBF8-8210-40E0-9107-51D06B8903AE,ASLANTAŞ ECZANESİ,Eskişehir,Tepebaşi,39.79699,30.51142,Eskişehir,Correct
10980408-E5BD-41B8-A378-51EC9E3C3348,SEVAL ECZANESİ,Eskişehir,Tepebaşi,39.78836,30.48984,Eskişehir,Correct
830ADDDB-FAC5-41C9-BFC3-52251F3C46E6,ASLI ECZANESİ,Eskişehir,Odunpazari,39.75927,30.54741,Eskişehir,Correct
ED121FDC-3946-4B30-A673-5338946E02EB,HAKAN ECZANESİ,Eskişehir,Tepebaşi,39.78122,30.52486,Eskişehir,Correct
334A05E6-DAE2-41F5-9EB9-535F95790164,CENK ATAÇ MUAYENEHANESİ,Eskişehir,Tepebaşi,39.7789,30.51492,Eskişehir,Correct
8D70DC30-606B-442F-B19B-541DB2FC4642,DEVA ECZANESİ,Eskişehir,Tepebaşi,39.78795,30.48611,Eskişehir,Correct
24DEDBB5-5E54-488E-8D37-5452DF6367CE,İREM ECZANESİ,Eskişehir,Odunpazari,39.7739,30.51379,Eskişehir,Correct
955FBC57-279C-4E7E-888E-548D20A91C22,YAŞAM ECZANESİ,Eskişehir,Tepebaşi,39.79009,30.5163,Eskişehir,Correct
3B31F991-C8D3-4AA3-8DEF-54DEC738223F,HARMANCI ECZANESİ,Eskişehir,Tepebaşi,39.7895,30.47053,Eskişehir,Correct
5CE4263F-E51F-45B7-847F-557016956306,SEDA ECZANESİ,Eskişehir,Odunpazari,39.77462,30.51145,Eskişehir,Correct
1DEBDFB1-4EC2-40B0-983D-55E4D6ACA803,SİMGE ECZANESİ,Eskişehir,Odunpazari,39.77013,30.49448,Eskişehir,Correct
743DD2E2-6CA1-4607-A15D-56C3738DFC0E,GÖZDEM ECZANESİ,Eskişehir,Tepebaşi,39.77611,30.46599,Eskişehir,Correct
165CD7F0-5C40-4F5E-ACE1-583EBE991B84,BEYLİKOVA DEVLET HASTANESİ,Eskişehir,Beylikova,39.76451,30.56017,Eskişehir,Correct
273C932D-B8B8-47AC-BD7A-5924AC97208F,IŞIK ECZANESİ,Eskişehir,Tepebaşi,39.79009,30.47001,Eskişehir,Correct
A6201A4A-3B38-4B81-83CB-59C16A2ECF69,KARDELEN ECZANESİ,Eskişehir,Odunpazari,39.75399,30.53482,Eskişehir,Correct
D12E170C-A836-4E1F-9BFC-59D8FF3F94CA,DOĞAN ECZANESİ,Eskişehir,Odunpazari,39.75542,30.47325,Eskişehir,Correct
42FAC22A-D29A-41AA-A52A-5A3A0C4F5895,BURAK ECZANESİ,Eskişehir,Odunpazari,39.75337,30.51468,Eskişehir,Correct
C8C1BB2F-0DD2-426A-B177-5A3D4D165840,ESKİŞEHİR ÇİFTELER AİLE SAĞLIĞI MERKEZİ,Eskişehir,Çifteler,39.38388,31.04431,Eskişehir,Correct
0472B5AF-A46A-40AF-AEEC-5A7DB4CEAAE1,HALİL ÇELİK MUAYENEHANESİ,Eskişehir,merkez,40.8279,29.2579,İstanbul,Wrong
7A1741E2-D9A4-47AE-8C0A-5AB7745EABA6,KEREM TARHAN MUAYENEHANESİ,Eskişehir,Tepebaşi,39.77871,30.52295,Eskişehir,Correct
13295CA1-A6A1-4C0B-921E-5AF511E44DD5,AYŞE KARAPAZAR ÖZKIRIŞ MUAYENEHANESİ,Eskişehir,Odunpazari,39.75731,30.49346,Eskişehir,Correct
6876DB68-5680-44E0-8B55-5AFD45E0FD91,AYDINMAKİNA DİŞ KLİNİĞİ,Eskişehir,Tepebaşi,39.77935,30.51939,Eskişehir,Correct
B2D8D0D9-63F4-4E9C-B15B-5B220A385BFC,ABDULLAH AKPINAR-RAMAZAN BEKCİLER MUAYENEHANESİ,Eskişehir,Tepebaşi,39.77795,30.51796,Eskişehir,Correct
EFA9EC44-F634-40CB-BCE1-5C599B78C3A4,ÜNVER ECZANESİ,Eskişehir,Tepebaşi,39.7879,30.49072,Eskişehir,Correct
80478EEB-7098-47B5-9432-5C830AB48B2E,HAYAT ECZANESİ,Eskişehir,Odunpazari,39.74112,30.58389,Eskişehir,Correct
39A7571D-303E-4C6B-B870-5D26B2475EE3,PEKAK ECZANESİ,Eskişehir,Tepebaşi,39.80131,30.49769,Eskişehir,Correct
9A170CD9-3D1F-409A-B91F-5D799605E2AE,ERCAN ECZANESİ,Eskişehir,Tepebaşi,39.77961,30.51332,Eskişehir,Correct
98391E9D-3874-49DE-868E-5D8AC6D035E7,EFE ANIL ECZANESİ,Eskişehir,Tepebaşi,39.78572,30.49115,Eskişehir,Correct
EE586938-DE51-40E3-9486-5D92BF234042,ELİFANA ÇOCUK SAĞ.DAL MERKEZİ,Eskişehir,Odunpazari,39.76489,30.50983,Eskişehir,Correct
5EBA9488-59F4-4095-8F8F-5D9BA79AA219,AYŞE ŞEBNEM AKYOL KARASU KLİNİK,Eskişehir,Tepebaşi,39.78983,30.50695,Eskişehir,Correct
A82573C4-5379-48EF-8065-5E41D2CC25F6,KURAL ECZANESİ,Eskişehir,Tepebaşi,39.77913,30.52524,Eskişehir,Correct
78FA5072-FBDD-4C4C-8212-5E6AB932F5B6,ÖZEL ESKİŞEHİR GÖZ SAĞLIĞI VE HASTALIKLARI DAL MERKEZİ,Eskişehir,Odunpazari,39.77505,30.51692,Eskişehir,Correct
3C9EF2F0-B033-4C5B-B5C5-5EA152ADE572,ERSÖZ ECZANESİ,Eskişehir,Odunpazari,39.75992,30.51177,Eskişehir,Correct
470C9937-FE73-48A1-B3B1-5EA88DE2F105,KAŞIKÇI ECZANESİ,Eskişehir,Tepebaşi,39.79797,30.50116,Eskişehir,Correct
DB761413-554E-45A8-BE42-5EECDA51C18E,YASEMİN BULUT MUAYENEHANESİ,Eskişehir,Tepebaşi,39.77629,30.51921,Eskişehir,Correct
5482ED90-E23A-48DE-BA79-5EFC7B35FC9D,DERMAN ECZANESİ,Eskişehir,Odunpazari,39.77386,30.51124,Eskişehir,Correct
E6C5947A-5DEC-4D04-8AC6-5F216D94B0D1,AYŞE KARAKAYA MUAYENEHANESİ,Eskişehir,Tepebaşi,39.78713,30.50335,Eskişehir,Correct
1688F5FE-6637-411A-9499-5F8F9194F67B,SEVİM ECZANESİ,Eskişehir,Odunpazari,39.7527,30.50766,Eskişehir,Correct
B74D9AB4-FE2A-4C47-B04B-6016BE3A95E4,HAVVA BELDA TÜNER YURTSEVEN MUAYENEHANESİ,Eskişehir,Tepebaşi,39.77965,30.51323,Eskişehir,Correct
009FD875-92FA-49D4-8524-606EA8173603,ÖZEL İPEK AGİZ VE DİŞ SAĞLIĞI POLİKLİNİĞİ MERKEZ,Eskişehir,Tepebaşi,39.78303,30.50583,Eskişehir,Correct
689E418F-3DF1-4245-B542-60EBFD6FB80E,LOKMAN ECZANESİ,Eskişehir,Odunpazari,39.76744,30.54359,Eskişehir,Correct
624C90D8-F1E6-4ECF-8FFB-61054E48C658,ESKİŞEHİR ODUNPAZARI ERTAŞ AİLE SAĞLIĞI MERKEZİ,Eskişehir,Odunpazari,39.7523,30.56681,Eskişehir,Correct
4CFB0D5C-06A2-40D0-8617-617DAE6988AA,ÖZLEM KESKİNER MUAYENEHANESİ,Eskişehir,Odunpazari,39.7678,30.50219,Eskişehir,Correct
8AEAF22B-8213-4FB9-928E-619B65460106,ESKİŞEHİR SEYİTGAZİ AİLE SAĞLIĞI MERKEZİ,Eskişehir,Seyitgazi,39.4464,30.69618,Eskişehir,Correct
E81302A9-B64B-45BE-A126-61A83896992E,ESKİŞEHİR TEPEBAŞI YEŞİLTEPE AİLE SAĞLIĞI MERKEZİ,Eskişehir,Tepebaşi,39.80194,30.49686,Eskişehir,Correct
79BE49DF-5270-4C6B-8E35-626030A3423F,BÜŞRA KABAAĞAÇ MUAYENEHANESİ,Eskişehir,Tepebaşi,39.77928,30.51426,Eskişehir,Correct
0D0F3173-9EF2-4021-B2C6-629054A50EF3,ESKİŞEHİR GELİŞİM VE PSİKOLOJİ AKADEMİSİ,Eskişehir,Tepebaşi,39.78085,30.51882,Eskişehir,Correct
7E7C06E2-D690-4317-A677-62BA677D77A1,KABASAKAL ECZANESİ,Eskişehir,Tepebaşi,39.78832,30.48964,Eskişehir,Correct
53D375E5-40A2-41B5-8D62-62C06B640D39,BİZİM ECZANESİ,Eskişehir,Odunpazari,39.7562,30.55991,Eskişehir,Correct
E3EE4920-FA60-4DB6-968F-631C8ED06A85,ESKİŞEHİR KIZILAY KAN MERKEZİ,Eskişehir,Odunpazari,39.76965,30.51798,Eskişehir,Correct
BF5E673A-2858-4010-9EA3-63B0DB33C35B,SAĞLIK ECZANESİ,Eskişehir,Odunpazari,39.74921,30.49643,Eskişehir,Correct
D382DC79-187C-475B-9BC9-6410CAC4D0A7,ERHAN ECZANESİ,Eskişehir,Odunpazari,39.76321,30.50568,Eskişehir,Correct
14AE8040-A83F-4FBE-80B3-645D5BEEF041,DERMAN ECZANESİ,Eskişehir,Seyitgazi,39.3782,31.03689,Eskişehir,Correct
8C096368-36C4-4967-BFEF-64F3833F4321,MEHMET ALİ KIRTAŞ MUAYENEHANESİ,Eskişehir,Odunpazari,39.77463,30.51748,Eskişehir,Correct
2591F24D-5AB8-467B-ADF4-6515C39A16CE,ESKİŞEHİR MİHALGAZİ AİLE SAĞLIĞI MERKEZİ,Eskişehir,Mihalgazi,40.0296,30.55822,Eskişehir,Correct
8664CC78-D6A5-4E13-89F8-65C682AA9912,AKAY ECZANESİ,Eskişehir,Tepebaşi,39.7756,30.46809,Eskişehir,Correct
2316F25C-A383-4860-88A9-65D31FE79C0C,ESKİŞEHİR AĞIZ VE DİŞ SAĞLIĞI HASTANESİ,Eskişehir,Odunpazari,39.74973,30.5195,Eskişehir,Correct
B39536B5-493D-45DE-AF2B-6643E14C9A80,ODUNPAZARI MERKEZ TSM,Eskişehir,Odunpazari,39.75545,30.52002,Eskişehir,Correct
573321CA-F280-44C8-99CA-67111628CF97,HAVA ECZANESİ,Eskişehir,Odunpazari,39.77372,30.51025,Eskişehir,Correct
F90FF0EC-D5AB-47FA-AEE9-6720290AB53D,AYFER AYDINBEYLİ BÖR MUAYENEHANESİ,Eskişehir,Tepebaşi,39.79091,30.48777,Eskişehir,Correct
5A08033F-BEF0-4ABF-83F9-672D667716FC,TEPEBAŞI BELEDİYESİ SAĞLIK BİRİMİ,Eskişehir,Tepebaşi,39.78391,30.50089,Eskişehir,Correct
0A316A90-6FA7-4EE6-ABDC-67FFD2160E4C,ESKİŞEHİR ODUNPAZARI KIRMIZI TOPRAK AİLE SAĞLIĞI MERKEZİ,Eskişehir,Odunpazari,39.77385,30.50423,Eskişehir,Correct
65383A52-B7BB-404D-9B8C-680085880927,ESKİŞEHİR TEPEBAŞI AŞAĞI SÖĞÜTÖNÜ AİLE SAĞLIĞI MERKEZİ,Eskişehir,Tepebaşi,39.80684,30.4431,Eskişehir,Correct
EED913FF-7CCC-4BEF-8A2D-6877B0D0C085,HİSAR ECZANESİ,Eskişehir,Tepebaşi,39.82971,30.32608,Eskişehir,Correct
BCE9CF39-F707-4243-A8D7-688B98F545EF,AYŞE EKİM AYDEMİR MUAYENEHANESİ,Eskişehir,Tepebaşi,39.77609,30.5199,Eskişehir,Correct
E51912A9-DC19-43AD-89E8-693EDD27DE17,ECEM KESKİNKILIÇ SAĞLIKLI YAŞAM VE DİYET KLİNİĞİ,Eskişehir,Tepebaşi,39.77813,30.5189,Eskişehir,Correct
0AEC78ED-E1C1-4700-98C4-695811CD0167,SELMAN BAHAR MUAYENEHANESİ,Eskişehir,Tepebaşi,39.82866,30.31827,Eskişehir,Correct
35A0A67D-B303-484E-B105-69E5A7DE9EFB,AYHAN ECZANESİ,Eskişehir,Odunpazari,39.76942,30.54134,Eskişehir,Correct
6ADC06E6-80B9-41D0-9AB3-6AC7653836A3,ESKİŞEHİR ODUNPAZARI MUSA ÖNCE AİLE SAĞLIĞI MERKEZİ,Eskişehir,Odunpazari,39.76521,30.57037,Eskişehir,Correct
6C278792-463A-44AE-BB0E-6AEA7C885EF7,REFİKA AŞIK AVAR MUAYENEHANESİ,Eskişehir,Tepebaşi,39.79487,30.50833,Eskişehir,Correct
6E7ACDCF-F48B-4CB0-B591-6BB160EBD679,ESKİŞEHİR SİVRİHİSAR AİLE SAĞLIĞI MERKEZİ,Eskişehir,Sivrihisar,39.44726,31.53601,Eskişehir,Correct
2DA5B55B-F194-4DAA-A284-6BDD816ABB8D,AKGÜL ECZANESİ,Eskişehir,Odunpazari,39.76639,30.49007,Eskişehir,Correct
2A561E4E-01C3-4D72-850F-6C5B0EF3EA1A,GÜNEŞ ECZANESİ,Eskişehir,Odunpazari,39.74686,30.58349,Eskişehir,Correct
A63DC26C-176F-4540-B079-6CEA61D9DBFF,SEVCAN ECZANESİ,Eskişehir,Odunpazari,39.77552,30.51265,Eskişehir,Correct
0B1E5F35-DA6A-461B-BCD9-6DD4DFFBE1FD,ESKİŞEHİR ECZANESİ,Eskişehir,Odunpazari,39.74589,30.58641,Eskişehir,Correct
69CBD035-6E1B-4489-B9C4-6E588AE6D893,KIVANÇ ECZANESİ,Eskişehir,Odunpazari,39.72935,30.60891,Eskişehir,Correct
03CFCFC2-4B5C-4D0E-B147-6E5D9E825540,KEMAL KÖSEER MUAYENEHANESİ,Eskişehir,Odunpazari,39.75813,30.557,Eskişehir,Correct
FCBEF446-6B94-441B-BBA8-6E9E94958665,SELAM ECZANESİ,Eskişehir,Odunpazari,39.75619,30.55989,Eskişehir,Correct
902B8A36-B754-42B2-91E4-6F35CEB86B50,PİRAYE ECZANESİ,Eskişehir,Odunpazari,39.75673,30.49301,Eskişehir,Correct
BF205059-6FB0-413C-B4D2-6FA74359A2D5,ADAÇAYI ECZANESİ,Eskişehir,Odunpazari,39.76793,30.51852,Eskişehir,Correct
2ED75195-D077-4B1E-93C0-6FDC1C369803,SERDAR ERKASAP MUAYENEHANESİ,Eskişehir,Odunpazari,39.76502,30.50656,Eskişehir,Correct
83924B60-37E1-4B4D-B967-6FE6B91B1BA4,ESKİŞEHİR GÜNYÜZÜ MERKEZ ASM,Eskişehir,Günyüzü,39.38506,31.81062,Eskişehir,Correct
8806D9C5-F531-49A0-B506-6FEF5E5B4BA3,KARTOPU ECZANESİ,Eskişehir,Odunpazari,39.73897,30.53091,Eskişehir,Correct
1A2DFB41-6F58-4826-AAC1-70109888576E,ESRA ELİTOK-ALPER ELİTOK MUAYENEHANESİ,Eskişehir,Odunpazari,39.77597,30.51809,Eskişehir,Correct
A1549616-9529-46D4-8726-706330695CAE,PLATİN ECZANESİ,Eskişehir,Odunpazari,39.7743,30.51219,Eskişehir,Correct
45B56B5B-049C-48B4-BC68-707CEC3F9C6F,DOĞUŞ BAHADIR DORJ AKUPUNKTUR,Eskişehir,Tepebaşi,39.77907,30.51514,Eskişehir,Correct
FD009D88-4C29-4CC9-ACD1-71645D93E1D1,YAVUZ ADALI MUAYENEHANESİ,Eskişehir,Tepebaşi,39.77875,30.52916,Eskişehir,Correct
B4200FFC-BD77-46B0-A890-716AC112ECD7,NİLAY ECZANESİ,Eskişehir,Sivrihisar,39.44791,31.53704,Eskişehir,Correct
C85B5F5A-E8B2-4672-A862-71E575E77F85,AYKUT AKSOY MUAYENEHANESİ,Eskişehir,Tepebaşi,39.77774,30.51649,Eskişehir,Correct
5539D486-4D20-443B-8128-71F13541A505,YILDIZ ECZANESİ,Eskişehir,Odunpazari,39.76515,30.57072,Eskişehir,Correct
4C2722F2-A861-451E-9F0E-728D856BEC14,ÖZAKAR ECZANESİ,Eskişehir,Günyüzü,38.6588,27.34095,Manisa,Wrong
5EAD1BCB-E56E-4071-AC71-72B3E6C63A40,BEHÇET BİRLİK MUAYENEHANESİ,Eskişehir,Odunpazari,39.76971,30.51888,Eskişehir,Correct
702AED8E-CEEF-4423-8397-72E5D54202BB,MAHMUDİYE ECZANESİ,Eskişehir,Mahmudiye,39.4946,30.98618,Eskişehir,Correct
B11AA9E5-CC09-43E9-B165-730BC86A000C,ERMAN ECZANESİ,Eskişehir,Tepebaşi,39.79016,30.49224,Eskişehir,Correct
170F54D7-D572-40C9-9D21-731C4FE5050A,ARZU ALAGÖZ SAMUR MUAYENEHANESİ,Eskişehir,Tepebaşi,39.77768,30.51666,Eskişehir,Correct
193E82F9-2BC6-4394-9C19-7362E30B0E5C,ÖZEL İPEK AGİZ VE DİŞ SAĞLIĞI POLİKLİNİĞİ DOKTORLAR ŞUBESİ,Eskişehir,Tepebaşi,39.78055,30.51443,Eskişehir,Correct
3C3F9F07-2051-4B0C-B1AD-73A33A0D137E,EKİM ECZANESİ,Eskişehir,Odunpazari,39.76683,30.5196,Eskişehir,Correct
E35C81AC-8AD9-43BD-B387-743FA17B1F1F,DİLEK NARGÜL MUAYENEHANESİ,Eskişehir,Tepebaşi,39.78402,30.51102,Eskişehir,Correct
9B6ACCF7-B992-43D0-A360-7480927A96A2,RÜYA ECZANESİ,Eskişehir,Tepebaşi,39.77924,30.51395,Eskişehir,Correct
32BDAF4B-A50C-4051-B89A-74B4966D661F,BEYZA ECZANESİ,Eskişehir,Odunpazari,39.77287,30.50378,Eskişehir,Correct
0B13AF58-20BB-4607-80EE-74BD2BC1142F,ESKİŞEHİR ARÇELİK FABRİKASI SAĞLIK BİRİMİ,Eskişehir,Odunpazari,39.74199,30.62021,Eskişehir,Correct
3971358E-0920-47D4-B9DF-753E105FA8CF,TALHA AYVAZ MUAYENEHANESİ,Eskişehir,Tepebaşi,39.77845,30.51819,Eskişehir,Correct
3A9F85BB-E870-40D0-B04E-75D74A147AF5,TİLBE AKIN ÖZKAYA MUAYENEHANESİ,Eskişehir,Tepebaşi,39.78221,30.49924,Eskişehir,Correct
EE1A1A30-C2CC-406F-AEF0-7622A29FCDC3,SAMİ ERDEMİR MUAYENEHANESİ,Eskişehir,merkez,41.0224,28.9365,İstanbul,Wrong
17ED313A-59EF-4753-B508-762DD1B5FE32,ÖZLEM ECZANESİ,Eskişehir,Odunpazari,39.77406,30.51399,Eskişehir,Correct
69DF22F7-B4F3-4419-89AA-779AC7C1FA09,EREN ECZANESİ,Eskişehir,Odunpazari,39.76744,30.54386,Eskişehir,Correct
8A7CA8BE-80B1-457E-BB89-78049247016D,ÖZ ABAKLI ECZANESİ,Eskişehir,Odunpazari,39.76792,30.53068,Eskişehir,Correct
1B25ACC1-1411-4922-BCE5-7841DE7154BF,ÇINAR ECZANESİ,Eskişehir,Odunpazari,39.76373,30.49998,Eskişehir,Correct
7E635362-2371-42E6-8475-78FEE9AEC7BF,ALTAN EŞSİZOĞLU MUAYENEHANESİ,Eskişehir,Tepebaşi,39.78389,30.49829,Eskişehir,Correct
AE4B5F70-BB1F-484C-A28C-7997D978634F,POLEN ECZANESİ,Eskişehir,Odunpazari,39.76501,30.50576,Eskişehir,Correct
CCD10D79-05DD-4C47-84E6-79EFD551E0F0,AYLİN ECZANESİ,Eskişehir,Odunpazari,39.75319,30.55914,Eskişehir,Correct
AE5FF6BF-DFFF-4ACB-BB58-7A437913C6DB,GÜREL ECZANESİ,Eskişehir,Tepebaşi,39.77948,30.51906,Eskişehir,Correct
8D376845-BFB6-4736-A153-7A623A3B6ED1,ÖZGÜR ECZANESİ,Eskişehir,Tepebaşi,39.79611,30.51199,Eskişehir,Correct
F2B01D1A-C0DC-49E6-9583-7AAE7BA51F79,ESKİŞEHİR TEPEBAŞI ÇUKURHİSAR AİLE SAĞLIĞI MERKEZİ,Eskişehir,Tepebaşi,39.82971,30.32602,Eskişehir,Correct
63BA38AB-7480-4524-A352-7AF0ED36223C,SARICAKAYA MERKEZ TSM,Eskişehir,Saricakaya,40.03714,30.62243,Eskişehir,Correct
9128F376-491B-46E3-8D21-7AF1F8B32A7A,YENİLMEZ ECZANESİ,Eskişehir,Odunpazari,39.74999,30.49771,Eskişehir,Correct
E847C819-1F41-4FB7-BD9B-7B0975FD1CD0,ÖZEL KLAS AGİZ VE DİŞ SAĞLIĞI POLİKLİNİĞİ,Eskişehir,Tepebaşi,39.78298,30.52494,Eskişehir,Correct
82BA4231-ABC8-4A8D-BB80-7B239493FB4B,ŞAFAK ECZANESİ,Eskişehir,Tepebaşi,39.78431,30.51064,Eskişehir,Correct
A051AF9C-ABDB-4431-BBDC-7B2B63182222,YAŞAR YASİN ÖZEL MUAYENEHANESİ,Eskişehir,Tepebaşi,39.77742,30.51728,Eskişehir,Correct
C74DC239-16E0-4869-8533-7B59F9BD7F22,VEFA ECZANESİ,Eskişehir,Odunpazari,39.76725,30.53506,Eskişehir,Correct
515E924F-BA19-480C-BE0E-7B858CA6A0FD,BOTANİK ECZANESİ,Eskişehir,Odunpazari,39.76974,30.51725,Eskişehir,Correct
B4518EFF-FE9F-4214-9840-7B868B5631D8,SARAÇ ECZANESİ,Eskişehir,Çifteler,39.37704,31.03829,Eskişehir,Correct
CBEF736D-1D64-4A0E-B18F-7C324E961CE0,BİLGE YÜCE SAĞLIKLI BESLENME VE DANIŞMANLIK MERKEZİ,Eskişehir,Tepebaşi,39.78334,30.50833,Eskişehir,Correct
4981294F-58DA-4917-98D0-7CBAB35C7883,ESKİŞEHİR ODUNPAZARI GÖKMEYDAN AİLE SAĞLIĞI MERKEZİ,Eskişehir,Odunpazari,39.76942,30.54117,Eskişehir,Correct
4ADCE31F-0A98-49F3-83DD-7D089E75B101,ELİF ECZANESİ,Eskişehir,Odunpazari,39.77545,30.51745,Eskişehir,Correct
1E07BCB2-C0AB-4489-AA14-7E7A5B7C6B18,GEÇİT ECZANESİ,Eskişehir,Tepebaşi,39.78182,30.51816,Eskişehir,Correct
F7707DF3-E26E-47CB-9A00-7EDCCFF576FF,ASLI KAYA MUAYENEHANESİ,Eskişehir,Tepebaşi,39.77885,30.51485,Eskişehir,Correct
8278A7DA-3FD8-4F53-AE80-7F71CCB861AB,ESKİŞEHİR TEPEBAŞI SAKARYA AİLE SAĞLIĞI MERKEZİ,Eskişehir,Tepebaşi,39.78757,30.51848,Eskişehir,Correct
38709169-543F-4D33-916D-7FB69E7833D2,ÜMİT ECZANESİ,Eskişehir,Tepebaşi,39.77729,30.50957,Eskişehir,Correct
BFE903EB-ACD2-4636-A4BD-7FE0530A2D25,ESKİŞEHİR ODUNPAZARI OSMANGAZİ AİLE SAĞLIĞI MERKEZİ,Eskişehir,Odunpazari,39.77021,30.49445,Eskişehir,Correct
DF616DBA-2F53-4FE2-AA67-7FFD870EA9B3,ESKİŞEHİR ŞÖFORLER ODASI SAĞLIK REVİRİ,Eskişehir,Tepebaşi,39.78165,30.48944,Eskişehir,Correct
6C97794C-C1E2-4DA3-9BF5-80F9F3C2FF13,EDA KİBAR ATASOY MUAYENEHANESİ,Eskişehir,Tepebaşi,39.78436,30.5007,Eskişehir,Correct
C56476B2-0647-423C-935D-812EEAEA43B5,ESKİSEHİR BULVAR AİLE SAĞLIĞI MERKEZİ,Eskişehir,Odunpazari,39.76433,30.51383,Eskişehir,Correct
36AFC542-BBAB-4070-B9E8-814A61D4022F,NAR ÇİÇEĞİ ECZANESİ,Eskişehir,Odunpazari,39.76873,30.50127,Eskişehir,Correct
F8B16F83-B433-45EF-AC1B-815141A98FA7,ÜNSAL GÜLER MUAYENEHANESİ,Eskişehir,Tepebaşi,39.77858,30.51786,Eskişehir,Correct
606EE35A-39AE-438C-9894-81FA991D16CD,ZEYNEP ALCAL ŞAHİNOĞLU MUAYENEHANESİ,Eskişehir,Tepebaşi,39.77731,30.51901,Eskişehir,Correct
06DFD98F-BCBD-43A9-9EC8-8235E1DCB2DB,TİMUR ECZANESİ,Eskişehir,Odunpazari,39.76745,30.51899,Eskişehir,Correct
A088FE69-E8D1-4C22-A897-83487A7D816A,ESKİŞEHİR ODUNPAZARI VİŞNELİK AİLE SAĞLIĞI MERKEZİ,Eskişehir,Odunpazari,39.77087,30.51558,Eskişehir,Correct
F92D78A4-BFCB-4786-85ED-8360DF0EB292,NAZ ECZANESİ,Eskişehir,Tepebaşi,39.79039,30.44981,Eskişehir,Correct
9C424BF4-D889-4E49-A621-83C4B21FDD4F,KORAY ŞENER MUAYENEHANESİ,Eskişehir,Tepebaşi,39.78872,30.49301,Eskişehir,Correct
C430CF06-A8A5-415D-BE12-83E097EF714E,BİRLİK ECZANESİ,Eskişehir,Tepebaşi,39.78878,30.53157,Eskişehir,Correct
30952C89-9D2A-45A2-8766-8429F20DCC69,PINARIN ECZANESİ,Eskişehir,Tepebaşi,39.78582,30.50627,Eskişehir,Correct
23CEFD18-4DFD-4CFB-8585-84527FAC457A,ESKİŞEHİR TEPEBAŞI HOŞNUDİYE AİLE SAĞLIĞI MERKEZİ,Eskişehir,Tepebaşi,39.77694,30.51077,Eskişehir,Correct
ED0367B0-2727-4877-816A-84B8C2ACD484,ESKİŞEHİR YUNUS EMRE DEVLET HASTANESİ ECZANESİ,Eskişehir,merkez,39.78764,30.48811,Eskişehir,Correct
32399632-DC4B-4C2F-9F2D-84BEE2CE7F55,ÖZEL ÜMİT HASTANESİ ECZANESİ,Eskişehir,Tepebaşi,41.1508,28.6947,İstanbul,Wrong
C1C60917-7D40-43DC-AE18-8517C184761F,POLAT ECZANESI,Eskişehir,Tepebaşi,39.80005,30.51649,Eskişehir,Correct
ED928014-FC67-4796-8C06-85BB55144FC8,NİLGÜN ECZANESİ,Eskişehir,Tepebaşi,39.77813,30.45568,Eskişehir,Correct
BE8F6392-52CF-4108-8DBB-85D4012E7751,AYKUT KANAT MUAYENEHANESİ,Eskişehir,Tepebaşi,39.78573,30.50171,Eskişehir,Correct
602BC338-F5C6-4DC7-A63E-85E0AC53C9D1,CENGİZ ECZANESİ,Eskişehir,Odunpazari,39.76652,30.57022,Eskişehir,Correct
7E42DA5C-7DCE-49AD-A5CE-861A12720672,HARUN ÜNAL MUAYENEHANESİ,Eskişehir,Odunpazari,39.75687,30.55972,Eskişehir,Correct
56248818-B0E3-42C8-AE45-866817C46D5A,SUNAY ECZANESİ,Eskişehir,Tepebaşi,39.77727,30.52929,Eskişehir,Correct
46126C4A-EB3D-4AC8-9EBC-86706DDACBE1,KEVSER ECZANESİ,Eskişehir,Tepebaşi,39.79792,30.48892,Eskişehir,Correct
24065374-7492-4356-ACB8-86E40DEC5705,ESKİŞEHİR 1 NCİ ANA JET ÜSSÜ KOMUTANLIĞI REVİRİ,Eskişehir,Tepebaşi,39.15137,-76.68396,No Info,No Info
24EFED83-70BD-46C0-B1B2-876EAF754E55,ESKİŞEHİR PAŞABAHÇE CAM FABRİKASI REVİRİ,Eskişehir,Odunpazari,39.58607,-76.10436,No Info,No Info
7E40C558-904E-4564-8A4F-879913F6349E,FADİME SÖKMEN MUAYENEHANESİ,Eskişehir,ESKİŞEHİR MERKEZ,41.0196,29.398,İstanbul,Wrong
B9A9C4F7-B4AC-47AA-B172-879B147D9E34,ÇİFTELER ECZANESİ,Eskişehir,Odunpazari,39.76941,30.54254,Eskişehir,Correct
3C3C5C8F-1C85-42BC-9E8C-87A251733D8F,GÖZDE ECZANESİ,Eskişehir,Tepebaşi,39.77832,30.51548,Eskişehir,Correct
BEA190E1-FFA5-4A80-834B-87B8AF993431,ERDEM ECZANESİ,Eskişehir,Tepebaşi,39.77703,30.51071,Eskişehir,Correct
20D8D93E-208F-4131-A783-87F7C027F1FC,ESKİŞEHİR TEPEBAŞI YAYLA AİLE SAĞLIĞI MERKEZİ,Eskişehir,Tepebaşi,39.79373,30.48349,Eskişehir,Correct
551485A8-21B8-4EB5-917B-8889DE3F4A27,BURCU GÜRSEL MUAYENEHANESİ,Eskişehir,Tepebaşi,39.77804,30.51734,Eskişehir,Correct
A70FA544-5E7D-405B-831F-88A178FCA347,ALPER ECZANESİ,Eskişehir,Tepebaşi,39.77826,30.45617,Eskişehir,Correct
874DC781-E008-4E8E-8D88-88B4E9970062,MAYIS ECZANESİ,Eskişehir,Tepebaşi,39.77749,30.51782,Eskişehir,Correct
AD9D9C66-A195-4CDC-B30F-88E8D235FE53,ESKİŞEHİR TEPEBAŞI BATIKENT AİLE SAĞLIĞI MERKEZİ,Eskişehir,Tepebaşi,39.7896,30.46918,Eskişehir,Correct
0F4B5DED-EE4C-4CFB-A084-894486877B12,ALPU ECZANESİ,Eskişehir,Alpu,39.45141,31.53606,Eskişehir,Correct
E23D3753-2FDF-4916-BDC5-896DECEDCD23,MELİHA ÇELİK MUAYENEHANESİ,Eskişehir,Tepebaşi,39.82894,30.3195,Eskişehir,Correct
2CFFF919-70DE-4614-8080-89C7247A3C99,DOĞU ECZANESİ,Eskişehir,Odunpazari,39.75265,30.50742,Eskişehir,Correct
BA4F3C81-1871-4CEE-A02C-8A0F69690442,BORA ECZANESİ,Eskişehir,Tepebaşi,39.77839,30.51902,Eskişehir,Correct
1DFDC471-0948-4D0A-9F79-8A4576E7DDAB,ÖZEL ÜMIT VIŞNELIK HASTANESI,Eskişehir,Odunpazari,39.76236,30.49935,Eskişehir,Correct
9D33DE02-32D7-4E4E-8690-8A72B36ED4B8,CEM ECZANESİ,Eskişehir,Odunpazari,39.76661,30.53423,Eskişehir,Correct
235F4AF3-F634-4E03-9D1F-8B150B88F557,ÖZEL OLDCITYDENT AĞIZ VE DİŞ SAĞLIĞI HASTANESİ,Eskişehir,Tepebaşi,39.7765,30.52327,Eskişehir,Correct
E71F51DC-AE54-4808-ABD6-8BAD8C481723,AY ECZANESİ,Eskişehir,Tepebaşi,39.78087,30.52459,Eskişehir,Correct
E7C8D6B0-167C-47E2-B317-8BBD63A3AE91,İKİEYLÜL ECZANESİ,Eskişehir,Odunpazari,39.77041,30.51989,Eskişehir,Correct
F46916A5-C060-41F2-8029-8BD93133749E,ESKİŞEHİR ODUNPAZARI ESOGÜ AİLE SAĞLIĞI MERKEZİ,Eskişehir,Odunpazari,39.75335,30.50451,Eskişehir,Correct
D55FFE47-E7BF-4856-B594-8CA51B5D5BD7,CEMREM ECZANESİ,Eskişehir,Tepebaşi,39.79047,30.48431,Eskişehir,Correct
2C45ADC2-B783-4DC9-A456-8CD4426879C3,ESKIŞEHIR MAHMUDIYE İLÇE HASTANESI,Eskişehir,Mahmudiye,39.50176,30.97771,Eskişehir,Correct
D9AE1F3F-EF0F-4AAB-A525-8CE635FE83CD,KAYRA ECZANESİ,Eskişehir,Tepebaşi,39.77842,30.48041,Eskişehir,Correct
5D7EA053-3D0B-4519-8DBD-8CECDBF677D6,SELİN ECZANESİ,Eskişehir,Tepebaşi,39.78867,30.48962,Eskişehir,Correct
F5EC827A-A708-4905-BF67-8CEF55E1B1D5,KÜBRA ALBAYRAK SAĞLIKLI BESLENME VE YAŞAM MERKEZİ,Eskişehir,Tepebaşi,39.7822,30.50566,Eskişehir,Correct
BBD778B3-C225-4181-B131-8D32D339A608,EROL ARIKAN MUAYENEHANESİ,Eskişehir,Tepebaşi,39.77922,30.51668,Eskişehir,Correct
8D45A540-8E18-468C-AA01-8D434C1EFB78,MAVİ ECZANESİ,Eskişehir,Odunpazari,39.76686,30.51464,Eskişehir,Correct
A7BE5FE7-ED84-408D-A2DC-8E373491AFCD,ESKIŞEHIR OSMANGAZI ÜNIVERSITESI DIŞ HEKIMLIĞI FAKÜLTESI,Eskişehir,Odunpazari,39.76563,30.52379,Eskişehir,Correct
75301958-BDFE-49FC-9F8A-8EDC90085702,GÜLBİN ECZANESİ,Eskişehir,Tepebaşi,39.79025,30.52456,Eskişehir,Correct
E80EBD14-272D-4C52-B988-8F1834651417,OZEL GLOBAL AĞIZ VE DİŞ SAĞLIĞI POLİKLİNİĞİ,Eskişehir,Tepebaşi,39.7906,30.4585,Eskişehir,Correct
8EE476F8-8BE8-4665-B5A6-8F7F3B057BDC,ECEM ERAL MUAYENEHANESİ,Eskişehir,Odunpazari,39.76445,30.51248,Eskişehir,Correct
A300B740-C90E-476A-9E6D-91595ABCC731,ALEV ÖZLEM ÖZDEMİR KARABAĞ MUAYENEHANESİ,Eskişehir,Odunpazari,39.76528,30.50657,Eskişehir,Correct
EF581E3E-CC95-4F02-837A-915994FBC248,YILDIZTEPE ECZANESİ,Eskişehir,Odunpazari,39.76013,30.50477,Eskişehir,Correct
3DC2A18B-FDEC-493E-91BC-91D213997F39,ESKİŞEHİR SEYİTGAZİ KIRKA AİLE SAĞLIĞI MERKEZİ,Eskişehir,Seyitgazi,39.28469,30.52678,Eskişehir,Correct
8AD4DE0A-FF53-4308-9D91-9266FEF638F3,BEGONVIL ECZANESI,Eskişehir,Tepebaşi,39.77905,30.51642,Eskişehir,Correct
6B9278E1-404D-4472-99A7-926A3E1ADD32,ERCAN KADIOĞLU MUAYENEHANESİ,Eskişehir,Odunpazari,39.77121,30.52082,Eskişehir,Correct
61CFDE0C-5EA6-42BA-B674-9275BA889443,İHSAN ECZANESİ,Eskişehir,Odunpazari,39.77945,30.4617,Eskişehir,Correct
D1F569B4-0DEA-416E-B99B-92D80B8C2801,CAN ECZANESİ,Eskişehir,Seyitgazi,39.44573,30.69612,Eskişehir,Correct
B3766EEA-A4B8-4265-97AB-934C979F415B,ESKIŞEHIR DEVLET HASTANESI,Eskişehir,Odunpazari,39.76642,30.54297,Eskişehir,Correct
3EB87ED9-4042-48E0-8CB5-93CB216A4113,UMUT ECZANESİ,Eskişehir,Odunpazari,39.76875,30.51573,Eskişehir,Correct
0FDAB6CB-90D0-40B1-A632-94A3B2ACC099,SILA ECZANESİ,Eskişehir,Odunpazari,39.74952,30.57341,Eskişehir,Correct
80449BBD-094C-44BF-A837-958EE73EF800,KORAY ECZANESİ,Eskişehir,Odunpazari,39.76945,30.53585,Eskişehir,Correct
85DE8FE8-A436-4484-A6FA-95F53CB8823D,ÖZEL DENTARMA DENTAL ESTETİK İMPLANTOLOJİ,Eskişehir,Tepebaşi,39.7788,30.51735,Eskişehir,Correct
F9D7E312-3BEC-4DB4-9F62-965921EC3070,ERDİNÇ ECZANESİ,Eskişehir,Odunpazari,39.76997,30.55036,Eskişehir,Correct
64735E9D-36A6-431E-9DE5-9664A61D1780,EGE ECZANESİ,Eskişehir,Tepebaşi,39.77676,30.52753,Eskişehir,Correct
B3B27DB1-000A-4309-87A6-973492F63632,MURAT ERCAN MUAYENEHANESİ,Eskişehir,Tepebaşi,39.78386,30.49827,Eskişehir,Correct
5984E6AC-953E-4942-A427-98139F912893,ESKİŞEHİR ŞEHİR HASTANESİ,Eskişehir,Odunpazari,39.75766,30.57359,Eskişehir,Correct
BC6FC4C3-D22C-47F1-906C-982E293EACA5,ÖZEL ESKİŞEHİR ANADOLU HASTANESİ,Eskişehir,Odunpazari,39.77456,30.51195,Eskişehir,Correct
6A6FA3C0-58E4-442B-B114-98368D1E25D5,PİRAYE ECZANESİ,Eskişehir,Odunpazari,39.75673,30.49301,Eskişehir,Correct
BC1898E0-4E88-469C-A97D-98BEDE8E9EC1,MİHALIÇÇIK ECZANESİ,Eskişehir,Odunpazari,39.76738,30.54553,Eskişehir,Correct
67CFFDFD-A580-411E-9B8D-9926593B9707,VERESELİ HIZIR ECZANESİ,Eskişehir,Sivrihisar,39.44854,31.53902,Eskişehir,Correct
793450F9-2E92-444A-B9AC-992CDA642AFD,HANIMELİ ECZANESİ,Eskişehir,Odunpazari,39.77504,30.51529,Eskişehir,Correct
C678EEB7-8029-4FDD-BC3E-99AC5209A0F1,NİSA ECZANESİ,Eskişehir,Odunpazari,39.73936,30.58511,Eskişehir,Correct
7CA300F7-BD57-436F-A321-99BF840F6712,MİHALLIÇÇIK GÜN SAZAK DEVLET HASTANESİ,Eskişehir,Mihaliççik,39.8701,31.48939,Eskişehir,Correct
2AAB5092-0B1E-4FA8-A920-9A0B6AF9F054,TİRYAKİ ECZANESİ,Eskişehir,Odunpazari,39.77102,30.52916,Eskişehir,Correct
77A2F49B-89B5-4D72-B8D8-9A2796F7084F,ESKİŞEHİR ODUNPAZARI YENİKENT AİLE SAĞLIĞI MERKEZİ,Eskişehir,Odunpazari,39.74837,30.51964,Eskişehir,Correct
02DDD89F-5894-44C4-AA5D-9AB42A43C8F1,AG PSİKOLOJİ PSİKİYATRİ,Eskişehir,Tepebaşi,39.78176,30.50667,Eskişehir,Correct
6D204FD5-9EE4-45F2-A323-9AC75498C4B2,ESKİŞEHİR ODUNPAZARI ADALAR AİLE SAĞLIĞI MERKEZİ,Eskişehir,Odunpazari,39.77546,30.51429,Eskişehir,Correct
FBDEDEC5-4CFA-4D73-BF2B-9B2851B5B3FD,ESKİŞEHİR TEPEBAŞI IŞIKLAR AİLE SAĞLIĞI MERKEZİ,Eskişehir,Tepebaşi,39.7791,30.52587,Eskişehir,Correct
D97B287F-64E7-4C7C-BAAC-9B9170407D8B,MUSTAFA POLAT MUAYENEHANESİ,Eskişehir,Tepebaşi,39.77852,30.51413,Eskişehir,Correct
9F5B63E0-82A4-4C93-A59E-9B9DC8886BCB,PORSUK ECZANESİ,Eskişehir,Odunpazari,39.77454,30.52345,Eskişehir,Correct
38903063-ABB8-46D6-B1F5-9BD5EFE96E52,ŞEHİR ECZANESİ,Eskişehir,Odunpazari,39.75148,30.59121,Eskişehir,Correct
BF3E6BD9-EAC5-4417-9492-9BEE2224A9C9,ATA ECZANESİ,Eskişehir,Odunpazari,39.7738,30.51094,Eskişehir,Correct
DA4CED0B-9825-4E09-BEE7-9C075EE69514,MAYASENTA GÜZELLİK VE LAZER EPİLASYON MERKEZİ,Eskişehir,Tepebaşi,39.78337,30.50322,Eskişehir,Correct
B2D16251-063D-49D4-9D84-9C32EEC576EC,NEJLA İLHAN MUAYENEHANESİ,Eskişehir,Tepebaşi,39.77755,30.51699,Eskişehir,Correct
8C1D7CEB-B732-471F-B267-9C39153E9BAD,ÖZEL ACIBADEM ESKİŞEHİR HASTANESİ,Eskişehir,Tepebaşi,39.78546,30.49491,Eskişehir,Correct
5F124081-5307-44B8-B0A3-9D6E64F9ABCD,SEDA DURGUT EMEÇ MUAYENEHANESİ,Eskişehir,Tepebaşi,39.78746,30.48864,Eskişehir,Correct
B9E82853-2539-4F3D-82D8-9D95B510D90D,GÖNEN ECZANESİ,Eskişehir,Tepebaşi,39.79818,30.48905,Eskişehir,Correct
3240A749-097E-4679-8E7F-9DA62FA33D5B,MUCİZE ECZANESİ,Eskişehir,Odunpazari,39.73907,30.54873,Eskişehir,Correct
7182907C-D7D9-49A8-BED1-9FA29FD2AAC6,GÜZİN TARHAN MUAYENEHANESİ,Eskişehir,Tepebaşi,39.77808,30.51147,Eskişehir,Correct
E658B6E5-5574-4C6F-8BF3-9FFB6A2E2D69,YASEMİN ECZANESİ,Eskişehir,Tepebaşi,39.8363,30.54679,Eskişehir,Correct
F8ADF2DF-EBDE-4508-9209-A0445FD26895,TEPEBAŞI HAYAT ASM,Eskişehir,Tepebaşi,39.77918,30.5238,Eskişehir,Correct
43CED446-5646-419B-8A3B-A0577981FE98,DUYGU ECZANESİ,Eskişehir,Odunpazari,39.76771,30.52573,Eskişehir,Correct
17E3240D-84B6-48D6-9741-A09E8B656471,ALANÖNÜ ECZANESİ,Eskişehir,Odunpazari,39.76521,30.51686,Eskişehir,Correct
45561143-8BEC-4466-8007-A161A74218E1,İRFAN ALİHAN ERŞEN MUAYENEHANESİ,Eskişehir,Odunpazari,39.77533,30.51763,Eskişehir,Correct
E83E9E56-3188-40C2-AB2A-A19B1F178E88,ENVAR ECZANESİ,Eskişehir,Odunpazari,39.77016,30.53043,Eskişehir,Correct
FD609450-11C7-4BB1-9CE3-A2064F3F6E28,KIRIM ECZANESİ,Eskişehir,Tepebaşi,39.77908,30.52626,Eskişehir,Correct
47DC3749-B7F5-4AD5-8C75-A2ACD4B05D7D,BERKAY ADALIĞ MUAYENEHANESİ,Eskişehir,Tepebaşi,39.82839,30.31707,Eskişehir,Correct
D4A38C71-E905-4B3C-8636-A2CE3CFB589B,MEHMET KAZIM ESİN MUAYENEHANESİ,Eskişehir,Tepebaşi,39.77865,30.51765,Eskişehir,Correct
58403FC9-F17F-4A45-A46C-A2E29411EE90,HÜSEYİN YAŞAR SORKUN MUAYENEHANESİ,Eskişehir,Odunpazari,39.77596,30.51651,Eskişehir,Correct
F0F410DE-5FC5-4395-ACBF-A31824796255,YUNUS EMRE ECZANESİ,Eskişehir,Odunpazari,39.77103,30.52457,Eskişehir,Correct
89945E9B-3CC1-4885-BB2E-A359B34FBE28,ESKİŞEHİR AÇIK CEZAEVİ REVİRİ,Eskişehir,Tepebaşi,39.79287,30.54728,Eskişehir,Correct
BD061E86-F59F-40C9-86F6-A390AA115772,KARAMEL ECZANESİ,Eskişehir,Tepebaşi,39.78463,30.49757,Eskişehir,Correct
1AA6BE5D-7A11-4E77-A1A2-A3A3C6E70192,SİVRİHİSAR ECZANESİ,Eskişehir,Odunpazari,39.76942,30.54214,Eskişehir,Correct
743B9329-6D9D-4A45-A095-A3D1565265F7,ANADOLU ÜNİVERSİTESİ MEDİKO SOSYAL MERKEZİ,Eskişehir,Tepebaşi,39.78909,30.50358,Eskişehir,Correct
C878DDE5-832F-4DD6-9914-A4370435D237,ERKAN YÜCEL MUAYENEHANESİ,Eskişehir,Tepebaşi,39.77779,30.5196,Eskişehir,Correct
F5EDCD9A-3711-4DF9-BE0D-A4A94922EEB2,ESKİŞEHİR TEPEBAŞI SAZOVA AİLE SAĞLIĞI MERKEZİ,Eskişehir,Tepebaşi,39.76776,30.4697,Eskişehir,Correct
27CC6BCF-1680-49A0-97AF-A6082CE8882B,EMRAH ÖZMUTLU MUAYENEHANESİ,Eskişehir,Tepebaşi,39.78228,30.50674,Eskişehir,Correct
AF2D3C86-33AA-4553-B15A-A684A5D675C7,YENİ FEVZİ ÇAKMAK ECZANESİ,Eskişehir,Tepebaşi,39.794,30.54672,Eskişehir,Correct
0C0B4487-D433-4083-96F3-A734871A7219,SERTAN İÇLİ MUAYENEHANESİ,Eskişehir,Tepebaşi,39.78046,30.51736,Eskişehir,Correct
B36A00AF-AD0A-4CFF-83FF-A75CE6BAC7C2,KAYMAZ ECZANESİ,Eskişehir,Sivrihisar,39.8662,31.4955,Eskişehir,Correct
2A7DB911-15AB-4A72-9FB9-A7709ABDAC02,ODUNPAZARI YENİ DOĞAN ASM,Eskişehir,Odunpazari,39.76588,30.54288,Eskişehir,Correct
5BACA6C1-1CFC-447C-A822-A771C614A40C,NUMUNE ECZANESİ,Eskişehir,Tepebaşi,39.80058,30.49838,Eskişehir,Correct
752A08DC-428C-47AF-965E-A7B13063572B,IRMAK ECZANESİ,Eskişehir,Odunpazari,39.76828,30.52576,Eskişehir,Correct
3EFB1D72-A26C-407A-9BC5-A7E96373EAF1,AHMET CANTUĞ ÇALIŞKAN MUAYENEHANESİ,Eskişehir,Odunpazari,39.7559,30.49233,Eskişehir,Correct
4A6B36C6-C365-43AB-877C-A84F95313B51,ANIL ECZANESİ,Eskişehir,Tepebaşi,39.79142,30.51566,Eskişehir,Correct
B331D1E3-F032-465E-928B-A93AFF2F3D2F,EĞİTİM ECZANESİ,Eskişehir,Odunpazari,39.76666,30.53489,Eskişehir,Correct
429969F4-D460-4396-9058-A99148A7098E,ALEV ABACI MUAYENEHANESİ,Eskişehir,Tepebaşi,39.77995,30.51762,Eskişehir,Correct
7D7DB06A-5752-4798-93F9-A9BDCC05BF1E,ÖZTÜRK ECZANESİ,Eskişehir,Odunpazari,39.745,30.57845,Eskişehir,Correct
E11F3AC9-DE70-4278-BF25-A9C03D71223E,GÜNEY ECZANESİ,Eskişehir,Mahmudiye,39.49451,30.9869,Eskişehir,Correct
AA6BEACB-7254-47AA-8FA1-A9C0C3A21FC9,DİDEM CİNGİ MUAYENEHANESİ,Eskişehir,Tepebaşi,39.78974,30.48923,Eskişehir,Correct
2EA1270F-6397-4F21-A88D-AAB5B7D3FC43,ESKİŞEHİR ODUNPAZARI GÖKMEYDAN ÇARŞI AİLE SAĞLIĞI MERKEZİ,Eskişehir,Odunpazari,39.76919,30.54184,Eskişehir,Correct
D3A8982C-F97F-4558-AC76-AB6CF842A56F,OZEL FRİGDENT AGİZ VE DİŞ SAĞLIĞI POLİKLİNİĞİ,Eskişehir,Tepebaşi,39.65232,30.39855,Eskişehir,Correct
465D27DB-FFD5-4FA4-B6FF-AB7B4F6F7D89,BETÜL AY ECZANESİ,Eskişehir,Odunpazari,39.7718,30.51568,Eskişehir,Correct
0590D731-52F4-4FD1-A521-ABA29F2B0C5D,MEHMET KAHVECİ MUAYENEHANESİ,Eskişehir,Tepebaşi,39.77962,30.51698,Eskişehir,Correct
6C484044-F1A5-4690-8DB5-ABD7A5A2B178,ÖZEL FORA FİZİK TEDAVİ VE REHABİLİTASYON DAL MERKEZİ,Eskişehir,Odunpazari,39.77505,30.51886,Eskişehir,Correct
00B0145B-A5C3-4408-B237-ABDB74385C2E,İDİL BAVBEK KARAKAYA MUAYENEHANESİ,Eskişehir,Tepebaşi,39.78262,30.50482,Eskişehir,Correct
E91CD896-B230-4F1C-BED5-AC1E26FEF36A,NİLGÜN YILDIRIM MUAYENEHANESİ,Eskişehir,Tepebaşi,39.77858,30.51415,Eskişehir,Correct
DCDF56F7-933A-47CE-98B5-AC48D74728DF,IHLAMUR ECZANESİ,Eskişehir,Odunpazari,39.74036,30.53111,Eskişehir,Correct
DFA4D230-80DB-46F7-A03C-ACDE3C94D2A7,EMEL GÜNEY KLİNİK,Eskişehir,Tepebaşi,39.78533,30.50095,Eskişehir,Correct
779AA945-224A-4228-8BF3-AD61C6A5FC23,İSMAİL TARIK TUNÇEL MUAYENEHANESİ,Eskişehir,Tepebaşi,39.77785,30.51751,Eskişehir,Correct
8A2599C0-1CFA-41C4-B481-AE553F4A92B9,YUSUF TÖRE MUAYENEHANESİ,Eskişehir,Odunpazari,39.77133,30.52872,Eskişehir,Correct
893E3D2E-F5AC-4759-A371-AE79BF6DAEC2,GÜZELOĞLU ECZANESİ,Eskişehir,Tepebaşi,39.77935,30.51377,Eskişehir,Correct
2E195D62-AB45-4218-B6A3-AE919F695488,NEDİM ÇİÇEK MUAYENEHANESİ,Eskişehir,Tepebaşi,39.77747,30.51784,Eskişehir,Correct
97F50000-F67D-4271-AF6D-AE922A272735,KALAŞ ECZANESİ,Eskişehir,Odunpazari,39.7481,30.46048,Eskişehir,Correct
6234266F-D69C-4841-99E1-AEC8ECA67B4D,SEYLAP ECZANESİ,Eskişehir,Tepebaşi,39.78721,30.5105,Eskişehir,Correct
C1E04196-CC75-4EF6-A42C-AF05ADBF92DE,TUĞBA ECZANESİ,Eskişehir,Tepebaşi,39.79806,30.489,Eskişehir,Correct
EEC159B7-205C-4362-B1BD-B0D5E17ABA2F,TEI TUSAŞ MOTOR SANAYİ ANONİM ŞİRKETİ SAĞLIK BİRİMİ,Eskişehir,Tepebaşi,39.80043,30.51966,Eskişehir,Correct
F43EB278-DB86-4B5A-AC6D-B106D763E7D8,CENNET İŞBİLİR MUAYENEHANESİ,Eskişehir,Tepebaşi,39.78386,30.50213,Eskişehir,Correct
5277E9F0-CEAB-4EE8-9F4C-B120A3DB0511,TAYKURT ECZANESİ,Eskişehir,Tepebaşi,39.78733,30.51861,Eskişehir,Correct
2547A84C-0FC9-4031-BB5B-B146F3905BE4,İLNUR GÜLEÇ DEMİR MUAYENEHANESİ,Eskişehir,Odunpazari,39.77577,30.51803,Eskişehir,Correct
4D59BFAA-5476-412D-8D91-B14E93FD90EB,ORHAN KESKİNNİŞANCI MUAYENEHANESİ,Eskişehir,Odunpazari,39.77633,30.51631,Eskişehir,Correct
2C491A10-F328-42E2-804B-B1DFDC09E69D,ŞİRİNTEPE ECZANESİ,Eskişehir,Tepebaşi,39.7934,30.47799,Eskişehir,Correct
F5CF8037-B0DF-434C-88AF-B4168998661F,ZEYTİN ECZANESİ,Eskişehir,Tepebaşi,39.78603,30.4559,Eskişehir,Correct
E6E96F1C-0C5D-492E-BC02-B4348B0D2D41,MELİSA ECZANESİ,Eskişehir,Tepebaşi,39.78821,30.52323,Eskişehir,Correct
17A3F1C0-ECC0-4C52-8AE8-B48A9A5A6B78,BABADAĞ ECZANESİ,Eskişehir,Odunpazari,39.7533,30.5596,Eskişehir,Correct
67E63C8B-1930-478A-8F39-B4FCE5118178,İKSİR ECZANESİ,Eskişehir,Odunpazari,39.75926,30.54783,Eskişehir,Correct
49B0EBE5-27FA-4A2A-A391-B670B82D0E5E,NEŞET ECZANESİ,Eskişehir,Tepebaşi,39.78918,30.46934,Eskişehir,Correct
A4937CB5-C6AD-4AFF-98B9-B6DBE534BC34,SİNEM ECZANESİ,Eskişehir,Odunpazari,39.77293,30.50413,Eskişehir,Correct
0A86B15D-3FB1-4369-AB63-B72BB60AA202,DEMİRCAN ECZANESİ,Eskişehir,Çifteler,39.37603,31.03791,Eskişehir,Correct
47BB0748-A589-4D33-A0ED-B75A74D56AC0,ŞENİZ ENGÜR GÖKTAŞ MUAYENEHANESİ,Eskişehir,Tepebaşi,39.82306,30.32684,Eskişehir,Correct
B7C6FB39-F7F7-42BA-9482-B7687B98E446,AYNUR ECZANESİ,Eskişehir,Odunpazari,39.77281,30.51614,Eskişehir,Correct
DB2B6AC9-627D-40FF-9196-B84865FF416E,RIDVAN-MİNE YALÇINKAYA MUAYENEHANESİ,Eskişehir,Tepebaşi,40.02681,30.57808,Eskişehir,Correct
A29BDB11-0467-4684-8020-B88505650674,VİLAYET ECZANESİ,Eskişehir,Odunpazari,39.76553,30.55849,Eskişehir,Correct
0884DED9-1E12-431F-8B9E-B8BD4F3957E8,GÖZDE ŞİMŞEK MUAYENEHANESİ,Eskişehir,Tepebaşi,39.77799,30.516,Eskişehir,Correct
6695C179-2383-45CB-9BD0-B8D5D926B8E7,UYGUN ECZANESİ,Eskişehir,Odunpazari,39.7729,30.51628,Eskişehir,Correct
42B1A8D0-E407-4A8A-A3F7-BAC30CE9A579,DEMİRYOLU ECZANESİ,Eskişehir,Tepebaşi,39.77764,30.51077,Eskişehir,Correct
46DDD155-C578-4A89-BFE5-BAF3716E95C5,DÖNGEL ECZANESİ,Eskişehir,Odunpazari,39.74853,30.56381,Eskişehir,Correct
39476CFF-950C-410B-A5E7-BB2A33EE9EF5,ESKİŞEHİR TEPEBAŞI BAHÇELİEVLER AİLE SAĞLIĞI MERKEZİ,Eskişehir,Tepebaşi,39.79203,30.51456,Eskişehir,Correct
0842A21E-5201-4A24-9A10-BBC9A0E25C50,BERİN ECZANESİ,Eskişehir,Tepebaşi,39.79402,30.45113,Eskişehir,Correct
243B55C6-0BDF-4328-95AF-BBE237BC325B,TEPEBAŞI ECZANESİ,Eskişehir,Tepebaşi,39.78911,30.48973,Eskişehir,Correct
75ACD7D8-59CE-499D-96EB-BC005260FF29,BULVAR ECZANESİ,Eskişehir,Tepebaşi,39.77566,30.46589,Eskişehir,Correct
BF75A7C3-D98E-4909-A37B-BC190ADAF60C,ÖZLEM ERSÖZ BAYTEKİN MUAYENEHANESİ,Eskişehir,Tepebaşi,39.77817,30.51597,Eskişehir,Correct
C9CDA65C-3CA5-4636-96AD-BC82AA395A14,VATAN ECZANESİ,Eskişehir,Odunpazari,39.76908,30.53059,Eskişehir,Correct
D907BDCE-29A8-43FA-AFC3-BD3597508994,ŞEYMA ECZANESİ,Eskişehir,Tepebaşi,39.77791,30.52999,Eskişehir,Correct
70827AD8-B443-4BDA-BB9F-BE2D3743FD41,UZMAN ECZANESİ,Eskişehir,Tepebaşi,39.78996,30.47022,Eskişehir,Correct
7FA6CD84-0CF2-44EB-B341-BE9A59A561E7,SAZOVA ECZANESİ,Eskişehir,Tepebaşi,39.76638,30.46786,Eskişehir,Correct
1558B829-9153-4BFD-9466-BF3DBBD2F728,YÜKSEL ECZANESİ,Eskişehir,Odunpazari,39.75981,30.51193,Eskişehir,Correct
20280C35-93C9-492D-8A6C-BF721EA4CB90,NEZİH ERDÖL MUAYENEHANESİ,Eskişehir,Tepebaşi,39.78318,30.50794,Eskişehir,Correct
1591C966-A406-4E39-8E24-BFC243FAEB99,ELMAS ECZANESİ,Eskişehir,Tepebaşi,39.79611,30.51198,Eskişehir,Correct
BC6D179F-759B-4AEA-B0BE-C037F827C568,ESKİŞEHİR TEPEBAŞI DERMAN AİLE SAĞLIĞI MERKEZİ,Eskişehir,Tepebaşi,39.79024,30.52475,Eskişehir,Correct
692CFC13-AF0E-4536-A3E8-C0774DAE4C34,ESEN KARAKAYA KLİNİK,Eskişehir,Odunpazari,39.76708,30.50897,Eskişehir,Correct
7BF93CA0-04D9-43DE-8D9F-C0970F5099D5,ELİF ÖZTÜRK ECZANESİ,Eskişehir,Odunpazari,39.77269,30.51618,Eskişehir,Correct
30052F5A-D752-4BEA-B202-C0BEEEE6316A,NİLÜFER ECZANESİ,Eskişehir,Odunpazari,39.74314,30.5396,Eskişehir,Correct
CCD0E50A-3240-47D6-8524-C150363ECB31,PINAR BÜTÜN MUAYENEHANESİ,Eskişehir,merkez,40.843,29.1429,İstanbul,Wrong
A6A249D7-667D-4749-A151-C25B3F87CEF3,BENGÜFEM ECZANESİ,Eskişehir,Tepebaşi,39.7853,30.45288,Eskişehir,Correct
3A0CF7C7-A734-4574-96FC-C29F0AFA9D5D,ANADOLU ECZANESİ,Eskişehir,Odunpazari,39.75233,30.50699,Eskişehir,Correct
EE1ED9E7-3EE0-484C-A001-C3B7FA339617,YAKUP KARABAĞLI KLİNİĞİ,Eskişehir,Tepebaşi,39.78706,30.50924,Eskişehir,Correct
010D67C1-3FD2-4513-9F21-C3C4BE71E10F,İLKİM ECZANESİ,Eskişehir,Odunpazari,39.76908,30.52561,Eskişehir,Correct
B8C18266-DA96-461F-A6D5-C3FBA03F252B,ÇARDAK ECZANESİ,Eskişehir,Tepebaşi,39.79412,30.54666,Eskişehir,Correct
BF37A0DE-0839-4C06-A5C0-C4957D8DCA58,AHSEN ECZANESİ,Eskişehir,Tepebaşi,39.79015,30.48496,Eskişehir,Correct
648A54F0-5109-4FF6-B209-C4E15F86E4F9,BERKAN ECZANESİ,Eskişehir,Odunpazari,39.7728,30.51612,Eskişehir,Correct
90918361-8A03-4B83-8461-C507DC73F539,ESKİŞEHİR TEPEBAŞI MUTTALİP AİLE SAĞLIĞI MERKEZİ,Eskişehir,Tepebaşi,39.83247,30.54508,Eskişehir,Correct
9B90CDA6-675D-46CD-BCD1-C509FD1E88B6,BİLGİN ECZANESİ,Eskişehir,Tepebaşi,39.79271,30.45791,Eskişehir,Correct
79A111DF-2D91-4C66-876F-C53467516782,NAR ECZANESİ,Eskişehir,Tepebaşi,39.76669,30.53606,Eskişehir,Correct
2CE3CBCD-B521-4EF4-AE41-C5828FD85AD3,MUSTAFA MELİH DEMİRBÜKEN MUAYENEHANESİ,Eskişehir,Tepebaşi,39.78476,30.49947,Eskişehir,Correct
2A93096A-2C2E-40FE-8D27-C609ECFAA576,TUBA DUA ECZANESİ,Eskişehir,Odunpazari,39.74172,30.55511,Eskişehir,Correct
FDF72FCE-21A5-4940-AD4B-C6301D47AD0F,ESKİŞEHİR TEPEBAŞI İYİLER AİLE SAĞLIĞI MERKEZİ,Eskişehir,Tepebaşi,39.79717,30.51129,Eskişehir,Correct
7CEE570D-5A17-40B1-AF3F-C67DC688F95F,OP.DR. ALİ ALAİYE MUAYENEHANESİ,Eskişehir,Tepebaşi,39.78203,30.49637,Eskişehir,Correct
3647B23D-05E1-44AD-B96B-C6AB2B63583E,MELEK ECZANESİ,Eskişehir,Tepebaşi,39.77769,30.53062,Eskişehir,Correct
A7071ACC-FC71-4A05-BF80-C6CF2F3A3EC7,ESKİŞEHİR ODUNPAZARI KEMAL-NURHAN MANİ AİLE SAĞLIĞI MERKEZİ,Eskişehir,Odunpazari,39.75805,30.54523,Eskişehir,Correct
41F7F121-16CB-4283-892E-C6CF3EC9407F,CANSU ECZANESİ,Eskişehir,Odunpazari,39.74934,30.53791,Eskişehir,Correct
4726F259-A3AE-4CC8-9F89-C6E129387EAF,YASİN DEMİRCAN MUAYENEHANESİ,Eskişehir,Tepebaşi,39.82569,30.32356,Eskişehir,Correct
6E2957EC-E47A-4D6F-9DD1-C7503492ADBD,YENİKENT ECZANESİ,Eskişehir,Odunpazari,39.75266,30.51883,Eskişehir,Correct
D0DDFC8C-1E16-4266-BFB6-C7B797C93518,ESKİŞEHİR TEPEBAŞI YENİ AİLE SAĞLIĞI MERKEZİ,Eskişehir,Tepebaşi,39.77778,30.53035,Eskişehir,Correct
2E3919F0-2EA4-4A69-978D-C83B1337C0BD,BAĞLAR ECZANESİ,Eskişehir,Tepebaşi,39.78645,30.50888,Eskişehir,Correct
B15CCDDB-750C-4BA5-A220-C8D1B488F438,ESKİŞEHİR TEPEBAŞI GÜNDÜZLER AİLE SAĞLIĞI MERKEZİ,Eskişehir,Tepebaşi,39.88709,30.79325,Eskişehir,Correct
C3356320-A9CA-4310-9D1B-C8D2A924200E,ESKİŞEHİR TEPEBAŞI BİRLİK AİLE SAĞLIĞI MERKEZİ,Eskişehir,Tepebaşi,39.77636,30.46576,Eskişehir,Correct
7F280ED8-A548-42D3-A35E-C918FABE85A4,ESKİŞEHİR TEPEBAŞI ULUÖNDER AİLE SAĞLIĞI MERKEZİ,Eskişehir,Tepebaşi,39.78856,30.4896,Eskişehir,Correct
68F26969-4AE2-45C3-BBF0-C973A25038D5,ÖZEL BERRAK DİYALİZ MERKEZİ,Eskişehir,Tepebaşi,39.7962,30.53594,Eskişehir,Correct
F016F2FA-0FB7-4D6C-A127-C9D41860C792,DOĞRU ECZANESİ,Eskişehir,Odunpazari,39.76792,30.52278,Eskişehir,Correct
541B27B8-038A-410C-B009-CAB537211B22,RADMER GÖRÜNTÜLEME MERKEZİ,Eskişehir,Tepebaşi,39.77777,30.51698,Eskişehir,Correct
80FFFD3A-86C0-431E-B41A-CB0B3D62187A,GEREK ECZANESİ,Eskişehir,Tepebaşi,39.77787,30.5115,Eskişehir,Correct
C4A8AE19-CCDD-48DC-BB70-CBC96CA96B96,DERMAN ECZANESİ,Eskişehir,Beylikova,39.68994,31.20568,Eskişehir,Correct
685E280D-6B02-4F51-9A35-CBF41EE8EFA6,YENİ GÜNYÜZÜ ECZANESİ,Eskişehir,Günyüzü,39.3851,31.81065,Eskişehir,Correct
0C4CE750-3A2C-4D8F-9C86-CC6DFC4B1CA4,GÜNAYDIN ECZANESİ,Eskişehir,Tepebaşi,39.7903,30.47002,Eskişehir,Correct
45542DAF-E4B9-4C90-9BC8-CC6E8C6A33AC,ŞEBEROL DENTAL STÜDYO,Eskişehir,Odunpazari,39.76568,30.50275,Eskişehir,Correct
35730FAF-3B81-41CE-8934-CDE98DB1CB73,ÖZDEMİR ECZANESİ,Eskişehir,Tepebaşi,39.7699,30.47206,Eskişehir,Correct
C571FEE7-242F-4448-8AAE-CDEDFD0E3F71,MİLLET ECZANESİ,Eskişehir,Odunpazari,39.75083,30.58704,Eskişehir,Correct
AFD95F89-850D-4EA1-A573-CE3EDA35E939,GÜLÇİN BOZAN MUAYENEHANESİ,Eskişehir,Tepebaşi,39.78659,30.50189,Eskişehir,Correct
0297CF13-BC1E-4D1F-BE9B-CEAFA91A69D6,CAN ECZANESİ,Eskişehir,Odunpazari,39.74934,30.56467,Eskişehir,Correct
57F0E847-C683-4B27-A645-CED2FB1F3059,3 A AĞIZ VE DİŞ SAĞLIĞI POLİKLİNİĞİ,Eskişehir,Tepebaşi,39.7779,30.51615,Eskişehir,Correct
4BD644F5-C5E9-4BF1-B545-CF77071B9DC0,SERAP ECZANESİ,Eskişehir,Odunpazari,39.76655,30.543,Eskişehir,Correct
60889EF0-8A8A-4F2D-A998-CF86BACB902B,ESKİŞEHİR MİHALIÇÇIK AİLE SAĞLIĞI MERKEZİ,Eskişehir,Mihaliççik,39.871,31.49059,Eskişehir,Correct
25CA8430-B77A-4840-A267-CFED8E512304,TAŞBAŞI ECZANESİ,Eskişehir,Odunpazari,39.77284,30.51847,Eskişehir,Correct
FA779E27-0E34-4ED1-883D-D0545CD1CD75,ECEM ECZANESİ,Eskişehir,Tepebaşi,39.78763,30.51408,Eskişehir,Correct
32189A15-769D-4F11-86F4-D087E38BDFA2,SEVGİ ECZANESİ,Eskişehir,Tepebaşi,39.80034,30.51768,Eskişehir,Correct
0879B05B-5314-47A1-B371-D15031C3A614,ESKİŞEHİR ODUNPAZARI ŞAHİNTEPESİ AİLE SAĞLIĞI MERKEZİ,Eskişehir,Odunpazari,39.74963,30.53652,Eskişehir,Correct
4866C6A4-B449-4F8C-B0B5-D19BE67BFB98,GÜLCE ECZANESİ,Eskişehir,Tepebaşi,39.8021,30.49704,Eskişehir,Correct
0A414E74-711B-41AC-B2D3-D1FBF6DF2A6A,YILKUT KARAKAN MUAYENEHANESİ,Eskişehir,Tepebaşi,39.7777,30.51662,Eskişehir,Correct
AB722A66-0333-4F15-8BB7-D20419B5ACBA,BATMAZ ECZANESİ,Eskişehir,Tepebaşi,39.78926,30.49104,Eskişehir,Correct
502CA1C5-151B-4EA6-A05E-D2077CF49A4F,YENİ TUNALI ECZANESİ,Eskişehir,Tepebaşi,39.78663,30.52499,Eskişehir,Correct
2AB6560E-DDC0-45AD-84A0-D286288B2051,LEVENT ÖRTEMİZ MUAYENEHANESİ,Eskişehir,Tepebaşi,39.78775,30.49538,Eskişehir,Correct
7F996CD5-ED56-462F-AA63-D2D5B8191273,NURŞEN BEĞENDİ MUAYENEHANESİ,Eskişehir,Tepebaşi,39.77717,30.51809,Eskişehir,Correct
C4376AE8-5E55-4B59-8333-D2F496890363,ÇAKIR ECZANESİ,Eskişehir,Odunpazari,39.75337,30.55354,Eskişehir,Correct
2D0B5622-F606-49A8-A24C-D3829E6EFCB6,ÇAMLICA ECZANESİ,Eskişehir,Tepebaşi,39.77493,30.46138,Eskişehir,Correct
96B9902B-30B3-46A6-9426-D3F481ADA7E4,ME-FORM BESLENME DANIŞMANLIĞI,Eskişehir,Odunpazari,39.75674,30.49303,Eskişehir,Correct
5B79E4AE-CD11-4633-BDEE-D497D40620A5,ELİFSU ECZANESİ,Eskişehir,Tepebaşi,39.77574,30.47183,Eskişehir,Correct
D82F454F-C4D0-4BEC-ABE4-D528068D788C,ESKİŞEHİR TEPEBAŞI FATİH AİLE SAĞLIK MERKEZİ,Eskişehir,Tepebaşi,39.77732,30.5202,Eskişehir,Correct
A5D4BBDC-C760-4B99-9D92-D5348766E70E,ELİF GÖKÇE ERSOY ŞİMŞEK MUAYENEHANESİ,Eskişehir,Tepebaşi,39.78342,30.49187,Eskişehir,Correct
FB715AFD-C118-46F1-8903-D561871CA628,KALAVA ECZANESİ,Eskişehir,Odunpazari,39.77377,30.51067,Eskişehir,Correct
A1FAEB32-50BA-4540-980B-D5874003AA7F,ORGANİK ECZANESİ,Eskişehir,Tepebaşi,39.77773,30.51652,Eskişehir,Correct
3744744D-588A-41A9-A0C2-D5A3D68D411E,YENİ ECZANESİ,Eskişehir,Odunpazari,39.77578,30.51628,Eskişehir,Correct
E1BE410E-719D-40D7-86BC-D5DFA5C624E0,ELA KÖYBAŞI GÜNDÜZ MUAYENEHANESİ,Eskişehir,Tepebaşi,39.78244,30.50713,Eskişehir,Correct
34947354-C7E7-49F1-841F-D60320960C15,TEPEOĞLU ECZANESİ,Eskişehir,Odunpazari,39.77532,30.51566,Eskişehir,Correct
DAEF88C1-880F-4FB3-B55D-D62636E98040,MASAL ECZANESİ,Eskişehir,Odunpazari,39.76736,30.53073,Eskişehir,Correct
43D16C27-9AA8-41E8-B8FB-D6359732518E,GÜNGÖRDÜ ECZANESİ,Eskişehir,Tepebaşi,39.78999,30.44695,Eskişehir,Correct
04BDAF7A-1A3A-4102-A47F-D6500214E633,MERİÇ ECZANESİ,Eskişehir,Odunpazari,39.76744,30.52572,Eskişehir,Correct
BF4661FB-AE6F-4B64-B4A4-D6B5791F7ED5,KARGIN ECZANESİ,Eskişehir,Odunpazari,39.74975,30.57273,Eskişehir,Correct
07D7DE3E-740D-4118-A450-D730F9BE0373,DELİKLİTAŞ ECZANESİ,Eskişehir,Odunpazari,39.77102,30.52442,Eskişehir,Correct
DD5120E2-04E4-457B-AB49-D751B60C1B67,MURAT ECZANESİ,Eskişehir,Tepebaşi,39.79106,30.49344,Eskişehir,Correct
389A72E6-9D5E-4D9F-B90A-D83C07EEB82C,MUTLU ECZANESİ,Eskişehir,Odunpazari,39.7637,30.55115,Eskişehir,Correct
545479A1-101E-4335-ACD7-D97067EDA660,ÖZEL ESKİŞEHİR GÜLÜŞ AKADEMİSİ AĞIZ VE DİŞ SAĞLIĞI POLİKLİNİĞİ,Eskişehir,Tepebaşi,39.77891,30.51448,Eskişehir,Correct
AF098F3B-E187-49C5-8BFF-D97FE07E4657,ESKİŞEHİR ŞEHİR HASTANESİ ECZANESİ,Eskişehir,Odunpazari,39.75365,30.58755,Eskişehir,Correct
21582B2C-6938-4B43-880E-D9FCD9CB0797,DİLAN ECZANESİ,Eskişehir,Odunpazari,39.71308,30.61944,Eskişehir,Correct
91FF056B-C767-4C04-9EAF-DA59B71D9114,TOLGA ATAİBİŞ MUAYENEHANESİ,Eskişehir,Tepebaşi,39.78944,30.49133,Eskişehir,Correct
7F0C6E4C-391B-4573-8CAA-DA6351DAF5F2,HİLAL AYVA MUAYENEHANESİ,Eskişehir,Tepebaşi,39.78886,30.46055,Eskişehir,Correct
28816216-DFBA-4D49-B8F9-DAE2ABAB2428,SERAPOĞLU ECZANESİ,Eskişehir,Odunpazari,39.74529,30.59295,Eskişehir,Correct
12028DF3-77BE-4753-BB0F-DAF5F8B5E396,YAFAYLAR ECZANESİ,Eskişehir,Odunpazari,39.76667,30.53468,Eskişehir,Correct
431B064C-70E3-499D-807A-DB3BB35646E0,ESKİŞEHİR MAHMUDİYE AİLE SAĞLIĞI MERKEZİ,Eskişehir,Mahmudiye,39.49934,30.98113,Eskişehir,Correct
1787760A-1919-48A6-B0A5-DBA5884A8446,CEREN ECZANESİ,Eskişehir,Odunpazari,39.75203,30.56646,Eskişehir,Correct
608F53D3-E225-4FFD-9C80-DCA38ADFDAC0,AYDIN GÖREL MUAYENEHANESİ,Eskişehir,Tepebaşi,39.78038,30.52026,Eskişehir,Correct
C5E08D7F-020B-410F-B06A-DCC5DB394C73,URAS ECZANESİ,Eskişehir,Tepebaşi,39.79076,30.48383,Eskişehir,Correct
1CE85582-38FA-498C-ABC8-DCE3EB4670F5,NİLGÜN KARAKAŞ BAŞMAK MUAYENEHANESİ,Eskişehir,Tepebaşi,39.82893,30.31955,Eskişehir,Correct
F660290C-4530-4070-B032-DD284C828391,SERPAL AYDIN MUAYENEHANESİ,Eskişehir,Tepebaşi,39.79034,30.49253,Eskişehir,Correct
64395DD7-3770-4901-98C5-DDE00783FE4B,AYÇA ECZANESİ,Eskişehir,Tepebaşi,39.78353,30.51115,Eskişehir,Correct
60579765-6208-40B9-9660-DE27434AF6CC,İSTIKLAL ECZANESİ,Eskişehir,Odunpazari,39.77266,30.5162,Eskişehir,Correct
D8057C0D-1682-43A3-B063-DE867EA3427C,KAZIM DURAN MUAYENEHANESİ,Eskişehir,Odunpazari,39.77216,30.52464,Eskişehir,Correct
4A07A1B8-F3D5-46A0-8566-DEE10FA6D95D,ŞENYÜZ ECZANESİ,Eskişehir,Tepebaşi,39.77918,30.52378,Eskişehir,Correct
95617042-1D1D-4931-ABF1-DF16E2C2C136,ERYILMAZ ECZANESİ,Eskişehir,Odunpazari,39.76513,30.51315,Eskişehir,Correct
57380391-5224-4279-9FC5-E0968470722E,KERMAN ECZANESİ,Eskişehir,Odunpazari,39.76989,30.51749,Eskişehir,Correct
76CDA6D4-A5B6-4B00-8D7E-E0998C962A78,SOYDAŞ ECZANESİ,Eskişehir,Tepebaşi,39.79023,30.5249,Eskişehir,Correct
FF1125F0-FFD6-40EE-9025-E0C4A58512FA,YÜCEL ECZANESİ,Eskişehir,Tepebaşi,39.7756,30.52107,Eskişehir,Correct
6219B4A7-8422-4A71-9F93-E0E84CA240CF,CEMRE ECZANESİ,Eskişehir,Tepebaşi,39.78925,30.53213,Eskişehir,Correct
36B4BC3F-A7CD-4C84-92FF-E0FC66CBB897,MUSTAFA ACAR MUAYENEHANSİ,Eskişehir,Tepebaşi,39.7835,30.49941,Eskişehir,Correct
F040668E-8241-4B44-9047-E16BC0F18BB3,OSMAN ESEN MUAYENEHANESİ,Eskişehir,Tepebaşi,39.82885,30.31872,Eskişehir,Correct
BA188ADB-05A6-4F09-9C40-E194B48FBB30,ESKİŞEHİR ODUNPAZARI IHLAMURKENT AİLE SAĞLIĞI MERKEZİ,Eskişehir,Odunpazari,39.74315,30.53517,Eskişehir,Correct
E73B8E1E-6050-4A68-B112-E1E8831402DE,ŞÜKRÜ SÜNGER MUAYENEHANESİ,Eskişehir,Tepebaşi,39.78948,30.4863,Eskişehir,Correct
E90656F6-C1EC-48F7-B095-E2004E8588F0,ESKİŞEHİR TEPEBAŞI ÇAMLICA AİLE SAĞLIĞI MERKEZİ,Eskişehir,Tepebaşi,39.77826,30.4561,Eskişehir,Correct
05456CA9-33CB-4B8A-B29C-E20FDDB5C9BE,MEHMET HANİFİ ÖZKAN ÖZEL KLİNİK,Eskişehir,ESKİŞEHİR MERKEZ,40.9686,29.047,İstanbul,Wrong
05E9409E-9377-430A-8D3E-E397A287D5AA,TARIK ECZANESİ,Eskişehir,Tepebaşi,39.79725,30.51122,Eskişehir,Correct
AB5006B4-6E63-4074-9834-E3AFD4CB20F1,BARANSEL ECZANESİ,Eskişehir,Tepebaşi,39.78948,30.47054,Eskişehir,Correct
E03C2EA2-43E4-4791-BAB2-E3C9689F6996,DİLEK SERİN KAYA MUAYENEHANESİ,Eskişehir,Odunpazari,39.76438,30.50537,Eskişehir,Correct
5BC6F0CC-0931-4FA1-8598-E3E91C739D92,ESKİŞEHİR ODUNPAZARI KURTULUŞ AİLE SAĞLIĞI MERKEZİ,Eskişehir,Odunpazari,39.76834,30.53192,Eskişehir,Correct
DBA50BB3-D937-4593-A464-E49D170FD087,EYLÜL ECZANESİ,Eskişehir,Odunpazari,39.7737,30.51352,Eskişehir,Correct
57BA11EB-8006-4D40-887E-E56B3E72FC4E,ESKİŞEHİR ODUNPAZARI ZÜMRÜT AİLE SAĞLIĞI MERKEZİ,Eskişehir,Odunpazari,39.75325,30.5594,Eskişehir,Correct
A0CA1A61-F005-4E21-8F2A-E5B1C2115FFB,COŞKUN AKTAŞ MUAYENEHANESİ,Eskişehir,Tepebaşi,39.82901,30.31931,Eskişehir,Correct
2AAE447E-92BD-437F-A6DA-E6032F7CD23B,LAÇİN ECZANESİ,Eskişehir,Tepebaşi,39.78068,30.51881,Eskişehir,Correct
34616499-7305-4D0E-BB22-E6F6E9B400D4,PINAR ECZANESİ,Eskişehir,Tepebaşi,39.78847,30.48957,Eskişehir,Correct
9846EB68-2434-4C81-ADFC-E6FCB12361E3,ESKİŞEHİR ODUNPAZARI SULTANDERESİ AİLE SAĞLIĞI MERKEZİ,Eskişehir,Odunpazari,39.71022,30.61633,Eskişehir,Correct
D64658AF-3FD7-4441-B7DE-E707F7DC0876,BAHAR ECZANESİ,Eskişehir,Mahmudiye,39.49497,30.98598,Eskişehir,Correct
261F2403-3837-478C-8099-E762EF417959,SU ECZANESİ,Eskişehir,Odunpazari,39.74968,30.57316,Eskişehir,Correct
7E1DFCBF-FA76-4969-AE08-E7A6A082DF8A,TAŞKIN ECZANESİ,Eskişehir,Odunpazari,39.7656,30.54283,Eskişehir,Correct
8438095D-642D-4EE1-A4F2-E7F90C2A3ECD,ÇEVİK ECZANESİ,Eskişehir,Odunpazari,39.76784,30.53577,Eskişehir,Correct
1C8F1F19-56FA-4B96-9F40-E824329A478B,ATICI ECZANESI,Eskişehir,Tepebaşi,39.78499,30.45168,Eskişehir,Correct
DB5DFDF5-6585-4F33-87FF-E831838E622C,BİLGE ECZANESİ,Eskişehir,Odunpazari,39.76693,30.53178,Eskişehir,Correct
F66C1288-CD62-48D2-A8A5-E8918448E3F6,LOTUS ECZANESİ,Eskişehir,Tepebaşi,39.81879,30.44178,Eskişehir,Correct
D5356D6D-7C11-4523-BC5D-E95B615260B5,BAŞAK KIRELLİ SATIROĞLU MUAYENEHANESİ,Eskişehir,Tepebaşi,39.77775,30.51645,Eskişehir,Correct
6E69FCB0-DF07-42A4-89B9-E96B4DC32546,AYVAZ ECZANESİ,Eskişehir,Odunpazari,39.76462,30.50014,Eskişehir,Correct
6F215AA5-5776-4DEC-A13A-E9F69489722C,MEHMET RAFİ ÖZER MUAYENEHANESİ,Eskişehir,Tepebaşi,39.79033,30.45981,Eskişehir,Correct
274D262E-17F5-4EA2-B300-E9F7018A713E,DEVA ECZANESİ,Eskişehir,Seyitgazi,39.62207,-76.05636,No Info,No Info
6E491F04-8645-4B38-85A1-EA6CCD79C515,ÖMÜR ÖNAÇAN KLİNİĞİ,Eskişehir,Tepebaşi,39.7841,30.50159,Eskişehir,Correct
689E0D26-6D25-477B-B82A-EA6D7E8B6240,HAVVA ZERRİN KABELOĞLU MUAYENEHANESİ,Eskişehir,Odunpazari,39.76658,30.50064,Eskişehir,Correct
5A79FB40-2961-45D5-94D7-EABDA93102AD,BERHAN ECZANESİ,Eskişehir,Odunpazari,39.7733,30.50681,Eskişehir,Correct
779D1F51-55C1-4868-B150-EAC30F8E32A7,ERDİNÇ YÜCEER MUAYENEHANESİ,Eskişehir,Tepebaşi,39.77796,30.51605,Eskişehir,Correct
AC31FF66-F5E4-412D-93A6-EB80E8822C73,ÖZEL ÜMİT HASTANESİ,Eskişehir,Tepebaşi,39.79015,30.47096,Eskişehir,Correct
3198C312-329D-4C75-8FF3-EC44BF6F53D5,İKİZLER ECZANESİ,Eskişehir,Tepebaşi,39.78921,30.53213,Eskişehir,Correct
60EB0E41-48CA-4762-A865-EC6A4A701621,NİL ECZANESİ,Eskişehir,Tepebaşi,39.59327,-76.09476,No Info,No Info
BC13CD1F-8A03-4969-ABC6-ECD28859C9C3,ESKİŞEHİR TEPEBAŞI ŞARHÜYÜK AİLE SAĞLIĞI MERKEZİ,Eskişehir,Tepebaşi,39.78923,30.53213,Eskişehir,Correct
60245939-1750-444B-91DA-ED30C0BB2BB4,ESKİŞEHİR ODUNPAZARI EMEK AİLE SAĞLIĞI MERKEZİ,Eskişehir,Odunpazari,39.75021,30.57512,Eskişehir,Correct
BF5D3329-3389-489D-BA21-ED7EF138D4BF,MERVE ECZANESI,Eskişehir,Tepebaşi,39.79005,30.47017,Eskişehir,Correct
E026E3A9-A84C-4C34-9B17-EDD0257964BF,AYŞEGÜL ÇETİNGÜÇ ADALIĞ MUAYENEHANESİ,Eskişehir,Tepebaşi,39.82523,30.32364,Eskişehir,Correct
EC781941-BA20-4BFA-B51E-EDDF10F46230,AR ECZANESİ,Eskişehir,Tepebaşi,39.83789,30.54665,Eskişehir,Correct
A1FA9676-C109-40AD-AB23-EE1B8EEABBE0,ASLI BORA ECZANESİ,Eskişehir,Odunpazari,39.75988,30.51183,Eskişehir,Correct
B6408DF5-703D-4E6D-BE77-EE42F893BCD3,YİĞİT ECZANESİ,Eskişehir,Tepebaşi,39.77672,30.47878,Eskişehir,Correct
EFFFE2EA-5744-44A2-BF0E-EECCC5C22ED1,CENK ÖZCAN ECZANESİ,Eskişehir,Odunpazari,39.77407,30.51167,Eskişehir,Correct
B341A62A-11A9-4F9C-9325-EF584539B559,NUR SELİN ECZANESİ,Eskişehir,Odunpazari,39.76489,30.50962,Eskişehir,Correct
A176637F-8EB7-4A25-9C30-EF8D8CD92BAB,ÇETİN AVCI MUAYENEHANESİ,Eskişehir,Tepebaşi,39.78479,30.49949,Eskişehir,Correct
CAD20AC1-3DF9-4C52-BE0D-EFACB4002B85,EVRİM ECZANESİ,Eskişehir,Odunpazari,39.76731,30.52435,Eskişehir,Correct
0B2FE469-0354-4A28-B70D-EFDC88A05FFE,UĞUR ECZANESİ,Eskişehir,Odunpazari,39.76777,30.52292,Eskişehir,Correct
9A71FA98-F8F3-47D3-B687-EFF64C61BA2A,VEZİR ECZANESİ,Eskişehir,Han,39.15848,30.86202,Eskişehir,Correct
FE1DDDED-C204-4382-BC0C-F01B83DD30CD,TURUNCU ECZANESİ,Eskişehir,Odunpazari,39.76759,30.50469,Eskişehir,Correct
58BE5647-AD9F-4CB0-AA24-F02BFE695E37,ÖZEL İNCİ AGİZ VE DİŞ SAĞLIĞI POLİKLİNİĞİ,Eskişehir,Tepebaşi,39.77698,30.52312,Eskişehir,Correct
52E163FB-AE87-4DC8-822E-F075D09224CC,MERKEZ ECZANESİ,Eskişehir,Sivrihisar,39.4502,31.53827,Eskişehir,Correct
5749E3A8-7CF7-4DC7-9FC5-F0B7024A2465,AKTUNA ECZANESİ,Eskişehir,Odunpazari,39.76795,30.52574,Eskişehir,Correct
92495CDF-E73F-497E-9BFC-F11DF35F6144,ZAMBAK ECZANESİ,Eskişehir,Odunpazari,39.74205,30.55453,Eskişehir,Correct
389B427D-D23F-4D70-BF37-F16852F31634,DUYGUM ECZANESİ,Eskişehir,Odunpazari,39.77283,30.51617,Eskişehir,Correct
7B07DAE4-13BA-4E3E-837B-F1A871E21754,MELİS ECZANESİ,Eskişehir,Tepebaşi,39.77526,30.46506,Eskişehir,Correct
59D125CC-0DEE-4897-8194-F227B330E190,VADİ ECZANESİ,Eskişehir,Odunpazari,39.74215,30.55491,Eskişehir,Correct
E8207B4B-BCBC-4636-9C60-F26BDC963465,ŞENGÜL ALTINÖZ MUAYENEHANESİ,Eskişehir,Tepebaşi,39.78303,30.49205,Eskişehir,Correct
C831E8A2-E393-43D9-8A3A-F3B196D6AC05,KUMLUBEL ECZANESİ,Eskişehir,Tepebaşi,39.79092,30.51591,Eskişehir,Correct
3C2284FD-41DF-4D55-9059-F4716CF9287C,ESKİŞEHİR ODUNPAZARI VATAN AİLE SAĞLIĞI MERKEZİ,Eskişehir,Odunpazari,39.76992,30.53047,Eskişehir,Correct
1482EF3E-C8F1-4466-BEDE-F63835E253E8,ESKİŞEHİR ODUNPAZARI ÖMÜR AİLE SAĞLIĞI MERKEZİ,Eskişehir,Odunpazari,39.74918,30.46142,Eskişehir,Correct
3E681D69-FC5F-4796-A585-F65266BE8C24,ÖZEL GÜRLİFE HASTANESİ,Eskişehir,Tepebaşi,39.79493,30.53475,Eskişehir,Correct
6D76F1F1-452E-4484-BD6E-F65E26290EA2,ONAT ECZANESİ,Eskişehir,Odunpazari,39.75194,30.56768,Eskişehir,Correct
B8C04D18-0662-4CF0-82A1-F6D291893F47,KEMAL HÜKMEN MUAYENEHANESİ,Eskişehir,Odunpazari,39.77506,30.51531,Eskişehir,Correct
B8A22FCA-DD0C-45C0-9E66-F6F6BF65F0B8,DEVRİM İŞÇİ MUAYENEHANESİ,Eskişehir,Tepebaşi,39.7769,30.51778,Eskişehir,Correct
54A484E3-016E-467C-81DD-F72C8D6B303D,HUZUR ECZANESİ,Eskişehir,Odunpazari,39.75925,30.54752,Eskişehir,Correct
157E01DA-D56D-485E-908C-F78FB4C90716,ARDA BÜTÜN KLİNİK,Eskişehir,Odunpazari,39.77177,30.51678,Eskişehir,Correct
F916A248-0735-45F8-BBD9-F87AD4F15644,GÜRSU ECZANESİ,Eskişehir,Odunpazari,39.74583,30.58737,Eskişehir,Correct
3D1C71D1-9CA9-403B-93F3-F89F0598D5FA,ESKİŞEHİR İNÖNÜ AİLE SAĞLIĞI MERKEZİ,Eskişehir,İnönü,39.81602,30.14263,Eskişehir,Correct
C0072E9A-8146-4FCB-805E-F8ED6815FFC6,ESRA YAMAK MUAYENEHANESİ,Eskişehir,Tepebaşi,39.77723,30.5177,Eskişehir,Correct
B87BD646-0718-4F39-B31A-F8F67A48C75C,YILMAZ ECZANESİ,Eskişehir,Odunpazari,39.73996,30.54042,Eskişehir,Correct
7DEDFE87-2B27-42FD-8054-F90EDE9B9A6A,UFUK ECZANESİ,Eskişehir,Odunpazari,39.77408,30.51402,Eskişehir,Correct
392B1A18-73E4-43A0-BB1D-F9C4713D8715,ŞAHİN ECZANESİ,Eskişehir,Odunpazari,39.76873,30.51171,Eskişehir,Correct
68B2AFC5-DA97-4C75-8821-F9F06C294F77,GÜLSEV ECZANESİ,Eskişehir,Tepebaşi,39.78816,30.51901,Eskişehir,Correct
CA64F80D-4D6C-4C44-B36C-FA46886893C1,SAMİ DOBRUCALI MUAYENEHANESİ,Eskişehir,Tepebaşi,39.7786,30.51782,Eskişehir,Correct
2634F2D2-BD87-48F1-BFD9-FA6A04022549,İLKEM ECZANESİ,Eskişehir,Odunpazari,39.74944,30.5392,Eskişehir,Correct
65D262F9-1538-411F-82E9-FB2E31211BF2,AYŞENUR ECZANESİ,Eskişehir,Odunpazari,39.74517,30.59791,Eskişehir,Correct
47264963-0C37-4A75-BABA-FB346F9ACD4A,BÜLENT ÖZDOĞAN MUAYENEHANESİ,Eskişehir,Tepebaşi,39.78966,30.49011,Eskişehir,Correct
4BF5BA2E-4C6C-457A-B909-FB84D506035D,AKSARAY ECZANESİ,Eskişehir,Odunpazari,39.77369,30.50991,Eskişehir,Correct
321239F7-B5A0-48DC-A2C5-FBA46AD75327,FAKÜLTE ECZANESİ,Eskişehir,Odunpazari,39.74909,30.49651,Eskişehir,Correct
4C751088-2A1C-4E56-A9D0-FDBCA3BA99E4,TOPRAK ECZANESİ,Eskişehir,Tepebaşi,39.77791,30.4562,Eskişehir,Correct
2C8AA334-DD4B-4696-A497-FDC81CCA605A,YUNUS EMRE DEVLET HASTANESİ 2 EYLÜL EK BİNASI,Eskişehir,Odunpazari,39.7671,30.52568,Eskişehir,Correct
67859B3A-8139-43FE-A2EC-FDE6067C2A93,RENGİN OSKAY MUAYENEHANESİ,Eskişehir,Odunpazari,39.7705,30.5211,Eskişehir,Correct
89680604-BE4B-4E48-9C46-FE1BF5054757,UZAY ECZANESİ,Eskişehir,Odunpazari,39.74651,30.58365,Eskişehir,Correct
8D08BB42-7DD8-4CE7-A13E-FE78BE52FEC3,VİTAMİN ECZANESİ,Eskişehir,Tepebaşi,39.78963,30.46915,Eskişehir,Correct
42CB817A-AF61-446A-BE34-FEFB82844094,ESKIŞEHIR ÇİFTELER DEVLET HASTANESI,Eskişehir,Çifteler,39.37367,31.03607,Eskişehir,Correct
6679E9C6-1701-4E83-8D95-FF3EA429C8B1,CANSU ULUDAĞ ECZANESİ,Eskişehir,Odunpazari,39.77378,30.51076,Eskişehir,Correct
68290640-A039-4B56-9B5D-FF5D6CAC9D9B,GÖKÇE ECZANESİ,Eskişehir,Odunpazari,39.76823,30.51036,Eskişehir,Correct
6E57FC81-47FD-4269-983C-FF7CD9E9899B,TEPEBAŞI TURKUAZ AİLE SAĞLIĞI MERKEZİ,Eskişehir,Tepebaşi,39.77,30.47234,Eskişehir,Correct
