UnitId,UnitName,CityName,DistrictName,Latitude,Longitude,DetectedCity,Match
7B65126A-FB8C-452E-AFE0-00AD10B40F42,KIRŞEHİR MERKEZ KALE AİLE SAĞLIĞI MERKEZİ,Kirşehir,Merkez,39.14785,34.16033,Kırşehir,Correct
08095973-5BEC-4FEE-8770-0387FFC3314B,KIRŞEHİR MERKEZ AŞIKPAŞA AİLE SAĞLIĞI MERKEZİ,Kirşehir,Merkez,39.15143,34.16192,Kırşehir,Correct
8F5ED57E-30B7-447D-89B5-06D943C34ACE,ZEYNEP ECZANESİ,Kirşehir,Merkez,39.14637,34.16398,Kırşehir,Correct
430777D4-78ED-4833-8A36-07D976F8B5C1,ÖZGE ECZANESI,Kirşehir,Merkez,39.14435,34.15485,Kırşehir,Correct
F1F9674E-D120-4FB5-9CD4-098FF9351CA9,TİRYAKİ ECZANESİ,Kirşehir,Merkez,39.1517,34.16284,Kırşehir,Correct
BA86663F-F55B-4F1A-82D4-0EAB0E13E1FC,NAZAR ECZANESİ,Kirşehir,Merkez,39.15255,34.16534,Kırşehir,Correct
1329E53D-C82B-46D0-BCAE-0FB5C51C5F87,RÜYA ECZANESİ,Kirşehir,Merkez,39.15957,34.1615,Kırşehir,Correct
03F6063B-92DE-4011-9D94-0FBE24800DED,SOYSAL ECZANESİ,Kirşehir,Merkez,39.14364,34.16108,Kırşehir,Correct
DA3E5E12-18C7-4A9F-A125-1065D2516943,HATUNOĞLU ECZANESİ,Kirşehir,Merkez,39.32906,33.90261,Kırşehir,Correct
A33CCF2D-27DE-4247-A96B-133C0BC467BE,ERDOĞDU ECZANESİ,Kirşehir,Merkez,39.15296,34.16069,Kırşehir,Correct
A4D393E2-680F-42A1-B64D-13E79F825620,DAVUT GÖKTEKİN MUAYENEHANESİ,Kirşehir,Merkez,39.14327,34.16014,Kırşehir,Correct
A7E3872E-C75B-4B41-9555-17DB7C024CDC,KIRŞEHİR AKÇAKENT MERKEZ ASM,Kirşehir,Akçakent,39.62074,34.09654,Kırşehir,Correct
971BC860-2A54-4935-9C07-1C8E4D5CB4FA,KISMET ECZANESİ,Kirşehir,Merkez,39.13871,34.17081,Kırşehir,Correct
95BB58B2-C8E5-4BBE-AD5C-1DFAA19D31DF,KIRŞEHİR ÇİÇEKDAĞI MERKEZ ASM,Kirşehir,Çiçekdaği,39.60664,34.42277,Kırşehir,Correct
940D01F3-9A3A-4C4C-B892-21956D2B07FD,KIRŞEHİR MERKEZ KERVANSARAY AİLE SAĞLIĞI MERKEZİ,Kirşehir,KIRŞEHİR MERKEZ,39.25846,34.26244,Kırşehir,Correct
19E4404D-65B1-4F5B-9F3F-2390EF4C3771,DENİZ ECZANESİ,Kirşehir,Akpinar,39.37281,33.87982,Kırşehir,Correct
6F1E8126-CF46-4EB9-8C3B-2809123721EE,KIRŞEHİR MERKEZ NASUHDEDE AİLE SAĞLIĞI MERKEZİ,Kirşehir,Merkez,39.15412,34.15071,Kırşehir,Correct
C3031D27-FA6E-4C5F-9DA4-2D91C35B34B4,KENT ECZANESİ,Kirşehir,Merkez,39.14337,34.15992,Kırşehir,Correct
A7AD7ADF-0D20-4123-A56E-2F63DAA17161,EMEK ECZANESİ,Kirşehir,Merkez,39.14449,34.16046,Kırşehir,Correct
5135CDE5-0159-44C3-8AB5-305012325E0C,AHİ ECZANESİ,Kirşehir,Merkez,39.14614,34.15937,Kırşehir,Correct
A25381D3-098C-49A5-AB29-30F7DBB0C999,AKGÜL ECZANESİ,Kirşehir,Merkez,38.3562,35.08945,Kayseri,Wrong
991AACA7-438F-4F7D-BAED-31D8832AFFC7,ÖZEL ESTEDENT 1 AĞIZ VE DİŞ SAĞLIĞI POLİKLİNİĞİ,Kirşehir,KIRŞEHİR MERKEZ,39.15071,34.15849,Kırşehir,Correct
751CB7C5-D8AA-448E-A9BB-371377F74227,MELİSA ECZANESİ,Kirşehir,Merkez,39.14597,34.16853,Kırşehir,Correct
FDDAEED9-F6ED-4F8F-9398-37CB6C1D01FB,KIRŞEHİR TOPLUM SAĞLIĞI MERKEZİ,Kirşehir,KIRŞEHİR MERKEZ,39.14645,34.14029,Kırşehir,Correct
03C6ABA1-A226-4072-A353-38CFB2C4D900,KIRŞEHİR MUCUR DEVLET HASTANESİ,Kirşehir,Mucur,39.05603,34.37036,Kırşehir,Correct
D8B19E72-7DDF-4AED-B57D-39EB35B6D57C,AYDIN ECZANESİ,Kirşehir,Merkez,39.14343,34.16417,Kırşehir,Correct
B0E6930D-F636-4395-AA48-3A42B3862492,GÖKBAYRAK ECZANESİ,Kirşehir,Merkez,39.14815,34.16477,Kırşehir,Correct
0883DBC5-5A08-4992-BEFE-3B45D02936D7,ÖZDEMİR ECZANESİ,Kirşehir,Çiçekdaği,39.36154,33.71223,Kırşehir,Correct
D0B0EF7D-A7FE-4AB3-AA89-3B986EDC6A3C,DERMAN ECZANESİ,Kirşehir,Boztepe,39.26712,34.26195,Kırşehir,Correct
FD83B56B-BE1E-49BD-97A9-3E4DD9F3FAE1,ÖZBAĞ ECZANESİ,Kirşehir,Merkez,39.20208,34.14623,Kırşehir,Correct
AA16D7B5-445C-48C9-B90B-416B7D7AE1DA,AŞIKPAŞA ECZANESİ,Kirşehir,Merkez,39.1508,34.16164,Kırşehir,Correct
B82098B8-DB24-449B-BD3C-42F4D446DAFD,KIRŞEHİR MERKEZ ÖZBAĞ AİLE SAĞLIĞI MERKEZİ,Kirşehir,Merkez,39.22774,34.14008,Kırşehir,Correct
4D3DCAF8-EF17-48D1-8AC8-45C09710652A,MUSTAFA MISIR MUAYENEHANESİ,Kirşehir,Merkez,39.14879,34.15908,Kırşehir,Correct
ED84D56C-DBC7-4B13-9FB3-47D7C8162403,UĞUR ECZANESİ,Kirşehir,Merkez,39.15165,34.16414,Kırşehir,Correct
A3E01086-3238-445A-B04E-47FEEC6C1580,FUNDA ÖZYAY EROĞLU MUAYENEHANESİ,Kirşehir,Merkez,38.92367,-76.98756,No Info,No Info
3B59E27D-2FFA-4212-A651-48205943FA64,EMRAH ECZANESİ,Kirşehir,Kaman,39.29754,33.8219,Kırşehir,Correct
1348FCE5-A735-468C-B35E-4E3526945870,SULTAN ECZANESİ,Kirşehir,Merkez,39.15803,34.16482,Kırşehir,Correct
1064FEB8-263F-487D-9081-53BA5EFE192D,HAYAT ECZANESİ,Kirşehir,Merkez,39.20281,34.14603,Kırşehir,Correct
1B270CFB-CF4B-46AE-856C-55DFFC4482F0,YAŞAM ECZANESİ,Kirşehir,Merkez,39.1573,34.16396,Kırşehir,Correct
A8E87B6D-88CB-4228-AC74-5651D8BB68DF,LOKMAN HEKİM ECZANESİ,Kirşehir,Merkez,39.14525,34.15605,Kırşehir,Correct
C3B83062-3BBE-48A8-BCCB-574352703169,GÜLVER ECZANESİ,Kirşehir,Merkez,39.19457,-76.62636,No Info,No Info
C773D20A-91FA-4E60-A4C1-5954FA4105BA,YENİ ECZANESİ,Kirşehir,Merkez,39.14251,34.1625,Kırşehir,Correct
23EF8D15-2467-439E-BCD1-5EFA4BED29CC,KİRŞEHIR ÇIÇEKDAĞİ İLÇE HASTANESI,Kirşehir,Çiçekdaği,39.60353,34.41692,Kırşehir,Correct
535CA6E6-BD6D-47FB-8142-60AD77952016,ESEN ECZANESİ,Kirşehir,Merkez,39.14211,34.16246,Kırşehir,Correct
A3E95C4D-AE83-42A9-80E7-62BB9E9C95BD,ŞİFA ECZANESİ,Kirşehir,Mucur,39.06315,34.37607,Kırşehir,Correct
1A9D2F04-0F4C-4A5C-9751-6308CF04DA85,BÜYÜK ECZANESİ,Kirşehir,Merkez,39.20788,34.14543,Kırşehir,Correct
7CD8FBF4-8E9E-4382-A3F5-6690DABAEE1B,KIRŞEHİR MERKEZ KILIÇÖZÜ AİLE SAĞLIĞI MERKEZİ,Kirşehir,Merkez,39.14524,34.15522,Kırşehir,Correct
6B17B51A-7C0F-457F-B53D-6728C91465B2,KIRŞEHİR KAMAN İSTİKLAL AİLE SAĞLIĞI MERKEZİ,Kirşehir,Kaman,39.35655,33.73186,Kırşehir,Correct
203BF927-7741-4DC3-9295-69B99E3C8023,GİZEM ECZANESİ,Kirşehir,Çiçekdaği,39.60566,34.42071,Kırşehir,Correct
7D9FFC7B-F668-4259-BB78-69FDE43F6A96,KIRŞEHİR KAMAN DEVLET HASTANESİ,Kirşehir,Kaman,39.36957,33.71926,Kırşehir,Correct
53F7D5A6-FF80-4F2F-BEE4-6D25C9DBC05D,KIRŞEHİR KAMAN YENİMAHALLE AİLE SAĞLIĞI MERKEZİ,Kirşehir,Kaman,39.35851,33.72231,Kırşehir,Correct
1BC48A0D-EF6C-4A95-8134-739AB525CE85,GÜNEŞ ECZANESİ,Kirşehir,Merkez,39.14184,34.16134,Kırşehir,Correct
67B24D4F-1A74-45C5-B67E-739E04B8E2ED,KIRŞEHİR MUCUR AİLE SAĞLIĞI MERKEZİ,Kirşehir,Mucur,39.06522,34.37736,Kırşehir,Correct
C60A5F71-EC03-4DBE-B4C7-74DF3A9854F7,TERME ECZANESİ,Kirşehir,Merkez,39.14343,34.15995,Kırşehir,Correct
51CC1329-20D6-426C-995F-7884DDCFDD25,GÜNDÜZ ECZANESİ,Kirşehir,Merkez,39.1556,34.15814,Kırşehir,Correct
F52F69D3-7DB6-4D12-9BEB-79277C38F688,ARIKAN ECZANESİ,Kirşehir,Merkez,41.0178,28.87239,İstanbul,Wrong
0A9A25D3-4088-4DDA-B42B-7C71F32EDACD,YASEMİN ASLAN ECZANESİ,Kirşehir,Merkez,39.34847,-76.42116,No Info,No Info
7EDDA9B1-3FE8-40DF-BB16-7C83D1BD7A7D,ONUR ECZANESİ,Kirşehir,Merkez,39.21012,34.14483,Kırşehir,Correct
D18290D3-D53B-4327-9F58-7D0FEC82222F,KAMAN MERKEZ TSM,Kirşehir,Kaman,39.3596,33.71689,Kırşehir,Correct
BBF76C7A-776B-4FEE-A466-7FF6586A0AEB,ÖZKAYA ECZANESİ,Kirşehir,Merkez,38.99027,-76.89876,No Info,No Info
A2FEEF9B-EB8B-4DA4-8B48-83F04C75BE1A,ŞİFA ECZANESİ,Kirşehir,Merkez,39.14873,34.1597,Kırşehir,Correct
6DB7C647-032F-4E35-B507-84AF42AB7391,KAYA ECZANESİ,Kirşehir,Merkez,39.15646,34.16273,Kırşehir,Correct
B09CBCD1-06CC-4E98-8925-866DEBD543F3,KAYIŞ ECZANESİ,Kirşehir,Mucur,39.06317,34.3761,Kırşehir,Correct
3CC74A9C-98CC-4C5A-85EB-8784D7EF9EC9,KIRŞEHİR MERKEZ CACABEY AİLE SAĞLIĞI MERKEZİ,Kirşehir,Merkez,39.14361,34.16354,Kırşehir,Correct
6BF3313F-BC70-4BB6-B10F-884CBCA9BBAB,ARAN ECZANESİ,Kirşehir,Kaman,39.35872,33.72449,Kırşehir,Correct
65858784-6ECB-4192-ADED-891E8B851408,ÇELİK ECZANESİ,Kirşehir,Merkez,39.14285,34.16273,Kırşehir,Correct
E7E41655-747A-47E5-A5B3-8D4699283B79,MUCUR ECZANESİ,Kirşehir,Mucur,39.06436,34.3768,Kırşehir,Correct
5CC7615E-023A-42E4-94B1-8FB4A7D07D90,DİLEK ECZANESİ,Kirşehir,Merkez,39.21887,-76.59396,No Info,No Info
ECD87BCB-4371-45B1-9C2C-90F878D380BB,ERDEM ECZANESİ,Kirşehir,Kaman,39.36479,33.71944,Kırşehir,Correct
37B5EB4C-AE2B-4DDA-98D7-923203F0BDC4,KIRŞEHİR MERKEZ YUNUS EMRE AİLE SAĞLIĞI MERKEZİ,Kirşehir,Merkez,39.14649,34.16823,Kırşehir,Correct
40691E8D-E32C-4A37-B6E9-933F3FE067D9,ŞEYDA KIZILIRMAK MUAYENEHANESİ,Kirşehir,Merkez,39.21038,34.14476,Kırşehir,Correct
29705A09-A922-47B2-AFF0-9639650FC37B,BEYAZ ECZANESİ,Kirşehir,Merkez,38.98037,-76.91196,No Info,No Info
853187DA-0B3A-4A09-A845-96DC909B2751,DOST ECZANESİ,Kirşehir,Merkez,39.14652,34.16053,Kırşehir,Correct
698017AB-E45E-4EC3-B4FF-96F17AAB7BA2,HAYAT ECZANESİ,Kirşehir,Kaman,39.29934,33.8243,Kırşehir,Correct
A941D88D-4503-41AE-B476-98DF0A971AB2,İBNİ SİNA ECZANESİ,Kirşehir,Merkez,39.20136,34.14622,Kırşehir,Correct
C01C3602-BA73-45D0-BD01-9C9C2E665E2E,BERK ECZANESİ,Kirşehir,Kaman,39.36167,33.72189,Kırşehir,Correct
46C78D6F-8335-4C76-BC88-9CBD76D95EEC,DENİZHAN DANACI KELEŞ MUAYENEHANESİ,Kirşehir,KIRŞEHİR MERKEZ,39.14417,34.16134,Kırşehir,Correct
9578FE0C-B802-4D91-A4D1-9D286580DD18,KIRŞEHİR MERKEZ BAHÇELİEVLER AİLE SAĞLIĞI MERKEZİ,Kirşehir,Merkez,39.14238,34.16374,Kırşehir,Correct
1755F9B4-4093-4B50-A5B2-9F04465D3738,SAĞLIK ECZANESİ,Kirşehir,Mucur,39.06322,34.37616,Kırşehir,Correct
F8491CF0-32B0-4170-ADA2-A07B83F8CF10,AKDENİZ ECZANESİ,Kirşehir,Kaman,39.29844,33.8231,Kırşehir,Correct
AFC6922B-121E-4829-8E88-A39C85D9DD58,KIRŞEHİR BOZTEPE AİLE SAĞLIĞI MERKEZİ,Kirşehir,Boztepe,39.26751,34.26115,Kırşehir,Correct
F71FF71A-807C-4F9D-A1C7-A46C2CC036CD,POLAT ECZANESI,Kirşehir,Merkez,39.78111,30.51571,Eskişehir,Wrong
EED2603E-B73D-4F9D-A6BD-A72D34C13759,SALMAN IŞIK MUAYENEHANESİ,Kirşehir,Merkez,39.07467,34.18031,Kırşehir,Correct
2593A46A-AEED-4D3A-808E-A8E796BB9AD9,KIRŞEHİR MERKEZ NEŞET ERTAŞ AİLE SAĞLIĞI MERKEZİ,Kirşehir,Merkez,39.15156,34.13737,Kırşehir,Correct
A164985A-5654-4D6B-876E-A96403B2D0DE,KIRŞEHİR SAĞLIKLI YAŞAM MERKEZİ,Kirşehir,Merkez,40.92638,40.44581,Rize,Wrong
78747E45-0413-486B-9651-AE7F2ECCC5CA,KIRŞEHİR MERKEZ AHMEDİ GÜLŞEHRİ AİLE SAĞLIĞI MERKEZİ,Kirşehir,Merkez,39.13848,34.17243,Kırşehir,Correct
DF57DA66-1F03-4C12-882B-B0D67E5A960B,HÜSEYİN DADALI MUAYENEHANESİ,Kirşehir,Merkez,39.33122,33.9022,Kırşehir,Correct
B7FA3797-C01F-4838-8D4F-B19F3626386D,DEVA ECZANESİ,Kirşehir,Kaman,39.35628,33.72476,Kırşehir,Correct
557FE5E2-3166-42EE-BA59-B47D49D7DFBE,ÜMİT ECZANESİ,Kirşehir,Merkez,39.14656,34.1587,Kırşehir,Correct
8D3ABBFB-2999-4884-9DDB-B4EB2B08513A,ÖZEL MUSA GÜL HASTANESİ,Kirşehir,Merkez,39.33348,33.73781,Kırşehir,Correct
12EAA33F-8395-4E76-A40C-B567186AAC1D,SEZENLER ECZANESI,Kirşehir,Merkez,39.1582,34.16516,Kırşehir,Correct
B1B78FA0-E43A-4CFE-9A91-B6839C06EC66,AKÇAKENT ECZANESİ,Kirşehir,Akçakent,39.62312,34.09642,Kırşehir,Correct
27AB09CA-66C8-40AD-930D-B7141EDFA395,GÖKBULUT ECZANESİ,Kirşehir,Merkez,39.14107,34.15844,Kırşehir,Correct
BA1DF6C6-DD14-40F4-8592-B85D0BD61224,KIRŞEHİR MERKEZ TERME AİLE SAĞLIĞI MERKEZİ,Kirşehir,Merkez,39.14096,34.16109,Kırşehir,Correct
F2371DD1-91A0-494A-B712-B890052FC806,KIRŞEHİR ECZANESİ,Kirşehir,Merkez,39.14889,34.1595,Kırşehir,Correct
5B57AA6C-EB59-4334-86DB-B9B2E9B041D5,EDA ECZANESİ,Kirşehir,Merkez,39.14982,34.16231,Kırşehir,Correct
435A1261-EABC-4666-BF8A-BB8CAE52DA18,TABİAT ECZANESİ,Kirşehir,Merkez,39.1438,34.16097,Kırşehir,Correct
875D7343-B1B3-4033-BD59-BE65DD582644,GEREDOĞLU ECZANESİ,Kirşehir,Merkez,39.14524,34.15654,Kırşehir,Correct
E6F7A078-3495-494C-9298-BF3209FC34C2,KIRŞEHİR AHİ EVRAN ÜNİVERSİTESİ EĞİTİM VE ARAŞTIRMA HASTANESİ,Kirşehir,Merkez,39.15798,34.16363,Kırşehir,Correct
FC25BF1A-F5DC-4ABA-B3BA-C111E904D89D,MEMİŞ ECZANESİ,Kirşehir,Kaman,39.35893,33.72473,Kırşehir,Correct
B18A2079-8FFA-4E1B-8676-C3E234F162E6,LALE ECZANESİ,Kirşehir,Merkez,39.14397,34.16488,Kırşehir,Correct
CA72D3CB-CB5F-439C-BFEF-C72C74B290FB,RAMAZAN ÇİFTÇİ-GAZANFER KİLİSLİOĞLU MUAYENEHANESİ,Kirşehir,Merkez,39.16942,34.14652,Kırşehir,Correct
279B736B-DA26-4223-95A6-C8C96A8F0179,HENDEK ECZANESİ,Kirşehir,Mucur,39.06527,34.3774,Kırşehir,Correct
6C6129B8-F4D9-4162-937F-CBD35D1832F3,MERVE ECZANESI,Kirşehir,Merkez,39.15713,34.16362,Kırşehir,Correct
FB0AD5AD-7038-4212-86C7-D070192E78FB,EREN ECZANESİ,Kirşehir,Kaman,39.35985,33.72324,Kırşehir,Correct
564D093E-8486-4C0F-B8F1-D0A2D2CD19EE,KIRŞEHİR AĞIZ VE DİŞ SAĞLIĞI MERKEZİ,Kirşehir,Merkez,39.15375,34.16375,Kırşehir,Correct
4CEEBE7E-8DCC-4A3D-990C-D2BA1729957E,EMİN ECZANESİ,Kirşehir,Mucur,41.80719,35.19531,Sinop,Wrong
84F4DBE7-440A-4BC5-B220-D9AC944FFB3D,ENVER DOĞAN MUAYENEHANESİ,Kirşehir,Merkez,39.13517,-76.70556,No Info,No Info
99DA2A66-6645-458A-8126-DA3F1F3701D7,DEFNE ECZANESİ,Kirşehir,Kaman,39.35573,33.72603,Kırşehir,Correct
029D7879-D221-4601-A9E4-DBDC1002AD34,YAVUZ ERDEMİR MUAYENEHANESİ,Kirşehir,Merkez,39.9434,32.64818,Ankara,Wrong
D2F423F6-4AC8-4584-A7E1-DE75ABC3A58E,YENİ AKPINAR ECZANESİ,Kirşehir,Akpinar,39.45063,33.96565,Kırşehir,Correct
8B3468C8-A0B6-4362-BC2E-E56362CC3C65,MURAT SAY MUAYENEHANESİ,Kirşehir,Kaman,39.36087,33.72262,Kırşehir,Correct
DE7A087D-424B-4C96-8D87-E768BBE9D320,DOĞAN ECZANESİ,Kirşehir,Merkez,39.54737,-76.15596,No Info,No Info
0C60BDFF-8271-461E-A39A-E7AC11E3497E,ADEM ARSLAN-BİNNAZ ARSLAN MUAYENEHANESİ,Kirşehir,Merkez,39.20442,34.14608,Kırşehir,Correct
6E4C7974-F90D-4E68-9689-E7B7E711618A,KIRŞEHİR AKPINAR İLÇE HASTANESİ,Kirşehir,Akpinar,39.45111,33.96586,Kırşehir,Correct
CD808809-2C0C-46C4-AE5D-E7BFA3D931D2,BEGÜM ECZANESİ,Kirşehir,Merkez,38.66583,32.92359,Konya,Wrong
D631E6AE-B8F1-4061-99B1-EA2FD2DB972C,ÖZGÜR ECZANESİ,Kirşehir,Merkez,37.92381,32.49679,Konya,Wrong
05FCCE73-B17E-4A14-9274-EB128FE39D9C,MERKEZ ECZANESİ,Kirşehir,Kaman,39.35902,33.72228,Kırşehir,Correct
BAD5FA3B-6A03-4CC8-B837-EB2AC26B59E4,SİBEL ECZANESİ,Kirşehir,Merkez,39.76591,30.9583,Eskişehir,Wrong
410359F2-32D8-4F75-B8A0-EB6E0EA3EA36,HAKAN URAL DİYET KLİNİĞİ,Kirşehir,Merkez,39.20657,34.14562,Kırşehir,Correct
4B5DA3EE-AF9E-42DD-9F2D-EBCB2142E81D,ABDULLAH ÇELİK MUAYENEHANESİ,Kirşehir,Merkez,38.65816,32.92063,Konya,Wrong
88949A3D-4F57-48E0-B736-ECA67B0C1342,GENÇ ECZANESİ,Kirşehir,Merkez,40.34841,41.86668,Erzurum,Wrong
E0BBDF07-4A74-486D-86E7-F27B30610F4F,CANSU TEKE DİYET KLİNİĞİ,Kirşehir,Merkez,39.14838,34.16015,Kırşehir,Correct
8A06CEB6-36D8-494A-8036-F7D7A0A52278,CAN ECZANESİ,Kirşehir,Merkez,39.19772,34.14682,Kırşehir,Correct
22C1F667-8601-41D2-8C54-FA38FA6AFB66,ESTELAZER KLİNİĞİ,Kirşehir,Merkez,39.20082,34.14618,Kırşehir,Correct
12A63B34-BD0F-4D25-AA38-FB13658792F6,SAĞLIK ECZANESİ,Kirşehir,Kaman,39.35829,33.72573,Kırşehir,Correct
8CE3049E-C8C3-4F92-B90C-FF6C72A886CD,SAFİR ECZANESİ,Kirşehir,Merkez,39.14229,34.16484,Kırşehir,Correct
5EA833B1-32CD-4DFD-9C3B-FF9AEBC64907,KIRŞEHİR MERKEZ YENİCE AİLE SAĞLIĞI MERKEZİ,Kirşehir,Merkez,39.14253,34.16297,Kırşehir,Correct
