UnitId,UnitName,CityName,DistrictName,Latitude,Longitude,DetectedCity,Match
D6531568-21B3-4319-A69B-01706BD93427,EYLÜL ECZANESİ,Ağri,Merkez,39.72232,43.05561,Ağrı,Correct
53636841-82B8-4B07-9CA8-01AAEC451D44,ÖZEL MEDİCENTER TIP MERKEZİ,Ağri,Patnos,39.23465,42.86104,Ağrı,Correct
E88F4110-2B44-4F18-B4AE-0230CC20CE10,AĞRİ PATNOS DEVLET HASTANESI,Ağri,Patnos,39.64502,43.37875,Ağrı,Correct
E6454EA8-6B44-471A-9B22-0237F1D9D5CA,TURAN ECZANESİ,Ağri,Merkez,39.72008,43.05073,Ağrı,Correct
A15C133F-2D57-4206-B66B-023E13D65326,BEYZA ECZANESİ,Ağri,Taşliçay,39.57887,-76.11396,No Info,No Info
58007392-8532-4FB0-B019-03B44D30AB28,YENİ ŞİFA ECZANESİ,Ağri,Doğubayazit,39.54419,44.04475,Ağrı,Correct
4514EB1E-BECB-4CA7-B0F8-03D15793CF2A,TUTAK ECZANESİ,Ağri,Tutak,39.23439,42.86349,Ağrı,Correct
44096EB9-FFCE-423A-8866-053EA991DC05,ÖMER ECZANESİ,Ağri,Patnos,39.23154,42.86183,Ağrı,Correct
96BA16ED-AFE3-454E-A4E3-06598D83AAD6,AĞRI AHMED-İ HANİ AİLE SAĞLIĞI MERKEZİ,Ağri,AĞRI MERKEZ,41.041,29.10815,İstanbul,Wrong
2947CD98-6912-4B66-BA88-068572B2259D,BEYZADE ECZANESİ,Ağri,Patnos,39.23419,42.8619,Ağrı,Correct
690FC95B-F9EB-46CB-BB0D-079D995E4852,KÖPRÜBAŞI ECZANESİ,Ağri,Merkez,38.96867,-76.92756,No Info,No Info
E4A81370-4DA1-4ADF-AA6D-0B6D51A5401D,EMEK ECZANESİ,Ağri,Eleşkirt,39.79827,42.67779,Ağrı,Correct
89169B27-7363-4F46-A164-0D6E7F457EDD,AĞRI MERKEZ 1 NOLU AİLE SAĞLIĞI MERKEZİ,Ağri,Merkez,39.72774,43.05551,Ağrı,Correct
D21941AC-2481-41B8-9BD1-0EB8010E6104,AĞRI MERKEZ 3 NOLU AİLE SAĞLIĞI MERKEZİ,Ağri,Merkez,39.71501,43.05472,Ağrı,Correct
E99733EC-3260-40D9-8CA0-0ECD40E67061,ZARİF ECZANESİ,Ağri,Merkez,39.72244,43.05062,Ağrı,Correct
480C8327-16E7-4FE7-A79E-11003CD5AA95,HARUN ECZANESİ,Ağri,Merkez,39.72103,43.05143,Ağrı,Correct
EBD8E061-2CD3-4D36-9C8D-127204BABC27,DEVA ECZANESİ,Ağri,Diyadin,39.5422,43.67159,Ağrı,Correct
CD84DA46-2EA8-4D3D-8F5E-1451E92547FD,YENİ MELEK ECZANESİ,Ağri,Doğubayazit,39.5484,44.08005,Ağrı,Correct
0152A65F-3145-4660-9A82-1464D4411259,DERMAN ECZANESİ,Ağri,Merkez,39.72459,43.04722,Ağrı,Correct
7A4EAE52-5D78-486A-ABFB-19506FB9DFD1,PATNOS 15 TEMMUZ ŞEHİTLERİ ASM,Ağri,Patnos,39.23405,42.85761,Ağrı,Correct
80EFA046-779E-4A00-9F85-19ACBBFF6FAC,YAŞAM ECZANESİ,Ağri,Merkez,39.72212,43.05299,Ağrı,Correct
9D3ED263-2B48-45AE-99C4-19CBA6152E11,DAVER VE FERİDE PAKSOY MUAYENEHANESİ,Ağri,Patnos,39.2373,42.85991,Ağrı,Correct
252527C0-E488-4AB8-801C-1D9E67ECE1FE,YUSUF ECZANESİ,Ağri,Patnos,39.23351,42.86319,Ağrı,Correct
625B8E56-334B-4B62-9D4E-223BD4843122,PATNOS AĞIZ VE DİŞ SAĞLIĞI MERKEZİ,Ağri,Patnos,39.23495,42.85797,Ağrı,Correct
B16C1F6C-E3C4-464E-A249-223F5B33F489,HASAN PEKUZ MUAYENEHANESİ,Ağri,Merkez,39.72247,43.05026,Ağrı,Correct
D13C6C7E-D52F-4A03-AB85-22B3224A6CCF,AĞRI MERKEZ 6 NOLU AİLE SAĞLIĞI MERKEZİ,Ağri,Merkez,39.72156,43.0136,Ağrı,Correct
F3A08C97-2297-4FBA-BC71-26CA2ED6CAC8,DOĞU ECZANESİ,Ağri,Patnos,39.23467,42.86068,Ağrı,Correct
A9EA49F4-46F2-439D-ACA4-2756160B8A1C,AĞRI MERKEZ 2 NOLU AİLE SAĞLIĞI MERKEZİ,Ağri,Merkez,39.72517,43.04658,Ağrı,Correct
06002B62-6C76-42CA-BB9A-277F348CBF4C,BİZİM ECZANESİ,Ağri,Doğubayazit,39.54847,44.0815,Ağrı,Correct
4F9969AC-6BC9-4794-8852-27D48A9AB759,ŞÜKRAN ECZANESİ,Ağri,Merkez,39.72234,43.05326,Ağrı,Correct
BA262F35-7924-4EB2-8CB9-2CF6A7984CF2,AĞRI MERKEZ 7 NOLU ASM,Ağri,Merkez,39.71503,43.03368,Ağrı,Correct
69716656-38A6-470F-AED3-2D41D12D33F1,AĞRI TUTAK CELAL ADAN AİLE SAĞLIĞI MERKEZİ,Ağri,Tutak,39.53893,42.77295,Ağrı,Correct
1B6F7DB9-76E5-49B3-B88D-2FCEC2D7D6C7,AĞRI TUTAK MERKEZ AİLE SAĞLIĞI MERKEZİ,Ağri,Tutak,39.54074,42.77009,Ağrı,Correct
8F16E9C5-54FE-4B3E-BB37-302630BA3912,SÖYLEMEZ ECZANESİ,Ağri,Patnos,39.23425,42.85877,Ağrı,Correct
F29A26B9-E786-4C05-9843-30BCFC2DDD1A,AĞRI PATNOS 2 NOLU MUKADDES KALKAVAN AİLE SAĞLIĞI MERKEZİ,Ağri,Patnos,39.22545,42.85796,Ağrı,Correct
C64F7A83-5EB8-41A6-BCB8-32546B6C20C8,DERMAN ECZANESİ,Ağri,Diyadin,39.15047,-76.68516,No Info,No Info
AE12B6A4-E81B-4CD4-A1FF-328E9227A3F9,ŞİFA ECZANESİ,Ağri,Patnos,39.79788,42.69055,Ağrı,Correct
FE40DD4A-CC58-4266-8262-34441F4EA8E0,AĞRI DİYADİN 1 NOLU AİLE SAĞLIĞI MERKEZİ,Ağri,Diyadin,39.52189,43.67647,Ağrı,Correct
DC471F58-AAD4-42B1-9FED-35B7093CF23D,EGE ECZANESİ,Ağri,Doğubayazit,39.54366,44.01767,Ağrı,Correct
C018AF9C-FE35-48CE-BE06-35C3B67113B6,AĞRI ELEŞKİRT MERKEZ AİLE SAĞLIĞI MERKEZİ,Ağri,Eleşkirt,39.80022,42.67184,Ağrı,Correct
7383EC33-0146-44BA-A341-36787C4DDABA,AĞRİ AĞİZ VE DIŞ SAĞLİĞİ MERKEZI,Ağri,Merkez,39.71879,43.02031,Ağrı,Correct
6149BA0B-6995-436C-8B14-36AAC9AE3133,AĞRI MERKEZ 4 NOLU AİLE SAĞLIĞI MERKEZİ,Ağri,Merkez,39.70567,43.05774,Ağrı,Correct
85A5E0BD-936E-4B2A-ADD4-36B81095191A,NADİR ECZANESİ,Ağri,Merkez,39.63197,-76.04316,No Info,No Info
330D8390-1DCF-413B-9E96-386E98887125,AĞRI EĞİTİM ARAŞTIRMA HASTANESİ,Ağri,Merkez,40.95526,39.87304,Trabzon,Wrong
E92B72AC-00C7-41B9-9721-38887F291BE0,TAŞLIÇAY 15 TEMMUZ ŞEHİTLERİ AİLE SAĞLIĞI MERKEZİ,Ağri,Taşliçay,39.63232,43.37965,Ağrı,Correct
884ED124-B5FC-4957-9E2B-3C9C3B286649,YASİN BAYKAL MUAYENEHANESİ,Ağri,AĞRI MERKEZ,39.72203,43.05348,Ağrı,Correct
CCE2C794-AB93-45A5-8C82-3DCC760CA2DB,AFA ECZANESİ,Ağri,Doğubayazit,39.54705,44.08112,Ağrı,Correct
94C282EB-85FF-4C3C-9A43-3E5C0DC290F6,AĞRI DOĞUBAYAZIT 2 NOLU AİLE SAĞLIĞI MERKEZİ,Ağri,Doğubayazit,39.54326,44.06978,Ağrı,Correct
EFB86D33-8EBE-41F2-8529-4344880790DC,BEYAZIT ECZANESİ,Ağri,Doğubayazit,39.54788,44.07553,Ağrı,Correct
E20977A6-57A3-4861-B1C4-43BABF6C940A,PATNOS MERKEZ TSM,Ağri,Patnos,39.22471,42.84129,Ağrı,Correct
A795D564-0FC4-45AB-AA28-44B313D85A88,UĞUR ECZANESİ,Ağri,Merkez,39.72209,43.05316,Ağrı,Correct
53661AEC-5BCB-46FE-92D6-456550368BC9,YENİ ARI ECZANESİ,Ağri,Merkez,39.71386,43.05555,Ağrı,Correct
20BABB91-7503-4C32-8C6A-4E722E903509,ŞİFA ECZANESİ,Ağri,Eleşkirt,39.79788,42.69055,Ağrı,Correct
53E52264-979B-4B9C-9F70-4FC6681A2CF5,GÜVEN ECZANESİ,Ağri,Merkez,39.71217,43.05488,Ağrı,Correct
FC395849-36D4-4D5B-A9DB-531469ACA60B,YONCA ECZANESİ,Ağri,Merkez,39.72246,43.05045,Ağrı,Correct
0CAAFFB6-D5A2-4E2F-9DE9-54242C39FBFD,DEMİR ECZANESİ,Ağri,Merkez,39.72272,43.05343,Ağrı,Correct
A5B1B8E1-8121-433C-A93A-549826237FE1,DEVA ECZANESİ,Ağri,Patnos,39.23375,42.86307,Ağrı,Correct
0DEE43D3-BCA6-45D4-8799-55CB1304FB9E,ELİF ECZANESİ,Ağri,Taşliçay,40.4845,29.3011,Bursa,Wrong
78BCB1EF-EF71-49E3-B2DE-58027F708F45,MIZRAK ECZANESİ,Ağri,Merkez,39.50237,-76.21596,No Info,No Info
3E27D403-C223-422C-A674-5B2967E4D194,BÜŞRA DOĞAN ECZANESİ,Ağri,Merkez,39.71636,43.05213,Ağrı,Correct
C442AF52-C53F-49BF-B0A9-5C380144D6F9,CAN ECZANESİ,Ağri,Doğubayazit,39.54755,44.07336,Ağrı,Correct
7F29F4FF-C827-4CBF-9419-5E1B46FE7217,AĞRI MERKEZ EĞİTİM AİLE SAĞLIĞI MERKEZİ,Ağri,Merkez,39.38285,26.83303,Balıkesir,Wrong
BA30AEEB-E985-49C0-BDBD-5F17DF622E31,EMİN ECZANESİ,Ağri,Diyadin,39.5413,43.67039,Ağrı,Correct
FF6063C3-DE8B-44AD-97DE-634FAC0805CE,DOĞA ECZANESİ,Ağri,Doğubayazit,39.54829,44.07908,Ağrı,Correct
1B612968-C4E8-4911-85B7-67E809A19A57,SAĞLIK ECZANESİ,Ağri,Merkez,39.71873,43.01868,Ağrı,Correct
91FC4B1B-591F-4668-9ACB-680825028064,AĞRI ECZANESİ,Ağri,Merkez,39.72318,43.05882,Ağrı,Correct
AB491882-1E2C-4545-A289-69AEA08B15A8,HAYAT ECZANESİ,Ağri,Merkez,39.71433,43.05346,Ağrı,Correct
842B2D18-772C-4041-A966-6C93A4F1B948,MEYDAN ECZANESİ,Ağri,Merkez,39.71407,43.05361,Ağrı,Correct
89F3BEED-BF82-4E49-A7F5-6F02D00349A9,DOZ ECZANESİ,Ağri,Patnos,38.24594,27.21449,İzmir,Wrong
4A07CF6D-ED1A-4DCA-8189-6F5E37C24E23,HİRA ECZANESİ,Ağri,Merkez,39.72336,43.05165,Ağrı,Correct
60C77178-AF82-41C9-8151-720D5BC442A1,KESKİN ECZANESİ,Ağri,Doğubayazit,39.54799,44.07666,Ağrı,Correct
04054AD8-1EC2-402A-9D3C-72B23ECD1875,GÜLİSTAN ECZANESİ,Ağri,Doğubayazit,39.54327,44.08288,Ağrı,Correct
6164BC29-3AB1-4CB2-8540-77DB56194264,MERKEZ ECZANESİ,Ağri,Patnos,39.17688,42.84676,Ağrı,Correct
7E62F09F-8595-4431-A271-7A5B63B01839,DİLAN ECZANESİ,Ağri,Diyadin,39.53987,43.67336,Ağrı,Correct
017C3AD5-72A3-4668-BB46-7B309E062EDD,YENİ HALK ECZANESİ,Ağri,Doğubayazit,39.54395,44.08351,Ağrı,Correct
C9CAFFB5-060D-4B28-BD34-7CF9D96C5EC2,YENİ YAĞMUR ECZANESİ,Ağri,Doğubayazit,39.54847,44.08148,Ağrı,Correct
B15EF478-C234-4F05-8A2E-7F12D03EE6FF,ÖZEL MEDİZA HASTANESİ,Ağri,Doğubayazit,39.55377,44.06261,Ağrı,Correct
0C862C3D-E1DA-42BA-8F88-7F7645DA5B13,VERASELİ ŞAFAK ECZANESİ,Ağri,Doğubayazit,39.54805,44.07709,Ağrı,Correct
B08684F0-5DEA-41B6-94EF-8510064B6160,SÜPHAN ECZANESİ,Ağri,Patnos,39.2319,42.86199,Ağrı,Correct
D72F73F3-C637-4CEA-B80E-86601AE1B67A,DİYADİN ECZANESİ,Ağri,Diyadin,39.54034,43.67797,Ağrı,Correct
B230B5A2-4EF3-4F5F-B475-87FF08D2D1E3,ARDA ECZANESİ,Ağri,Merkez,39.72198,43.05417,Ağrı,Correct
07CCEAAD-F12D-4B27-9BBB-880CA86BC5D5,ALTINTAŞ ECZANESİ,Ağri,Merkez,39.72369,43.05387,Ağrı,Correct
6B124F5E-D0E7-4901-BC51-8914272D9959,EMEK ECZANESİ,Ağri,Patnos,39.79827,42.67779,Ağrı,Correct
ED3080A6-6EC8-4D6B-A438-89146CE9077C,KONAK ECZANESİ,Ağri,Merkez,39.71954,43.05191,Ağrı,Correct
BFD6AC3D-B588-44BD-B6E3-8A709299230E,NURAY ECZANESİ,Ağri,Merkez,39.72256,43.05357,Ağrı,Correct
2D28FCF7-9F62-415D-9AD7-8F59B33C413B,KRAL ECZANESİ,Ağri,Merkez,39.71297,43.05434,Ağrı,Correct
2658D031-9129-4027-986B-91D7857EE502,AĞRİ TUTAK DEVLET HASTANESI,Ağri,Tutak,39.64412,43.37755,Ağrı,Correct
2C72A006-FD7A-4711-8486-93345E31B2AB,DUMAN ECZANESİ,Ağri,Merkez,39.71897,43.04997,Ağrı,Correct
EC9C6757-24CE-46A2-86AD-94D41B8B7D61,DERMAN ECZANESİ,Ağri,Patnos,39.14597,-76.69116,No Info,No Info
9F0182BE-CCC8-4814-9C7E-9530E3617C5C,EREN ECZANESİ,Ağri,Merkez,39.10997,-76.73916,No Info,No Info
BCE60967-1E39-490D-A9FE-9545E5E2EF13,AĞRİ TAŞLİÇAY İLÇE HASTANESI,Ağri,Taşliçay,39.64322,43.37635,Ağrı,Correct
3B7429C8-8DE8-400C-8EC9-96436DD55B6E,ŞİFA ECZANESİ,Ağri,Merkez,39.71986,43.04424,Ağrı,Correct
63BA26CE-91DB-4DCD-AE9D-972DF77A750E,AĞRİ ELEŞKIRT DEVLET HASTANESI,Ağri,Eleşkirt,39.64142,43.37395,Ağrı,Correct
D908C778-E26F-4126-8D90-A0360274236F,TAŞLIÇAY MERKEZ TSM,Ağri,Taşliçay,34.73829,32.73416,No Info,No Info
04B05030-C0CC-4BDD-AD35-A250104F5BC7,YOL ECZANESİ,Ağri,Merkez,39.65087,-76.01796,No Info,No Info
865AE521-7620-40F0-B549-A2FF5AD25C44,YILDIRIM ECZANESİ,Ağri,Merkez,39.72198,43.05413,Ağrı,Correct
8DAA479D-B41B-4C61-ADD4-A35B401CBC3D,ÖZEL EFE TIP MERKEZİ,Ağri,Merkez,39.72318,43.05364,Ağrı,Correct
B224A152-91C6-4891-89B2-A62FED698A51,TAŞLIÇAY ECZANESİ,Ağri,Taşliçay,39.63808,43.37244,Ağrı,Correct
D73F56EF-6445-4027-A8B6-A6CBBCFD5412,NEZİHE ECZANESİ,Ağri,Doğubayazit,39.54656,44.06732,Ağrı,Correct
CECAD586-3EB8-43EB-BF22-A752CCBD24DD,EYLÜL ECZANESİ,Ağri,Doğubayazit,39.54945,44.09134,Ağrı,Correct
7E37F628-BB0F-48DC-8AA3-A76BB7E572F8,YAŞAM ECZANESİ,Ağri,Patnos,39.23374,42.86311,Ağrı,Correct
CE540830-5E19-4580-8F5E-AFEFAE04B917,TEKİN ECZANESİ,Ağri,Doğubayazit,39.54669,44.08276,Ağrı,Correct
D04C91FB-815E-4A82-B87D-B0347A86A0AA,SULTAN ECZANESİ,Ağri,Doğubayazit,39.548,44.07673,Ağrı,Correct
087770F3-C005-455E-9D22-B1A7DFD17FB5,AHMET ÜLGEN MUAYENEHANESİ,Ağri,Doğubayazit,39.54565,44.08175,Ağrı,Correct
A1CE1BDE-5A12-407D-93C3-B1EED493F6DF,ZEYNEP ECZANESİ,Ağri,Doğubayazit,39.54276,44.01647,Ağrı,Correct
0B0FF2C0-8D49-4708-A222-B3DD673D51DF,IŞIK ECZANESİ,Ağri,Patnos,39.23441,42.86439,Ağrı,Correct
7972FF32-045F-44F6-9856-B5B8EAAABDA3,AĞRI MERKEZ 5 NOLU AİLE SAĞLIĞI MERKEZİ,Ağri,Merkez,39.73716,43.05577,Ağrı,Correct
295B0610-FA75-495D-A74C-B7CED6BB72CC,FURKAN ECZANESİ,Ağri,Merkez,38.89667,-77.02356,No Info,No Info
35B67B97-4FA9-4FD1-8795-B9BF63418CE1,YAĞMUR ECZANESİ,Ağri,Patnos,39.22537,42.8551,Ağrı,Correct
E9D3C371-3F8B-43D6-B6E6-BD3882804AC7,TAHA ECZANESİ,Ağri,Doğubayazit,39.54756,44.07381,Ağrı,Correct
5A1915A5-7ED1-4816-8524-C44F783AD636,ELEŞKİRT ECZANESİ,Ağri,Eleşkirt,39.79698,42.68935,Ağrı,Correct
E470D464-B1DF-46AA-AE1C-C50E50627101,SEVGİ ECZANESİ,Ağri,Merkez,37.3316,28.14306,Muğla,Wrong
F1D2C672-AE5E-4454-A4CE-C5CD20895C5B,AĞRI PATNOS YEŞİLÇİMEN AİLE SAĞLIĞI MERKEZİ,Ağri,Patnos,39.24039,42.88489,Ağrı,Correct
2AE22EBD-2127-4FAB-83F5-C8AA3CC97168,AĞRI HAMUR İLÇE HASTANESİ,Ağri,Hamur,39.64052,43.37275,Ağrı,Correct
FBA5C49F-A888-4C8A-ACF4-C9001842458C,SAĞLIK ECZANESİ,Ağri,Tutak,39.23549,42.86369,Ağrı,Correct
C6467DE3-737D-4CCF-9E5B-C9A0C57B971A,RUKİYE ECZANESİ,Ağri,Merkez,39.72202,43.0536,Ağrı,Correct
E0BF3128-5A9F-4F44-B149-CA699E3DDD45,DURU ECZANESİ,Ağri,Merkez,39.71693,43.01628,Ağrı,Correct
74392166-EAE7-4D72-BD29-CA70F8DB8FB3,OKYANUS ECZANESİ,Ağri,Merkez,39.72179,43.05198,Ağrı,Correct
AB858C8C-25EA-47BE-B042-CD53727FBEAC,MUHAMMET FATİH ALPTEKİN MUAYENEHANESİ,Ağri,Merkez,39.71783,43.01748,Ağrı,Correct
3EEA744B-2430-42E4-BEB4-CE19E52E39E9,AĞRI DİYADİN 2 NOLU AİLE SAĞLIĞI MERKEZİ,Ağri,Diyadin,39.54061,43.68236,Ağrı,Correct
DA3AB421-593A-41A2-BBCB-CF205DA0620B,İNCİ ECZANESİ,Ağri,Merkez,39.71778,43.04983,Ağrı,Correct
4C498A8C-CA79-4CCF-8D02-CF9E59945C7C,BEGÜM ECZANESİ,Ağri,Tutak,39.53827,42.77134,Ağrı,Correct
6E677374-C6C3-41E8-88C1-D3027F184E1F,AĞRI PATNOS 1 NOLU AİLE SAĞLIĞI MERKEZİ,Ağri,Patnos,39.23517,42.85198,Ağrı,Correct
AA4BC58A-D73F-4F3E-B261-D6588EA162F8,AĞRI DOĞUBAYAZIT METEOROLOJİ AİLE SAĞLIĞI MERKEZİ,Ağri,Doğubayazit,39.54948,44.09008,Ağrı,Correct
C13A3F4C-CB30-4FD6-AD6C-D8752C55FE86,AĞRI FİZİK TEDAVİ HASTANESİ,Ağri,Merkez,37.02672,35.81983,Adana,Wrong
CF9BD004-FD06-4F4C-A896-DE1D771D83DF,AĞRI DOĞUBAYAZIT 1 NOLU AİLE SAĞLIĞI MERKEZİ,Ağri,Doğubayazit,39.72031,43.04754,Ağrı,Correct
F97D2F20-F5E4-4FD2-A605-E254A2A99D58,AĞRI PATNOS BADİŞAN AİLE SAĞLIĞI MERKEZİ,Ağri,Patnos,39.23466,42.82935,Ağrı,Correct
37D7BC3E-08CC-46BB-9D24-E3843BBE1F19,AĞRİ DOĞUBEYAZİT DR.YAŞAR ERYİLMAZ DEVLET HASTANESI,Ağri,Doğubayazit,39.54814,44.0816,Ağrı,Correct
DD11EB02-532F-42B0-8209-E9737FFCC613,ÖZLEM ECZANESİ,Ağri,Patnos,39.23732,42.85989,Ağrı,Correct
A62CD868-1BA6-43B0-B880-EC0BB6B306E8,AĞRI DEVLET HASTANESİ,Ağri,Merkez,36.77269,28.80311,Muğla,Wrong
4FF392CF-EB66-4D45-8FCD-ECF79F9A6EEC,KARACA ECZANESİ,Ağri,Merkez,39.71296,43.05435,Ağrı,Correct
38696961-9958-4561-BDE8-EE3AE951A24B,TAYSUN ECZANESİ,Ağri,Merkez,38.94977,-76.95276,No Info,No Info
05AEA3DE-2940-4911-B821-F0E582B32516,MERT ECZANESİ,Ağri,Doğubayazit,39.54815,44.07754,Ağrı,Correct
DB138802-1C59-4FA9-9243-F282C01836AB,FATİH ECZANESİ,Ağri,Patnos,39.23087,42.86126,Ağrı,Correct
74D0F0A4-2807-4609-83F1-F2F3C34FF2D2,NEFES ECZANESİ,Ağri,Doğubayazit,39.54703,44.0811,Ağrı,Correct
D4739418-8477-48DE-86C9-F606F9AC74C4,KAYA ECZANESİ,Ağri,Merkez,39.72339,43.05126,Ağrı,Correct
6513293C-799C-4AD2-B00F-F663CBD6E5A8,AĞRI HAMUR MERKEZ AİLE SAĞLIĞI MERKEZİ,Ağri,Hamur,39.60951,42.98966,Ağrı,Correct
62ABBF3E-7584-4949-94A2-F6D9D787FC44,DÜNYA ECZANESİ,Ağri,Doğubayazit,39.54968,44.09125,Ağrı,Correct
05922BF1-0848-4C86-A482-F72A854C0DC4,AĞRİ DIYADIN DEVLET HASTANESI,Ağri,Diyadin,39.64232,43.37515,Ağrı,Correct
35052EC1-20EC-4E88-9C08-F94AB6F98EF8,ALTINÖRS ECZANESİ,Ağri,Doğubayazit,39.54776,44.0747,Ağrı,Correct
E095EF08-CB4A-4AE2-8D2D-F95224400277,ROZA ECZANESİ,Ağri,Patnos,39.2338,42.86287,Ağrı,Correct
F3F5ED37-1808-4B22-A115-FA45B712E122,MONA ECZANESİ,Ağri,Doğubayazit,39.5475,44.07347,Ağrı,Correct
694154FC-D010-4153-82D0-FB84B8C4F385,ÖZEL LENA HASTANESİ,Ağri,Merkez,40.71942,29.81832,Kocaeli,Wrong
08704307-64AC-4649-B79C-FBF83F51F016,HAMUR ECZANESİ,Ağri,Hamur,39.6119,42.99408,Ağrı,Correct
