UnitId,UnitName,CityName,DistrictName,Latitude,Longitude,DetectedCity,Match
875C867A-295F-45D1-B77F-0059C252BE1C,BATMAN MERKEZ TİLMERÇ TOKİ AİLE SAĞLIĞI MERKEZİ,Batman,Merkez,37.9209,41.14908,Batman,Correct
49DE7719-0686-462F-BA0E-00C79ECAB8F1,BOTANİK ECZANESİ,Batman,Merkez,37.90515,41.12239,Batman,Correct
2844E111-6FB8-41EA-AC8E-012DABE77B43,BATMAN MERKEZ KUYUBAŞI TOKİ AİLE SAĞLIĞI MERKEZİ,Batman,Merkez,37.84141,41.08221,Batman,Correct
6F1DC4D4-3877-405F-90CA-01FAD4EA8333,ASUMAN ECZANESİ,Batman,Hasankeyf,37.36193,33.68971,Karaman,Wrong
B3280067-87B6-49BA-B432-05324425FEF7,ACAR ECZANESİ,Batman,Merkez,37.89432,41.12849,Batman,Correct
2990E4CE-F721-4D5F-AAC8-0561ED6B2234,ÖZEL BATMAN DÜNYA HASTANESİ ECZANESİ,Batman,Merkez,40.8788,29.1867,İstanbul,Wrong
D6064D86-148E-474E-9945-06ADC6838A42,GÜL ECZANESİ,Batman,Merkez,38.72217,36.39279,Kayseri,Wrong
020E1F7D-9130-4788-8576-06CE5A82547C,BATMAN AĞIZ DİŞ SAĞLIĞI GAP POLIKLİNİĞİ,Batman,BATMAN MERKEZ,37.89493,41.12992,Batman,Correct
E81BBC37-A9EF-4360-A686-0713232DC60F,POLEN ECZANESİ,Batman,Beşiri,37.92026,41.28564,Batman,Correct
45E84031-9921-413F-ABB8-0743964FFDDB,BATMAN GERCÜŞ MERKEZ AİLE SAĞLIĞI MERKEZİ,Batman,Gercüş,37.56943,41.38517,Batman,Correct
165F2882-19DD-4C5E-B467-07EB831832E0,BİRLİK ECZANESİ,Batman,Merkez,37.88799,41.12564,Batman,Correct
396ADD99-3611-4D31-8DE4-081B336EF10B,FİLİZ ECZANESİ,Batman,Merkez,37.86585,41.13057,Batman,Correct
86312D3D-7F8D-4830-AD60-0A0C3F208910,HASANKEYF ECZANESI,Batman,Hasankeyf,39.62657,-76.05036,Maryland,Wrong
81E7CC12-D9AF-4274-A9E1-0AC1E55BCF93,HACETTEPE ECZANESİ,Batman,Merkez,37.88866,41.12135,Batman,Correct
FE20BE31-717B-43AC-A820-0AEB894B58FC,ENES ECZANESİ,Batman,Merkez,39.26297,-76.53516,Baltimore,Wrong
224011C0-7BFF-43A1-9EB1-0B802C6BEE9E,ASYA ECZANESİ,Batman,Kozluk,39.05057,-76.81836,Maryland,Wrong
219A994D-32F2-4B16-8385-0B98A0486A55,EYLÜL ECZANESİ,Batman,Merkez,37.88519,41.10438,Batman,Correct
DE4CCC9A-0776-46D9-A156-0BDFA7F3C22C,YUSUF YAKUT ECZANESI,Batman,Merkez,40.34291,26.68241,Çanakkale,Wrong
2BEF7713-6DC4-4293-B2EB-0D3A18ECB7EF,ZEYNEP ECZANESİ,Batman,Merkez,37.90357,41.14039,Batman,Correct
73ACC96D-3FAA-4B68-BDAD-0E100BE42AFE,SABRİ EKMEN MUAYENEHANESİ,Batman,Merkez,39.00287,-76.88196,Maryland,Wrong
B79E5362-056E-4883-AA32-0FC7E714FA5C,BATMAN MERKEZ CUDİ AİLE SAĞLIĞI MERKEZİ,Batman,Merkez,37.88906,41.1525,Batman,Correct
95661182-68BF-4301-8BE3-1284EA1180A0,BATMAN GERCÜŞ DEVLET HASTANESİ,Batman,Gercüş,37.90697,41.13268,Batman,Correct
8593B5D0-0E4E-422E-A1FF-1297FDDA3ACD,BİLAL ECZANESİ,Batman,Merkez,37.89461,41.1174,Batman,Correct
270A65E4-23A2-4ACD-B5D3-130909600BB5,YEŞİM ECZANESİ,Batman,Merkez,41.23679,42.84488,Ardahan,Wrong
E4F91D9F-5CC1-42F1-A8DB-134EFEF7E56A,BATMAN MERKEZ YEŞİLTEPE AİLE SAĞLIĞI MERKEZİ,Batman,Merkez,37.87789,41.10447,Batman,Correct
CB6AF205-958B-432F-B8A2-138C7C65592F,YENİ HAYAT ECZANESİ,Batman,Merkez,38.72212,36.39265,Kayseri,Wrong
ACDEC74A-33AD-4D4A-906E-13B223F50602,BEHÇET TARLAK MUAYENEHANESİ,Batman,Merkez,37.90853,41.14148,Batman,Correct
22016F35-D911-4174-AE18-13C226D7CB48,DİLEK BULUT MUAYENEHANE,Batman,BATMAN MERKEZ,37.91752,41.2916,Batman,Correct
8097A3E6-5C41-4BE6-84DD-15B3DD773912,GÜLTEPE ECZANESİ,Batman,Merkez,38.08492,41.42864,Batman,Correct
C7D21092-67C5-46F4-8467-15DBF6D7A97E,ROZA ECZANESİ,Batman,Merkez,37.89095,41.16137,Batman,Correct
C93A3858-8DC8-43EF-B27D-1786E6DC4483,HACER ATMALAR MUAYENEHANESİ,Batman,Merkez,39.15857,-76.67436,Glen Burnie,Wrong
570E3AE8-D16A-41D8-B6E8-180E62266EEC,ERDEM ECZANESİ,Batman,Kozluk,38.19265,41.48815,Batman,Correct
4296B39E-664E-4523-B046-192F9463B03E,ÖZEL BATMAN DÜNYA HASTANESİ,Batman,Merkez,37.90194,41.14298,Batman,Correct
E96112DA-5903-4B0A-9BFD-1952888D2499,VİTAMİN ECZANESİ,Batman,Merkez,40.7711,32.03373,Bolu,Wrong
5753A76C-EA98-486A-9572-19C02152F4B7,ÇİMEN ECZANESİ,Batman,Merkez,37.88237,41.11353,Batman,Correct
66E02112-7603-4446-9190-1A321BDF1265,ARAŞTIRMA ECZANESİ,Batman,Merkez,39.07757,-76.78236,Maryland,Wrong
FE514032-AF60-4B78-8253-1E1A4F33692D,ZİLAN ECZANESİ,Batman,Merkez,38.90837,-77.00796,Washington,Wrong
BA1D5F73-A140-4439-AC6A-1E2475D84BF1,VEFA ECZANESİ,Batman,Gercüş,37.56658,41.38572,Batman,Correct
46E7FAC1-E1C0-4AF3-87EB-2069DAE4B9CD,DYT BÜŞRA İZGİ SAĞLIKLI YAŞAM MERKEZİ,Batman,BATMAN MERKEZ,37.90977,41.13315,Batman,Correct
6853428C-1132-47BF-939D-21321FC4E092,ÖNCÜ ECZANESİ,Batman,Merkez,41.0823,39.37757,Trabzon,Wrong
6AA1BCC9-71A9-4B7D-8136-21ECE1F7F397,BATMAN MERKEZ HİLAL AİLE SAĞLIĞI MERKEZİ,Batman,Merkez,37.89055,41.11025,Batman,Correct
27897F5C-D8CD-4ECE-AD63-22174C54A346,GÜNEŞ ECZANESİ,Batman,Merkez,37.86474,41.12406,Batman,Correct
EF5DEFED-BAA0-483D-BC73-229AC979DF1E,ŞİFA ECZANESİ,Batman,Merkez,37.8892,41.12669,Batman,Correct
C7B3F8A7-BB65-454E-98AD-23B0808CEFDF,MEHMET ECZANESİ,Batman,Merkez,37.89946,41.14053,Batman,Correct
6D04E9A6-59C2-4609-94C2-245C1D423643,BATMAN AĞİZ VE DİŞ SAĞLİĞİ MERKEZİ,Batman,Merkez,37.88817,41.12555,Batman,Correct
93A936D0-3216-415E-9FC6-24D711DB65A6,MURAT ECZANESİ,Batman,Merkez,37.89405,41.15038,Batman,Correct
72E20E72-675D-435E-8318-2789843DED63,SAFA ECZANESİ,Batman,Merkez,37.88318,41.12794,Batman,Correct
931CFFAB-5213-446A-A21C-280C86D70303,ŞEKER ECZANESİ,Batman,Merkez,37.86808,41.11175,Batman,Correct
38449517-7B81-46A5-868F-293FB6403A09,ÖMER FARUK TOPKAN MUAYENEHANESİ,Batman,Merkez,37.89629,41.12812,Batman,Correct
BB81771F-101B-43C3-823E-2A4E091954A3,DENTALİN AĞIZ VE DİŞ SAĞLIĞI MERKEZİ,Batman,Merkez,37.89299,41.12986,Batman,Correct
CFB7C9CB-BB66-4FCB-A004-2AE0FC78A396,GEYLANİ ECZANESİ,Batman,Merkez,37.91131,41.14124,Batman,Correct
D5C19EB1-BF1D-4D59-B247-2CC0E113D1B0,SÜMEYYE ECZANESİ,Batman,Merkez,37.89775,41.1394,Batman,Correct
10D45C37-034C-4F9D-8EAE-2D2937477B26,KOZLUK ECZANESİ,Batman,Kozluk,38.16358,41.49924,Batman,Correct
C8841272-150F-495F-8680-2DF7ED6A3CC1,ÖZEL DÜNYA DİŞ KLİNİĞİ BATMAN,Batman,Merkez,39.21437,-76.59996,Maryland,Wrong
C3465310-9F6D-499E-AEB9-2F11C9577B29,YENİ MELEK ECZANESİ,Batman,Merkez,37.89037,41.13111,Batman,Correct
6061E663-6FB5-429B-920D-3031D3C879FD,KAYA ECZANESİ,Batman,Merkez,37.86738,41.13002,Batman,Correct
C5457CF7-0CE4-458E-8B27-32D3502E30E6,BATMAN MERKEZ AKYÜREK AİLE SAĞLIĞI MERKEZİ,Batman,Merkez,37.87723,41.12176,Batman,Correct
4E93F6EF-A672-4AE0-B336-32E3A86612AA,EVADENT DİŞ KLİNİĞİ,Batman,Merkez,37.89764,41.13066,Batman,Correct
D67A2A26-3F47-4F64-BBEE-33E69E5242E6,ERDEM ECZANESİ,Batman,Sason,38.19265,41.48815,Batman,Correct
E3FFB07C-CA34-4C06-BC7F-35369D0EBEE1,BAKAN ECZANESI,Batman,Hasankeyf,40.8493,29.1763,İstanbul,Wrong
241D92A0-6CB2-459F-90AE-356933346EC4,ARMİN ECZANESİ,Batman,Merkez,37.89457,41.12946,Batman,Correct
5A79354A-AFA0-42BA-9722-3891B8C2F3A9,ŞAFAK ECZANESİ,Batman,Merkez,37.88818,41.13898,Batman,Correct
22202CDD-E562-4ED2-A194-39E8B33B1ADB,AYNKEF ECZANESI,Batman,Gercüş,37.56091,41.16571,Batman,Correct
DFDA9651-8668-439C-9DC8-3A571E16A4DB,ZAN DENT AĞIZ VE DİŞ SAĞLIĞI KLİNİĞİ,Batman,Merkez,37.88932,41.12966,Batman,Correct
3D299975-D967-4991-B9EB-3A7172522C2F,BATMAN MERKEZ PETROL AİLE SAĞLIĞI MERKEZİ,Batman,Merkez,37.87949,41.15421,Batman,Correct
D788D69F-6A20-40D9-96A4-3C9DFEAB87E1,İLKADIM ECZANESİ,Batman,Merkez,37.91397,41.13944,Batman,Correct
881DDF8B-EB9D-43D4-90A5-3CFDD3107E41,ACET ECZANESİ,Batman,Merkez,39.39437,-76.35996,Maryland,Wrong
19B42FDF-4379-453E-BC71-3D27E2785B37,ERKEN ECZANESİ,Batman,Merkez,37.89458,41.11683,Batman,Correct
037AFEDD-9883-4E4E-A479-3E607E16CC7B,BATMAN BEŞİRİ MERKEZ DR. EROL YAZAR AİLE SAĞLIĞI MERKEZİ,Batman,Beşiri,37.9217,41.29789,Batman,Correct
2A834769-C8E1-461A-A53B-3E7918609D07,ÖZEL DRAN DENT DİŞ KLİNİĞİ,Batman,BATMAN MERKEZ,39.18827,-76.63476,Maryland,Wrong
8F3B2001-FB2A-4850-8283-410F73C03ED1,DERMAN ECZANESİ,Batman,Gercüş,38.19327,41.49031,Batman,Correct
CD20C1C8-D5FC-412C-9A12-411ED56BA836,YILDIZ ECZANESİ,Batman,Merkez,37.89093,41.12608,Batman,Correct
A0654C25-B5E7-4F96-B52E-41D4352496EE,BATMAN GÖÇMEN SAĞLIĞI MERKEZİ,Batman,Merkez,37.89045,41.12716,Batman,Correct
C9F08156-832A-49F8-93CE-42A156867DBF,ELA ECZANESİ,Batman,Merkez,37.87299,41.15399,Batman,Correct
12AF84CF-6625-490E-960A-43F17AC2CC18,BÖLGE AĞIZ VE DİŞ SAĞLIĞI KLİNİĞİ,Batman,BATMAN MERKEZ,37.91086,41.13876,Batman,Correct
3936964A-9D71-4A40-988E-4404D171ECD5,OMUR ECZANESI,Batman,Merkez,37.8883,41.12549,Batman,Correct
492E0C68-F776-492B-98DF-44C8F9A20025,BRÜSK GÖK MUAYENEHANESİ,Batman,Merkez,41.58357,32.64083,Bartın,Wrong
0B09F659-2B9C-4908-80D8-459C2E8B461C,ELİF ECZANESİ,Batman,Merkez,37.89677,41.1257,Batman,Correct
E7A7CD89-7DD8-4F8E-9174-468B2FFF30E8,YENİ PELİN ECZANESİ,Batman,Merkez,40.82845,35.651,Amasya,Wrong
5F4BA292-A77E-4CBD-B1FA-46AD54FDC482,BELDE ECZANESİ,Batman,Merkez,39.33227,-76.44276,Maryland,Wrong
50BD55DA-0816-4D83-BA39-46F2B9AF4733,NURDELAL ECZANESİ,Batman,Merkez,37.8684,41.1117,Batman,Correct
4CBA3250-303A-4D5D-8182-48701B6FF67F,BATMAN MERKEZ BAYINDIR AİLE SAĞLIĞI MERKEZİ,Batman,Merkez,37.87322,41.15351,Batman,Correct
26E2DF52-BD33-4D85-86D7-48F4BBB2C26E,SEYİTHAN ECZANESİ,Batman,Merkez,37.88824,41.15154,Batman,Correct
5FC5D549-DBB0-4817-9FBB-49937828F6AE,YAĞMUR ECZANESİ,Batman,Merkez,37.88844,41.12533,Batman,Correct
E2703CE7-C3DB-41D8-9AAF-4C922BF4F7FC,DENTPLUS BATMAN,Batman,BATMAN MERKEZ,37.89005,41.16017,Batman,Correct
A344E73A-AA65-4BE7-84C3-4F06C70979D4,TUNÇ ECZANESİ,Batman,Merkez,37.89902,41.12572,Batman,Correct
97EA7457-A53B-4C1F-9576-4F9E1BD7CF2E,AKIN ECZANESİ,Batman,Merkez,37.91048,41.14272,Batman,Correct
CF190436-4D59-45E9-B4B9-4FC7A8CFE079,MALABADİ ECZANESİ,Batman,Merkez,37.91518,41.13614,Batman,Correct
1C526392-C44D-496D-BE04-5021FA645959,MANSUR ECZANESİ,Batman,Kozluk,38.16804,41.50489,Batman,Correct
0C0640C3-7A69-46AD-9CF1-503B55831C22,BATMAN KOZLUK SAMANYOLU AİLE SAĞLIĞI MERKEZİ,Batman,Kozluk,38.10697,41.22587,Batman,Correct
4D544A4F-8C44-432D-922E-54DBDD56D88F,BATMAN MERKEZ KÜLTÜR AİLE SAĞLIĞI MERKEZİ,Batman,Merkez,37.9027,41.12615,Batman,Correct
191E1062-45D0-4892-ADCB-55FEAB90329A,BATMAN KOZLUK MERKEZ ÜÇYOL AİLE SAĞLIĞI MERKEZİ,Batman,Kozluk,38.17689,41.49719,Batman,Correct
AA88F53F-26DE-45FB-8C7C-56518BE64D31,DENTİS GRUP AĞIZ VE DİŞ SAĞLIĞI POLİKLİNİĞİ,Batman,Merkez,37.89786,41.13198,Batman,Correct
C6D55659-CF84-41A9-B647-56D33EDD50DA,BÜYÜK ECZANESİ,Batman,Merkez,37.91363,41.14,Batman,Correct
5CA7B95A-3640-4302-88B8-572E4CC5245B,YEKTA EKMEN MUAYENEHANESİ,Batman,Merkez,39.07307,-76.78836,Maryland,Wrong
2AEFC9E1-A93F-4162-96B5-573256B94133,ALİ ECZANESİ,Batman,Merkez,39.36467,-76.39956,Maryland,Wrong
698345C6-6979-4AD9-8BB8-5AEEFCF985F3,BATMAN KOZLUK BEKİRHAN AİLE SAĞLIĞI MERKEZİ,Batman,Kozluk,38.14062,41.2964,Batman,Correct
3321B75F-7196-49AF-B387-5CE7F1C7F723,DİCLE FIRAT ECZANESİ,Batman,Merkez,37.89373,41.12669,Batman,Correct
9046104D-B6BF-45DC-B178-5D09F5639EA8,ESRA ECZANESİ,Batman,Merkez,37.88863,41.12783,Batman,Correct
594ECAB0-D392-4D34-B882-5DEB8268268A,EKİNCİ ECZANESİ,Batman,Merkez,37.89522,41.12969,Batman,Correct
949F0EB7-E263-467A-AA64-6035294F1D79,SANAT ECZANESİ,Batman,Merkez,37.88742,41.12697,Batman,Correct
CE8EA899-03A8-4C7B-9CBF-6140469BF7EE,SAİT KAHRAMAN MUAYENEHANESİ,Batman,Merkez,37.89532,41.12866,Batman,Correct
D98FFE2D-3A1A-40F6-AE59-617CE8B76993,BATMAN HASANKEYF MERKEZ AİLE SAĞLIĞI MERKEZİ,Batman,Hasankeyf,37.70767,41.40765,Batman,Correct
3B2B115D-92FA-4D40-8B28-623664C3C678,BEŞİRİ ECZANESİ,Batman,Beşiri,38.33451,41.41134,Batman,Correct
EB5C470F-A3FD-468F-8C83-6280E2FCD869,BATMAN MERKEZ SU PARKI AİLE SAĞLIĞI MERKEZİ,Batman,Merkez,37.89923,41.12846,Batman,Correct
1A1BEFDD-CE1D-4B23-AECF-62BF35FC9D40,GAP ECZANESİ,Batman,Merkez,37.88855,41.12528,Batman,Correct
02B2CD08-B334-46BA-A83F-636C686F1846,DİJİTAL DENTAL ZEYNEP EKMEZ,Batman,Merkez,39.33947,-76.43316,Maryland,Wrong
CAF689B8-0794-4DF5-AF6A-64172D18AE3A,ÖZCAN ECZANESİ,Batman,Merkez,37.8888,41.12876,Batman,Correct
ED9B225A-87BA-46BD-87D3-64F766EC91A6,DİNÇ ECZANESİ,Batman,Merkez,37.89432,41.12868,Batman,Correct
4AE69D31-6C92-4CFE-935E-667A9B867085,NEHİR ECZANESİ,Batman,Merkez,37.90289,41.12548,Batman,Correct
39F27204-BBB8-437C-93A5-67189A9B2613,ÖZEN ECZANESİ,Batman,Sason,38.14388,41.28757,Batman,Correct
3C2110BF-F293-41F3-9F2A-679A2C1462EC,HALK ECZANESİ,Batman,Merkez,37.88956,41.12255,Batman,Correct
BA8B130A-9183-45CF-856D-6877097C3A0C,SAĞLIK ECZANESİ,Batman,Merkez,37.91768,41.13652,Batman,Correct
1A9B91A7-9B2F-4BAE-90CB-68D0F4ACED72,IRMAK ECZANESİ,Batman,Merkez,37.89313,41.10384,Batman,Correct
9EDE2449-C59B-4F02-9CB7-6943406CF71A,BATMAN KOZLUK YENİ MAHALLE AİLE SAĞLIĞI MERKEZİ,Batman,Kozluk,38.19007,41.4852,Batman,Correct
BCC60B3B-5616-4B0D-B10F-695E47ACAF63,IHLAMUR ECZANESİ,Batman,Merkez,37.90942,41.1395,Batman,Correct
B8659EEC-888F-477E-ADB7-69FEEDA7392F,AYFER ECZANESİ,Batman,Merkez,37.90356,41.14039,Batman,Correct
15E4CB87-00E2-4C7B-9DED-6A34190277EA,BATMAN MERKEZ PETROLKENT NECAT NASIROĞLU AİLE SAĞLIĞI MERKEZİ,Batman,Merkez,37.86621,41.13062,Batman,Correct
FEC518E9-BA1C-4845-AA64-6B8C7C53E845,VURAL ECZANESİ,Batman,Merkez,37.8945,41.13003,Batman,Correct
DEB8F656-5753-404D-958D-6C37B29038DE,ŞİFA ECZANESİ,Batman,Beşiri,38.33626,41.41116,Batman,Correct
6F39FE8B-3CDE-4FED-B8C6-6CDCA7D43F80,BATMAN EĞİTİM ARAŞTIRMA HASTANESİ HÜRRİYET SEMT POLİKLİNİĞİ,Batman,Merkez,39.02447,-76.85316,Maryland,Wrong
57D1F981-A041-43F8-B841-6F4E24576436,HALİS EDEMCİ MUAYENEHANESİ,Batman,Merkez,37.8955,41.12985,Batman,Correct
E9D09BD0-1E41-428D-97C2-70728717381C,BATMAN HASANKEYF İLÇE DEVLET HASTANESİ,Batman,Hasankeyf,37.7319,41.41974,Batman,Correct
F853721D-20AC-4F87-B4D6-70E4B7EAEEAF,BATMAN KOZLUK TUZLAGÖZÜ AİLE SAĞLIĞI MERKEZİ,Batman,Kozluk,38.17252,41.56426,Batman,Correct
4029D948-FD84-4980-9990-7205B91C105C,BAHAR ECZANESİ,Batman,Merkez,37.88857,41.12871,Batman,Correct
C20A0263-D53C-4D3D-8B62-7514BD917057,MERVE ECZANESI,Batman,Merkez,37.88859,41.15285,Batman,Correct
715D2A4D-98A5-47FB-A87E-77076D67E359,ESDENT DİŞ KLİNİĞİ,Batman,Merkez,38.97767,-76.91556,College Park,Wrong
07B0558B-98A5-4B98-B8D0-779D1D06B643,AYDIN ECZANESİ,Batman,Merkez,37.01404,37.97557,Şanlıurfa,Wrong
E6EC2967-8D02-410A-AE0A-78195EB04F19,BATMAN MERKEZ ÇAMLITEPE AİLE SAĞLIĞI MERKEZİ,Batman,Merkez,37.89315,41.14918,Batman,Correct
F467443A-47F9-4495-A841-78CE7C95D9BD,DENT STUDİOM BATMAN,Batman,BATMAN MERKEZ,37.92186,41.14854,Batman,Correct
B5D9E2DC-66E7-48D8-877B-791D3215D606,ÖZGÜN ECZANESİ,Batman,Merkez,37.91221,41.14244,Batman,Correct
7CFFB5FA-04D0-4285-A11A-79E8B62988B5,İŞCAN ECZANESİ,Batman,Kozluk,38.16345,41.49854,Batman,Correct
A328AD2E-3EF0-47FD-8B6B-7C01978A9C76,FATİH ECZANESİ,Batman,Merkez,37.90983,41.1378,Batman,Correct
BD3B9B67-59E6-4BE2-B0B0-7C3A09A0FEE8,İNCİ ECZANESİ,Batman,Merkez,38.08491,41.42695,Batman,Correct
8404CC55-E71B-442A-9E3E-829A922E2942,ÖZTÜRK ECZANESİ,Batman,Merkez,37.92096,41.14734,Batman,Correct
F118B934-1326-40E3-8456-83EF49BF8695,DENTİSTLAM AĞIZ VE DİŞ SAĞLIĞI KLİNİĞİ,Batman,Merkez,37.91888,41.1361,Batman,Correct
281FA1B4-A8D3-429D-962D-845F20ED4297,RİVA DENT,Batman,Merkez,37.89726,41.13066,Batman,Correct
DC5B03CB-0787-4C35-BF26-84B1643F2583,ŞİFA ECZANESİ,Batman,Gercüş,38.33626,41.41116,Batman,Correct
B73AB537-F771-4E51-80DD-84D4F71A6426,BATMAN MERKEZ HÜRRİYET AİLE SAĞLIĞI MERKEZİ,Batman,Merkez,37.87086,41.11337,Batman,Correct
0577ACA3-B04F-48C0-8917-853709C30194,DİCLE ECZANESİ,Batman,Merkez,37.88994,41.13102,Batman,Correct
9F1F31CB-63E8-4F96-BCC6-855FA0851839,DURU ECZANESİ,Batman,Merkez,36.95192,30.81378,Antalya,Wrong
0D50FC8D-3107-4E4D-A059-862FB3272865,MİZGİN ECZANESİ,Batman,Merkez,37.87389,41.15519,Batman,Correct
1A10CBA3-8544-4507-BF56-868F0CAED294,ÖMER YEŞİLYURT MUAYENEHANESİ,Batman,Merkez,37.73806,40.40184,Diyarbakır,Wrong
830A0A51-F35A-4A07-87D8-879175D609D7,ZİDENT AĞIZ VE DİŞ SAĞLIĞI KLİNİGİ,Batman,Merkez,37.89415,41.1327,Batman,Correct
25961A1D-3A4F-4F5C-BD5A-87BCC6AEB3C5,BÜYÜKŞEHİR ECZANESİ,Batman,Merkez,37.86446,41.12981,Batman,Correct
CF24F4D4-5021-4319-8390-882D7F650E06,BATMAN MERKEZ 1 NOLU AİLE SAĞLIĞI MERKEZİ,Batman,Merkez,37.88877,41.12517,Batman,Correct
31998A47-1658-4364-A3B1-890F08F2D449,SEVGİLİ ECZANESİ,Batman,Merkez,37.91298,41.13705,Batman,Correct
B774DA7B-BA01-4FA6-87E2-8927409AFFC6,BATMAN SASON MERKEZ AİLE SAĞLIĞI MERKEZİ,Batman,Sason,38.34206,41.42179,Batman,Correct
AD60D73A-4028-4FA0-9A35-89423858E1A1,TEK ECZANESİ,Batman,Kozluk,38.1777,41.4941,Batman,Correct
FFE7A1A4-282A-477C-9D88-8B7C9F28CA79,BARIŞ ECZANESİ,Batman,Merkez,37.90028,41.13983,Batman,Correct
3631707C-8297-4F8E-8EE6-8B842B3879FD,TÜRE ECZANESİ,Batman,Merkez,37.88214,41.11479,Batman,Correct
336C8BFA-AEC9-4EAE-87AD-8BB3DD9D3C69,PINARBAŞI ECZANESİ,Batman,Merkez,37.89382,41.12665,Batman,Correct
F0A5BAF2-1CA4-447F-8196-8BC214A1B0EC,YUSUF ECZANESİ,Batman,Merkez,38.91827,-76.99476,Washington,Wrong
53DDA993-C81D-4BF4-866E-8CF93BB0786A,İLAYDA CAN ÖNAL,Batman,BATMAN MERKEZ,37.90401,41.1318,Batman,Correct
6AC9C128-72C9-4D52-9F78-8D594244F64C,RAVA HAZNEVİ MUAYENEHANE,Batman,BATMAN MERKEZ,38.34128,41.41068,Batman,Correct
FC020A4F-6CDD-4D28-BB38-8E05D41E5E12,BATMAN MERKEZ PINARBAŞI AİLE SAĞLIĞI MERKEZİ,Batman,Merkez,37.89353,41.12743,Batman,Correct
CBBF5F17-587A-432F-A9E4-8EBA49E9F51D,CENK ECZANESİ,Batman,Merkez,37.91024,41.13997,Batman,Correct
A1AA6067-1DD3-479F-A513-8FC5C727B872,TEKİN ECZANESİ,Batman,Merkez,38.08715,41.44043,Batman,Correct
1715EFD6-BE0A-421C-93E1-901B0875F49A,AHSEN ECZANESİ,Batman,Merkez,40.94049,40.05259,Trabzon,Wrong
3BF5C0B4-C2AE-4845-8687-90EC6AAC0714,KERİM DENTAL AĞIZ VE DİŞ SAĞLIĞI POLİKLİNİĞİ,Batman,Merkez,37.9164,41.29256,Batman,Correct
30192087-4637-43D1-9309-910CE76BE5DC,BATMAN MERKEZ BALPINAR AİLE SAĞLIĞI MERKEZİ,Batman,Merkez,37.87067,41.05201,Batman,Correct
44C4065D-4F32-437A-969D-91E96C94F4E9,BAŞKENT ECZANESİ,Batman,Merkez,37.89855,41.13073,Batman,Correct
346A7F0D-0557-4A44-9A6F-925318EF99F8,ÖZEL BATMAN YAŞAM HASTANESİ,Batman,Merkez,37.89477,41.12893,Batman,Correct
E6E2AE5C-C6B6-479E-8E8E-93834C6E3769,BATMAN BEŞİRİ DEVLET HASTANESİ,Batman,Beşiri,37.90607,41.13148,Batman,Correct
E7DE3300-3003-4125-B5F8-938BFB1ADCE6,SOYSAL ECZANESİ,Batman,Merkez,37.91174,41.1382,Batman,Correct
5DDF9FFF-5421-4203-AF99-94392CAB8A59,MAHMUT SEVİM MUAYENEHANESİ,Batman,BATMAN MERKEZ,37.89675,41.1256,Batman,Correct
508C984B-C832-41F3-ACF4-94576F5E595B,BATMAN EĞİTİM ARAŞTIRMA HASTANESI,Batman,Merkez,40.95436,39.87184,Trabzon,Wrong
BAB67B02-8AD9-4123-813B-94E4D6111F9C,EMİRE OĞUZ ORHAN KLİNİĞİ,Batman,Merkez,37.90486,41.13841,Batman,Correct
DD4FD28D-7749-40B2-96DB-966298AC4343,DENTLOVE CLINIC,Batman,BATMAN MERKEZ,37.91679,41.13784,Batman,Correct
3D5CC58B-5998-4893-A7FC-971148A00A4F,HİRA ECZANESİ,Batman,Merkez,37.89495,41.12852,Batman,Correct
F7A8EBB9-4561-4D5C-8DD2-97731430407F,DÜNYA ECZANESİ,Batman,Merkez,37.90361,41.14267,Batman,Correct
6692CEF5-BE57-41B0-B743-977D7F3427DB,DEFNE ECZANESİ,Batman,Merkez,37.87105,41.11845,Batman,Correct
CBDFED16-64C3-4B5B-83EC-98AC5E005B76,MELTEM ECZANESİ,Batman,Merkez,39.17837,-76.64796,Glen Burnie,Wrong
08708698-BE69-45FC-A175-98CD253E5FB8,SOYLU ECZANESİ,Batman,Beşiri,37.92522,41.28812,Batman,Correct
3F901D30-F78A-4162-904B-9918F2E63013,EMRE AKBULAK,Batman,BATMAN MERKEZ,38.34038,41.40948,Batman,Correct
E6B21BFE-AD31-400A-A730-993903E14404,İLKBAHAR ECZANESİ,Batman,Merkez,37.90497,41.13866,Batman,Correct
9C2A9550-CB3B-44B8-BF47-9958FB72B296,BEYZA NUR OKAN MUAYEHENEHESİ,Batman,BATMAN MERKEZ,37.89684,41.12694,Batman,Correct
F1E0139A-7A72-4FDB-B3C2-998534E20E6D,BEYAZ İNCİ DİŞ KLİNİĞİ BATMAN,Batman,BATMAN MERKEZ,37.89004,41.12902,Batman,Correct
A17A9200-F2B9-4A4F-A026-9AFA231C8AD5,FEYZİ MEŞE KLİNİĞİ,Batman,Merkez,37.90413,41.14041,Batman,Correct
B99BF346-A312-435D-A3E4-9B573836FBCE,EMİN ECZANESİ,Batman,Merkez,39.47267,-76.25556,Maryland,Wrong
55937761-6D4C-4925-B3D0-9B5DB8118678,PINAR ECZANESİ,Batman,Merkez,39.25217,-76.54956,Baltimore,Wrong
03CB7A8C-CABC-4C1F-B035-9C1355286DA8,ZEHRA ECZANESİ,Batman,Merkez,37.88424,41.11562,Batman,Correct
0DD20FB0-617E-49B0-A717-9CEFF72C2FB9,ÖZEL ZİLAN HASTANESİ,Batman,Merkez,37.90012,41.13189,Batman,Correct
2704BDF2-423C-477D-B263-9ED194199025,ŞENSES ECZANESI,Batman,Merkez,37.89856,41.13933,Batman,Correct
783D1841-AAAD-49A3-8715-9F3E9863FFE7,ECE ECZANESİ,Batman,Kozluk,38.16448,41.50044,Batman,Correct
D5DEE6B3-3805-4A01-B993-9FDF71BF9918,BULUT ECZANESİ,Batman,Merkez,37.89447,41.11606,Batman,Correct
29891AC1-46BF-4872-828B-A174309486C3,ELGÜN ECZANESİ,Batman,Merkez,37.90763,41.14028,Batman,Correct
941AC816-392A-4227-AB26-A1FCC7566E7A,İLHAN ECZANESİ,Batman,Merkez,37.88904,41.12982,Batman,Correct
40F53A71-FC70-4F81-96CC-A2909AC7F563,ROBİ AĞIZ VE DİŞ SAĞLIĞI POLİKLİNİĞİ,Batman,Merkez,37.91422,41.13847,Batman,Correct
DBB464F1-0EBE-431A-A8B5-A2A1C1B24CEB,ÖZEL MEDİCAL POİNT BATMAN HASTANESİ,Batman,Merkez,39.58877,-76.10076,Maryland,Wrong
2CB4184B-4E31-4036-8900-A2A500B65246,BATMAN MERKEZ GAP AİLE SAĞLIĞI MERKEZİ,Batman,Merkez,37.90104,41.13907,Batman,Correct
9F7CD737-9A8B-42B3-8732-A2E1B7E46536,EBRU ECZANESİ,Batman,Merkez,39.30257,-76.48236,Maryland,Wrong
3CDCE797-4997-4ED2-B2A9-A3153FF68E1A,KISMET ECZANESİ,Batman,Merkez,37.91361,41.14006,Batman,Correct
97EE9ED9-F510-4380-8860-A3C344576C82,ŞİFA ECZANESİ,Batman,Sason,38.33626,41.41116,Batman,Correct
BFFD96EC-D9A7-4F13-9CC3-A4253AD9B9CF,ESTETİK DENTAL SASON,Batman,Sason,38.34398,41.41428,Batman,Correct
06AFE3CE-5921-4FA1-9376-A5B2F78F4C3B,TÜZÜN ECZANESİ,Batman,Merkez,37.91296,41.13699,Batman,Correct
88EED20F-1B1F-4B89-84F0-A5E19FECD1D0,TUNÇ ECZANESİ,Batman,Kozluk,38.14226,41.29429,Batman,Correct
96711AE0-B384-4061-88B2-A61387C33947,YILDIRIM ECZANESİ,Batman,Merkez,37.86648,41.12882,Batman,Correct
8AF4D085-45B1-4FAE-ACD5-A6DC89E01267,TUĞU ECZANESİ,Batman,Merkez,41.58347,32.64094,Bartın,Wrong
158D9C8E-242B-42ED-9267-A6F1F8A676B2,MERKEZ ECZANESİ,Batman,Kozluk,38.16847,41.50117,Batman,Correct
9EEC6C63-DF8A-4099-BCCE-A73800010EE4,DEMİR ECZANESİ,Batman,Kozluk,38.16714,41.50369,Batman,Correct
E04ADA35-A87D-489D-9393-A73847333C97,BATMAN İLUH DEVLET HASTANESİ,Batman,Merkez,37.90787,41.13388,Batman,Correct
62FCC349-4919-4872-970E-A73E31831F4F,YAKUT ECZANESİ,Batman,Merkez,37.91041,41.14004,Batman,Correct
5645ED70-5AD4-4DF5-8B5E-A8BE09BE1A28,ÖZKAN ECZANESİ,Batman,Merkez,37.89059,41.12571,Batman,Correct
EEB7601D-976E-4A89-AB90-ABB849652474,MAZLUM AKDAŞ KLİNİĞİ,Batman,Merkez,37.91029,41.13894,Batman,Correct
3D652D29-CA63-4E68-923A-AE62710A5828,BÜYÜK ECZANESİ,Batman,Merkez,37.91363,41.14,Batman,Correct
B170876D-17AA-41E0-B0D2-AECB8CFAA52A,BATMAN MERKEZ GÜLTEPE AİLE SAĞLIĞI MERKEZİ,Batman,Merkez,37.90943,41.14268,Batman,Correct
EF3BE714-B27B-4116-BDC6-AEFAC6608284,MELİK ECZANESİ,Batman,Kozluk,38.17655,41.50005,Batman,Correct
4104064E-D837-4A42-934F-AF21E330BBDC,BATMAN MERKEZ TİLMERÇ AİLE SAĞLIĞI MERKEZİ,Batman,Merkez,37.89185,41.16257,Batman,Correct
6D96316E-D0CB-42F9-B1B1-AF56DF2F06C2,BATMAN MERKEZ ŞAFAK AİLE SAĞLIĞI MERKEZİ,Batman,Merkez,37.88862,41.13973,Batman,Correct
5BD4B5BF-9F28-4E72-87E8-B11660103EE7,ÖZEL BATMAN HASTANESİ,Batman,Merkez,37.89922,41.13069,Batman,Correct
48854506-22F4-4AF4-9D8F-B15BD4CFE8A3,HACER ECZANESİ,Batman,Merkez,39.31427,-76.46676,Maryland,Wrong
379348E5-BFC8-4490-A541-B20283B50C96,ARDA ECZANESİ,Batman,Merkez,37.90265,41.14324,Batman,Correct
AB3E3573-5492-4F95-9C1B-B24D06B088FD,BATMAN KARŞIYAKA GÖÇMEN SAĞLIĞI MERKEZİ,Batman,Merkez,38.09186,37.87901,Malatya,Wrong
59B2A46B-C1BB-417D-8A30-B2A508A63D95,ROJDA ECZANESİ,Batman,Kozluk,38.16757,41.49997,Batman,Correct
149E9159-022E-45F4-BDFB-B3896413505E,NOVADENTAL AĞIZ VE DİŞ SAĞLIĞI POLİKLİNİĞİ,Batman,BATMAN MERKEZ,37.89985,41.13368,Batman,Correct
2C4BFA62-733B-430B-B523-B4F75BB692C9,SPİ DENT AĞIZ VE DİŞ SAĞLIĞI POLİKLİNİĞİ,Batman,Merkez,37.90051,41.13435,Batman,Correct
8E1AB1E1-B212-49A8-BCBE-B79D2D44597A,GAZİOGLU ECZANESI,Batman,Merkez,37.89372,41.14208,Batman,Correct
41CB4231-4FB5-4D5F-B29E-B99B330D5E2B,GÜL ECZANESİ,Batman,Kozluk,38.16667,41.49877,Batman,Correct
B4FBC44D-55B9-4E5B-B636-BE58F408BDA9,TURAN ECZANESİ,Batman,Merkez,37.88827,41.12374,Batman,Correct
E7E5F171-9350-4731-8C20-BF1A4CE6ED8F,AKINCI ECZANESİ,Batman,Merkez,37.89431,41.12866,Batman,Correct
AF9958AD-7A38-4A52-B73E-BFD1DE027D71,REZAN ECZANESİ,Batman,Merkez,37.90357,41.14201,Batman,Correct
1D35C704-6BB8-4E84-9F0F-BFDB1D83B2C0,DEVA ECZANESİ,Batman,Merkez,40.68108,37.39633,Ordu,Wrong
AD3429D4-BD37-4D01-BC31-BFF7A80C3925,KÜLTÜR ECZANESİ,Batman,Merkez,37.90267,41.12559,Batman,Correct
275DF585-B897-484F-A173-C018AE3B578F,VİYA AĞIZ VE DİŞ SAĞLIĞI KLİNİGİ,Batman,BATMAN MERKEZ,41.01571,28.84492,İstanbul,Wrong
52CE6175-E0EE-4AFC-801B-C06D5C67AFF7,BATMAN KOZLUK DEVLET HASTANESI,Batman,Kozluk,38.19468,41.49044,Batman,Correct
CCEEC8C6-2A38-42FC-9501-C1AFF02F02AB,MARMARA ECZANESİ,Batman,Merkez,37.8946,41.12908,Batman,Correct
54DC9C37-BE52-4FD9-9E48-C47BBEF46CA1,BATMAN BEŞİRİ İKİKÖPRÜ AİLE SAĞLIĞI MERKEZİ,Batman,Beşiri,37.96948,41.33843,Batman,Correct
660EE7D7-5B1F-4F58-B1E5-C556C11AA44B,YENİ DERMAN ECZANESİ,Batman,Merkez,37.89374,41.12727,Batman,Correct
D37382CF-6296-4B04-9651-C6151476573E,ASAF ECZANESİ,Batman,Merkez,37.89376,41.14197,Batman,Correct
C4032A9F-F968-45FC-A68B-C75E92F0CCF4,AYDIN ECZANESİ,Batman,Beşiri,37.96608,41.33557,Batman,Correct
462F8407-DF2F-4928-925B-C7958E501B60,BATMAN KOZLUK MERKEZ 1 NOLU ASM,Batman,Kozluk,38.18505,41.49197,Batman,Correct
F9C72B03-B28F-446F-8858-C826E79FA4C4,BATMAN KOZLUK KAPLICA TAŞLIDERE AİLE SAĞLIĞI MERKEZİ,Batman,Kozluk,38.22518,41.29928,Batman,Correct
AFFCC765-BFEE-402C-870E-C8D2E8D81858,BATMAN MERKEZ ÇAY AİLE SAĞLIĞI MERKEZİ,Batman,Merkez,37.88314,41.10444,Batman,Correct
D16E1FC4-A2DF-4451-B296-C9EC886BE5DB,MERVE ŞEN ECZANESI,Batman,Merkez,37.91388,41.13825,Batman,Correct
178BB042-8E27-4ED0-925C-CA4862D3C160,BATMAN MERKEZ BAHÇELİEVLER AİLE SAĞLIĞI MERKEZİ,Batman,Merkez,37.89033,41.13194,Batman,Correct
BB2EFD09-E75B-425D-93EE-CB371C4FA637,KALAMIŞ ECZANESİ,Batman,Merkez,37.89619,41.12623,Batman,Correct
50FD1304-B225-42F5-92F0-CBF99A96DE8F,SEDEF ECZANESİ,Batman,Merkez,37.88011,41.15413,Batman,Correct
0BAF5095-0F13-405F-97C3-CD9E12195496,HAYAT ECZANESİ,Batman,Merkez,37.91032,41.1407,Batman,Correct
5D622B41-4E71-4386-9289-CDFCC67BF598,YENİ MEYDAN ECZANESİ,Batman,Merkez,38.75685,30.53861,Afyonkarahisar,Wrong
D32DDEBD-36BC-445C-80CC-CE87F60577ED,BATMAN MERKEZ EMEKLİ TOKİ AİLE SAĞLIĞI MERKEZİ,Batman,Merkez,37.84231,41.08341,Batman,Correct
C6AA0850-920A-4161-BF6B-CF92C389B6F6,YILMAZ ECZANESİ,Batman,Merkez,37.92006,41.14614,Batman,Correct
072EC957-388E-4F6A-AD81-D02B7E5D5024,ŞİFA ECZANESİ,Batman,Kozluk,38.33626,41.41116,Batman,Correct
75173C60-4CC5-4ADD-BCAC-D116BA1C32DB,SEVİM ŞEN-BARIŞ ŞEBAY MUAYENEHANESİ,Batman,Merkez,37.92444,40.21072,Diyarbakır,Wrong
464699D3-18BF-4EA3-8F4F-D1C2572E6283,YUNUS ECZANESİ,Batman,Merkez,39.26477,-76.53276,Baltimore,Wrong
A4726C1F-AEBA-4ED8-9EE4-D1CFD6CC5C6F,UĞUR ECZANESİ,Batman,Sason,38.14298,41.28637,Batman,Correct
165EB9D0-914C-4844-87DE-D27DBE99A25F,NUR ECZANESİ,Batman,Merkez,37.89838,41.11946,Batman,Correct
26B8D90E-DB9D-459C-8EEE-D3B35D74C0E7,BATMAN MERKEZ FATİH AİLE SAĞLIĞI MERKEZİ,Batman,Merkez,37.89398,41.14193,Batman,Correct
6D9A4BD7-1BB6-456F-B2AF-D602F5417474,LEYLA COŞKUN MUAYENEHANESİ,Batman,Merkez,37.89027,41.12974,Batman,Correct
EB6D83F8-73CA-4DCA-8557-D665508AFBF5,YEŞİL ECZANESİ,Batman,Merkez,40.03651,32.89234,Ankara,Wrong
7BBB2975-509B-46DA-A6DE-D8845F6C508C,TAHA ECZANESİ,Batman,Merkez,40.24919,29.72593,Bursa,Wrong
F76B0B13-A560-4122-A403-D8A766361AE1,ADAR ECZANESİ,Batman,Merkez,37.88777,41.12565,Batman,Correct
C48B8EA3-2522-4ADC-B788-DB15227B3121,GÜLSE DENT,Batman,Merkez,37.89092,41.12519,Batman,Correct
043879B4-DE91-4EDA-8045-DB5189761CFD,ERCAN KAYACAN MUAYENEHANESİ,Batman,BATMAN MERKEZ,37.91176,41.13996,Batman,Correct
D899A3EC-C358-4F25-865B-DC172C511D19,MİR DİŞ KLİNİĞİ,Batman,BATMAN MERKEZ,37.90377,41.13434,Batman,Correct
ABA53110-B11D-4EFA-AE15-DCF77A26558F,ALDEMİR ECZANESİ,Batman,Merkez,38.34218,41.41188,Batman,Correct
ECA76C4F-D8B9-4AE3-A819-DD0A811C2A63,ZEYNEP ECZANESİ,Batman,Kozluk,38.16361,41.49938,Batman,Correct
44042FA4-751D-4703-BCB3-DD5DF6676713,MİR ECZANESİ,Batman,Merkez,37.89495,41.12854,Batman,Correct
5B72BC0D-90C7-4723-9DB4-DF78884DE108,ÇARŞI ECZANESİ,Batman,Kozluk,38.16577,41.49757,Batman,Correct
A9047018-FC60-451F-BB55-DF8ADA9C0516,İSTANBUL ECZANESİ,Batman,Merkez,38.93177,-76.97676,Washington,Wrong
DF314E3F-FEB0-4C25-9BCC-DFF2F8644B30,KOÇOĞLU ECZANESİ,Batman,Merkez,38.95967,-76.93956,Maryland,Wrong
4027ABBF-ED21-4BED-8345-E19DF451C137,ARZUMAN ECZANESİ,Batman,Beşiri,37.92711,41.3026,Batman,Correct
7495FB1A-E763-4331-86FA-E22790E6F3F9,DOĞAN ECZANESİ,Batman,Merkez,41.58413,32.64104,Bartın,Wrong
AD979BD9-97C7-467C-8392-E229FC72BCF2,TOPRAK ECZANESİ,Batman,Merkez,37.88388,41.12499,Batman,Correct
E5823404-F381-4FAC-8859-E23D61ADC481,PETROL ECZANESİ,Batman,Merkez,37.87935,41.15423,Batman,Correct
41328A34-ED39-430F-B9BF-E3A6C31A6208,EMANULLAH OZAN MUAYENEHANESİ,Batman,Merkez,40.1356,43.11816,Kars,Wrong
7A9F7332-DCA7-4046-AD50-E4202011AC78,İNAL ECZANESİ,Batman,Kozluk,38.16894,41.50609,Batman,Correct
E8D469C2-9102-4908-A8B2-E464D77CB337,BATMAN MERKEZ PAZARYERİ ECZACILAR ODASI AİLE SAĞLIĞI MERKEZİ,Batman,Merkez,37.89743,41.1199,Batman,Correct
6EB283B0-F690-47D8-AEA2-E47CB34415C5,ÇELİK ECZANESİ,Batman,Sason,39.64097,-76.03116,Maryland,Wrong
554C0707-B782-46AA-B23F-E56920E206A7,RÜZGAR DENTAL BATMAN,Batman,BATMAN MERKEZ,38.34308,41.41308,Batman,Correct
A74435DD-9BA2-49AD-B154-E654C0E84BD1,CEYLAN ECZANESİ,Batman,Beşiri,37.91995,41.2859,Batman,Correct
BE0B2D83-DC23-4FE4-B938-E8D880CD478C,BATMAN SASON YÜCEBAĞ AİLE SAĞLIĞI MERKEZİ,Batman,Sason,38.38353,41.27007,Batman,Correct
47E9BCAE-E551-495F-BDF1-E9ECD717E257,BAŞARAN ECZANESİ,Batman,Merkez,37.90002,41.13942,Batman,Correct
9CFDBA9B-BC41-4EED-AB98-EAFF87E2BF8B,BİLGE ECZANESİ,Batman,Merkez,37.87627,41.11936,Batman,Correct
F37B914F-CBE0-4DFA-8957-EB5FF9F0787F,IŞIK ECZANESİ,Batman,Merkez,37.878,41.10133,Batman,Correct
7A3FC624-F7DE-4924-8BC1-EB6CB047CFB5,BATMAN MERKEZ GÜNEYKENT AİLE SAĞLIĞI MERKEZİ,Batman,Merkez,37.8693,41.1129,Batman,Correct
C8DB810F-56B3-482F-80EB-EF47361168AD,KURHAN ECZANESI,Batman,Beşiri,37.9195,41.28632,Batman,Correct
01CEFAFC-E664-487A-A3C0-F19122F203BA,BATMAN ECZANESİ,Batman,Merkez,37.88814,41.12862,Batman,Correct
4962F48A-B3AB-4A57-A5A4-F29A990CD5AB,DENTİPOLL AĞIZ VE DİŞ SAĞLIĞI,Batman,Merkez,37.89992,41.12763,Batman,Correct
C5B07E4E-4A6A-4ED8-BC01-F42965295A6F,YALÇIN ECZANESİ,Batman,Merkez,37.8946,41.12916,Batman,Correct
67BC9820-0ADF-483F-ABC4-F66ADB63C004,BATMAN MERKEZ BELDE AİLE SAĞLIĞI MERKEZİ,Batman,Merkez,37.9063,41.13895,Batman,Correct
728F5FEF-64DF-404D-B484-F8564BFF7DE1,MEVA DENT AĞIZ VE DİŞ SAĞLIĞI KLİNİĞİ,Batman,Merkez,37.89008,41.12675,Batman,Correct
5E558377-CC3C-4D20-AA30-F975656FA1FF,İPEKYÜZ ECZANESİ,Batman,Merkez,37.88969,41.12451,Batman,Correct
E2B00A6A-82B1-47E1-9EA4-FB9B17B7B503,ÖZEL BATIGÖZ TIP MERKEZİ,Batman,Merkez,37.91813,41.14003,Batman,Correct
7B140F03-CF13-4FFA-9BE9-FBF39DEA6419,BATMAN SASON DEVLET HASTANESİ,Batman,Merkez,37.90877,41.13508,Batman,Correct
EC9D36ED-DE4C-41C3-8274-FC7F22795451,GÜLTEKİN ECZANESİ,Batman,Merkez,37.91114,41.14117,Batman,Correct
49CA2F09-FF73-4A8D-A64A-FE4E3D0C56EF,BATMAN MERKEZ 2 NOLU BAĞLAR AİLE SAĞLIĞI MERKEZİ,Batman,Merkez,37.89458,41.11662,Batman,Correct
