UnitId,UnitName,CityName,DistrictName,Latitude,Longitude,DetectedCity,Match
0EF80CCB-6579-4E83-B8FA-03274C97421E,CERRAHPASA ECZANESI,Bingöl,Merkez,38.90493,40.49577,Bingöl,Correct
82158764-3590-4AE5-95C8-0B5AB868FE80,İSTANBUL ECZANESİ,Bingöl,Merkez,37.19149,38.80397,Şanlıurfa,Wrong
BCCED228-2BDB-4295-81AC-0C18CD5A4E98,BINGÖL AĞİZ VE DIŞ SAĞLİĞİ MERKEZI,Bingöl,Solhan,38.89729,40.5144,Bingöl,Correct
7C9CEA95-FF0D-47BF-814E-0C2BF07407EC,DÜZAĞAÇ ECZANESİ,Bingöl,Merkez,38.89607,40.51451,Bingöl,Correct
4FB4A003-E39F-475B-88AB-0D97AB24D959,ALTUNHAN ECZANESİ,Bingöl,Merkez,38.88466,40.4958,Bingöl,Correct
D7A7C925-C993-4D32-B55F-10EEF9934B7F,MERVE KAYA ECZANESİ,Bingöl,Merkez,38.90031,40.49147,Bingöl,Correct
C95012A5-4E88-44B4-9E82-116981335F95,ÇAĞRI ECZANESİ,Bingöl,Merkez,38.88518,40.49633,Bingöl,Correct
DA2DB4C8-3414-414F-B0A9-143985137B0A,ERDEM ECZANESİ,Bingöl,Merkez,41.26406,26.68665,Edirne,Wrong
B6857B4E-ADDA-4BA3-B46F-162B4E5414D2,YENİ ECZANESİ,Bingöl,Merkez,38.8832,40.49334,Bingöl,Correct
4386058E-518C-4C5B-881A-17238D8D288F,ÇAPAKÇUR ECZANESİ,Bingöl,Merkez,39.57257,-76.12236,No Info,No Info
DA68F72F-09B3-4E2F-A130-18D26AFD4F56,SARAY ECZANESİ,Bingöl,Merkez,38.89607,40.51524,Bingöl,Correct
44FC3014-FAF2-4B13-A264-19355D37631E,ADAKLI ECZANESİ,Bingöl,Adakli,38.89032,40.48576,Bingöl,Correct
3626F981-03D2-4A1F-969C-19DA50A2ED7F,ÖZEL BİNGÖL HASTANESİ,Bingöl,Merkez,38.88476,40.50643,Bingöl,Correct
3140E371-5B67-45E6-957D-1F2D85D743B1,FETTULLAH SARIDAĞ MUAYENEHANESİ,Bingöl,Merkez,38.88623,40.49534,Bingöl,Correct
564096EF-14A2-4061-A467-1F64712F9BB3,ŞİFA ECZANESİ,Bingöl,Genç,39.35117,-76.41756,No Info,No Info
465095DA-C443-44CE-8F05-209DB3F5CACB,ADAKLI İLÇE ENTEGRE HASTANESİ,Bingöl,Adakli,39.22852,40.48217,Bingöl,Correct
E3E8D43F-8297-490D-B7A7-21354057A664,IŞIK ECZANESİ,Bingöl,Merkez,36.84834,28.24847,Muğla,Wrong
97CD9723-8C84-4890-B2E6-2553A977DB0A,DİŞ PARK BİNGÖL AĞIZ VE DİŞ SAĞLIĞI KLİNİĞİ,Bingöl,Merkez,38.88352,40.49857,Bingöl,Correct
38988ABC-239A-40A2-946E-2C421AF7C506,İNAN ECZANESİ,Bingöl,Merkez,38.89644,40.51498,Bingöl,Correct
8289DBFC-97C5-4832-A4E8-2C59F055F4CA,UĞUR ECZANESİ,Bingöl,Merkez,38.8831,40.49802,Bingöl,Correct
E45D2E97-6735-4B44-AC8F-2C8BB2898BE2,BİNGÖL MERKEZ RECEP TAYYİP ERDOĞAN AİLE SAĞLIĞI MERKEZİ,Bingöl,Merkez,38.90353,40.49371,Bingöl,Correct
D375EA63-A0CA-424D-80E4-2DC3A59D0AC7,SAĞLIK ECZANESİ,Bingöl,Merkez,37.12654,36.56865,Osmaniye,Wrong
C726EAC6-280A-4541-BFE8-2E8E631976FE,KÖSEOĞLU ECZANESİ,Bingöl,Merkez,38.89319,40.51026,Bingöl,Correct
7A0AE3FE-2BAA-416D-9FB1-30F7404C909C,KAAN ECZANESİ,Bingöl,Merkez,38.90583,40.49697,Bingöl,Correct
6CA23AEC-E35E-4835-AA24-327EE938873C,SOLHAN ECZANESİ,Bingöl,Solhan,38.95939,41.03915,Bingöl,Correct
DDB961E7-BDE9-4E98-AD71-3354B4840063,MAYA ECZANESİ,Bingöl,Merkez,38.89877,40.51811,Bingöl,Correct
5C25109D-39AE-449B-8EF1-342E312BC5DB,BİNGÖL MERKEZ KALEÖNÜ AİLE SAĞLIĞI MERKEZİ,Bingöl,Merkez,38.90907,40.54918,Bingöl,Correct
61E5BB65-0BE3-4595-BD22-36B6BF6D1166,YAYLADERE MERKEZ TSM,Bingöl,Yayladere,39.22784,40.06891,Bingöl,Correct
BF78EECD-FAFE-4C18-9536-38ED972CC974,BİNGÖL SOLHAN MERKEZ AİLE SAĞLIĞI MERKEZİ,Bingöl,Solhan,38.96724,41.05403,Bingöl,Correct
6AAAF205-63DA-4FE3-A504-4121D5E7BE12,MEDİVA TIP MERKEZİ,Bingöl,Merkez,38.88535,40.50316,Bingöl,Correct
653B4FB1-0A12-4EDE-937A-448801283F4B,VOLKAN ECZANESİ,Bingöl,Merkez,38.89529,40.51431,Bingöl,Correct
3BA8D383-0A5B-48A7-8823-46C30AD99449,MENEKŞE ECZANESİ,Bingöl,Merkez,38.88549,40.49666,Bingöl,Correct
0E369F52-EB01-429A-B4E7-483AC5129F88,MAVİ ECZANESİ,Bingöl,Merkez,38.90158,40.503,Bingöl,Correct
ABBC1E87-319B-459B-9FF4-4B1C9A305D50,BİNGÖL MERKEZ BAHÇELİEVLER AİLE SAĞLIĞI MERKEZİ,Bingöl,Merkez,38.88307,40.4984,Bingöl,Correct
C0087215-4410-42A3-B0A6-5E73C29F7F15,BARAN ECZANESİ,Bingöl,Merkez,38.89349,40.51191,Bingöl,Correct
FC8E8758-E978-4049-8CCA-60F5E8872AF3,KARLIOVA MERKEZ TSM,Bingöl,Karliova,39.29374,41.01224,Bingöl,Correct
6213D2E9-31DF-4DBB-861F-60FEBB3AEE7D,UYDUKENT ECZANESİ,Bingöl,Merkez,38.9018,40.4919,Bingöl,Correct
10938CE8-769F-472E-9EB5-62551E21DFE7,BİNGÖL MERKEZ YEŞİLYURT AİLE SAĞLIĞI MERKEZİ,Bingöl,Merkez,38.88075,40.4971,Bingöl,Correct
5882962B-D880-4D35-8872-627B5C44C744,BAHAR ECZANESİ,Bingöl,Merkez,38.88574,40.49889,Bingöl,Correct
E5E8802F-0D76-4CA7-9343-6400DEA421B9,ARIKAN ECZANESİ,Bingöl,Merkez,38.89697,40.51571,Bingöl,Correct
11076DF8-C51A-4364-BB69-68D4209FE7F8,ŞİFA ECZANESİ,Bingöl,Merkez,38.88568,40.49334,Bingöl,Correct
D682015D-339F-4918-ABC4-6AC3A93285F6,TABİAT ECZANESİ,Bingöl,Merkez,38.89439,40.51311,Bingöl,Correct
A1575C39-7648-4493-8074-70F5E8B3D4E3,BİNGÖL MERKEZ KARŞIYAKA AİLE SAĞLIĞI MERKEZİ,Bingöl,Merkez,38.89211,40.49596,Bingöl,Correct
C10534B2-21E7-4345-82C5-75D4180D9611,NAZ ECZANESİ,Bingöl,Merkez,37.36115,33.69262,Karaman,Wrong
4D232D89-9AF3-4CB4-97FA-789304FC7CDF,HAYAL ECZANESİ,Bingöl,Merkez,38.8852,40.49635,Bingöl,Correct
FC041F50-FA78-4FF6-9853-7D26C194F22F,KARLIOVA DEVLET HASTANESİ,Bingöl,Karliova,38.88311,40.49778,Bingöl,Correct
C6AC12C0-6630-41F0-B9DF-7D6431A3633B,CANER DİŞ KLİNİĞİ,Bingöl,Merkez,38.99747,-76.88916,No Info,No Info
515B4EE9-D805-4D4C-A2D7-7E35861EADE1,NUR ECZANESİ,Bingöl,Genç,38.74928,40.55612,Bingöl,Correct
9F82F8ED-8C21-424C-A313-811973A360F5,BÜYÜK İNALI ECZANESİ,Bingöl,Merkez,39.29685,41.0136,Bingöl,Correct
26E34001-93AF-46E2-BE34-828E4DADC681,SAĞLIK ECZANESİ,Bingöl,Genç,38.88539,40.49933,Bingöl,Correct
069EAA5B-E21A-4025-8475-8691940931D9,BİNGÖL MERKEZ ILICALAR AİLE SAĞLIĞI MERKEZİ,Bingöl,Merkez,38.9809,40.67748,Bingöl,Correct
84AFEF2B-5D40-4E44-A1D1-894B1BF412D5,PINAR ECZANESİ,Bingöl,Merkez,38.88473,40.5066,Bingöl,Correct
A5E23EDE-4944-4C84-983E-89E55CA4484C,ÖZGÜR FIRAT ECZANESİ,Bingöl,Merkez,38.88707,40.49021,Bingöl,Correct
957E81D9-5E76-4FCA-AC62-8E1520785BEE,COŞAR ECZANESİ,Bingöl,Karliova,39.29488,41.0105,Bingöl,Correct
3F6411A9-88DB-42B3-9D22-936C686A76FF,BAYRAM ECZANESI,Bingöl,Merkez,39.30817,40.349,Bingöl,Correct
A89C610F-A4ED-4FF8-AF36-956E35BDC3BB,YAŞAM ECZANESİ,Bingöl,Merkez,38.8865,40.49359,Bingöl,Correct
A4BA22FE-4EE3-4277-8B51-961E44FD584D,NADİROĞLU ECZANESİ,Bingöl,Karliova,39.29658,41.01256,Bingöl,Correct
420E188A-E173-4400-9CB4-9620F61B9F53,GÜVEN ECZANESİ,Bingöl,Merkez,38.90265,40.49496,Bingöl,Correct
DA9E9ABE-9800-4CB4-8A60-996E9DEFCFA9,BİNGÖL MERKEZ TSM,Bingöl,Merkez,38.75152,40.55577,Bingöl,Correct
1AE75A97-AB95-4991-BB4F-999FBA16A12D,ONUR ECZANESİ,Bingöl,Merkez,38.88519,40.49635,Bingöl,Correct
A3AFEBFA-A715-43FE-8DE3-9EA8F80A26E9,TOKUŞ ECZANESİ,Bingöl,Merkez,38.88751,40.49335,Bingöl,Correct
FD13C661-E9A4-4F0C-A6F2-9F0FD409BF9A,ŞARK ECZANESİ,Bingöl,Merkez,38.89787,40.51691,Bingöl,Correct
3B43AC48-391D-494D-BB24-A0146A5ECC9E,ŞİFA ECZANESİ,Bingöl,Solhan,39.35117,-76.41756,No Info,No Info
240D2F7A-124D-4C86-8F92-A09CCC4B4D8E,KÜLTÜR ECZANESİ,Bingöl,Merkez,39.60587,-76.07796,No Info,No Info
5D6399CA-1B6A-4CF4-921C-A614FE76D9A1,BİNGÖL KARLIOVA AİLE SAĞLIĞI MERKEZİ,Bingöl,Karliova,39.31087,41.0502,Bingöl,Correct
8480E07A-5B5B-4874-BD06-A625032A0E45,SAGLIK ECZANESI,Bingöl,Solhan,38.88539,40.49933,Bingöl,Correct
A8608639-FFBB-4D86-9ED8-A64063B3C938,BINGÖL DOĞUM VE ÇOCUK BAKİMEVI,Bingöl,Merkez,38.8915,40.5043,Bingöl,Correct
53695962-8FCE-4D52-B27E-A79811690E09,ULAŞ ECZANESİ,Bingöl,Genç,38.88516,40.50416,Bingöl,Correct
D2F8EA1D-A910-4974-9CD4-A7F0B507803F,ÖMER ECZANESİ,Bingöl,Merkez,38.88322,40.4934,Bingöl,Correct
41C254C2-C773-4FCA-B2F0-A9E4D544829E,GENÇ MURAT ECZANESİ,Bingöl,Genç,38.75256,40.56412,Bingöl,Correct
26D20111-276A-46EC-98F1-AB83D68A2743,İNALI AİLE SAĞLIK MERKEZİ,Bingöl,Merkez,38.87646,40.52267,Bingöl,Correct
1D63BF88-1BA0-4B24-BD49-ABAA9FFA290E,DEMİR ECZANESİ,Bingöl,Merkez,38.75607,40.55733,Bingöl,Correct
F0B9D34C-395F-4A9B-9C46-B01EC4CB345A,VEFA ECZANESİ,Bingöl,Solhan,38.9683,41.05652,Bingöl,Correct
5C7595FD-BFFC-46DA-B5F1-B25E0E5B977D,KİĞI DEVLET HASTANESİ,Bingöl,Kiği,39.31141,40.34814,Bingöl,Correct
2730F874-1B3D-4A6F-ADBF-B460C15D0974,DERMAN ECZANESİ,Bingöl,Merkez,38.88675,40.49457,Bingöl,Correct
6CB8D657-8A6B-498F-B96D-B4A7CE896480,CİHANGİR ECZANESİ,Bingöl,Merkez,38.88575,40.49875,Bingöl,Correct
A6B497D4-F77D-416F-863E-BE0FDC65ABAB,DURU ECZANESİ,Bingöl,Genç,38.88449,40.49813,Bingöl,Correct
8F47500B-410A-4841-B57A-BF4EEA39A74F,BINGÖL SOLHAN DEVLET HASTANESI,Bingöl,Solhan,38.96856,41.0535,Bingöl,Correct
DC307438-929A-48C8-AAEE-BFB9D383142D,YAŞAM ECZANESİ,Bingöl,Genç,37.37851,27.2712,Aydın,Wrong
10F8EAAA-29A4-404F-BBAA-C33DE3BC8EF8,GENÇ DERMAN ECZANESİ,Bingöl,Genç,38.75028,40.55327,Bingöl,Correct
8B3D4A7E-70FE-4270-8FB8-C5AE56644BC2,BINGÖL DEVLET HASTANESI,Bingöl,Merkez,38.89495,40.50381,Bingöl,Correct
DA45F792-8D0C-4CA9-B3C3-C97E937B121E,NAMET ECZANESI,Bingöl,Merkez,38.90175,40.49376,Bingöl,Correct
E7430DE2-2946-4905-9B49-CA1E03B81224,ALPER KARABAĞ MUAYNEHANESİ,Bingöl,BİNGÖL MERKEZ,38.88591,40.49806,Bingöl,Correct
4119B5D4-85E3-4C41-8A11-CE38778F54AB,ÖNCÜ ECZANESİ,Bingöl,Kiği,39.31,40.34941,Bingöl,Correct
A02A9EE0-2F0B-4A7C-AF68-CF9E46D2E863,BİNGÖL GENÇ MERKEZ AİLE SAĞLIĞI MERKEZİ,Bingöl,Genç,38.74944,40.5538,Bingöl,Correct
B09C9A26-7B9B-4C8A-87DC-CFB257E1165C,BÜYÜK ECZANESİ,Bingöl,Merkez,38.88406,40.49885,Bingöl,Correct
F856FA0F-AAC1-49F9-AA1B-D09032CAF913,BİNGÖL MERKEZ SARAY AİLE SAĞLIĞI MERKEZİ,Bingöl,Merkez,38.89531,40.51726,Bingöl,Correct
2340191C-7974-4E4E-945F-D433220C694F,BİNGÖL MERKEZ KÜLTÜR AİLE SAĞLIĞI MERKEZİ,Bingöl,Merkez,38.88804,40.51479,Bingöl,Correct
8EEE1A19-0B58-40C8-BA7C-D4EB47FA5B8C,GÜLEKTORUN ECZANESİ,Bingöl,Merkez,40.9925,28.84094,İstanbul,Wrong
2A8C5F66-9959-4F54-BAF7-D5BD41F8E04C,BİNGÖL MERKEZ MEVLANA AİLE SAĞLIĞI MERKEZİ,Bingöl,Merkez,38.88447,40.48771,Bingöl,Correct
E949B93A-3191-45EA-BC1B-D9E7FA58BB90,BARAN ECZANESİ,Bingöl,Solhan,38.95919,41.03932,Bingöl,Correct
49344EE9-E388-477B-901C-DA02B9E6B1DC,DEVA ECZANESİ,Bingöl,Merkez,38.88311,40.49786,Bingöl,Correct
FBF43234-0E41-481E-8BE3-DD8A830695DA,HAYAT ECZANESİ,Bingöl,Karliova,39.29475,41.01028,Bingöl,Correct
F0F6688D-8BF7-415A-9A19-DF84C9026407,BİNGÖL MERKEZ İBN-İ SİNA AİLE SAĞLIĞI MERKEZİ,Bingöl,Merkez,38.84177,40.54873,Bingöl,Correct
ACF335EC-B9D9-448C-8C22-DF8D1CF93712,BİNGÖL ECZANESİ,Bingöl,Merkez,38.88668,40.49466,Bingöl,Correct
B01D5588-7B31-47BF-93AA-E0DE8EA288D8,NEHİR ECZANESİ,Bingöl,Merkez,38.88604,40.51351,Bingöl,Correct
3B31B25A-3B53-42BB-9AEB-E3F26955B73D,SOLHAN MERKEZ TSM,Bingöl,Solhan,38.95903,41.03945,Bingöl,Correct
5E409389-B8FF-4051-8405-E95311C58806,KARLIOVA ECZANESİ,Bingöl,Karliova,39.29741,41.0123,Bingöl,Correct
55F8D0C3-7999-4EC6-B8E8-EB1C9FF1F8A6,GÜNEŞ ECZANESİ,Bingöl,Merkez,38.9041,40.49966,Bingöl,Correct
63162E8A-D6FA-45F9-A8B9-F2838DAA19B1,BINGÖL GENÇ DEVLET HASTANESI,Bingöl,Genç,38.74915,40.54993,Bingöl,Correct
8AED2A25-D2D2-493E-8D6F-F87549836EEC,ÖZEL MEDİVA TIP MERKEZİ BİNGÖL,Bingöl,Merkez,39.22157,-76.59036,No Info,No Info
E28C6562-F8BD-45E6-995F-F8C453A8DF77,KARŞIYAKA ECZANESİ,Bingöl,Merkez,38.89495,40.49149,Bingöl,Correct
C0FF861D-489D-4DAA-A440-F99EA15593BB,ÖZEL DENT AVRUPA AĞIZ VE DİŞ SAĞLIĞI POLİKLİNİĞİ,Bingöl,Merkez,38.75118,40.55317,Bingöl,Correct
9DC2C07F-0363-426A-BA53-FB7BDE334038,ÖZBAY AĞIZ VE DİŞ SAĞLIĞI KLİNİĞİ,Bingöl,Merkez,38.90215,40.50218,Bingöl,Correct
E7815C27-7B30-4258-B2A7-FF9941FD2A4D,YILDIZ ECZANESİ,Bingöl,Solhan,38.88608,40.49309,Bingöl,Correct
