UnitId,UnitName,CityName,DistrictName,Latitude,Longitude,DetectedCity,Match
39018B3C-2FB1-490E-A85B-00E796B677DE,EKİN ECZANESİ,Tokat,Almus,40.59162,36.81346,Tokat,Correct
250AB311-15A2-440F-B4B5-01F53E64B15A,TOKAT TURHAL MERKEZ ŞEKER AİLE SAĞLIĞI MERKEZİ,Tokat,Turhal,40.38344,36.07077,Tokat,Correct
D39A47E9-9C08-4E41-8D8F-027DBF9C6D93,CÜNEYT ALDEMİR MUAYENEHANESİ,Tokat,Merkez,40.3198,36.55136,Tokat Merkez,Correct
37980534-0FCC-4908-A720-03BC8A500148,DENGE BESLENME VE DİYET MERKEZİ,Tokat,Erbaa,40.66938,36.5679,Tokat,Correct
6DB91A5B-7265-4DCC-B058-05CE91B9AC61,TOKAT MERKEZ YAŞAM AİLE SAĞLIĞI MERKEZİ,Tokat,Merkez,40.31226,36.55238,Tokat Merkez,Correct
991F643F-2B48-43F1-93E4-06034127D8B4,TOKAT MERKEZ BAĞLAR AİLE SAĞLIĞI MERKEZİ,Tokat,Merkez,40.3423,36.55135,Tokat Merkez,Correct
6FF4D393-C116-4791-A68B-06364FB4F631,50. YIL ECZANESİ,Tokat,Niksar,40.56938,36.94991,Tokat,Correct
DBC0AFD9-B9C6-4123-90BB-0662EC53A5CD,TOKAT ERBAA MERKEZ CUMHURİYET AİLE SAĞLIĞI MERKEZİ,Tokat,Erbaa,40.66721,36.56484,Tokat,Correct
50CB8198-45A5-4E56-B973-06C7761AAB16,ALTUNTAŞ ECZANESİ,Tokat,Merkez,40.34381,36.54974,Tokat Merkez,Correct
EDF8BC46-702F-427D-9B42-080227DC8B19,EMAY ECZANESİ,Tokat,Merkez,40.31633,36.55402,Tokat Merkez,Correct
38010580-1B5C-418A-86D8-08C2C8895900,YÖRE ECZANESİ,Tokat,Yeşilyurt,40.00727,36.21937,Tokat,Correct
F1C374CC-906B-4119-BEDB-08E381879D2A,TOKAT MERKEZ GAZİOSMANPAŞA AİLE SAĞLIĞI MERKEZİ,Tokat,Merkez,40.33204,36.55571,Tokat Merkez,Correct
914EC6D1-A5D7-4DFA-BABD-08EB6E05EDBB,SARIER ECZANESİ,Tokat,Merkez,40.30473,36.55789,Tokat Merkez,Correct
4169FF52-8D72-4620-8DCC-09CDC8A48048,VİTAMİN ECZANESİ,Tokat,Merkez,40.33467,36.55173,Tokat Merkez,Correct
D53BF10D-DB84-4743-9BA8-09DB10F4DFED,BAKLACI ECZANESİ,Tokat,Turhal,40.38764,36.08533,Tokat,Correct
CC0C2119-7CC4-402C-8D02-0A0BC7A5BB96,ÇAĞDAŞ ECZANESİ,Tokat,Erbaa,40.67128,36.5684,Tokat,Correct
8F3F0BE1-4442-45F8-8F37-0ACC5645E06C,DERMAN ECZANESİ,Tokat,Erbaa,40.67338,36.57152,Tokat,Correct
3B6E431F-1A99-411C-A290-0B3F9C482432,GAZİOSMANPAŞA ÜNİVERSİTESİ - DİŞ HEKİMLİĞİ FAKÜLTESİ,Tokat,Merkez,40.32815,36.47775,Tokat Merkez,Correct
E42FC16F-9F60-49DB-820B-0B85C5EF6D2E,HAKAN ECZANESİ,Tokat,Erbaa,40.66916,36.5723,Tokat,Correct
D84EC457-1D79-42FF-9018-0D06FD8E8D18,TOKAT TURHAL MERKEZ İSMAİL KIRGÖZ AİLE SAĞLIĞI MERKEZİ,Tokat,Turhal,40.39597,36.06932,Tokat,Correct
4E92F8BC-AE8E-4431-B1D8-0D91D152B080,KAZOVA ECZANESİ,Tokat,Merkez,40.31691,36.55055,Tokat Merkez,Correct
48F9CCD2-ECA6-492E-89D3-0E85D58D41F2,MEYDAN ECZANESİ,Tokat,Merkez,40.31776,36.55366,Tokat Merkez,Correct
88075AC1-B67C-46F1-A8B7-0F109C145EC3,MEHMET NURİ ÇAKIROĞLU MUAYENEHANESİ,Tokat,Merkez,40.31255,36.55115,Tokat Merkez,Correct
89E4B980-97BF-4F57-BCBE-110DA59D8D0D,ECZANE İLGİ,Tokat,Reşadiye,39.68237,-75.97596,Maryland,Wrong
1164391A-100B-45B4-99E7-12972886643A,TOKAT MERKEZ BEDESTENLİOĞLU AİLE SAĞLIĞI MERKEZİ,Tokat,Merkez,40.32581,36.52409,Tokat Merkez,Correct
66432AFB-E7FD-4002-B9FD-13DB26C4E6CC,TOKAT NİKSAR MERKEZ PETROL MEVKİİ AİLE SAĞLIĞI MERKEZİ,Tokat,Niksar,40.5893,36.94466,Tokat,Correct
9B4A7459-4146-4664-B541-143D088EEFC1,TOKAT NİKSAR DEVLET HASTANESİ,Tokat,Niksar,40.5875,36.94882,Tokat,Correct
E417DBB0-8657-4DD1-8878-145CE5CAFF92,BAYRAKTAR ECZANESİ,Tokat,Erbaa,40.67213,36.57072,Tokat,Correct
E16310BD-CDCE-4191-8FFB-16A2B3306ADD,BULUT ECZANESİ,Tokat,Merkez,41.00635,28.83111,İstanbul,Wrong
554643D9-4A0A-423D-9A8D-17F545131D31,AŞIKOĞLU ECZANESİ,Tokat,Zile,40.30214,35.88768,Tokat,Correct
586FD00B-26C8-4FC6-A070-18E460505BC5,BALCI ECZANESİ,Tokat,Erbaa,40.71197,36.45129,Tokat,Correct
204F93D6-096F-48C0-9F67-18E7177A455B,EREN ECZANESİ,Tokat,Reşadiye,40.56323,36.79201,Tokat,Correct
F7E253E6-FAD5-47BB-92C6-1A1799DC9AA3,ÜSTÜNDAĞ ECZANESİ,Tokat,Merkez,40.3239,36.54556,Tokat Merkez,Correct
4C160B53-3123-40A9-AC35-1BAE76D47E7A,CERİTOĞLU ECZANESİ,Tokat,Almus,40.37424,36.89474,Tokat,Correct
7B9695D4-EF35-4AE5-A25F-1BB4AD8BE9EE,TOKAT ERBAA MERKEZ MEVLANA AİLE SAĞLIĞI MERKEZİ,Tokat,Erbaa,40.67309,36.55417,Tokat,Correct
7E3CB7E9-A2B0-4998-89F6-1CBD0A06F4C3,BAŞKENT ÜNİVERSİTESİ ZİLE DİYALİZ MERKEZİ,Tokat,Zile,40.30271,35.88764,Tokat,Correct
0FEEB5EE-4B61-4A3B-A7FF-1D1BD8CB567F,BAKLACIOĞLU ECZANESİ,Tokat,Turhal,40.37694,36.05374,Tokat,Correct
476D8DDA-A323-46AE-91A9-1F1AFBC22F94,AKADEMİ ECZANESİ,Tokat,Merkez,40.33367,36.55227,Tokat Merkez,Correct
DE490014-CF4B-46EC-8BA6-1F9D229E8B02,TOKAT ERBAA DEVLET HASTANESI,Tokat,Erbaa,40.66618,36.5696,Tokat,Correct
BFD9D80D-0D40-4DD7-8DFD-2058F0A64A87,DENTHOL AGİZ VE DİS SAĞLIĞI POLİKLİNİĞİ,Tokat,Merkez,40.33083,36.55047,Tokat Merkez,Correct
38B9B391-B5BC-4C74-ACB7-2287F154CA91,BARIŞ ECZANESİ,Tokat,Turhal,40.38484,36.06883,Tokat,Correct
31839BA0-E6EE-46F3-B9D4-233AFBF072D5,HAYAT ECZANESİ,Tokat,Niksar,40.5893,36.9504,Tokat,Correct
69D46467-39F6-4B56-9DDB-24C401C84EF8,ALMUS DEVLET HASTANESİ,Tokat,Almus,40.37519,36.89414,Tokat,Correct
CC893B1B-C8C8-486E-A0C4-25AA2D343F0F,DERYA DENİZ ECZANESİ,Tokat,Reşadiye,40.39339,37.33716,Tokat,Correct
D0DD9995-2BC9-4B7E-B9D7-2690741C7B3A,CİHAN ECZANESİ,Tokat,Merkez,40.31309,36.55036,Tokat Merkez,Correct
3E8F6CA7-5046-41D7-BD0F-27B48BDB324B,TOKAT ZİLE MERKEZ 80.YIL ŞEREFETTİN DİNÇER AİLE SAĞLIĞI MERKEZİ,Tokat,Zile,40.30343,35.89405,Tokat,Correct
6543C13E-759A-451D-B60B-286979F75CFD,DUYGU ECZANESİ,Tokat,Erbaa,40.6718,36.56859,Tokat,Correct
03BDA4DD-9A66-41D2-AA08-287756A6EF2E,ELİF ECZANESİ,Tokat,Erbaa,40.66763,36.56963,Tokat,Correct
50273785-50DF-4062-9284-28F4E8F18BBD,BAHATTİN ÇELİKDELEN MUAYENEHANESİ,Tokat,Niksar,40.58713,36.94845,Tokat,Correct
A76A033D-D4EF-4E0D-BE1C-297E34C5E952,AHSEN ECZANESİ,Tokat,Zile,40.30208,35.88743,Tokat,Correct
DF23A836-814B-42DF-B1A0-29F4F84103F8,AHMET GÜMÜŞTEKİN MUAYENEHANESİ,Tokat,Merkez,38.94617,-76.95756,Maryland,Wrong
BF88B1A4-30AA-485A-ADAC-2AA8E82C28D6,TOKAT DEVLET HASTANESİ,Tokat,Merkez,36.76819,28.79711,Muğla,Wrong
D07602C0-B826-4372-B18C-2B03B5889EA8,NİKSAR ŞEHİT MURAT SEÇKİN AİLE SAĞLIĞI MERKEZİ,Tokat,Niksar,40.5866,36.94762,Tokat,Correct
0F7218A4-9544-455D-B7BC-2B9348344617,RÜŞTÜ TOPUZ MUAYENEHANESİ,Tokat,Turhal,38.17328,27.23103,İzmir,Wrong
0823C873-A580-4D31-AC42-2CC42DB18202,TOKAT REŞADIYE DEVLET HASTANESI,Tokat,Reşadiye,40.39029,37.34044,Tokat,Correct
8945CB15-DF14-4B14-8280-2DAA48AAB5A0,EMRE ERDOĞAN DİS KLİNİĞİ,Tokat,Merkez,40.33256,36.55043,Tokat Merkez,Correct
4139972B-B7BA-48D9-8B1B-2E008A5DAB5B,TOKAT TURHAL MERKEZ MEHMET AKİF ERSOY AİLE SAĞLIĞI MERKEZİ,Tokat,Turhal,40.38789,36.08379,Tokat,Correct
29751434-9071-4A29-83A9-2F17D3525C47,TOKAT MİLLİ İRADE AİLE SAĞLIĞI MERKEZİ,Tokat,Merkez,40.32126,36.55307,Tokat Merkez,Correct
529D8B01-CE9B-49ED-A770-2FA345D53A74,BİZİM ECZANESİ,Tokat,Merkez,40.33128,36.55626,Tokat Merkez,Correct
EED7533D-D56D-40CC-8F86-30F8795B026F,MEYDAN ECZANESİ,Tokat,Erbaa,40.67276,36.56802,Tokat,Correct
2CB214BA-545A-46F6-81A0-32F60938CA08,KEREM ECZANESI,Tokat,Zile,40.30558,35.89392,Tokat,Correct
780448EF-8E86-4F53-B6FA-341ADE8075F8,YENİ TEKELİ ECZANESİ,Tokat,Turhal,40.38229,36.08264,Tokat,Correct
70751D0F-75AC-474F-B6B7-34CF48988CAB,YILDIRIM ECZANESİ,Tokat,Erbaa,40.67816,36.57002,Tokat,Correct
D0CFCBEF-CA8E-48E7-A086-353BDA52CFE0,YAMAN ECZANESİ,Tokat,Erbaa,40.66735,36.56962,Tokat,Correct
C416F873-6C9C-49E0-BCB5-359D5819AD67,TOKAT MERKEZ SIHHAT AİLE SAĞLIĞI MERKEZİ,Tokat,Merkez,40.30449,36.55729,Tokat Merkez,Correct
9FF1D445-B814-436A-BF39-3621A78B8270,TOKAT SULUSARAY MERKEZ AİLE SAĞLIĞI MERKEZİ,Tokat,Sulusaray,39.99344,36.07788,Tokat,Correct
0210DC88-FF8E-47EE-AB36-37AA1AD060BF,ŞİFA ECZANESİ,Tokat,Erbaa,40.66703,36.56961,Tokat,Correct
6B9CA5D8-87EE-42AE-BCB8-38E967B6CAAB,ASRIN ECZANESİ,Tokat,Erbaa,40.66923,36.5552,Tokat,Correct
3206FCFD-640A-4D47-BB65-3981FBF680AD,TOKAT PAZAR ÜZÜMÖREN AİLE SAĞLIĞI MERKEZİ,Tokat,Pazar,40.24155,36.19475,Tokat,Correct
BEB819D8-1EAD-471D-B5F7-39E18CE9404C,YASİN ECZANESİ,Tokat,Merkez,40.33205,36.54769,Tokat Merkez,Correct
1A3433FE-1AC1-44B1-A77D-39E7ACE571DC,GAZİ ÇATAK ECZANESİ,Tokat,Merkez,40.32357,36.55003,Tokat Merkez,Correct
604AE66A-FEF6-4C16-BD23-39F3A679972A,EMRE ECZANESİ,Tokat,Pazar,40.23612,36.19435,Tokat,Correct
D9A5FF50-3BFA-413B-912C-3A0AEA0ED169,MEHMET BEŞİR BÜYÜKBAY MUAYENEHANESİ,Tokat,Merkez,38.41595,27.13647,İzmir,Wrong
E280CDA8-5669-4301-9A43-3A1DC3B23D8A,ARTOVA ECZANESİ,Tokat,Artova,40.29949,35.88718,Tokat,Correct
E8BBA9B2-FA88-4569-8719-3A516063670C,FATİH ECZANESİ,Tokat,Yeşilyurt,40.00713,36.21705,Tokat,Correct
AECA755B-7319-4842-8F0D-3ABC911D48AF,TOKAT MERKEZ GÖKDERE AİLE SAĞLIĞI MERKEZİ,Tokat,Merkez,40.4738,36.75102,Tokat Merkez,Correct
687B9091-364B-48CE-ACCF-3AF83B00E8C0,ŞEKER ECZANESİ,Tokat,Turhal,40.38735,36.08585,Tokat,Correct
D86E6906-37AA-4071-B566-3B77743A6B48,TOKAT AĞIZ VE DİŞ SAĞLIĞI MERKEZİ,Tokat,Merkez,40.33763,36.54688,Tokat Merkez,Correct
A07BDEAA-23AC-4CCE-A473-3CEF1051551C,YILMAZ SEYYAH MUAYENEHANESİ,Tokat,Merkez,40.33442,36.54814,Tokat Merkez,Correct
DB0B04DA-56A1-41E5-B33F-3D87A5CF3303,TOKAT ERBAA KOÇAK AİLE SAĞLIĞI MERKEZİ,Tokat,Erbaa,40.64092,36.50314,Tokat,Correct
A26B03C5-346A-4954-BF0E-3F94BBE6B41A,TOKAT TURHAL ŞENYURT AİLE SAĞLIĞI MERKEZİ,Tokat,Turhal,40.32867,36.21254,Tokat,Correct
5EEE2FD6-92A0-4478-BCE4-400918CA516C,BÜŞRA BULUT ECZANESİ,Tokat,Merkez,40.33509,36.54703,Tokat Merkez,Correct
82468E01-ACFF-479F-B7F0-422C0A3E7EDA,SORAL ECZANESİ,Tokat,Merkez,40.32079,36.55464,Tokat Merkez,Correct
A5845AF5-A6C8-496C-98ED-4232EBA3683D,MELİH ECZANESİ,Tokat,Merkez,40.32472,36.55405,Tokat Merkez,Correct
28EA1129-AB9D-46A1-ACB8-4263303430B1,DOĞRU ECZANESİ,Tokat,Merkez,40.33485,36.54571,Tokat Merkez,Correct
B7AC8271-899F-478E-9685-429A9E05439F,HİKMET BEKÇİOĞLU MUAYENEHANESİ,Tokat,Merkez,40.3133,36.5529,Tokat Merkez,Correct
E78B12ED-401F-4B39-8B12-43BC534D31D8,TUĞLUOĞLU ECZANESİ,Tokat,Zile,40.49053,29.30649,Bursa,Wrong
967A49FF-3D43-4EE9-A13B-442F15E8DC81,AY ECZANESİ,Tokat,Zile,40.29989,35.88713,Tokat,Correct
927CAB31-D782-4155-A014-44BFADAEDDCE,MANSIZLAR ECZANESİ,Tokat,Merkez,40.39335,37.33738,Tokat,Correct
52EEACEB-6FB0-4796-9D06-4513D42F3229,TOKAT PAZAR MERKEZ AİLE SAĞLIĞI MERKEZİ,Tokat,Pazar,40.28015,36.29136,Tokat,Correct
885749FE-664D-40C6-BD7A-456B0A8E94CA,BURHAN ECZANESİ,Tokat,Merkez,39.01997,-76.85916,Maryland,Wrong
9D57FC8D-1350-4AD7-8B70-467539AE0227,FATİH ECZANESİ,Tokat,Erbaa,40.67166,36.56854,Tokat,Correct
70161F39-CDF6-44DB-A4F0-46E98D86B2E0,ARSLAN ECZANESİ,Tokat,Niksar,40.58984,36.94399,Tokat,Correct
0276D2DB-31EB-4E99-9D5E-48378217E8A1,KUMRU ECZANESİ,Tokat,Merkez,40.62966,36.88551,Tokat,Correct
504B76F3-01C5-4FC4-B8BF-4877A1EE8328,GONCA ECZANESİ,Tokat,Merkez,40.3372,36.55164,Tokat Merkez,Correct
F1BF3DED-46DF-4B63-84BE-48AC0E5AE339,CINAR ECZANESI,Tokat,Erbaa,40.71626,36.65631,Tokat,Correct
1DFEF630-921F-47A5-8ED3-48BF245C6D9E,ŞİFA ECZANESİ,Tokat,Merkez,40.32445,36.55261,Tokat Merkez,Correct
0E87F010-BAFA-4885-835B-49E080CECDC7,TOKAT ZİLE MERKEZ MEYDAN AİLE SAĞLIĞI MERKEZİ,Tokat,Zile,40.30181,35.88644,Tokat,Correct
E6375C41-58C5-4351-8804-4A024E6C1FCE,BENDUYLU ECZANESİ,Tokat,Niksar,40.59134,36.94281,Tokat,Correct
B0021CB0-C083-42E5-A198-4B30533F1AAE,YEŞİLYURT ECZANESİ,Tokat,Yeşilyurt,40.00727,36.22155,Tokat,Correct
4007AF27-7A69-477A-8112-4BDAC2011E4E,ŞENBİL ECZANESİ,Tokat,Zile,40.30144,35.88365,Tokat,Correct
BBAC17B5-64A7-496E-A9CB-4CB83CD0AE0C,ÖMÜR ECZANESİ,Tokat,Merkez,40.32346,36.55258,Tokat Merkez,Correct
EF4AAB37-E3C4-4CD2-9BD1-4D043C41D598,DENTAPEX AGİZ VE DİS SAĞLIĞI POLİKLİNİĞİ,Tokat,Merkez,40.32586,36.55151,Tokat Merkez,Correct
E2881E31-B78D-4BBC-8471-4F8F44588D65,CİHAN ÖZDEMİR MUAYENEHANESİ,Tokat,Zile,40.30053,35.88704,Tokat,Correct
AD6CD196-24F0-4ED2-9302-4FA93A372A10,ARSLAN ECZANESİ,Tokat,Erbaa,40.6711,36.56833,Tokat,Correct
B46E1DB4-445A-4255-AC69-51718B4187C4,ADIBELLİ ECZANESİ,Tokat,Zile,40.301,35.88697,Tokat,Correct
4733A99B-DE8A-4A71-B363-51AE7E058A9D,EROĞLU ECZANESİ,Tokat,Merkez,40.32368,36.54926,Tokat Merkez,Correct
984CDACC-883F-415D-83A6-51E4F28FC462,TOKAT ERBAA MERKEZ ASIM KAMİLE UĞURLU AİLE SAĞLIĞI MERKEZİ,Tokat,Erbaa,40.67745,36.58154,Tokat,Correct
77F9E1D3-FCC2-4A44-8243-54FE730D95D4,TOKAT NİKSAR MERKEZ DEREBAĞ AİLE SAĞLIĞI MERKEZİ,Tokat,Niksar,40.5893,36.9552,Tokat,Correct
0894415F-66D5-42AD-9625-55B1F5CA6620,AYKUT GİRGİN MUAYENEHANESİ,Tokat,Niksar,40.58834,36.95096,Tokat,Correct
1238C9B1-4FED-4746-81F2-57734A419955,TOKAT NİKSAR MERKEZ ÇINARALTI AİLE SAĞLIĞI MERKEZİ,Tokat,Niksar,40.58993,36.95609,Tokat,Correct
E44F672C-F15A-477A-ADBE-57AB95B0627F,HEKİMOĞLU ECZANESİ,Tokat,Merkez,40.34068,36.54692,Tokat Merkez,Correct
124AACBB-0BCC-4B74-9BD1-59AF5C8326A7,TEKELİ ECZANESİ,Tokat,Merkez,40.32436,36.55378,Tokat Merkez,Correct
58FB7789-FE90-448F-9AB6-5AE2337FDC48,SIRMA ECZANESİ,Tokat,Merkez,40.34197,36.53703,Tokat Merkez,Correct
C0AAD852-7703-4FC3-A98F-5B42022D69B0,HIZIR ECZANESİ,Tokat,Turhal,40.38424,36.07061,Tokat,Correct
D55C1A8F-0DA8-4DAC-BEF9-5B65DB585BE9,ALTUNBAY ECZANESİ,Tokat,Turhal,40.38091,36.08161,Tokat,Correct
D3F3F3A0-3CC8-4B4A-8AAD-5CBE4754346F,ŞİFA ECZANESİ,Tokat,Almus,40.44928,36.91196,Tokat,Correct
8FCC6185-A4BB-43B2-B75B-5D5929DF04EE,SAĞLAM ECZANESİ,Tokat,Reşadiye,40.39153,37.3382,Tokat,Correct
BB841353-4953-46E2-9462-5F2B186B0100,NİHAL ÖZDEMİR MUAYENEHANESİ,Tokat,Turhal,40.3801,36.05574,Tokat,Correct
3EBE62AE-6443-4F50-9FE8-61281B6DEBF6,SOYMAZ ECZANESİ,Tokat,Erbaa,40.66117,36.57952,Tokat,Correct
9494A9AD-B106-4F73-81FE-613C40C939FB,TOKAT RUH SAĞLIĞI VE HASTALIKLARI HASTANESİ,Tokat,Merkez,40.30286,36.55469,Tokat Merkez,Correct
54B99782-1D7C-4A3D-8424-617637FFDAEA,TEKELİ ECZANESİ,Tokat,Turhal,40.3871,36.08348,Tokat,Correct
74073C72-69A6-414D-93BE-623ECEAAE315,KARDELEN ECZANESİ,Tokat,Merkez,40.32506,36.55715,Tokat Merkez,Correct
A52D4CBC-B211-438B-8C28-63EAD0BED132,TOKAT TURHAL MERKEZ YUNUS EMRE AİLE SAĞLIĞI MERKEZİ,Tokat,Turhal,40.38536,36.06004,Tokat,Correct
37C6B493-29B3-43E2-BA31-64525191E5FD,HALK ECZANESİ,Tokat,Merkez,40.30416,36.55672,Tokat Merkez,Correct
0A3B62BA-CC60-4D86-95DD-652C60BD6707,HAZAL ECZANESİ,Tokat,Merkez,40.31684,36.55278,Tokat Merkez,Correct
BB5B0077-638E-4163-A086-65BFE73FD7C1,DİLARA ECZANESİ,Tokat,Turhal,40.37936,36.05557,Tokat,Correct
BE6D35F2-A72E-4385-B847-668B66172986,CENGİZ SAKARYA MUAYENEHANESİ,Tokat,Merkez,40.32089,36.55112,Tokat Merkez,Correct
2781C7DE-53C8-46B6-96AC-67AE49424524,TARÇIN ECZANESİ,Tokat,Turhal,40.38398,36.0669,Tokat,Correct
481DABC0-1A8F-4E37-A7F6-6A61576B38F4,TUĞLU ECZANESİ,Tokat,Niksar,40.58949,36.95296,Tokat,Correct
5575D075-91E9-4595-ABEB-6AFDA38C1605,FIRAT ECZANESİ,Tokat,Zile,40.3087,35.90199,Tokat,Correct
211134E9-C1D2-47F6-A727-6B344F51FD7B,SARAY ECZANESİ,Tokat,Sulusaray,40.29787,35.88185,Tokat,Correct
27EC6901-5986-4B94-ABA1-6B7646043067,TOKAT İL SAĞLIK MÜDÜRLÜĞÜ,Tokat,Merkez,40.30971,36.55194,Tokat Merkez,Correct
1815C320-489B-4434-BB7A-6C70567FF89B,SABUNCUOĞLU ECZANESİ,Tokat,Merkez,37.82207,29.66832,Denizli,Wrong
14F4CA2E-3197-493A-9943-6C88ABC5BF51,SEVİLAY ECZANESİ,Tokat,Merkez,40.30563,36.55909,Tokat Merkez,Correct
E0CC96A6-39AA-4072-A295-6C9FAEEC008F,TOKAT TURHAL DEVLET HASTANESİ,Tokat,Turhal,40.38371,36.07072,Tokat,Correct
C887B32D-AB13-4DBC-8FB9-6E0A23F1191F,ASLI ECZANESİ,Tokat,Erbaa,40.66727,36.56962,Tokat,Correct
A76BCDAB-7881-4791-AF93-6E7ECAC38D17,GÖKHAN ÖĞRENİR MUAYENEHANESİ,Tokat,Merkez,40.32133,36.55383,Tokat Merkez,Correct
A1E2615F-FEDC-4460-8A0A-6E8FF32232D5,KADRİ KOÇ MUAYENEHANESİ,Tokat,Niksar,40.58897,36.95206,Tokat,Correct
C3572776-2EAF-4B75-946F-6EA56E488700,KORKMAZ ECZANESİ,Tokat,Merkez,40.33181,36.54603,Tokat Merkez,Correct
F801DD8C-F30B-4D84-9325-6F93DAB3BF2B,BETÜL YÜZER ECZANESİ,Tokat,Merkez,39.25757,-76.54236,Baltimore,Wrong
D665B045-4FDB-4F37-A7EF-70EDD1623FF8,KÜRŞAT KAPUSUZ MUAYENEHANESİ,Tokat,Merkez,38.41594,27.1366,İzmir,Wrong
C13C7674-3013-46FF-9985-725A36F1BD99,KOÇYİĞİT ECZANESİ,Tokat,Merkez,40.37826,36.90629,Tokat,Correct
AD6BB3EF-3CF1-4B1D-A43D-72A543A1281E,GÖKDERE ECZANESİ,Tokat,Merkez,40.31802,36.55733,Tokat Merkez,Correct
D2C5648A-BC57-459F-A69C-72CAB34DC2F4,YAVUZ İLİKCİ MUAYENEHANESİ,Tokat,Merkez,41.01816,28.87798,İstanbul,Wrong
4583BD35-7D58-4F22-921E-72F1C5A1E1D7,SELVİ ECZANESİ,Tokat,Reşadiye,40.58972,36.94431,Tokat,Correct
59017A3B-C32E-4C81-9047-741917159C80,MURAT ECZANESİ,Tokat,Turhal,40.38668,36.08686,Tokat,Correct
EA456FD4-0DE0-4FAC-8AD4-745F90277EE8,SULUSARAY İLÇE DEVLET HASTANESİ,Tokat,Sulusaray,40.32526,36.55497,Tokat Merkez,Correct
9EEFB941-0645-4289-BABE-74DC251823FE,ERİŞ ECZANESİ,Tokat,Turhal,40.38219,36.08288,Tokat,Correct
FA7ECD87-B1FD-4905-B7BD-7587652D9128,DEVA ECZANESİ,Tokat,Erbaa,41.1143,29.2876,İstanbul,Wrong
CE16AA1D-18FF-4773-BABD-764B0237D660,GÖKALP COŞKUN MUAYENEHANESİ,Tokat,Erbaa,40.67246,36.56933,Tokat,Correct
BFFE605F-0F4C-40B5-9C50-7702838E3C03,MUHAMMED MUSTAFA TAŞÇI MUAYENEHANESİ,Tokat,Turhal,40.38854,36.08653,Tokat,Correct
6FCEE67E-C1FB-4E45-A8AD-77D40C798AC4,ÇAMLIBEL ECZANESİ,Tokat,Merkez,40.30383,36.55669,Tokat Merkez,Correct
BE864928-EC22-4000-A785-78346B92ED19,DİLEK ECZANESİ,Tokat,Merkez,40.32355,36.55141,Tokat Merkez,Correct
1465F47C-0B1A-409F-9401-788C4FD94FE6,EGE ECZANESİ,Tokat,Niksar,40.58953,36.95558,Tokat,Correct
65655E38-A308-436A-8D61-7896BA50DD97,YEŞİLIRMAK ECZANESİ,Tokat,Merkez,40.32377,36.54894,Tokat Merkez,Correct
03B7E5B9-61BC-4CCF-8547-78E5990F7B80,AYBİKE ECZANESİ,Tokat,Turhal,40.36962,36.15912,Tokat,Correct
C99E2A9E-C754-4304-9A9E-7972BDB50386,YAŞAM ECZANESİ,Tokat,Turhal,40.39662,36.07135,Tokat,Correct
D1DB3277-888E-4576-BA97-7AE26A6E42E4,ÖZEL TOKAT GÖKMEDRESE DİYALİZ MERKEZİ,Tokat,Merkez,40.33736,36.54318,Tokat Merkez,Correct
A4263F32-3097-4F6F-8916-7E4816D0BEDC,ÖZTÜRK ECZANESİ,Tokat,Turhal,40.38748,36.0854,Tokat,Correct
4A1AA5FD-7FD8-4EA6-807B-7EE1A8A29F44,DİYETİSYEN EBRU BARSBAY,Tokat,Erbaa,40.67378,36.56812,Tokat,Correct
B5612603-C7DA-4B4D-84CA-80B343EE78C5,GAZİOĞLU ECZANESİ,Tokat,Merkez,40.32562,36.55525,Tokat Merkez,Correct
B986592E-C09F-4AAB-B4A5-814B226F0944,TOKAT REŞADİYE BEREKETLİ AİLE SAĞLIĞI MERKEZİ,Tokat,Reşadiye,40.51271,37.29191,Tokat,Correct
BFB44972-C667-4DF0-90E6-81737F0F2D6F,ASLI ECZANESİ,Tokat,Merkez,40.32449,36.54829,Tokat Merkez,Correct
2BC9A939-CE90-4E00-81FE-820D1CE230A9,SEÇKİN ECZANESİ,Tokat,Zile,40.3002,35.88708,Tokat,Correct
2E25CD44-8260-49AF-BDB7-82A952BBAF80,ELİF ECZANESİ,Tokat,Merkez,40.32342,36.55269,Tokat Merkez,Correct
88632570-20D3-420A-A0DA-834E182B58A3,NEFES ECZANESİ,Tokat,Merkez,40.3434,36.54109,Tokat Merkez,Correct
985D331D-B671-40E5-A07A-83E3BD33FA3B,TOKAT MERKEZ 75.YIL AİLE SAĞLIĞI MERKEZİ,Tokat,Merkez,40.32381,36.55326,Tokat Merkez,Correct
E385B1B9-873C-485B-BD38-8570EB30762D,YENİGÜN ECZANESİ,Tokat,Zile,40.30144,35.88369,Tokat,Correct
2582ED05-44E6-4123-8D90-85BF92D1F327,MELEK ECZANESİ,Tokat,Merkez,40.32333,36.55694,Tokat Merkez,Correct
614D8550-5A9C-4A1E-B80E-85E6A51713F9,CANDEMİR ECZANESİ,Tokat,Merkez,40.33545,36.54419,Tokat Merkez,Correct
7DD549A8-2889-4861-8317-85F1C3BABB5A,ÖZEL MEDİCAL PARK TOKAT HASTANESİ,Tokat,Merkez,40.33547,36.54537,Tokat Merkez,Correct
F33A2893-CF8E-4360-864C-88B723366E36,TOKAT REŞADİYE MERKEZ AİLE SAĞLIĞI MERKEZİ,Tokat,Reşadiye,40.39012,37.34059,Tokat,Correct
B033D50C-DCA2-4DEA-BDB8-89418AE7C33D,YALÇIN ECZANESİ,Tokat,Reşadiye,40.39109,37.33973,Tokat,Correct
35493549-1C28-4165-965F-8ADF17EB0D8D,BİZİM ECZANESİ,Tokat,Turhal,40.30993,35.91179,Tokat,Correct
254EB5CE-E611-4C54-9423-8B8CC20E4418,DENİZ ECZANESİ,Tokat,Turhal,40.38741,36.08271,Tokat,Correct
DC96990A-23D4-453E-A871-8C6806C7FE7A,RECEP AYALP MUAYENEHANESİ,Tokat,Merkez,39.64277,-76.02876,Maryland,Wrong
F811EACB-D140-4F5E-81E1-8F39DC1960D0,TOKAT MERKEZ GÜRYILDIZ AİLE SAĞLIĞI MERKEZİ,Tokat,Merkez,40.33047,36.47936,Tokat Merkez,Correct
99B9E3A4-4B08-4DB7-8DF6-8FCABBAA0C89,OZEL KLİNİK DENT DİS POLİKLİNİĞİ,Tokat,Merkez,40.33296,36.55006,Tokat Merkez,Correct
6107B94B-8B57-41FC-BFE3-8FF45237AC70,TOKAT ZİLE MERKEZ 75.YIL AİLE SAĞLIĞI MERKEZİ,Tokat,Zile,40.30247,35.88049,Tokat,Correct
77CD7D8B-EF9C-45AD-9A3F-906689B9152D,CAN ECZANESİ,Tokat,Merkez,40.48312,40.9997,Erzurum,Wrong
D3363571-63FB-4B7F-B8A7-90B314EA7708,SİNAN ECZANESİ,Tokat,Zile,40.30144,35.88364,Tokat,Correct
4E621980-FC10-400F-AA73-90EE599A04F3,TURHAL DEVLET HASTANESİ EK HİZMET BİNASI,Tokat,Turhal,40.38461,36.07192,Tokat,Correct
47C458BB-AE01-484F-AAAF-933CDC82C430,GÜNEŞ ECZANESİ,Tokat,Turhal,40.38944,36.08773,Tokat,Correct
EE5B21BA-795E-48B5-982E-94F4843054B6,KILIÇ ECZANESİ,Tokat,Reşadiye,40.39084,37.33999,Tokat,Correct
3584448A-45CD-49AC-A250-94F4F8E89E05,SAĞLIK ECZANESİ,Tokat,Erbaa,40.67191,36.58044,Tokat,Correct
9765E958-C8F1-4E88-A9E8-97F6870EDE29,TOKAT ERBAA İBN-İ SİNA AİLE SAĞLIĞI MERKEZİ,Tokat,Erbaa,40.67843,36.5702,Tokat,Correct
7B26FEAA-DDC7-44CE-A2DE-992F357035D7,ERBAA ECZANESİ,Tokat,Erbaa,40.67329,36.56906,Tokat,Correct
CC73CC2F-5213-4BA9-AD00-9B06627DA82D,YARAMIŞ ECZANESİ,Tokat,Niksar,40.58927,36.95401,Tokat,Correct
0C7B9E0E-4C11-479E-8B08-9C317AFA01A2,NİLÜFER ECZANESİ,Tokat,Merkez,40.32329,36.55306,Tokat Merkez,Correct
7DE7C002-4977-408C-9949-9CE8A214A31B,TOKAT MERKEZ 2 NOLU ESENTEPE AİLE SAĞLIĞI MERKEZİ,Tokat,Merkez,40.33718,36.55164,Tokat Merkez,Correct
97D37FAD-002F-486D-A83F-A053282E3235,CAHİT ATASEVER MUAYENEHANESİ,Tokat,Merkez,40.33212,36.5514,Tokat Merkez,Correct
B01583B7-47A4-4736-BE14-A06FA27D6DDD,BARIŞ SUBAŞI-ELİF ASLIHAN YAYLACI MUAYENEHANESİ,Tokat,Erbaa,39.51677,-76.19676,Maryland,Wrong
B581CE22-51A1-42DD-B042-A1B644BD774A,BEYAZ ECZANESİ,Tokat,Turhal,40.38523,36.08134,Tokat,Correct
500D08E8-712B-4BB7-B027-A3DCA9CC78E1,LOKMAN ECZANESİ,Tokat,Erbaa,40.67798,36.56988,Tokat,Correct
6C270F35-9709-4FF8-AF7C-A3F023EE5C22,MUSA SÖNMEZ MUAYENEHANESİ,Tokat,Merkez,40.32644,36.55376,Tokat Merkez,Correct
D09F2B64-8FE8-4953-AD48-A43015CC3257,ALMUS ECZANESİ,Tokat,Almus,40.37499,36.90138,Tokat,Correct
586C9DA8-2381-49D8-9F17-A440EB671DA2,ASLI ECZANESİ,Tokat,Reşadiye,40.3907,37.3401,Tokat,Correct
1E8619A4-48F7-4DEC-9622-A48A484A1312,DURU ECZANESİ,Tokat,Merkez,40.32385,36.54424,Tokat Merkez,Correct
20FE2093-FE66-497B-8327-A4920118D59D,ÖZEN ECZANESİ,Tokat,Merkez,40.30437,36.55673,Tokat Merkez,Correct
0DD06B19-F719-4271-9DBC-A5B0CE8D661F,ONUR ECZANESİ,Tokat,Zile,40.30694,35.87252,Tokat,Correct
D45D8C1B-9A5F-4E0A-A603-A5E4F85DBBD5,EMEK ECZANESİ,Tokat,Zile,39.36017,-76.40556,Maryland,Wrong
9DFEE878-B13A-4A3A-AD43-A6CFDB1422FE,TOKAT MERKEZ TOKİ AİLE SAĞLIĞI MERKEZİ,Tokat,Merkez,40.20324,36.45655,Tokat Merkez,Correct
A2C4E134-A260-420E-B41A-A749688A5485,TOKAT NİKSAR MERKEZ KUZSANTRAL AİLE SAĞLIĞI MERKEZİ,Tokat,Niksar,40.58926,36.95396,Tokat,Correct
6614B7C2-E5FB-41A0-B6B5-A87EDA2E8B3C,DERMAN ECZANESİ,Tokat,Merkez,40.39332,37.33754,Tokat,Correct
E1F2ECFB-A561-4736-AE02-AA2443F67D51,KOCATÜRK ECZANESİ,Tokat,Zile,40.29606,35.88787,Tokat,Correct
1F06C7EA-20A7-4644-A2EF-AB8509278EFD,AÇEL SAĞLIK MERKEZİ,Tokat,Merkez,30.43165,-86.55775,Florida,Wrong
F272C80C-DED6-4388-98CD-ABC6B0989362,ERDİNÇ ALTUNTAŞ MUAYENEHANESİ,Tokat,Merkez,41.01726,28.87678,İstanbul,Wrong
BD114354-239A-4B5E-B8FF-ACB6F7888103,MEHMETOĞLU ECZANESİ,Tokat,Reşadiye,40.39125,37.33942,Tokat,Correct
F4B07FC4-8151-45FC-AFF0-AD9545CCC569,DERYA ALDEMİR MUAYENEHANESİ,Tokat,Merkez,40.3324,36.55104,Tokat Merkez,Correct
13F9D897-CEEC-4BA5-B67E-AE5B4AD82D72,UĞUR TALİM MUAYENEHANESİ,Tokat,Turhal,40.38699,36.08452,Tokat,Correct
84686313-2945-4E30-BD0C-AE6D92A98982,UZAY AĞIZ VE DİŞ SAĞLIĞI POLİKLİNİĞİ,Tokat,Erbaa,37.0261,36.63359,Gaziantep,Wrong
94DDB630-94C1-4C08-9DE7-AEAB3FB2A4DC,TOKAT MERKEZ ALTIYÜZEVLER AİLE SAĞLIĞI MERKEZİ,Tokat,Merkez,40.34065,36.54113,Tokat Merkez,Correct
1F3BBDCD-6272-4AEE-8E33-AEBAB53A2664,TOKAT PAZAR DEVLET HASTANESİ,Tokat,Pazar,40.27673,36.28253,Tokat,Correct
649DA34F-AAA8-4991-A23F-AF45EEBA5C02,BİZİM ECZANESİ,Tokat,Zile,40.30854,35.90135,Tokat,Correct
7538B070-5174-4F4C-9FB8-AF9FD8E4D304,YİĞİT ECZANESİ,Tokat,Merkez,40.31431,36.5546,Tokat Merkez,Correct
86B4F382-F890-41F7-B3C3-B145230E5D13,ARZU AVCI SÜDÜTEMİZ MUAYENEHANESİ,Tokat,Erbaa,40.67115,36.5716,Tokat,Correct
9237BC51-6595-40DC-9686-B1716DB65369,MERKEZ ECZANESİ,Tokat,Niksar,40.59318,36.94293,Tokat,Correct
D60BC1D5-EA23-4CD4-B06F-B1BEAD403E84,BURCU ECZANESİ,Tokat,Merkez,40.31365,36.55424,Tokat Merkez,Correct
4BCED440-660F-4D4C-B670-B30FFE987AD7,SEÇİL ECZANESİ,Tokat,Turhal,40.38701,36.08648,Tokat,Correct
FB00CCB9-C934-45D2-A5BE-B34F08F265D8,TOKAT TURHAL MERKEZ YENİŞEHİR AİLE SAĞLIĞI MERKEZİ,Tokat,Turhal,40.3851,36.06569,Tokat,Correct
2F039782-F902-46DD-8CF8-B3EE3D820DB2,EREK ECZANESİ,Tokat,Erbaa,40.67147,36.57078,Tokat,Correct
067A67CE-C74F-486A-A0EF-B589067BC24D,ERBAA İLÇE SAĞLIK MÜDÜRLÜĞÜ,Tokat,Erbaa,40.67151,36.56848,Tokat,Correct
C77BA219-0777-484B-B633-B59A0A97C352,DEVA ECZANESİ,Tokat,Niksar,40.58962,36.95022,Tokat,Correct
D55DE79C-9D56-4FFF-B20F-B67B6CA929B3,ANADOLU ECZANESİ,Tokat,Niksar,40.59087,36.94368,Tokat,Correct
7B87039B-64E6-4F06-8474-B779C2AEABD1,TALU ECZANESİ,Tokat,Merkez,40.29729,36.55419,Tokat Merkez,Correct
8A1874C5-D7D2-4519-8E9D-B824A1EFC7DC,BAŞÇİFTLİK ECZANESİ,Tokat,Başçiftlik,40.54471,37.22512,Tokat,Correct
1FFA50B7-0AD2-495E-96E0-B83BD65DDF86,ARTOVA İLÇE DEVLET HASTANESİ,Tokat,Artova,40.32436,36.55377,Tokat Merkez,Correct
A6703DE6-D60C-4C7C-A642-B9BA87ED2F48,GÖKHAN ECZANESİ,Tokat,Niksar,40.58972,36.94505,Tokat,Correct
2DD12CAE-0442-4D48-AAB5-BACBD5C3D861,BURCU ECZANESİ,Tokat,Erbaa,40.66744,36.56962,Tokat,Correct
BEB42625-D559-4C96-9062-BAF8B69FCFBC,HASAN ECZANESİ,Tokat,Erbaa,40.77203,36.528,Tokat,Correct
D3B2D908-C994-421B-B202-BBBD95106330,ENES KILIÇ MUAYENEHANESİ,Tokat,Merkez,40.33085,36.55062,Tokat Merkez,Correct
3E551410-23E3-4034-8076-BC1510A2F5B3,FAZİLET ECZANESİ,Tokat,Turhal,40.38744,36.08287,Tokat,Correct
5FEE5544-7E86-4F81-9FFA-BCA91FD61A5B,GÜMÜŞ ECZANESİ,Tokat,Erbaa,40.67821,36.57005,Tokat,Correct
4E9A4708-1B15-4EA9-A6EE-BD369E5F2B47,MERKEZ ECZANESİ,Tokat,Almus,40.59318,36.94293,Tokat,Correct
B36ED379-6BAC-49F3-BDE0-BE33E42527A6,ŞİMŞEK ECZANESİ,Tokat,Merkez,40.33968,36.5404,Tokat Merkez,Correct
92C96596-B57C-4C2F-82FE-C0BA9DFEB78D,TOKAT MERKEZ SANAYİİ AİLE SAĞLIĞI MERKEZİ,Tokat,Merkez,40.33349,36.54692,Tokat Merkez,Correct
653ED0F7-C755-4F6A-B959-C19D7B2D0F2E,BURAK ECZANESİ,Tokat,Turhal,40.38467,36.07053,Tokat,Correct
B207DF33-CCA1-476C-9C00-C3482E1DF244,İLÇEM ECZANESİ,Tokat,Niksar,40.58953,36.94988,Tokat,Correct
CB8EB38C-EEB1-4043-A62E-C5364CB38DA0,TOPÇAM ECZANESİ,Tokat,Merkez,39.68957,-75.96636,Maryland,Wrong
7649A7EE-1DA0-4EF2-B828-C5CE207C1078,TOKAT ALMUS MERKEZ AİLE SAĞLIĞI MERKEZİ,Tokat,Almus,40.37638,36.9095,Tokat,Correct
1E2C20CD-2D44-47DD-8524-C624AE858AE1,ÇAĞRI ECZANESİ,Tokat,Merkez,38.92817,-76.98156,Washington,Wrong
3E1B0D4D-5F91-4FC0-8FE0-C6C978457D73,ÇİÇEK ECZANESİ,Tokat,Erbaa,40.67269,36.56892,Tokat,Correct
3FAB33E3-B5F0-46F5-92BB-C78C5DF351AB,TOKAT DENTAL AĞIZ VE DİŞ SAĞLIĞI POLİKLİNİĞİ,Tokat,Merkez,40.31981,36.55188,Tokat Merkez,Correct
8ACD8454-0D78-4925-B536-C7CCBFA62D86,ÖZEL FİZYOMER FİZİK TEDAVİ VE REHABİLİTASYON MERKEZİ,Tokat,Merkez,40.33174,36.52475,Tokat Merkez,Correct
247A22A4-2AF0-424B-9491-C88C84336778,TOKAT TURHAL MERKEZ AHMET YESEVİ AİLE SAĞLIĞI MERKEZİ,Tokat,Turhal,40.38912,36.09623,Tokat,Correct
CB325637-F8EC-459C-A33B-C902951B8042,MURAT ECZANESİ,Tokat,Merkez,38.97587,-76.91796,College Park,Wrong
FAE2D2A1-C3FC-4400-A859-C92A51F44A07,YENİ PAZAR ECZANESİ,Tokat,Pazar,40.27977,36.28857,Tokat,Correct
93C75158-A5DB-43AD-9810-CA1700601868,İSMAİL ÖZEN MUAYENEHANESİ,Tokat,Merkez,40.31867,36.55313,Tokat Merkez,Correct
27334B3B-7E8A-4761-952A-CA68C91B777C,HAYAT ECZANESİ,Tokat,Merkez,39.24317,-76.56156,Baltimore,Wrong
74C6EF94-49C7-40C2-B2DD-CAB7076802C2,SEVGİ ECZANESİ,Tokat,Merkez,41.08146,39.38249,Trabzon,Wrong
852D4200-2CAC-48D4-B059-CCC02CF63A15,TOKAT 41 NCİ BÖLGE ECZACILAR ODASI,Tokat,Merkez,39.27287,-76.52196,Dundalk,Wrong
2926A7EA-007D-4F9D-9345-CDB7DB5FDA58,ŞİFA ECZANESİ,Tokat,Turhal,40.38705,36.08622,Tokat,Correct
F4E9C05C-0596-40C5-906D-CE431A4B31A4,MERKEZ ECZANESİ,Tokat,Turhal,40.38551,36.08485,Tokat,Correct
7C246310-F4D6-4ED7-BAB0-CEC8A702A092,ERGİN ECZANESİ,Tokat,Merkez,40.34113,36.54031,Tokat Merkez,Correct
94796B4F-FA79-493E-88DE-CF8C442E3351,EBRU ECZANESİ,Tokat,Turhal,40.36766,36.04453,Tokat,Correct
1DCE6928-A79B-4905-9ED0-CFD37BBD0D15,TOKAT MERKEZ ÇAMLIBEL AİLE SAĞLIĞI MERKEZİ,Tokat,Merkez,40.08769,36.47442,Tokat Merkez,Correct
5677DC8C-02F7-4E02-AAF4-CFEFA08BAD82,ALPAT ECZANESİ,Tokat,Turhal,40.38738,36.06711,Tokat,Correct
6C5CE335-F6A0-42DC-873A-D130A14C255F,KARANFİL ECZANESİ,Tokat,Merkez,40.32018,36.55271,Tokat Merkez,Correct
260DFF51-707A-48C8-9B91-D1BE772D2518,YASEMİN AKIN MUAYENEHANESİ,Tokat,Erbaa,40.71387,36.44845,Tokat,Correct
6DB479EF-B884-4092-B2EA-D2D22190D0D4,HAYAT ECZANESİ,Tokat,Erbaa,40.67285,36.56896,Tokat,Correct
04FF148E-C785-4342-B960-D396C539965D,BURAK ECZANESİ,Tokat,Pazar,40.27969,36.28843,Tokat,Correct
11D555D5-4707-4E9A-B63F-D3C1D41F50E5,AKSOY ECZANESİ,Tokat,Turhal,40.38912,36.09642,Tokat,Correct
AC5016CF-2DB5-4470-9FB7-D61754D95202,TOKAT TURHAL KAT AİLE SAĞLIĞI MERKEZİ,Tokat,Turhal,40.34519,36.32226,Tokat,Correct
A7E9D395-AA9A-4140-B30B-D6D6A9931FE7,ZİLE ECZANESİ,Tokat,Zile,40.30862,35.90162,Tokat,Correct
ED456DF2-3FC0-4088-B859-D8C4113C48EB,SERDAR ECZANESİ,Tokat,Merkez,40.32451,36.52322,Tokat Merkez,Correct
02DCAC5B-0C31-4FC0-B7EE-DA96CC312880,LEYLA KALEM ŞİMŞEK MUAYENEHANESİ,Tokat,Merkez,40.33756,36.54744,Tokat Merkez,Correct
1249B702-DA7F-46B7-9CCA-DB9021ACDFD8,HAVVA YILDIZ SEÇKİN MUAYENEHANESİ,Tokat,Merkez,40.3333,36.55224,Tokat Merkez,Correct
6C53EA05-4351-4798-8103-DC9A86A98AEE,AKSOY ECZANESİ,Tokat,Niksar,40.58919,36.95253,Tokat,Correct
B5F73E0A-E2DE-4073-8AA4-E0790AA993B1,BAŞÇİFTLİK İLÇE DEVLET HASTANESİ,Tokat,Başçiftlik,40.32346,36.55257,Tokat Merkez,Correct
8468FC14-51DE-4A98-AFA0-E2EA97E03FFD,ZİLE 4 NOLU MEYDAN ASM,Tokat,Zile,40.30147,35.88381,Tokat,Correct
0AC13781-A1DF-4C69-9108-E3C2F2C301E1,DEMET ERKAN ECZANESİ,Tokat,Merkez,41.17037,29.05933,İstanbul,Wrong
F651A4CC-C439-4796-B719-E8BF9149092D,LOKMAN ECZANESİ,Tokat,Niksar,40.58929,36.95446,Tokat,Correct
287A6692-C850-46C0-BB93-E94BF6B03BB3,OĞUZHAN BÜYÜKBAY MUAYENEHANESİ,Tokat,Merkez,41.05743,28.91196,İstanbul,Wrong
5F6F2FDF-DC48-4288-BD6D-EA08843620A5,YAŞAM ECZANESİ,Tokat,Erbaa,40.70565,36.45246,Tokat,Correct
0380E8FE-2FB3-4651-AEED-EA759282C057,ALPER TOSUN MUAYENEHANESİ,Tokat,Merkez,40.32057,36.55304,Tokat Merkez,Correct
317FFCC8-35D1-4F53-BD5D-EB10D38DCD5D,TOKAT ARTOVA MERKEZ AİLE SAĞLIĞI MERKEZİ,Tokat,Artova,40.11905,36.29193,Tokat,Correct
6C81F4A0-47B1-47BD-AA0B-EC07D77BD069,AYNUR ÜRKMEZ MUAYENEHANESİ,Tokat,Merkez,38.98667,-76.90356,Maryland,Wrong
1622B364-22E7-4FE2-84D6-ED6D575947EF,SÖNMEZ ECZANESİ,Tokat,Merkez,40.32334,36.55386,Tokat Merkez,Correct
0029935D-09CB-4A5B-86DA-EE6B48885CDD,EVREN ECZANESİ,Tokat,Merkez,40.34073,36.55872,Tokat Merkez,Correct
A6955E32-0722-41EB-A7DC-EEA0B79F3F46,TOKAT ZİLE MERKEZ CEMALETTİN DİNÇER AİLE SAĞLIĞI MERKEZİ,Tokat,Zile,40.2935,35.87151,Tokat,Correct
257D1AF0-8BC9-47B5-A957-F1A348DBAD46,TOKAT ZİLE DEVLET HASTANESİ,Tokat,Zile,40.30006,36.54476,Tokat Merkez,Correct
CFC984F4-5EA9-4BDC-82F6-F1BDDD8E68A7,NUMUNE ECZANESİ,Tokat,Merkez,40.31135,36.55219,Tokat Merkez,Correct
DAB4BC76-EFC1-41DD-BA53-F25CFFFE2C13,GAZİOSMANPAŞA ÜNİVERSİTESİ ARAŞTIRMA VE UYGULAMA HASTANESİ,Tokat,Merkez,40.32431,36.547,Tokat Merkez,Correct
52562429-AB7A-4AC1-A30E-F3B2138C952B,NİHAT CİNEMRE MUAYENEHANESİ,Tokat,Yeşilyurt,38.76049,41.51115,Muş,Wrong
E8ED599F-B850-4D72-806E-F47866BD122E,KARŞIYAKA ECZANESİ,Tokat,Merkez,40.33674,36.54913,Tokat Merkez,Correct
CF1B8FCE-244E-42A0-A115-F626B9C2BB8D,TOKAT MERKEZ 1 NOLU ESENTEPE AİLE SAĞLIĞI MERKEZİ,Tokat,Merkez,40.33775,36.55065,Tokat Merkez,Correct
17FEACA4-5CDC-4C2D-93A7-F7D036C1D989,BEREN ECZANESİ,Tokat,Merkez,40.32358,36.5499,Tokat Merkez,Correct
3AAFF611-E0B3-4C72-AE39-F84A64137606,TOKAT ZİLE YILDIZTEPE AİLE SAĞLIĞI MERKEZİ,Tokat,Zile,40.18811,35.88808,Tokat,Correct
7B814B51-6702-4656-9BAE-F89FAC3AEFFA,BUGRA ECZANESI,Tokat,Merkez,40.32323,36.55401,Tokat Merkez,Correct
8F6294FA-6954-4DA0-B8FE-F90F128A7716,TOKAT REŞADİYE HASANŞEYH AİLE SAĞLIĞI MERKEZİ,Tokat,Reşadiye,40.47356,37.45596,Tokat,Correct
EC5AF85C-2D64-463E-9056-F9683653BAA6,SAĞLIK ECZANESİ,Tokat,Zile,40.30065,35.8783,Tokat,Correct
0742A4ED-83BB-4F86-A54F-F9C135F96A85,YUNUS EMRE ECZANESİ,Tokat,Erbaa,40.67846,36.57022,Tokat,Correct
869C29EC-87BC-4E53-89D4-F9F246A9B9AB,ÇINAR ECZANESİ,Tokat,Merkez,40.34043,36.56103,Tokat Merkez,Correct
FFED7A3A-477D-4C9B-B651-F9F4210020F4,TEMİZ ECZANESİ,Tokat,Erbaa,40.6697,36.56996,Tokat,Correct
BEE26DF7-68B6-46CB-ACFE-FA20B6D8D51E,TURHAL ŞEHİT PİYADE UZMAN ÇAVUŞ EMRAH ÇEÇEN ASM,Tokat,Turhal,40.38213,36.08407,Tokat,Correct
B22754AC-F9E0-41B2-B446-FA3A77BF7828,BAHARDALİ ECZANESİ,Tokat,Niksar,40.57306,36.96105,Tokat,Correct
917BB23E-C39B-4051-8271-FA5B697CD89A,BETÜL CUCU MUAYENEHANESİ,Tokat,Zile,40.29975,35.88715,Tokat,Correct
AADA3AE3-108F-425F-AD65-FA9162142767,PAPATYA ECZANESİ,Tokat,Turhal,40.3877,36.08524,Tokat,Correct
D8BC4331-329F-4945-B139-FB01B66D5098,ERGÜDEN ECZANESİ,Tokat,Niksar,40.58694,36.94768,Tokat,Correct
09896706-ACD8-40A5-A69E-FB6AE8D8EB14,TOKAT YEŞİLYURT MERKEZ AİLE SAĞLIĞI MERKEZİ,Tokat,Yeşilyurt,40.0115,36.22751,Tokat,Correct
B4DBAA2A-DF34-4FE2-8019-FCC67BEB2533,TOKAT ECZANESİ,Tokat,Merkez,40.32036,36.55187,Tokat Merkez,Correct
09116176-9922-4802-8E67-FD7FC2E545F7,SAĞLIK ECZANESİ,Tokat,Niksar,40.58996,36.95195,Tokat,Correct
0DE81CF7-CB10-411C-868C-FDC890C08A0E,DEVA ECZANESİ,Tokat,Merkez,40.31707,36.55392,Tokat Merkez,Correct
D931CE2B-0ACD-44AE-B385-FE3E7AD81E58,ÖZER ECZANESİ,Tokat,Turhal,40.38031,36.07665,Tokat,Correct
3B860FF1-E69E-4FC7-B538-FEFA77418F11,BAHAR ECZANESİ,Tokat,Merkez,40.32395,36.54402,Tokat Merkez,Correct
