UnitId,UnitName,CityName,DistrictName,Latitude,Longitude,DetectedCity,Match
A0CE7EF6-9969-4546-9A35-06059D3E638F,BORAN ECZANESİ,Tunceli,Merkez,39.1061,39.54849,Tunceli,Correct
A3E87D99-0010-46D8-8616-070CC9558612,ERJENG ŞAYESTE MUAYENEHANESİ,Tunceli,Merkez,39.10716,39.54968,Tunceli,Correct
44170AD4-E477-4214-88AB-0D62CE37AD42,TUNCELİ MERKEZ 4 NOLU ASM,Tunceli,Merkez,40.07574,29.50991,Bursa,Wrong
963C80C6-39F2-4E77-AB1A-12762395D301,DOĞA ECZANESİ,Tunceli,Nazimiye,39.18011,39.82788,Tunceli,Correct
48B42B7B-D1F3-422F-94F9-15E4DB2486D9,TUNCELİ PERTEK PERTEK AİLE SAĞLIĞI MERKEZİ,Tunceli,Pertek,38.86751,39.32614,Tunceli,Correct
45F97412-A75B-4C40-B671-1A8C3C483AD3,ESER ECZANESİ,Tunceli,Merkez,39.07214,39.53044,Tunceli,Correct
F54F3BD7-4280-46BA-962B-206CC851050A,PÜLÜMÜR MERKEZ TSM,Tunceli,Pülümür,39.48604,39.8971,Tunceli,Correct
1E5C783A-266F-4EE7-A887-22B57C7B55E2,DİLAN BALIK ECZANESİ,Tunceli,Çemişgezek,39.0629,38.91111,Tunceli,Correct
5E2AE307-2BE6-4DB6-9C20-2C4884BDCE89,PERTEK 70 YİL CUMHURIYET İLÇE HASTANESİ,Tunceli,Pertek,39.10763,39.53536,Tunceli,Correct
0779AF18-55DE-401F-89B0-2DAF12E1DAA7,ECE ECZANESİ,Tunceli,Merkez,39.35871,39.21586,Tunceli,Correct
4EB11C44-1841-4920-9A9A-3225BC5865D4,BARIŞ DAŞCAN DİŞ KLİNİĞİ,Tunceli,Merkez,39.10599,39.54903,Tunceli,Correct
EA877F64-AF40-4F26-B5BA-5240503282B9,DERMAN ECZANESİ,Tunceli,Hozat,39.1059,39.54959,Tunceli,Correct
4FAB0317-3705-4C82-BFFC-5281A0BB54B4,TUNCELİ ÇEMİŞGEZEK ÇEMİŞGEZEK AİLE SAĞLIĞI MERKEZİ,Tunceli,Çemişgezek,39.05435,38.91591,Tunceli,Correct
01616A82-2596-4693-899D-56B38FFA8F43,TUNCELİ MERKEZ TSM,Tunceli,Merkez,39.10818,39.54301,Tunceli,Correct
C38EA463-4DA3-4E8B-923C-5976AE39B1A5,OVACIK ECZANESİ,Tunceli,Ovacik,39.35853,39.21464,Tunceli,Correct
C64E80C3-7BD2-46CB-91FB-5B0CEE6DB63B,TUNCELİ MERKEZ CUMHURİYET AİLE SAĞLIĞI MERKEZİ,Tunceli,Merkez,39.1038,39.53678,Tunceli,Correct
8A48132A-39F0-473B-8706-60A108B56BD7,HAKAN OMUR DİŞ KLİNİĞİ,Tunceli,Merkez,39.10793,39.5492,Tunceli,Correct
7EC284EA-1F0E-4EB3-99F5-61B14FFCACF9,EZGİ ECZANESİ,Tunceli,Merkez,39.10373,39.53822,Tunceli,Correct
35B8531E-FEEF-427D-92F4-68A7635F221E,EKİN ECZANESİ,Tunceli,Pertek,38.86768,39.31827,Tunceli,Correct
C63B706D-C436-4E5E-BBF1-6CE5F3A5BA34,TUNCELİ MAZGİRT İLÇE ENTEGRE HASTANESİ,Tunceli,Mazgirt,39.01837,39.60424,Tunceli,Correct
705D44BF-A11B-47C9-8319-7F16B7BBA902,CİHANSER ECZANESİ,Tunceli,Merkez,39.0874,39.53722,Tunceli,Correct
6394C62D-465E-4C46-A6EE-7F7BEAE6B5CE,DEVA ECZANESİ,Tunceli,Merkez,37.67286,28.31031,Aydın,Wrong
161460B9-D627-434F-AF43-8B30FEB09294,TUNCELİ MERKEZ 5 NOLU AİLE SAĞLIĞI MERKEZİ,Tunceli,Merkez,39.11199,39.55148,Tunceli,Correct
A174C9FB-7B1A-4284-B3F6-8C2CEF729CF5,GÜNDOĞAN ECZANESİ,Tunceli,Merkez,39.10918,39.54966,Tunceli,Correct
EDCFFD3A-39D4-4471-851D-9B4030D4808A,GÜVEN ECZANESİ,Tunceli,Pertek,39.51407,-76.20036,Maryland,Wrong
7D55E49F-852F-4718-8A4A-B544EEE465E8,TUNCELI OVACIK İLÇE HASTANESİ,Tunceli,Ovacik,39.3586,39.21547,Tunceli,Correct
C6FB2488-001B-4380-A46E-C2C9E83A4151,TUNCELİ MERKEZ ATATÜRK AİLE SAĞLIĞI MERKEZİ,Tunceli,Merkez,39.0875,39.53633,Tunceli,Correct
59960A8F-1862-479E-B5F5-CE17C9548D79,ÇEMİŞGEZEK İLÇE DEVLET HASTANESİ,Tunceli,Çemişgezek,39.05696,38.91374,Tunceli,Correct
1BB6BB7D-9662-46A1-ABC7-CEF11C3DCAAE,KAYA ECZANESİ,Tunceli,Merkez,39.08489,39.53817,Tunceli,Correct
04768AEA-95B5-43E0-A56F-D1DF0429BC2C,KUTLUĞ ECZANESİ,Tunceli,Çemişgezek,39.06281,38.91041,Tunceli,Correct
EC82B20C-D08A-4AB7-82C6-D5511228ABE6,MAZGİRT ECZANESİ,Tunceli,Mazgirt,39.17965,39.82897,Tunceli,Correct
9E721334-5299-4719-88E9-D63B7978AF74,MELTEM ECZANESİ,Tunceli,Merkez,39.1062,39.54795,Tunceli,Correct
15D110A2-EC3B-41A8-AA07-E0B2F382EAA3,TUNCELİ MERKEZ DR. MEHMET KAHRAMAN AİLE SAĞLIĞI MERKEZİ,Tunceli,Merkez,39.10689,39.55023,Tunceli,Correct
928CF9A4-931F-4373-B4DB-E10C8D320CDD,T.C. S.B. TUNCELİ DEVLET HASTANESİ,Tunceli,Merkez,38.03409,38.25219,Adıyaman,Wrong
F413EDA0-7318-41A7-960F-E2E91F912F69,T.C. S.B. TUNCELİ AĞIZ VE DİŞ SAĞLIĞI MERKEZİ,Tunceli,Merkez,39.10773,39.54854,Tunceli,Correct
E47F2C7E-230D-4F8F-9500-E7BFE6392560,DOĞAN ECZANESİ,Tunceli,Merkez,39.09017,39.53659,Tunceli,Correct
532BA542-C59E-4710-A15C-ED3E7DA3B7C9,SERDAR ECZANESİ,Tunceli,Merkez,39.10722,39.5494,Tunceli,Correct
