UnitId,UnitName,CityName,DistrictName,Latitude,Longitude,DetectedCity,Match
8B8B0837-B7BB-485B-9850-005F3FAF7A2C,SİBEL ECZANESİ,Diyarbakir,Bağlar,37.92358,40.17247,Diyarbakır,Correct
C6725C36-57E9-41EA-A4CA-007651E39A77,DİYARBAKIR KAYAPINAR 37 NOLU ASM,Diyarbakir,Kayapinar,37.94465,40.18715,Diyarbakır,Correct
3C8051C4-C8A3-47D5-ADA9-00AEF20A057A,ARAL ECZANESİ,Diyarbakir,Çinar,37.71515,39.98812,Diyarbakır,Correct
85071B48-D9A5-4F62-8979-0103380D1513,OKYANUS ECZANESİ,Diyarbakir,Kayapinar,37.92832,40.13385,Diyarbakır,Correct
EA80EF4D-7A6C-423A-BB13-0183E977AC37,ÖZEL DÜNYAPARK HASTANESİ,Diyarbakir,Kayapinar,37.9477,40.18905,Diyarbakır,Correct
231528C2-22FC-4ED2-84B9-01FC39826EB4,DİYARBAKIR YENİŞEHİR ŞEHİTLİK AİLE SAĞLIĞI MERKEZİ,Diyarbakir,Yenişehir,37.90716,40.2173,Diyarbakır,Correct
1A4FC891-60B8-4FBE-BDD6-024865B54AA1,ÖZEL AKADEMİ K.B.B HASTALIKLARI CERRAHİ DAL MEKEZİ,Diyarbakir,Yenişehir,37.91862,40.23524,Diyarbakır,Correct
2084F35A-1A3D-4E88-B2AF-0249ED4027B6,DİYARBAKIR DİCLE MERKEZ 1 NOLU AİLE SAĞLIĞI MERKEZİ,Diyarbakir,Dicle,38.36879,40.06908,Diyarbakır,Correct
5352D92E-FADE-476A-98AD-027D6B9C94E9,DEFNE ECZANESİ,Diyarbakir,Kayapinar,37.93695,40.18792,Diyarbakır,Correct
22ECB26F-F3B3-41DC-91D8-02B351E38698,DİYARBAKIR SUR KÖPRÜBAŞI AİLE SAĞLIĞI MERKEZİ,Diyarbakir,Sur,38.18304,40.66764,Diyarbakır,Correct
59F5FA81-6ED2-4315-9741-0375E51E110B,PAKETÇİ ECZANESİ,Diyarbakir,Kayapinar,37.92368,40.13552,Diyarbakır,Correct
F30C52EB-D4E3-4F45-A315-03AE8FC533EB,MECNUN ECZANESİ,Diyarbakir,Kayapinar,37.92634,40.1627,Diyarbakır,Correct
22F63987-CEC0-4400-9C55-03BC1C0F4DFC,ÖZTÜRK ECZANESİ,Diyarbakir,Bismil,37.84651,40.66342,Diyarbakır,Correct
5BA2F057-2490-40E7-9668-042E6C2B3CAD,CİGERHUN ECZANESİ,Diyarbakir,Bağlar,37.92366,40.2013,Diyarbakır,Correct
428EA86B-232C-4370-8568-042EB56B1226,ÇERMİK MERKEZ 3 NOLU AİLE SAĞLIĞI MERKEZİ,Diyarbakir,Çermik,38.13525,39.44812,Diyarbakır,Correct
C1F96DD7-C94C-4164-978D-043B640DF9DD,ASYA ECZANESİ,Diyarbakir,Bağlar,39.37097,-76.39116,No Info,No Info
80B1361E-165D-408B-BC77-044C15F2FBB2,İNCİ ECZANESİ,Diyarbakir,Kayapinar,37.94655,40.17406,Diyarbakır,Correct
5DF60CB0-DB26-4DF8-A8AC-050F887D2757,DİYARBAKIR ÇERMİK MERKEZ 1 NOLU AİLE SAĞLIĞI MERKEZİ,Diyarbakir,Çermik,38.13569,39.45323,Diyarbakır,Correct
F9FD255C-EA2B-4770-8482-05C6A18F4589,ÇARIKLI ECZANESİ,Diyarbakir,Sur,37.90565,40.21061,Diyarbakır,Correct
ED038D42-22D5-4BE5-80F7-064956FAE46B,ÜSTÜN ECZANESİ,Diyarbakir,Ergani,38.25802,39.78904,Diyarbakır,Correct
B5C5C4B9-3C71-4B54-BF8C-064B8042EB8C,DİYARBAKIR ÇEMATEM SAĞLIK MERKEZİ,Diyarbakir,Yenişehir,38.25068,39.78714,Diyarbakır,Correct
E8D7EE21-D05B-43AA-A910-0703FE4B3964,ATLAS ECZANESİ,Diyarbakir,Kayapinar,37.84526,40.65872,Diyarbakır,Correct
ED8B2196-9624-4FA6-8E61-0715F1F4AD6F,İKLİMA MELTEM KARAKOÇ BESLENME VE DİYET DANIŞMA,Diyarbakir,Kayapinar,37.95657,40.16642,Diyarbakır,Correct
AAB9FDC6-4D47-4A2D-86AC-078866112E74,AYŞİN ECZANESİ,Diyarbakir,Bağlar,37.9179,40.20837,Diyarbakır,Correct
EBBDC15D-5FEA-4734-8309-07BE22421B5A,TEPE İLÇE DEVLET HASTANESİ,Diyarbakir,Bismil,37.85063,40.66351,Diyarbakır,Correct
CED1A332-3B1E-4025-99D0-07C29F663FB1,IHLAMUR ECZANESİ,Diyarbakir,Yenişehir,37.98892,40.14255,Diyarbakır,Correct
3A94C71F-8ACC-4D38-AD24-09CED7AF20EF,YILMAZ KAYA MUAYENEHANESİ,Diyarbakir,Yenişehir,37.91611,40.23603,Diyarbakır,Correct
0D80E7C4-E451-4DF0-A2C9-0A9FB2BF92A8,ÇINAR MERKEZ TSM,Diyarbakir,Çinar,37.72546,40.41431,Diyarbakır,Correct
E4482562-0D5C-498E-9B51-0AE0C548D4D2,ÖZEL DİCLE FIRAT AĞIZ VE DİŞ SAĞLIĞI POLİKLİNİĞİ,Diyarbakir,Kayapinar,37.94643,40.18597,Diyarbakır,Correct
F01EB040-D553-4F9B-AF20-0B012FB7787E,VAHDET ECZANESİ,Diyarbakir,Kayapinar,37.94366,40.18837,Diyarbakır,Correct
19047CE9-A0D0-4E2D-BD8B-0B0FAEE8E371,ORHAN TAŞDELEN AĞIZ VE DİŞ SAĞLIĞI POLİKLİNİĞİ,Diyarbakir,Kayapinar,37.95255,40.1673,Diyarbakır,Correct
271F2E3F-6D94-44FC-9C80-0B3666F88F45,SEMA ECZANESİ,Diyarbakir,Bismil,37.85063,40.66444,Diyarbakır,Correct
B19E9CFE-0C01-4DFE-A9E4-0B8E3BF14FED,İSRAFİL BÜLBÜL MUAYENESİ,Diyarbakir,Kayapinar,37.95424,40.16951,Diyarbakır,Correct
AED5D3D2-73D4-4F00-96B8-0BA22C88D19A,DİYARBAKIR ÇINAR MERKEZ 2 NOLU AİLE SAĞLIĞI MERKEZİ,Diyarbakir,Çinar,37.72557,40.4135,Diyarbakır,Correct
88EA5654-1F95-479A-A998-0BD086EC3B55,KEVSER ECZANESİ,Diyarbakir,Ergani,38.25705,39.78074,Diyarbakır,Correct
33EDC60F-0D57-4073-8381-0C08716D8BA1,ZENCEFİL ECZANESİ,Diyarbakir,Çinar,37.72308,40.4125,Diyarbakır,Correct
097BB582-5ED5-4720-A7C6-0C421773BE24,İSKANEVLERİ ECZANESİ,Diyarbakir,Kayapinar,37.91876,40.13086,Diyarbakır,Correct
57F23FEC-21B9-4501-96BE-0C4AE4D7DA19,HAVİN ECZANESİ,Diyarbakir,Bağlar,37.93137,40.20501,Diyarbakır,Correct
99966729-9FBF-408E-B5A8-0CD4468D0654,ABDURRAHMAN ÖNEN MUAYENEHANESİ,Diyarbakir,Kayapinar,37.94362,40.19636,Diyarbakır,Correct
819F9F2C-B45E-45EF-8857-0D26C97E8576,ŞEYDA ASLAN AĞIZ VE DİŞ SAĞLIĞI POLİKLİNİĞİ,Diyarbakir,Kayapinar,37.95165,40.1661,Diyarbakır,Correct
E0ED426E-1F4B-4526-A5F1-0DD820CCE45D,LOTUS ECZANESİ,Diyarbakir,Çinar,37.85206,40.52668,Diyarbakır,Correct
71420993-46EE-4EF2-973D-0E63DC6976F9,DİYARBAKIR BAĞLAR HAMRAVAT AİLE SAĞLIĞI MERKEZİ,Diyarbakir,Bağlar,37.91174,40.14946,Diyarbakır,Correct
C15715CE-C3EB-463A-B669-0E71135D36FB,DEMİR ECZANESİ,Diyarbakir,Bağlar,37.91712,40.21195,Diyarbakır,Correct
F6650753-270F-4A36-875E-0EA02483A19F,GAP ECZANESİ,Diyarbakir,Bismil,37.84645,40.66342,Diyarbakır,Correct
7335D041-D6A4-4F13-ADCD-0EF0CC979D32,DOĞA ECZANESİ,Diyarbakir,Kayapinar,37.91619,40.11273,Diyarbakır,Correct
BFEAEA49-0514-4AFD-88DE-0F4C422C2925,YEŞİLVADİ ECZANESİ,Diyarbakir,Çinar,37.84145,40.23172,Diyarbakır,Correct
8EDD6F57-C2BE-4591-95F8-0F5E936A85A5,ATAY ECZANESİ,Diyarbakir,Dicle,38.37247,40.07324,Diyarbakır,Correct
370577A8-F905-48A4-83B4-0F8DB32AE9BB,VİTAMİN ECZANESİ,Diyarbakir,Bismil,37.84573,40.67012,Diyarbakır,Correct
8DCC11E0-DB6D-4C6A-B5DB-0FAD421ADC4A,DİYARBAKIR ÇOCUK HASTALIKLARI HASTANESİ BAĞLAR SEMT POLİKLİNİĞİ,Diyarbakir,Kayapinar,37.93483,40.20012,Diyarbakır,Correct
FE05940E-88E1-4CDC-A1EF-104B8994F3CC,OFİS ECZANESİ,Diyarbakir,Yenişehir,37.91937,40.21882,Diyarbakır,Correct
1CC71510-A0E5-49DE-A2C5-10DE16B74CC9,ARYA ECZANESİ,Diyarbakir,Kayapinar,37.93653,40.18803,Diyarbakır,Correct
38DD5ECA-B031-4523-83EE-1132D4421E05,BİSMİL MERKEZ 2 NOLU ASM,Diyarbakir,Bismil,37.85792,40.66559,Diyarbakır,Correct
6C4D514C-F892-4174-9A47-1183438CCC46,DENTAMED AĞIZ DİŞ SAĞLIĞI POLİKLİNİĞİ,Diyarbakir,Kayapinar,37.94314,40.17283,Diyarbakır,Correct
DF2F479D-7F04-40E1-A855-1249B0AD3CAD,MARDİN KAPI ECZANESİ,Diyarbakir,Sur,37.90798,40.2359,Diyarbakır,Correct
FC2704B6-D181-4E68-8CF7-12A093DE8D50,KİZİROĞLU ECZANESİ,Diyarbakir,Hani,38.4082,40.40145,Diyarbakır,Correct
F08694F7-5803-4C89-88CF-12B2CAFB04FE,SUR MERKEZ 8 NOLU ASM,Diyarbakir,Sur,37.95036,40.31653,Diyarbakır,Correct
BE3A9736-28D0-484F-B304-1320067C6F69,ÖZEL BATI HASTANESİ,Diyarbakir,Kayapinar,37.76364,40.67919,Diyarbakır,Correct
645EC0D1-79A1-47CD-87F3-139DAA8E29C8,DİYARBAKIR KADIN DOĞUM VE ÇOCUK HASTALIKLARI HASTANESİ,Diyarbakir,Bağlar,37.93014,40.18272,Diyarbakır,Correct
B8043B10-FD3B-43DE-ADAF-13A80292D4BA,DİYARBAKIR ÇÜNGÜŞ İLÇE DEVLET HASTANESİ,Diyarbakir,Çüngüş,37.93325,40.15688,Diyarbakır,Correct
67176C82-0C41-4179-993E-142E9071089A,ÖZEL BUTİK DENTAL KLİNİĞİ,Diyarbakir,Bağlar,37.92802,40.18254,Diyarbakır,Correct
CAE05E74-9AE0-4FE5-9849-15735CD109BE,HANİ İLÇE HASTANESİ,Diyarbakir,Hani,38.40018,40.46868,Diyarbakır,Correct
5E53E4F3-C54B-49EF-8056-1592F272DE16,DİYARBAKIR KULP MERKEZ 1 NOLU AİLE SAĞLIĞI MERKEZİ,Diyarbakir,Kulp,38.50044,41.01047,Diyarbakır,Correct
7329F869-99A5-47FE-8A09-15C4CECEA21C,YENTÜR ECZANESİ,Diyarbakir,Ergani,38.27177,39.75899,Diyarbakır,Correct
944BF497-91A0-44BE-A165-15F3AC3638DE,DİYARBAKIR HANİ MERKEZ 1 NOLU AİLE SAĞLIĞI MERKEZİ,Diyarbakir,Hani,38.40959,40.40242,Diyarbakır,Correct
52604E42-D396-496B-92CE-1691DD6F17CD,KERİM ECZANESİ,Diyarbakir,Bağlar,37.91795,40.20629,Diyarbakır,Correct
887C7A66-A6D3-45A1-9C1D-16A865ABA0A6,BAHAR ECZANESİ,Diyarbakir,Yenişehir,37.90822,40.22256,Diyarbakır,Correct
951828D9-D4F3-49C7-9FD6-16F44823AA5D,METROPOL ECZANESİ,Diyarbakir,Yenişehir,37.91235,40.22642,Diyarbakır,Correct
AA225F51-DBB1-4192-A34E-1709BAF706BC,YENİŞEHİR MERKEZ 4 NOLU ASM,Diyarbakir,Yenişehir,38.1541,40.99203,Diyarbakır,Correct
D2CE5720-BDB7-4664-BA58-17644DD6F39A,KLİNİK 75 AĞIZ VE DİŞ SAĞLIĞI POLİKLİNİĞİ,Diyarbakir,Kocaköy,39.55367,-76.14756,No Info,No Info
BE8F7F06-378C-4DD1-ABDC-176D29B794AD,ŞİLBE YOLALTI ECZANESİ,Diyarbakir,Yenişehir,37.95238,40.19467,Diyarbakır,Correct
328E7DFB-72AB-4217-A2BC-17D6DB108B4D,ROHAT ECZANESİ,Diyarbakir,Kayapinar,37.94742,40.17691,Diyarbakır,Correct
3610C54D-1B8B-42B8-BFDD-18766354A49E,450 EVLER ECZANESİ,Diyarbakir,Yenişehir,37.9354,40.17805,Diyarbakır,Correct
99E4DB8E-6999-4122-9402-18A948673179,DİYARBAKIR KAYAPINAR 15 TEMMUZ AİLE SAĞLIĞI MERKEZİ,Diyarbakir,Kayapinar,37.97551,40.13889,Diyarbakır,Correct
396439FC-2FE0-4071-8B36-18BB4CC7F2CC,SÜMEYYE ECZANESİ,Diyarbakir,Çermik,38.12821,39.45002,Diyarbakır,Correct
33D1A85C-D03A-440F-A85B-19193D3A98A7,DİYARBAKIR KAYAPINARGAZİLER 2 NOLU AİLE SAĞLIĞI MERKEZİ,Diyarbakir,Kayapinar,37.93948,40.16156,Diyarbakır,Correct
0A4811C1-BD84-4869-B935-192339619E6B,AKARSU ECZANESİ,Diyarbakir,Eğil,37.90763,40.21721,Diyarbakır,Correct
19661120-00C6-4F42-AFDE-192FC275F6C3,ÖZGÜR ÖZKUL MUAYENEHANESİ,Diyarbakir,Kayapinar,37.93615,40.18388,Diyarbakır,Correct
7BE79A8B-7C9C-4111-8CE5-196DB06F5094,YAŞAM ECZANESİ,Diyarbakir,Çermik,38.12827,39.45048,Diyarbakır,Correct
B9CDDE81-0176-49C0-9FB3-1992D23B5DB7,DEMİRTAŞ ECZANESİ,Diyarbakir,Çinar,37.85507,40.53024,Diyarbakır,Correct
0160D500-E347-4C70-A9BE-19E9258A4CD9,BARIŞ ECZANESİ,Diyarbakir,Dicle,38.36015,40.07352,Diyarbakır,Correct
93D47241-E973-42AC-B6B7-1A1166DD7A2D,ÖMER KILIÇKIRAN MUAYENEHANESİ,Diyarbakir,Bağlar,37.91945,40.14738,Diyarbakır,Correct
18FA1944-B345-4E25-8307-1A7FBF61E9FE,SABİH DALLI MUAYEHANEHANESİ,Diyarbakir,Kayapinar,37.92632,40.16263,Diyarbakır,Correct
C31387E8-5991-48C8-A254-1A985F5ED7CB,DİYARBAKIR YENİŞEHİR OFİS AİLE SAĞLIĞI MERKEZİ,Diyarbakir,Yenişehir,37.92023,40.21795,Diyarbakır,Correct
9F09259E-AB70-4C77-A5A7-1AA340DA9153,AREN ECZANESİ,Diyarbakir,Kayapinar,37.93506,40.19435,Diyarbakır,Correct
11A931B9-BBEC-4041-A98F-1AB24D4C5EED,MELEK SABAZ ECZANESİ,Diyarbakir,Kayapinar,37.93017,40.15011,Diyarbakır,Correct
973E287D-5BD5-4EAE-8EFE-1AE0FEA9E4E8,ZELAL PINAR AKTAN MUAYENEHANESİ,Diyarbakir,Kayapinar,37.95588,40.16893,Diyarbakır,Correct
55657E9C-A8D8-4624-9C86-1B1B4479EC9B,BENGÜ ECZANESİ,Diyarbakir,Ergani,38.25935,39.78814,Diyarbakır,Correct
79836ECC-496D-4430-8DC3-1B77F177AD73,TEKİN ECZANESİ,Diyarbakir,Kayapinar,37.94045,40.16133,Diyarbakır,Correct
FF1B242D-15DD-411B-9437-1B8286C6CE4D,MERKEZ ECZANESİ,Diyarbakir,Bağlar,37.92024,40.16255,Diyarbakır,Correct
A250AD3E-4E66-44F0-9116-1C0563422C6A,DİYARBAKIR BAĞLAR YANIK KÖŞK AİLE SAĞLIĞI MERKEZİ,Diyarbakir,Bağlar,37.9179,40.21083,Diyarbakır,Correct
708F2011-1EC6-4F1C-B777-1C492AF7D2D6,DİLAN ECZANESİ,Diyarbakir,Bağlar,37.91814,40.20845,Diyarbakır,Correct
39015345-A963-44D3-B9A5-1C673092A73F,KAYAPINAR 39 NOLU AİLE SAĞLIĞI MERKEZİ,Diyarbakir,Kayapinar,37.94901,40.18228,Diyarbakır,Correct
5F8768AF-92C8-430B-9FA8-1C98A6C8DE09,UFUK ECZANESİ,Diyarbakir,Yenişehir,37.91685,40.22761,Diyarbakır,Correct
C866B3FC-EA7B-45AF-9848-1D2AFBD813C3,FLORA ECZANESİ,Diyarbakir,Yenişehir,37.93538,40.21071,Diyarbakır,Correct
A550F742-F756-4031-965B-1D3737384684,DİYARBAKIR ERGANİ BEREKETLİ AİLE SAĞLIĞI MERKEZİ,Diyarbakir,Ergani,38.13629,39.82147,Diyarbakır,Correct
4B781C5D-FAE7-4496-981E-1D767078AF9F,DİYARBAKIR KAMU HASTANELERİ BİRLİĞİ GENEL SEKRETERLİĞİ,Diyarbakir,Bağlar,37.92612,40.191,Diyarbakır,Correct
E89571C2-31CB-44A2-8C72-1DD9CE60D3F1,İNCİ DİŞ KLİNİĞİ,Diyarbakir,Bağlar,37.92704,40.21064,Diyarbakır,Correct
025BB7AE-C9E5-43C3-913B-1E1CE174CC34,AKAN ECZANESİ,Diyarbakir,Bağlar,37.92683,40.20024,Diyarbakır,Correct
9E8683EF-FBD7-4A16-A4CD-1E8EFE47DAC3,SUR 9 NOLU ASM,Diyarbakir,Sur,37.88028,40.25291,Diyarbakır,Correct
EE5C8F7B-B4E7-4510-AA24-1EBB49D14483,TUBA ECZANESİ,Diyarbakir,Kayapinar,37.9331,40.16497,Diyarbakır,Correct
A4237970-0F07-4FE5-B198-1F06CC6339BC,VİTAMİN ECZANESİ,Diyarbakir,Kayapinar,37.95233,40.17019,Diyarbakır,Correct
04F9E6F2-6E4E-402E-93E8-1F75F62DE1CB,NOVARA GÜZELLİK MERKEZİ,Diyarbakir,Yenişehir,37.91942,40.21946,Diyarbakır,Correct
C588D8BE-79FD-47B8-B48A-1FAAB10519EE,KAN ECZANESİ,Diyarbakir,Eğil,38.2711,39.76262,Diyarbakır,Correct
BD7CBA05-3CE2-4477-A2C2-1FEC7FDCC4F2,GÜNDOĞUŞ ECZANESİ,Diyarbakir,Kayapinar,37.93264,40.14054,Diyarbakır,Correct
A096E3B1-F059-46AB-AA41-2007BDBBB3C3,MERKEZ ECZANESİ,Diyarbakir,Yenişehir,37.92024,40.16255,Diyarbakır,Correct
B2CC0391-10B2-4792-B2DF-206425B92154,CADDE 50 ECZANESİ,Diyarbakir,Kayapinar,37.93333,40.16952,Diyarbakır,Correct
8537C17D-E447-48FE-AB41-209650E07F4F,YENİ DERMAN ECZANESİ,Diyarbakir,Çinar,37.85032,40.66514,Diyarbakır,Correct
91415112-AE38-435B-9C90-20D8A4DF64F1,KAYAPINAR 2 NOLU ASM,Diyarbakir,Kayapinar,37.94677,40.17669,Diyarbakır,Correct
9E6B6C47-1B41-484E-9A06-20DAE6E0B3B2,GÖKDERE ECZANESİ,Diyarbakir,Bağlar,37.90719,40.21256,Diyarbakır,Correct
09C29FD3-02C8-4899-B911-20E6975C1C28,EVİNDAR ECZANESİ,Diyarbakir,Bağlar,37.92527,40.19324,Diyarbakır,Correct
B0FD8E24-7D0B-4A23-BA7D-21A8EEA39D5B,ARZU ECZANESİ,Diyarbakir,Bağlar,37.91361,40.14886,Diyarbakır,Correct
07B85950-4DFB-4A4F-AB9E-2222214B473B,MURAT YİĞİTALP MUAYENEHANESİ,Diyarbakir,Bağlar,37.92537,40.21021,Diyarbakır,Correct
7A4C56E8-12C3-4DAE-8D00-224326354C2F,YUVACIK ECZANESİ,Diyarbakir,Çinar,37.81005,40.41173,Diyarbakır,Correct
749644D4-2BBC-48A1-8097-244A1255E4D0,TURKUAZ ECZANESİ,Diyarbakir,Bağlar,39.14417,-76.69356,No Info,No Info
9358A316-0293-4769-AD31-245823C46A23,NUR ECZANESİ,Diyarbakir,Hani,38.37936,40.36439,Diyarbakır,Correct
67EE7D9B-C829-488B-A11F-245E5A10362A,MANDALİNA ECZANESİ,Diyarbakir,Kayapinar,37.94439,40.18405,Diyarbakır,Correct
57DFD1AB-76D7-40D2-85A1-24E59C34AE32,GÖKHAN ECZANESİ,Diyarbakir,Yenişehir,37.98881,40.16164,Diyarbakır,Correct
BC3404A0-AC74-4DE3-B328-2555CA038D7E,BERİTAN ECZANESİ,Diyarbakir,Bismil,37.84742,40.66357,Diyarbakır,Correct
CD537E18-9FB8-4158-A6D8-256638D4F4A1,DOĞRU ECZANESİ,Diyarbakir,Bağlar,37.92638,40.19727,Diyarbakır,Correct
38635BF2-97F3-409A-81E8-2571AC7816D7,DİYARBAKIR SUR MERMER AİLE SAĞLIĞI MERKEZİ,Diyarbakir,Sur,38.12573,40.4513,Diyarbakır,Correct
544F9AC9-09D2-42CA-8FA8-25B2E6D89015,ÇELEBİ ECZANESİ,Diyarbakir,Silvan,38.1417,41.01096,Diyarbakır,Correct
ABAB4176-DA32-414A-85F7-25EBFBE43161,SİLVAN AĞIZ VE DİŞ SAĞLIĞI MERKEZİ,Diyarbakir,Silvan,38.15583,40.99481,Diyarbakır,Correct
F1D5BAED-75B6-4088-99EB-2602CB7C7A7D,KARANFİL ECZANESİ,Diyarbakir,Ergani,38.26856,39.7628,Diyarbakır,Correct
70D8B0FE-3718-461A-900D-2631DCF8859C,ALİ CAN ORHAN KLİNİĞİ,Diyarbakir,Kayapinar,37.95345,40.1685,Diyarbakır,Correct
586C548B-C8CD-4AAC-AA5C-264712230A02,EMİR ECZANESİ,Diyarbakir,Kayapinar,37.93437,40.18076,Diyarbakır,Correct
294A54AE-A5D6-4BDE-83A4-26DC63794C23,GÜLAY İLHAN AYDOĞAN DİŞ KLİNİĞİ,Diyarbakir,Kayapinar,37.92497,40.15745,Diyarbakır,Correct
387FD488-7819-4368-A559-277A4D036282,DİYARBAKIR KAYAPINAR 41 NOLU,Diyarbakir,Kayapinar,37.9327,40.1311,Diyarbakır,Correct
04CCFFA3-3AF7-474B-9831-27BA6E14BE3E,GİRİŞENLER ECZANESİ,Diyarbakir,Bismil,37.84443,40.66361,Diyarbakır,Correct
45C9ED70-DD0D-4BFE-A176-285BCDCA3328,ÖZEL AKADEMİ KBB SAĞLIK MERKEZİ,Diyarbakir,Yenişehir,37.91862,40.2356,Diyarbakır,Correct
C7CA80CF-CC55-4C11-B4CC-2870416BD2DA,HİLAL ECZANESI,Diyarbakir,Kayapinar,37.92287,40.13815,Diyarbakır,Correct
6E881C89-0B53-49BB-9DD0-28FE48856568,NEHİR ECZANESİ,Diyarbakir,Yenişehir,37.90837,40.22186,Diyarbakır,Correct
91A1E9A8-8984-458C-9ED0-29302D8EA3DC,YENİHAL ECZANESİ,Diyarbakir,Bağlar,37.92564,40.17044,Diyarbakır,Correct
79EAC66C-D3DA-413D-94D7-29989E9AECE5,YILDIZ ECZANESİ,Diyarbakir,Bağlar,37.92614,40.20944,Diyarbakır,Correct
93B86651-7134-45B5-A49F-29F26A5E4882,SEVGİ ECZANESİ,Diyarbakir,Ergani,38.25982,39.79144,Diyarbakır,Correct
71F810AC-40AE-41F6-9BC8-2AC5F5972D2D,SELAMET ECZANESİ,Diyarbakir,Kayapinar,37.93516,40.19695,Diyarbakır,Correct
3226AE49-11C0-4F30-8AFD-2AD4516AF27E,AYYILDIZ ECZANESİ,Diyarbakir,Yenişehir,37.91753,40.23233,Diyarbakır,Correct
5BEE2690-7E71-47EB-A5C2-2B0D74162321,WHİTE DENTAL CLİNİC AĞIZ VE DİŞ SAĞLIĞI POLİKLİNİĞİ,Diyarbakir,Kayapinar,37.92524,40.13471,Diyarbakır,Correct
7050E4D0-2E49-4C4D-8117-2B3BE75ABCD0,ÖZEL MEMORİAL DİCLE HASTANESİ,Diyarbakir,Kayapinar,37.92584,40.16267,Diyarbakır,Correct
8DD921DF-91E9-4014-94C1-2C48F031DF36,EKİN ECZANESİ,Diyarbakir,Ergani,38.24721,39.78305,Diyarbakır,Correct
173642B1-D786-465A-9C31-2C59AD2700F0,RUKEN ECZANESİ,Diyarbakir,Kayapinar,37.949,40.17768,Diyarbakır,Correct
05D802EC-4256-4D4A-B424-2D176E95E730,LEYLA ATLI DİŞ KLİNİĞİ,Diyarbakir,Kayapinar,37.92966,40.13471,Diyarbakır,Correct
97C017AA-B541-45D0-B062-2D1AA6C3C24F,GAZİLER ECZANESİ,Diyarbakir,Kayapinar,37.93083,40.17451,Diyarbakır,Correct
D46B7828-460A-4364-B03F-2D2E0581D4D2,ORMAN ECZANESİ,Diyarbakir,Yenişehir,37.91858,40.23535,Diyarbakır,Correct
38FE52DB-228A-4765-890D-2D4B817717FD,AHMET YARAMIŞ MUAYENEHANESİ,Diyarbakir,Kayapinar,37.95152,40.18616,Diyarbakır,Correct
2021AA16-E2FE-4C94-87D3-2D750040443D,ŞİRİNEVLER ECZANESİ,Diyarbakir,Kayapinar,37.93432,40.17912,Diyarbakır,Correct
7ECC1BAA-BF83-4644-B064-2DC97E4D4FFD,PARKORMAN ECZANESİ,Diyarbakir,Kayapinar,37.93973,40.18901,Diyarbakır,Correct
C327FD9C-8F5B-4F99-8790-2DD83AE76C01,MELAHAT ŞİMŞEK MUAYENEHANESİ,Diyarbakir,Yenişehir,37.91914,40.21995,Diyarbakır,Correct
BD86A8B0-446B-4AB0-9B2F-2F5369D2A7D2,MEHMET İRFAN KÜLAHÇIOĞLU MUAYENEHANESİ,Diyarbakir,Kayapinar,37.95409,40.16015,Diyarbakır,Correct
32F2FEA0-027B-4B57-B33C-2F6543D7617A,ZEHRA ECZANESİ,Diyarbakir,Kulp,38.50016,41.01006,Diyarbakır,Correct
F666001E-C9C9-4CC1-8E3C-3013ACA9DF55,DİYAPOĞLU ECZANESİ,Diyarbakir,Bağlar,37.92165,40.2005,Diyarbakır,Correct
DF1CD790-3160-4CBC-817C-30225D186DDF,ALİN ECZANESİ,Diyarbakir,Kayapinar,37.93599,40.17866,Diyarbakır,Correct
21ECE71B-2A53-46B1-925E-3054D6394EA6,ERGANİ MERKEZ 3 NOLU ASM,Diyarbakir,Ergani,38.26651,39.76691,Diyarbakır,Correct
F709FC21-384B-4C35-8139-30692123F89A,ÇÜNGÜŞ ECZANESİ,Diyarbakir,Çüngüş,38.20926,39.29791,Diyarbakır,Correct
2919A810-FC9A-4F22-9636-308CFDDE096D,GÜNEŞ ECZANESİ,Diyarbakir,Çermik,38.13567,39.45348,Diyarbakır,Correct
65ADDE90-274B-462D-AAE2-3193E2074A93,HABİBE ECZANESİ,Diyarbakir,Ergani,38.26686,39.76649,Diyarbakır,Correct
31E46D09-F173-44F5-92CC-31FA28E76F46,DİYARBAKIR ERGANİ ADNAN MENDERES AİLE SAĞLIĞI MERKEZİ,Diyarbakir,Ergani,38.26484,39.76921,Diyarbakır,Correct
C2F8B372-FE1A-435B-8FBF-3214A2AA9C0D,ÖZEL FATMA TANILIR ÇAĞIRAN KLİNİK,Diyarbakir,Bağlar,37.91567,40.13199,Diyarbakır,Correct
D581D42E-CF7C-4DF6-A586-32509879DB2C,EKİN GÜL ECZANESİ,Diyarbakir,Bağlar,37.91594,40.18432,Diyarbakır,Correct
0F867CCB-93E0-4E40-97E4-32EA805A9058,KAYAPINAR ECZANESİ,Diyarbakir,Kayapinar,37.94843,40.17277,Diyarbakır,Correct
A8111A59-FD97-414A-A33D-32FE364F159F,DİNÇ ECZANESİ,Diyarbakir,Bağlar,37.93139,40.19973,Diyarbakır,Correct
44B3EFC3-A3ED-4901-9E94-33090608B0DB,EKİN DİLA ECZANESİ,Diyarbakir,Kayapinar,37.93664,40.18903,Diyarbakır,Correct
3E56FDE2-37B0-4DA8-A145-343B52B910BA,YENİŞEHİR 18 NOLU AİLE SAĞLIĞI MERKEZİ,Diyarbakir,Yenişehir,37.91572,40.22681,Diyarbakır,Correct
BCA6A843-88D0-40C3-BEB6-34777E5A6513,HAVALİMANI ECZANESİ,Diyarbakir,MERKEZ,37.91888,40.21047,Diyarbakır,Correct
0DA4B4B3-3D5C-419E-9E3D-34BCA33ABB62,ELİF ECZANESİ,Diyarbakir,Kayapinar,37.94792,40.17996,Diyarbakır,Correct
C1B5DA5D-CA05-4C67-8B6F-34BED6152322,ÜNAL ECZANESİ,Diyarbakir,Ergani,38.26908,39.76291,Diyarbakır,Correct
87E8EC82-4950-4978-8DF2-34C5E9E0FC77,SARDUNYA ECZANESİ,Diyarbakir,Kayapinar,37.93498,40.14407,Diyarbakır,Correct
00417D31-EEE9-46DB-91D4-3513D6EFDF3A,YALIN ECZANESİ,Diyarbakir,Kayapinar,37.93598,40.1783,Diyarbakır,Correct
520D0152-6EDF-4F96-99F5-363A16963A46,CEREN AKTAŞ MUAYENEHANESİ,Diyarbakir,Kayapinar,37.94428,40.19133,Diyarbakır,Correct
CE4CF837-C55B-4B87-9E36-365313E70067,ÖZEL DİYARLİFE DAĞKAPI HASTANESİ,Diyarbakir,Yenişehir,37.9162,40.23393,Diyarbakır,Correct
F551D6B5-798E-4D9B-B3F7-36C6B353927C,FERHAN ECZANESİ,Diyarbakir,Lice,38.45434,40.64226,Diyarbakır,Correct
57234C95-4964-4C10-B331-36F7F81BDC89,ÖZGÜR ECZANESİ,Diyarbakir,Bismil,37.85004,40.66798,Diyarbakır,Correct
19C516A1-F2B3-45C6-BACE-37A630E4106C,ÖZER ECZANESİ,Diyarbakir,Kayapinar,37.94095,40.19236,Diyarbakır,Correct
CF3341F2-F44F-4F60-8C21-37A8BDA0599D,SIHHAT ECZANESİ,Diyarbakir,SURİÇİ,39.55277,-76.14876,No Info,No Info
71359A55-BB66-42B1-A208-38B70CC8F2FE,ZEHRA ECZANESİ,Diyarbakir,Kayapinar,37.9361,40.18976,Diyarbakır,Correct
A63B1D0F-891B-43C7-8CE9-38E48BFF23AA,ŞİLAN ECZANESİ,Diyarbakir,Ergani,38.26301,39.78803,Diyarbakır,Correct
D3D33BC6-0DB5-4D6B-85C2-394171483AAC,YENİŞEHİR MERKEZ 2 NOLU ASM,Diyarbakir,Yenişehir,38.28936,40.50312,Diyarbakır,Correct
9C03DFCC-2FDD-491A-99C4-399A0548C80A,ÖZLEM ECZANESİ,Diyarbakir,Silvan,38.02208,40.17762,Diyarbakır,Correct
8B295D63-8412-4F03-A861-39B9828FA9BF,DİYARBAKIR BİSMİL MERKEZ FATİH AİLE SAĞLIĞI MERKEZİ,Diyarbakir,Bismil,37.84982,40.67211,Diyarbakır,Correct
82B258DF-5636-4AEC-8E10-3A42F5EB1845,ÖZEL DUKADENT AKADEMİ,Diyarbakir,Kayapinar,37.93583,40.13735,Diyarbakır,Correct
5C986CA6-56DA-4329-AC3A-3B31BD9AD1ED,DİYARBAKIR BAĞLAR KÖRHAT AİLE SAĞLIĞI MERKEZİ,Diyarbakir,Bağlar,37.91077,40.21384,Diyarbakır,Correct
EE996E76-C4AC-4BA1-A0A7-3B513FAC14ED,DİYARBAKIR KAYAPINAR 33 NOLU AİLE SAĞLIĞI MERKEZİ,Diyarbakir,Kayapinar,37.94073,40.19074,Diyarbakır,Correct
EF065B9E-7B45-4DA6-82CF-3BCC6EC928E3,KARDELEN ECZANESİ,Diyarbakir,Sur,37.91607,40.23665,Diyarbakır,Correct
AF4D2593-5FB1-4551-89DF-3CD16A537830,BİRTANE ECZANESİ,Diyarbakir,Kayapinar,37.94869,40.17093,Diyarbakır,Correct
2ABC0218-9E39-4798-84DC-3D7E25852F10,KAYAPINAR 18 NOLU ASM,Diyarbakir,Kayapinar,37.92924,40.14934,Diyarbakır,Correct
72732392-E04E-47BA-A535-3D838F29AF6D,MED ECZANESİ,Diyarbakir,Yenişehir,37.9168,40.2336,Diyarbakır,Correct
E302A7D6-91F2-411D-8BDE-3E5C3A5B0FF1,ÖZDEMİR ECZANESİ,Diyarbakir,Kayapinar,37.93944,40.19871,Diyarbakır,Correct
259038F7-7D8B-48AD-BACC-3E8C03D5F503,FURKAN ECZANESİ,Diyarbakir,Bağlar,37.93182,40.19845,Diyarbakır,Correct
5D9385CE-5A07-4A05-BB28-3E9F71D15708,AZAT PERVANE DİŞ KLİNİĞİ,Diyarbakir,Kayapinar,37.94054,40.19931,Diyarbakır,Correct
74B2AC2E-BEA7-49CD-B45B-3EBB5DFB19D8,AGÜLOĞLU ECZANESİ,Diyarbakir,Yenişehir,37.91626,40.22771,Diyarbakır,Correct
ED81676C-307B-4BC2-8264-3EDBA0B95D26,SEVGİ YÜKSEKBAĞ DERMATOLOJİ KLİNİĞİ,Diyarbakir,Kayapinar,37.92557,40.14175,Diyarbakır,Correct
88FB2A78-9A8C-456A-A8DC-3EF6A671275F,BAYRAM ECZANESI,Diyarbakir,Yenişehir,38.26679,39.76879,Diyarbakır,Correct
607D8D08-E945-4BC3-9DE0-3FB01FF281D2,SUR MERKEZ 2 NOLU ASM,Diyarbakir,Sur,37.86918,40.25085,Diyarbakır,Correct
F0793D5B-4DF1-4141-9335-3FCE6C4B702B,YENİŞEHİR 10 NOLU ASM,Diyarbakir,Yenişehir,37.94816,40.20889,Diyarbakır,Correct
E60A69FF-4C72-4ECD-9AD8-3FF1CE08A602,DİYARBAKIR BİSMİL MERKEZ DUMLUPINAR AİLE SAĞLIĞI MERKEZİ,Diyarbakir,Bismil,37.85119,40.65706,Diyarbakır,Correct
2DFDFC3E-0E33-4A15-AA8B-4077C673DC93,HAKAN ECZANESİ,Diyarbakir,Bağlar,37.92137,40.1637,Diyarbakır,Correct
8B243EDE-AB3F-4F66-99FD-40D483FBA85D,LİCE ECZANESİ,Diyarbakir,Lice,38.4542,40.64229,Diyarbakır,Correct
71972964-1975-4DF5-8682-40E30FB35252,DOĞU ECZANESİ,Diyarbakir,Sur,39.15497,-76.67916,No Info,No Info
1758868A-C32F-4288-9D37-41725DB99551,BAĞLAR MERKEZ 12 NOLU ASM,Diyarbakir,Bağlar,37.92577,40.19338,Diyarbakır,Correct
8722CF7E-0F70-44D0-A877-417C4993987A,VEFA ECZANESİ,Diyarbakir,Sur,37.91617,40.23739,Diyarbakır,Correct
18F0CC87-6FD8-43FC-94E6-41B403AE7D4F,DERMAN ECZANESİ,Diyarbakir,Bağlar,38.37251,40.35845,Diyarbakır,Correct
64DCD9A9-C3BB-44E9-8522-43D4477F27F7,GÜL ECZANESİ,Diyarbakir,Çermik,38.13787,39.46858,Diyarbakır,Correct
629245F2-CB4C-4DEA-AE37-43FBEEA885E0,YENİ YAŞAM ECZANESİ,Diyarbakir,Bağlar,37.91779,40.20835,Diyarbakır,Correct
2D2FD2C4-63F8-4FA3-903A-442D8171A3C0,DİCLEKENT ECZANESİ,Diyarbakir,Kayapinar,37.94337,40.1688,Diyarbakır,Correct
037263CD-AA19-44BA-8C77-446CE0D35B70,DİYARBAKIR BAĞLAR ZÜMRÜTKENT AİLE SAĞLIĞI MERKEZİ,Diyarbakir,Bağlar,37.91428,40.17844,Diyarbakır,Correct
877BFF0F-576C-48BD-B598-455A5A184CC0,PELŞİN ECZANESİ,Diyarbakir,Kayapinar,37.93598,40.17828,Diyarbakır,Correct
4C4697EA-1778-4124-B6A0-45992A0F2988,MAKAM ECZANESİ,Diyarbakir,Ergani,38.25012,39.78447,Diyarbakır,Correct
1BCF2BE7-8A0B-4323-9E01-45A56AA82EB9,YENİ DİCLE ECZANESİ,Diyarbakir,Dicle,38.3703,40.07082,Diyarbakır,Correct
AD7064D9-D252-4DF2-810B-461B3B12F897,SARAY ECZANESİ,Diyarbakir,Ergani,38.27167,39.75999,Diyarbakır,Correct
0724B9E9-D675-498E-A2AA-4667A5931FD9,DİYARBAKIR AMATEM SAĞLIK MERKEZİ,Diyarbakir,Yenişehir,38.25158,39.78834,Diyarbakır,Correct
721BC3F2-B4BB-4A9D-946D-46C038B619EB,BABUR ECZANESİ,Diyarbakir,Çinar,37.72222,40.41989,Diyarbakır,Correct
B471042C-1CB4-41CE-B4B6-46CF87C36D51,ÇAĞLAR ECZANESİ,Diyarbakir,Kayapinar,37.93875,40.19032,Diyarbakır,Correct
7495ACA2-7AEE-480B-B22A-46F8827279C2,KAYAPINAR 31 NOLU AİLE SAĞLIĞI MERKEZİ,Diyarbakir,Kayapinar,37.93604,40.17783,Diyarbakır,Correct
D09A0494-6FFA-4EBD-B1AE-474AFB710DBB,DİYARBAKIR KAYAPINAR TEKEL 1 NOLU AİLE SAĞLIĞI MERKEZİ,Diyarbakir,Kayapinar,37.94527,40.18855,Diyarbakır,Correct
A67186BF-DD59-423E-8A19-47B76A438143,DİYARBAKIR BAĞLAR MEVLANA HALİT AİLE SAĞLIĞI MERKEZİ,Diyarbakir,Bağlar,37.9288,40.19976,Diyarbakır,Correct
97FF7D82-33AA-46E2-8EA9-4814B5AECE46,MEHMET SIDDIK AKSAN MUAYENEHANESİ,Diyarbakir,Bismil,37.84952,40.66437,Diyarbakır,Correct
D477A0F7-2E61-41B4-B428-49126199E131,CAN ECZANESİ,Diyarbakir,Bağlar,37.92407,40.21052,Diyarbakır,Correct
598301DB-2FCD-46F5-83EA-49AB5067C1A3,DIYARBAKIR ÇOCUK HASTALIKLARI HASTANESİ,Diyarbakir,SURİÇİ,37.91917,40.23849,Diyarbakır,Correct
AB076B41-AEBC-40B5-A4A7-4A44BB891832,YAĞMUR ECZANESİ,Diyarbakir,Yenişehir,37.91799,40.23123,Diyarbakır,Correct
0136CFEE-E82B-45E3-80AB-4A6B56012E5A,HAMRAVAT ECZANESİ,Diyarbakir,Bağlar,37.91264,40.15066,Diyarbakır,Correct
9BF08DAE-5B7D-4C6C-A095-4ACD192D1ABA,SİDAR ECZANESİ,Diyarbakir,Kulp,36.65887,29.13314,Muğla,Wrong
7175FF10-6044-41A1-AA44-4B405C062ACD,ÖMER ECZANESİ,Diyarbakir,Kayapinar,37.9527,40.17342,Diyarbakır,Correct
C2733577-BF32-44B5-9AF7-4B6A01D9CAE9,FATİH GÜVEN AĞIZ VE DİŞ SAĞLIĞI KLİNİĞİ,Diyarbakir,Kayapinar,37.937,40.19096,Diyarbakır,Correct
CF2E222A-2AB7-4993-ACF3-4BBA26847D2E,ARAŞTIRMA ECZANESİ,Diyarbakir,Kayapinar,37.92827,40.14535,Diyarbakır,Correct
282DE468-A81A-4A2D-8033-4C55364EED33,YENİ SİNEM ECZANESİ,Diyarbakir,Yenişehir,37.9084,40.2236,Diyarbakır,Correct
6796C1E4-0161-40DE-B7CE-4C558F052534,ŞENTEPE ECZANESİ,Diyarbakir,Bağlar,37.91728,40.20802,Diyarbakır,Correct
9DE0AE5B-EFDF-4151-A676-4C9A2AD0AAD2,ŞAHİN ECZANESİ,Diyarbakir,Bağlar,37.91697,40.20945,Diyarbakır,Correct
5FFE5806-D666-45D4-AFB4-4CA5E0A3CA18,LALE ECZANESİ,Diyarbakir,Kayapinar,39.62927,-76.04676,No Info,No Info
4EB9FEDA-E3D2-4DF0-A314-4CA7C32C7147,ERDİNÇ ECZANESİ,Diyarbakir,Kayapinar,37.93445,40.19854,Diyarbakır,Correct
051A3034-DCFA-4796-B5EE-4D508841C7D6,AKDAĞ ECZANESİ,Diyarbakir,Bismil,37.85114,40.65736,Diyarbakır,Correct
DC84186F-81E6-47BD-BCC1-4D633E548201,POYRAZ ECZANESİ,Diyarbakir,Sur,37.91554,40.23448,Diyarbakır,Correct
BD66A887-5F64-47A0-BD4B-4D7A799711E9,MEHMET ŞİMŞEK DERMATOLOJİ KLİNİĞİ,Diyarbakir,Bağlar,37.92778,40.17371,Diyarbakır,Correct
457ACDC3-DE2D-471C-A81E-4DA4999F61EF,KAYAPINAR 36 NOLU ASM,Diyarbakir,Kayapinar,37.93004,40.14144,Diyarbakır,Correct
EFE8A104-3ADB-4E8E-80CC-4DD0771AC3D0,DİYARBAKIR KAYAPINAR 34 NOLU AİLE SAĞLIĞI MERKEZİ,Diyarbakir,Kayapinar,37.94021,40.18879,Diyarbakır,Correct
7548BC98-9097-488C-8609-4EF9C0FB75F5,HACETTEPE ECZANESİ,Diyarbakir,Çermik,38.26283,39.75658,Diyarbakır,Correct
FDAA4BEF-C7B0-44D3-A6FB-4F0A799D1709,GÜLANDEM ECZANESİ,Diyarbakir,Kayapinar,37.92377,40.13935,Diyarbakır,Correct
C622A7DE-F7D6-4C55-BD96-4F168267D525,AYSEL ECZANESİ,Diyarbakir,Bismil,37.84687,40.65894,Diyarbakır,Correct
1D18BE5F-18D3-4EAC-A4FE-4F2852A73461,KAYAPINAR 35 NOLU ASM,Diyarbakir,Kayapinar,37.92756,40.17153,Diyarbakır,Correct
F51BBD0D-538F-4E38-9501-4F4BD4EB767B,KOCAKÖY İLÇE ENTEGRE HASTANESİ,Diyarbakir,Kocaköy,38.28846,40.50192,Diyarbakır,Correct
5EDA5022-2AAB-4EAE-9B6B-4F64A533194E,NÖRON TIP MERKEZİ,Diyarbakir,Yenişehir,37.91818,40.2344,Diyarbakır,Correct
9A801435-7DBD-4D54-8366-4FF9334E259B,DİYARBAKIR BAĞLAR MURADİYE AİLE SAĞLIĞI MERKEZİ,Diyarbakir,Bağlar,37.91725,40.21178,Diyarbakır,Correct
989085DB-AD50-4F5C-9DFE-506CECFFC70F,EVİN ECZANESİ,Diyarbakir,Bağlar,38.06379,39.88192,Diyarbakır,Correct
9F1A35D6-48A8-4F80-9CF3-50A590953A43,GÖKHAN TEKİN AĞIZ VE DİŞ SAĞLIĞI POLİKLİNİĞİ,Diyarbakir,Kayapinar,37.95142,40.1622,Diyarbakır,Correct
2E149479-754F-4496-8916-50D6FD1C7B5D,DR. ABDULLAH BİROĞLU KULP İLÇE DEVLET HASTANESİ,Diyarbakir,Kulp,38.48977,41.0011,Diyarbakır,Correct
0BFC009F-FB9E-438E-88AA-50ED3D919FFE,R-R DERMACLİNİC,Diyarbakir,Kayapinar,37.95651,40.17045,Diyarbakır,Correct
3B2E3BE1-4AD4-424D-BA64-517967384682,DİYARBAKIR BAĞLAR KAYNARTEPE AİLE SAĞLIĞI MERKEZİ,Diyarbakir,Bağlar,37.91996,40.21609,Diyarbakır,Correct
286C682D-D584-4420-AD7F-51E66855DA85,KURTULUŞ ECZANESİ,Diyarbakir,Yenişehir,37.91676,40.23368,Diyarbakır,Correct
6B7BEAE0-6967-4600-83E4-5208C221ABB9,AKTAS ECZANESİ,Diyarbakir,Kulp,37.70393,40.42843,Diyarbakır,Correct
31193550-A25A-4815-9262-52980D9B6AB1,EDİN DENTAL AĞIZ VE DİŞ SAĞLIĞI POLİKLİNİĞİ,Diyarbakir,Kayapinar,37.94585,40.16902,Diyarbakır,Correct
8E558913-F21A-40DF-AE42-534DF37AB12E,ROJDA ECZANESİ,Diyarbakir,Bağlar,37.91998,40.21683,Diyarbakır,Correct
CE27FEB0-AD40-4B79-BEC5-5388DC5C8EFC,DİYARBAKIR SELAHADDİN EYYUBİ DEVLET HASTANESİ,Diyarbakir,Yenişehir,37.91927,40.2404,Diyarbakır,Correct
A45E7270-DECA-41DF-81DD-53B43EDAA0B0,ÖZEL HİKMET BOZYEL AĞIZ VE DİŞ SAĞLIĞI MERKEZİ,Diyarbakir,Kayapinar,37.93556,40.19379,Diyarbakır,Correct
0097C558-B8E4-4750-8FC1-53FD127CF545,DİYARBAKIR SUR DABANOĞLU AİLE SAĞLIĞI MERKEZİ,Diyarbakir,Sur,37.91193,40.23776,Diyarbakır,Correct
E7881177-E692-4EBC-AF44-54541D1FAAA6,SEYYİDOĞLU ECZANESİ,Diyarbakir,Kayapinar,37.90219,40.00557,Diyarbakır,Correct
972CB770-2826-46EB-BBA6-5463AF3C4DC8,HATBOYU ECZANESİ,Diyarbakir,Bağlar,39.63647,-76.03716,No Info,No Info
683CE706-111B-4DCB-B370-54694D6C9667,UĞUR BİÇİMLİ MUAYNEHANESİ,Diyarbakir,Bağlar,37.9187,40.17299,Diyarbakır,Correct
6257FAAD-A517-4B26-AC56-54B557F9FA86,ŞİFA ECZANESİ,Diyarbakir,Hani,38.40656,40.40215,Diyarbakır,Correct
C7287199-BDEC-4A76-8C7B-54C56B67D704,İPEK ECZANESİ,Diyarbakir,Ergani,38.2682,39.76054,Diyarbakır,Correct
FBE51338-9338-43A8-98D8-54D3751E2B76,NERGİS ECZANESİ,Diyarbakir,Kocaköy,38.15061,40.9916,Diyarbakır,Correct
BEB3F939-CCC3-45C5-9461-54D56EB45AF8,ÇETİNKAYA ECZANESİ,Diyarbakir,Bismil,37.85237,40.6534,Diyarbakır,Correct
66DD1202-548A-4E06-A039-54F53B7E8EB4,ÜMİT ECZANESİ,Diyarbakir,Silvan,38.13758,41.00607,Diyarbakır,Correct
0D5F36E5-3558-4E01-B082-55165C47D3FB,ALİN ELA ECZANESİ,Diyarbakir,Kayapinar,37.92676,40.16608,Diyarbakır,Correct
FC8DA0D5-AE08-4395-BFF4-56BDA2016D44,NEHİR ECZANESİ,Diyarbakir,Kayapinar,37.94718,40.17146,Diyarbakır,Correct
A2A40DD8-3487-41FB-9BD7-57B6589DD73E,VEFA DİŞ POLİKLİNİĞİ,Diyarbakir,Kayapinar,37.93309,40.1623,Diyarbakır,Correct
A71EBFA7-F0DB-4310-8B1B-57E01809CBA2,SERÇEM ECZANESİ,Diyarbakir,Bağlar,37.93666,40.18177,Diyarbakır,Correct
CA4EF295-989E-4289-9915-580AC3B91AB9,BOZAN ECZANESİ,Diyarbakir,Bağlar,37.90906,40.21166,Diyarbakır,Correct
337F65E1-074E-4687-9E4A-584AB9C160FE,ARDEN ECZANESİ,Diyarbakir,Kayapinar,37.93152,40.14987,Diyarbakır,Correct
408A3414-6DDC-462E-8C0B-5892DE75C063,CEREN ECZANESİ,Diyarbakir,Bismil,37.85015,40.66407,Diyarbakır,Correct
5ECF00E5-6B4D-4DFE-B869-589DD1A2A9C8,IŞIK ECZANESİ,Diyarbakir,Bağlar,37.92657,40.18719,Diyarbakır,Correct
F05DFEFD-6AEA-42B0-B412-58B834B46DCE,BİLGE ECZANESİ,Diyarbakir,Bağlar,37.93847,40.18124,Diyarbakır,Correct
6B7AE95F-3687-4163-82F0-58D6F4D23304,HELİN YAŞAM ECZANESİ,Diyarbakir,Kayapinar,37.94442,40.18732,Diyarbakır,Correct
C4D0275C-D3D6-4CEE-BD5A-59668C1DBAE2,BAHÇECİ DİYARBAKIR KADIN HASTALIKLARI VE DOĞUM DAL MERKEZİ,Diyarbakir,Sur,37.91895,40.23549,Diyarbakır,Correct
6CB749BC-DC51-499B-923A-5A5A897787BA,DOĞAN ECZANESİ,Diyarbakir,Bağlar,37.92302,40.16737,Diyarbakır,Correct
40841D32-7D93-4AAA-A855-5A6E0A6721E3,YENİŞEHİR 14 NOLU ASM,Diyarbakir,Yenişehir,37.91638,40.22689,Diyarbakır,Correct
291F469D-DDA9-4310-A935-5ADAB3ECFC63,ÖZEL DÜNYA DOĞUM HASTANESİ,Diyarbakir,Yenişehir,37.91666,40.23386,Diyarbakır,Correct
22200C1E-1E85-42E1-806F-5B8E129D0DDE,İBNİ SİNA ECZANESİ,Diyarbakir,Bağlar,37.91819,40.20846,Diyarbakır,Correct
755C82A4-3162-4431-A586-5C0898ADDFFA,MERKEZ ECZANESİ,Diyarbakir,Kulp,38.49437,41.01238,Diyarbakır,Correct
AC6C193E-E938-448D-AAA9-5C8B086565A3,YAMAN ECZANESİ,Diyarbakir,Silvan,37.93615,40.17395,Diyarbakır,Correct
62149956-D73C-4A1B-BF0A-5CAC556118E7,SOLMAZ ECZANESİ,Diyarbakir,Ergani,38.26123,39.76821,Diyarbakır,Correct
02F58A9B-5DC8-4625-9D52-5D3CA51C7CDD,MURADİYE ECZANESİ,Diyarbakir,Bağlar,37.91732,40.21178,Diyarbakır,Correct
48F4CB4B-C90C-493D-94D9-5E38F06FA3B8,HAYATKENT ECZANESİ,Diyarbakir,Kayapinar,37.93366,40.15488,Diyarbakır,Correct
BE616F96-BCD0-4D8D-9D2D-5F169B0869F8,AKSÜNGER ECZANESİ,Diyarbakir,Kayapinar,37.95301,40.17356,Diyarbakır,Correct
4421437D-49C3-436C-AB29-6006C420FDEF,YAŞAM ECZANESİ,Diyarbakir,Silvan,38.14195,41.00616,Diyarbakır,Correct
C08D69A0-1B43-40C9-9354-60075BA99BF0,HASAN ECZANESİ,Diyarbakir,Çermik,38.27075,39.7557,Diyarbakır,Correct
5A845843-3716-43D9-AF13-60483B933AFA,LEMAN ECZANESİ,Diyarbakir,Yenişehir,37.91789,40.23107,Diyarbakır,Correct
BAB8692E-935A-410B-AFB6-6182F7EF3386,İRFAN ECZANESİ,Diyarbakir,Kayapinar,37.9352,40.19839,Diyarbakır,Correct
0E834936-08A5-4D99-8EDD-61875A817A7C,ROJBİN KAHRAMAN MUAYENEHANESİ,Diyarbakir,Yenişehir,37.91957,40.21927,Diyarbakır,Correct
3EA6AB35-7EAE-4DC8-B010-61F6D5388D53,ZEYNEP ECZANESİ,Diyarbakir,Eğil,38.155,40.99323,Diyarbakır,Correct
A755D4BB-84BA-42CA-ABB5-622256F4E0EB,ERGANİ 13 NOLU ASM,Diyarbakir,Ergani,38.2688,39.78899,Diyarbakır,Correct
14AB22D0-9259-4023-919F-6245A2EBFB7D,ARAS ECZANESİ,Diyarbakir,Bağlar,37.9324,40.20013,Diyarbakır,Correct
F4C9DBBC-6682-4210-B40C-62C878ED2165,DİCLE ECZANESİ,Diyarbakir,Kayapinar,37.93053,40.14567,Diyarbakır,Correct
5989F4A8-18FF-4EB2-B2A3-63743CC59AE5,ROZERİN ECZANESİ,Diyarbakir,Ergani,38.2566,39.75695,Diyarbakır,Correct
53E9EAAC-5035-487A-BC6F-637EA6AA3199,DİYARBAKIR SELAHADDİN EYYÜBİ DEVLET HASTANESİ EK HİZMET BİNASI,Diyarbakir,Yenişehir,37.91948,40.23825,Diyarbakır,Correct
FD75F861-1F75-4EAD-A0ED-645AD3C8A346,DIYARBAKİR BISMIL DEVLET HASTANESI,Diyarbakir,Bismil,37.85153,40.66471,Diyarbakır,Correct
DAA96DD3-53BD-4F14-BDEB-646BBA88C42E,GÜZEL ECZANESİ,Diyarbakir,Ergani,38.25435,39.77714,Diyarbakır,Correct
589E6AAD-5EB3-4113-B188-64932C39EC4E,DİYARBAKIR GAZİ YAŞARGİL EĞİTİM VE ARAŞTIRMA HASTANESİ BAĞLAR SEMT POLİKLİNİĞİ,Diyarbakir,Bağlar,37.93018,40.20229,Diyarbakır,Correct
194B095B-2020-4DC8-9E97-64D7C1F1CCA6,DİYARBAKIR GAZİ YAŞARĞİL EĞİTİM ARAŞTIRMA HASTANESİ,Diyarbakir,Kayapinar,37.93897,40.18336,Diyarbakır,Correct
BB34B23C-B294-4FA0-97EC-64E1F2D64864,DERVİŞOĞLU ECZANESİ,Diyarbakir,Kayapinar,38.49461,41.01209,Diyarbakır,Correct
42FD0031-9FE7-4E2F-8867-652BF13B11E3,BULAK ECZANESİ,Diyarbakir,Bağlar,39.59687,-76.08996,No Info,No Info
A74383CC-21BC-4D9A-B545-65352DF6CD7E,DAMLA ECZANESİ,Diyarbakir,Çinar,37.93769,40.2149,Diyarbakır,Correct
5D3A7732-1F2C-458E-940A-656C1D4402AA,YEKBUN ECZANESİ,Diyarbakir,Yenişehir,37.91748,40.22863,Diyarbakır,Correct
117A493F-9F1A-41CC-AAFB-6573FE403856,YİĞİT ECZANESİ,Diyarbakir,Kayapinar,37.88757,39.99041,Diyarbakır,Correct
B4E4FC70-981A-4154-B1EB-66225AAEFCBE,ROZA ECZANESİ,Diyarbakir,Kayapinar,37.93574,40.18783,Diyarbakır,Correct
986E0187-48B1-4063-B98F-667E15D8914D,DIYARBAKİR HANI İLÇE HASTANESI,Diyarbakir,Hani,37.31278,40.72783,Mardin,Wrong
9CF694FC-657B-4348-8CBF-676745266664,ZELAL ECZANESİ,Diyarbakir,Yenişehir,37.90821,40.2221,Diyarbakır,Correct
FA407149-E0FB-400D-BCF7-676C19336EF6,DÜNYA ECZANESİ,Diyarbakir,Kayapinar,37.93503,40.20092,Diyarbakır,Correct
498ED9B8-522C-4716-8850-6780ADFB241C,ATALAR ECZANESİ,Diyarbakir,Silvan,37.93692,40.20911,Diyarbakır,Correct
8FE6570B-B787-4CBD-A933-67B22148D207,ÇERMİK ECZANESİ,Diyarbakir,Çermik,38.27061,39.75624,Diyarbakır,Correct
0C279035-CB3F-4C03-87E5-67FAF41D86B5,ŞAHİN ECZANESİ,Diyarbakir,Dicle,38.27125,39.76678,Diyarbakır,Correct
BC1D8FF2-3483-46B5-91BC-687F76EDBF9E,ZİLAN ECZANESİ,Diyarbakir,Bağlar,37.92086,40.20803,Diyarbakır,Correct
48C8F4EF-C9CA-44F6-B960-68BF9C9D61F8,SEVİNÇ ECZANESİ,Diyarbakir,Yenişehir,37.93112,40.1345,Diyarbakır,Correct
5F332F09-BED3-4750-8A54-691504F1F6A0,EROL ECZANESİ,Diyarbakir,Ergani,38.26661,39.76366,Diyarbakır,Correct
4E17B9B8-716D-499F-992F-69681B63D363,KAYAPINAR 7 NOLU ASM,Diyarbakir,Kayapinar,37.93861,40.19664,Diyarbakır,Correct
9CA598AB-AB91-4F1B-BCA3-6A19E9FF050E,MEMUZİN ECZANESİ,Diyarbakir,Silvan,37.93782,40.21031,Diyarbakır,Correct
8E05DBA8-D1D4-4F2C-AB96-6A24474BB70E,CLİNİC METROPOL AĞIZ VE DİŞ SAĞLIĞI POLİKLİNİĞİ,Diyarbakir,Kayapinar,37.9295,40.17161,Diyarbakır,Correct
28B04C93-CD08-4DD0-97D4-6A64D11441B5,ASLI GÜNEL ECZANESİ,Diyarbakir,Kayapinar,37.92665,40.16384,Diyarbakır,Correct
126F2897-7521-4B12-87D7-6AD447F0F88E,HUZUREVLERİ ECZANESİ,Diyarbakir,Kayapinar,37.93696,40.19933,Diyarbakır,Correct
C25A2485-4D04-4A06-9A3A-6B011ECB787C,ORYIL ECZANESİ,Diyarbakir,Bağlar,37.93196,40.1713,Diyarbakır,Correct
AF47CAA4-8B74-4F12-817E-6B0E151F6DEC,MENEKŞE ECZANESİ,Diyarbakir,Kayapinar,37.93511,40.1962,Diyarbakır,Correct
BAEB498E-20AB-4361-88F3-6B1E0CAD1458,ROJ ECZANESİ,Diyarbakir,Lice,38.46034,40.64643,Diyarbakır,Correct
B32908D3-E8DC-4C3A-A1BF-6B21BA36194C,BİSMİL 14 NOLU AİLE SAĞLIĞI MERKEZİ,Diyarbakir,Bismil,37.8533,40.67646,Diyarbakır,Correct
3AD25172-A23A-445B-A003-6B26DCD54AD5,HASTANE ECZANESİ,Diyarbakir,Ergani,38.25615,39.77954,Diyarbakır,Correct
0728FADF-38F1-416B-9378-6B4A6AABCA3F,ÇİÇEK ECZANESİ,Diyarbakir,Yenişehir,37.91769,40.23867,Diyarbakır,Correct
F2BA0785-C103-4CE5-AFB5-6B77DF1C44F1,ELİF ECZANESİ,Diyarbakir,Silvan,38.14191,41.0067,Diyarbakır,Correct
2E4D3995-B201-463A-A1A7-6B8B52C4DF3D,EGE ECZANESİ,Diyarbakir,Yenişehir,37.91873,40.23579,Diyarbakır,Correct
5CD1C9F2-F585-4DD4-B217-6B8F2804D6BA,DİYARBAKIR YENİŞEHİR BENUSEN AİLE SAĞLIĞI MERKEZİ,Diyarbakir,Yenişehir,37.90565,40.22531,Diyarbakır,Correct
63EC5602-EB10-4D58-8CA6-6BCE8E599C6E,FİZYOCENTER FİZİK TEDAVİ VE REHABİLİTASYON DAL MERKEZİ,Diyarbakir,Bağlar,37.9315,40.19893,Diyarbakır,Correct
B328B644-F668-4D55-9AC6-6BE6906D2030,BAĞLAR 29 NOLU ASM,Diyarbakir,Bağlar,37.91577,40.13204,Diyarbakır,Correct
0E0BA28C-3C5C-4F5C-B059-6C1D2536B936,AZRA ECZANESİ,Diyarbakir,Bağlar,37.92427,40.17238,Diyarbakır,Correct
6B74BCBF-7F4A-49D5-B53C-6C5A8040BC2B,DIYARBAKİR ERGANI DEVLET HASTANESI,Diyarbakir,Ergani,38.41253,40.39201,Diyarbakır,Correct
3AA97A62-1ED6-45F9-88E7-6CA88625B888,REYHAN ECZANESİ,Diyarbakir,Bağlar,37.93197,40.20514,Diyarbakır,Correct
E16B82CB-5CD6-4516-9C22-6CB021D925D7,DEĞER ECZANESİ,Diyarbakir,Hazro,37.93684,40.20862,Diyarbakır,Correct
1A7B20C8-588A-4C6B-988D-6CB9E00ED6F2,DERMAN ECZANESİ,Diyarbakir,Ergani,38.26311,39.78182,Diyarbakır,Correct
18FA24D7-EC72-44BC-900E-6CC4396D6A4A,ÇOMAK ECZANESİ,Diyarbakir,Sur,37.91343,40.2367,Diyarbakır,Correct
F1D439BE-57B5-4942-803C-6CE9B42B435B,DİYARBAKIR BAĞLAR 5 NİSAN AİLE SAĞLIĞI MERKEZİ,Diyarbakir,Bağlar,37.91805,40.20589,Diyarbakır,Correct
BFCBD7E2-8D10-4B5B-BB1C-6D3EBC0499A2,SULTAN KOÇ ECZANESİ,Diyarbakir,Kayapinar,37.93007,40.14775,Diyarbakır,Correct
B4EDF79E-C717-4470-AB1D-6D55C6BEBF8A,DİCLE DEVLET HASTANESİ,Diyarbakir,Dicle,37.93415,40.15808,Diyarbakır,Correct
641D60AA-6C29-4F80-8CA1-6EF19A046278,KERVANSARAY ECZANESİ,Diyarbakir,Sur,37.86939,40.24397,Diyarbakır,Correct
7B48F1F7-7BB1-424B-92A4-6F95DF9AB955,BAĞLAR ECZANESİ,Diyarbakir,Bağlar,37.92007,40.20839,Diyarbakır,Correct
16AF15BB-EC9C-49DF-9854-6FB6F59B7842,S.B. DİYARBAKIR GAZİ YAŞARGİL EĞİTİM VE ARAŞTIRMA HASTANESİ,Diyarbakir,Yenişehir,37.91913,40.2318,Diyarbakır,Correct
6760F17C-F3B1-49BB-8283-708FFD1FD095,VERTİGO DİYARBAKIR,Diyarbakir,Kayapinar,37.93421,40.195,Diyarbakır,Correct
5FBFD503-D2AE-40E9-8AF8-70F725EBE2BF,VADİ ECZANESİ,Diyarbakir,Yenişehir,37.9168,40.23361,Diyarbakır,Correct
76340680-0CF7-4EAC-AF83-70FAFAD7010D,DİYARBAKIR ÇINAR MERKEZ 1 NOLU AİLE SAĞLIĞI MERKEZİ,Diyarbakir,Çinar,37.72092,40.41765,Diyarbakır,Correct
D2A19DE0-C52E-4380-A93E-711E98E0056D,ALATOSUN ECZANESİ,Diyarbakir,Bağlar,37.90929,40.20967,Diyarbakır,Correct
8AC53C41-B205-4E30-A3BE-713DD6382D4F,ZAFER ECZANESİ,Diyarbakir,Silvan,38.15493,40.99361,Diyarbakır,Correct
8410AD7D-81C8-4F2C-AE6A-7174B7431264,GÜNEŞ ECZANESİ,Diyarbakir,Bağlar,37.92346,40.16558,Diyarbakır,Correct
63BF3377-350E-4F22-BA99-719B3C5CEDD7,DURAN ECZANESİ,Diyarbakir,Bağlar,37.92237,40.20991,Diyarbakır,Correct
7B843185-CD3A-45CA-8293-71AA89229E1B,DİYARBAKIR BAĞLAR YUNUS EMRE AİLE SAĞLIĞI MERKEZİ,Diyarbakir,Bağlar,37.91541,40.20397,Diyarbakır,Correct
C8D72C47-3EDF-4D34-8F15-72449C3657E2,AMAÇ ECZANESİ,Diyarbakir,Silvan,37.93685,40.20866,Diyarbakır,Correct
6A0CA684-97EF-42DD-8AC2-728816A16B2F,AYÇİCEĞİ ECZANESİ,Diyarbakir,Kayapinar,37.92647,40.14295,Diyarbakır,Correct
F783A1A1-E6FA-48A1-90F9-728C7B33F716,GÜLAN ECZANESI,Diyarbakir,Sur,37.91605,40.23582,Diyarbakır,Correct
3A992DC2-EA07-48C4-B0CF-72A82A35254A,RABİA ECZANESİ,Diyarbakir,Kayapinar,37.95922,40.15845,Diyarbakır,Correct
0A89B3AD-43AE-4C26-B4EF-72BA3631D73A,FORMLİNE BESLENME VE DİYET DANIŞMANLIĞI,Diyarbakir,Yenişehir,37.91964,40.21917,Diyarbakır,Correct
63063808-4593-4DF2-8610-734BF80C64D3,IRMAK ECZANESİ,Diyarbakir,Bağlar,37.92061,40.15021,Diyarbakır,Correct
E9ED83B3-2EA1-467A-B674-739452A4B02D,ÇINAR İLÇE DEVLET HASTANESİ,Diyarbakir,Çinar,37.73042,40.40673,Diyarbakır,Correct
3DA2C1AD-534D-4ED8-9CB0-749678998071,ÖNCÜ ECZANESİ,Diyarbakir,Bağlar,37.93775,40.20146,Diyarbakır,Correct
3F2AD605-E87A-4B41-9BD2-74AB3A389778,YENİŞEHİR 17 NOLU ASM,Diyarbakir,Yenişehir,37.90018,40.2232,Diyarbakır,Correct
12E3A12E-E838-46FC-A7E2-74B0ACFF012F,KENT ECZANESİ,Diyarbakir,Kayapinar,37.92928,40.17177,Diyarbakır,Correct
78874CFE-5DF4-4622-8EA7-74B6EED1ED94,EĞİL MERKEZ TSM,Diyarbakir,Eğil,38.29026,40.50432,Diyarbakır,Correct
DAA95233-CDE4-4CBE-BDF0-755D4FF5FD07,VINA ECZANESİ,Diyarbakir,Kayapinar,37.93989,40.13934,Diyarbakır,Correct
7688485E-0B13-4A1F-852D-758E19208913,KAYAPINAR 42 NOLU AİLE SAĞLIĞI MERKEZİ,Diyarbakir,Kayapinar,37.95733,40.17315,Diyarbakır,Correct
26E756E4-884E-42F6-9BA8-75E97400E9FD,HEVİ ECZANESİ,Diyarbakir,Bağlar,37.91657,40.13319,Diyarbakır,Correct
EE7EB6DC-C550-4E2D-B0FA-76030DDE7A55,SEHITLIK ECZANESI,Diyarbakir,Yenişehir,37.89928,40.222,Diyarbakır,Correct
A0A657AC-68D1-4A47-84DC-763C27926D7B,NUR ECZANESİ,Diyarbakir,Bağlar,37.93027,40.19124,Diyarbakır,Correct
5AB297DD-C5B1-42D1-B693-76505375EC58,ÖZEL NARİN AĞIZ VE DİŞ SAĞLIĞI POLİKLİNİĞİ,Diyarbakir,Kayapinar,37.94146,40.18565,Diyarbakır,Correct
DC7465F1-35AC-4482-9715-767B7484B09D,NURDAN ECZANESİ,Diyarbakir,Bağlar,37.9332,40.20159,Diyarbakır,Correct
20B4675B-E3AD-4011-B01A-77F44711EC89,REŞİTOĞLU ECZANESİ,Diyarbakir,Bağlar,37.92085,40.20778,Diyarbakır,Correct
A2C6744B-95EA-4F09-AC28-7846CFD82F83,JİYAN ECZANESİ,Diyarbakir,Silvan,38.15024,40.99149,Diyarbakır,Correct
BAF9DB45-6CA1-4A08-AAAB-79153DED3C55,UZ.DR.VEYSİ FİDAN DERMATOLOJİ KLİNİĞİ,Diyarbakir,Kayapinar,37.92737,40.14415,Diyarbakır,Correct
FABA9B8D-FCAB-4635-9EDF-792EB0E836BD,BAĞLAR MERKEZ 30 NOLU ASM,Diyarbakir,Bağlar,37.92698,40.1875,Diyarbakır,Correct
0A9AD24F-C573-4298-874F-795E7B97DD2D,KAYAPINAR MERKEZ 13 NOLU ASM,Diyarbakir,Kayapinar,37.93511,40.20083,Diyarbakır,Correct
670CBDC4-1BE1-44B0-9473-79B97EC9DE71,AKADEMİ DİCLE ECZANESİ,Diyarbakir,Kayapinar,37.93641,40.20381,Diyarbakır,Correct
AFF3FE6E-BBF9-4463-9ABE-79C535459602,DİCLE HUZUR ECZANESİ,Diyarbakir,Kayapinar,37.94301,40.18868,Diyarbakır,Correct
7F224676-4CE7-4C89-AB07-7A1065A1875C,KADİR ECZANESİ,Diyarbakir,Lice,38.45628,40.64202,Diyarbakır,Correct
6CB76259-7F8A-469C-8645-7A1AF3C2EA9A,RENGİN ECZANESİ,Diyarbakir,Çinar,37.85213,40.52677,Diyarbakır,Correct
158DAF49-9224-4F68-BB3D-7A27134E3677,BAHAR ECZANESİ,Diyarbakir,Çermik,38.2706,39.75639,Diyarbakır,Correct
E3A61F21-9B01-49D6-8D38-7A397E72AD35,CEYHUN ECZANESİ,Diyarbakir,Kayapinar,37.91344,40.11445,Diyarbakır,Correct
A1C0F188-D84F-4457-9713-7A3E67E7CC2A,VİZYON ECZANESİ,Diyarbakir,Bağlar,37.91109,40.16694,Diyarbakır,Correct
3015BA29-9C45-43B4-8DF9-7AAAFB9037C0,İREM ECZANESİ,Diyarbakir,Yenişehir,37.94164,40.21339,Diyarbakır,Correct
53D2BA6F-D305-4D64-AE6B-7B5BB2246D2A,DENTALİN AĞIZ VE DİŞ SAĞLIĞI POLİKLİNİĞİ,Diyarbakir,Yenişehir,37.93227,40.15355,Diyarbakır,Correct
E1F78B1A-101B-497A-B680-7C0F4EEEC894,YUSUF ECZANESİ,Diyarbakir,Bismil,37.8508,40.66795,Diyarbakır,Correct
C23E273A-757D-4926-9E54-7C123C84AF5F,TUNA DENTAL AĞIZ VE DİŞ SAĞLIĞI POLİKLİNİĞİ,Diyarbakir,Kayapinar,37.96182,40.16257,Diyarbakır,Correct
BB4B158C-0D0F-4960-9EEE-7C3D836D9E50,BERFİN KAHRAMAN MUAYENEHANESİ,Diyarbakir,Kayapinar,37.93461,40.19477,Diyarbakır,Correct
CF982FB3-C2A7-479E-9EFA-7C462A105174,BAĞLAR 9 NOLU ASM,Diyarbakir,Bağlar,37.92518,40.16876,Diyarbakır,Correct
4A55A0ED-017E-4639-A8B7-7C4E257286CE,DİYARBAKIR BAĞLAR HATBOYU AİLE SAĞLIĞI MERKEZİ,Diyarbakir,Bağlar,37.92638,40.20532,Diyarbakır,Correct
4760DFF2-3A0F-4503-BBA0-7D760E2623E9,PERA ECZANESİ,Diyarbakir,Kayapinar,37.93307,40.16263,Diyarbakır,Correct
53827EDC-64EA-4181-BA5C-7D972C8D07D5,KURUÇEŞME ECZANESİ,Diyarbakir,Bağlar,37.91704,40.20571,Diyarbakır,Correct
6C27F47B-9D29-43C7-815C-7DC297A047E4,ŞEBNEM ECZANESİ,Diyarbakir,Bismil,37.85026,40.66876,Diyarbakır,Correct
07A1504B-CF81-4B41-87BF-7E0AABEACF11,BİÇEN ECZANESİ,Diyarbakir,Silvan,38.28897,40.50225,Diyarbakır,Correct
7495970D-B101-42BF-AAD0-7E7675DE9823,DİYARBAKIR ERGANİ ŞÖLEN AİLE SAĞLIĞI MERKEZİ,Diyarbakir,Ergani,38.27855,39.89931,Diyarbakır,Correct
58771969-0FC2-489A-ADA9-7F1F0602FA1F,ŞİFA ECZANESİ,Diyarbakir,Bismil,37.71133,40.42765,Diyarbakır,Correct
53C692AB-9082-4E77-9E7B-7F7DC97636B4,UĞURTAN ECZANESİ,Diyarbakir,Kayapinar,37.92469,40.13052,Diyarbakır,Correct
22B27C00-FD51-43BB-B469-7F9DA4CA79B0,RELAX AĞIZ VE DİŞ SAĞLIĞI POLİKLİNİĞİ,Diyarbakir,Kayapinar,37.91147,40.23679,Diyarbakır,Correct
04D91B9A-4D0E-4E50-B90F-7FAD27184CD4,YENİŞEHİR 19 NOLU AİLE SAĞLIĞI MERKEZİ,Diyarbakir,Yenişehir,37.98823,40.13969,Diyarbakır,Correct
95ADF474-4B17-4443-A255-7FB683D8E7FA,BİSMİL ECZANESİ,Diyarbakir,Bismil,37.8481,40.6634,Diyarbakır,Correct
EF3C70AB-3299-4664-BFEC-80DB35ABC0A6,ALİPINAR ECZANESİ,Diyarbakir,Yenişehir,37.90565,40.2261,Diyarbakır,Correct
28AB6D98-C4A8-4B56-8C1F-81432BEA6A6E,ANZEL MİRA ECZANESİ,Diyarbakir,Kayapinar,37.92606,40.16176,Diyarbakır,Correct
90968DA0-6F5D-4BEF-BA78-81486B3B6297,DİYARBAKIR SİLVAN MERKEZ KONAK AİLE SAĞLIĞI MERKEZİ,Diyarbakir,Silvan,38.1385,41.01588,Diyarbakır,Correct
4D265413-28B8-45FC-BABA-818FC6F6D6CC,ÖZEL UZMANLAR AĞIZ VE DİŞ SAĞLIĞI POLİKLİNİĞİ,Diyarbakir,Yenişehir,37.91953,40.23435,Diyarbakır,Correct
9C3C910B-933A-4B96-B4A3-81C3D97C9C4D,BÜYÜK ECZANESİ,Diyarbakir,Bağlar,37.58283,38.9576,Şanlıurfa,Wrong
C6BC0D47-39F3-4159-9979-826393CF6EAB,ZAFER ALBAYRAK MUAYENEHANESİ,Diyarbakir,Kayapinar,37.93884,40.15675,Diyarbakır,Correct
BCAB450B-C61D-4F8A-B9AB-8286DC024D67,YENİ STADYUM ECZANESİ,Diyarbakir,Kayapinar,37.93626,40.12887,Diyarbakır,Correct
8D986F2C-63F2-450C-9AEF-8310CD26E349,SEDAT ALTINOLUK DİŞ KLİNİĞİ,Diyarbakir,Kayapinar,37.95733,40.17316,Diyarbakır,Correct
FA38900D-795E-4BBA-8902-83220A163FBC,SİLVAN YOLARASI ASM,Diyarbakir,Silvan,38.13342,40.88967,Diyarbakır,Correct
AE4FB6BE-A27F-4ADF-BF58-83427478D610,BAĞLAR MERKEZ 13 NOLU ASM,Diyarbakir,Bağlar,37.92021,40.18761,Diyarbakır,Correct
9F5DFB41-5550-447F-9E5E-839A6F4B791D,NUR ECZANESİ,Diyarbakir,Silvan,38.14793,41.00539,Diyarbakır,Correct
9D80133E-91CC-411D-B2F9-83A5AB02DD0D,EMİR ECZANESİ,Diyarbakir,Hazro,38.25076,40.78322,Diyarbakır,Correct
89D4AC55-05F1-45BB-94CB-8404FD0FD12F,DOST ECZANESİ,Diyarbakir,Sur,39.59777,-76.08876,No Info,No Info
280EDE5B-034D-4BE1-840E-84108ABCADB4,YADİGAR HÜSEYİN YILMAZ MUAYENEHANESİ,Diyarbakir,Yenişehir,37.92114,40.22099,Diyarbakır,Correct
F6066BB4-05DF-4E14-97FD-842D51C2E7EB,ULUSOY ECZANESİ,Diyarbakir,Bağlar,37.58289,38.95767,Şanlıurfa,Wrong
4FDB1804-7A39-4F10-B9BE-847873113592,HALK ECZANESİ,Diyarbakir,Çermik,38.27056,39.75449,Diyarbakır,Correct
034EF933-284F-45C9-8FCB-84BD574BA419,KILIÇ ECZANESİ,Diyarbakir,Kayapinar,37.94596,40.1821,Diyarbakır,Correct
2A3D39CB-8860-4E5A-9BBD-8561093B464B,YENİŞEHİR MERKEZ 11 NOLU ASM,Diyarbakir,Yenişehir,37.90819,40.2205,Diyarbakır,Correct
2DF93A65-2D71-4001-BB98-85A3F786FC23,ZEHRA ECZANESİ,Diyarbakir,Hani,38.28857,40.50199,Diyarbakır,Correct
DB331C8F-6B11-45FC-8855-867092DC2411,AKALIN ECZANESİ,Diyarbakir,Kayapinar,37.9318,40.1299,Diyarbakır,Correct
E8887362-F4C2-4802-A9EC-86ABD3D71AD9,KÜBRA ECZANESİ,Diyarbakir,Kayapinar,37.93687,40.13743,Diyarbakır,Correct
E6BB9D62-D812-4A10-BADA-87C9D2008399,CEYLAN ECZANESİ,Diyarbakir,Yenişehir,37.91295,40.21858,Diyarbakır,Correct
836587C1-178A-4CDD-8D54-893E65F9FF7B,SERDAR ECZANESİ,Diyarbakir,Yenişehir,37.90816,40.22186,Diyarbakır,Correct
A35DA5B1-9930-45E8-8C48-8960C4533B99,İSRANUR ECZANESİ,Diyarbakir,Ergani,38.26025,39.78934,Diyarbakır,Correct
076DEC20-1392-4FB9-9D5F-8987053E2B94,SİLVAN ECZANESİ,Diyarbakir,Silvan,39.23147,-76.57716,No Info,No Info
8D1EBC47-E980-44CC-BD24-899291D8055B,ŞARK ECZANESİ,Diyarbakir,Sur,37.72503,40.41596,Diyarbakır,Correct
F6F64582-D182-4C58-9088-89FF61CA1399,DENİZ ECZANESİ,Diyarbakir,Dicle,38.37157,40.07204,Diyarbakır,Correct
B161F7E1-B2F8-42BB-8218-8A589D812700,NORA ECZANESİ,Diyarbakir,Kayapinar,37.92494,40.16147,Diyarbakır,Correct
24433100-E4D0-4926-8A8E-8A6CEAF9BE57,NEŞE ECZANESİ,Diyarbakir,Ergani,38.26895,39.76099,Diyarbakır,Correct
4E66AA23-B62E-4644-92C3-8A6F4B220C3E,ARSLAN ECZANESİ,Diyarbakir,Kayapinar,37.93015,40.17293,Diyarbakır,Correct
C45F2462-D9E5-4020-89D4-8A8EFF59C6F4,CAFER YAMİŞ MUAYENEHANESİ,Diyarbakir,Yenişehir,37.9194,40.21966,Diyarbakır,Correct
638B806F-9F25-4F6C-844C-8AB12703DCF6,ÇUHADAR ECZANESİ,Diyarbakir,Bağlar,38.93717,-76.96956,No Info,No Info
9AF151B4-A0E1-489B-9F6E-8B4E6A72E4AD,ASLI ECZANESİ,Diyarbakir,Kayapinar,37.92991,40.14726,Diyarbakır,Correct
A24AF821-73E7-430B-BA57-8B967C71C09F,KAYAPINAR MERKEZ 1 NOLU ASM,Diyarbakir,Kayapinar,39.11897,-76.72716,No Info,No Info
D1507EA2-226F-45BE-AF41-8B995936C85C,MAVİ ECZANESİ,Diyarbakir,Kayapinar,37.93523,40.19774,Diyarbakır,Correct
468A224A-258D-4E8A-A0CD-8BA3ED2EF0F4,KAYAPINAR 8 NOLU ASM,Diyarbakir,Kayapinar,37.94276,40.18717,Diyarbakır,Correct
72D46759-51DA-4DAB-B2D9-8BD9BC415925,FIRAT ECZANESİ,Diyarbakir,Silvan,38.15779,40.98786,Diyarbakır,Correct
9EBFFD6A-8FFF-4CA0-B4F0-8C01D80BDD9D,MERVE ECZANESI,Diyarbakir,Çinar,37.85511,40.53029,Diyarbakır,Correct
7FAC73B7-DBEF-4BF9-B85E-8C74402E7638,SİNEM DAKMANCİ DİŞ KLİNİĞİ,Diyarbakir,Bağlar,37.92902,40.20441,Diyarbakır,Correct
8C894DF9-B744-482E-B1D8-8CB114F22CF0,ALP ECZANESİ,Diyarbakir,Kayapinar,37.95248,40.16781,Diyarbakır,Correct
E7CA25AF-B40A-4EFB-9DAD-8CE00FCD6C2A,ANKA ECZANESİ,Diyarbakir,Kayapinar,37.95225,40.17037,Diyarbakır,Correct
E0D21598-BF84-4BF1-8F2D-8CE153BF970E,BİRKAN BARAN KLİNİĞİ,Diyarbakir,Kayapinar,37.31368,40.72903,Mardin,Wrong
42DBF668-9D35-4507-A899-8CE8ABF852D9,YENİ TEPE ECZANESİ,Diyarbakir,Bismil,37.79329,40.77758,Diyarbakır,Correct
3B428023-4180-45AA-8A0C-8DA07B47AED3,DIYARBAKİR SİLVAN DR.YUSUF AZIZOĞLU DEVLET HASTANESI,Diyarbakir,Silvan,38.14841,40.99211,Diyarbakır,Correct
7595F8E0-43BF-42DE-BA52-8DEDAA427D67,BİÇEN ECZANESİ,Diyarbakir,Ergani,38.26219,39.76733,Diyarbakır,Correct
28604D8C-88C0-4D1F-B5C4-8ED95EB07843,DİYARBAKIR KAYAPINAR YENİYOL AİLE SAĞLIĞI MERKEZİ,Diyarbakir,Kayapinar,37.94003,40.17133,Diyarbakır,Correct
70287AA0-3C87-40BC-B6A0-8F96D922A322,DİYARBAKIR BİSMİL AMBAR AİLE SAĞLIĞI MERKEZİ,Diyarbakir,Bismil,37.85815,40.54028,Diyarbakır,Correct
EED789F4-2F70-47CB-9407-8FC7DF9A2306,DENİZ ECZANESİ,Diyarbakir,Bismil,37.84891,40.66866,Diyarbakır,Correct
7741BE58-E253-4D8B-AE26-901CE2A51AE4,SUR MERKEZ 5 NOLU ASM,Diyarbakir,Sur,37.91325,40.23116,Diyarbakır,Correct
873DD833-7F22-4893-8623-90562D400A7B,SOYLU ECZANESİ,Diyarbakir,Silvan,38.14305,41.00641,Diyarbakır,Correct
57CDA783-53F7-441D-9F89-90C6AE66A4EB,GÜLTEKİN ECZANESİ,Diyarbakir,Hani,38.40688,40.40272,Diyarbakır,Correct
F6D21B4A-0DB9-4771-B6D3-90EBF2B150F8,VİLDAN ECZANESİ,Diyarbakir,Ergani,38.26311,39.78179,Diyarbakır,Correct
0A552752-355F-4C15-96A2-90F101401151,KARAZ ECZANESİ,Diyarbakir,Kocaköy,38.15066,40.99162,Diyarbakır,Correct
D7C09F0C-7DF0-42BB-918A-910DD319553F,ÜÇ YOL ECZANESİ,Diyarbakir,Ergani,38.26433,39.75879,Diyarbakır,Correct
112DB1F6-A2C1-413E-AB7D-9153E80854A1,ÖZEL ZİRVE DİYALİZ MERKEZİ,Diyarbakir,Yenişehir,37.92135,40.23136,Diyarbakır,Correct
843BF4F2-5FB4-4953-8F1A-918D3867BDFC,BARAN TÜRK DİŞ KLİNİĞİ,Diyarbakir,Kayapinar,37.96092,40.16137,Diyarbakır,Correct
95CD8076-1234-4D86-A52B-92792715DE1C,SAĞLIK ECZANESİ,Diyarbakir,Ergani,38.25892,39.79024,Diyarbakır,Correct
5C8FC0C1-BE66-4378-B249-929B3741C001,NERGİZ ECZANESİ,Diyarbakir,Silvan,38.15114,40.99269,Diyarbakır,Correct
2E88DD18-5631-4819-9CFD-92CE2C766FAF,EKİN ECZANESİ,Diyarbakir,Bismil,37.84756,40.66356,Diyarbakır,Correct
32868CD4-7528-4929-8E78-92D953C5E8C4,AMİNE KURT AĞIZ VE DİŞ SAĞLIĞI KLİNİĞİ,Diyarbakir,Bağlar,37.9105,40.13785,Diyarbakır,Correct
B5DC5A97-1A1E-4D8A-8F69-937D7035D17C,BUDAK ECZANESİ,Diyarbakir,Bağlar,37.93624,40.20446,Diyarbakır,Correct
F9EE3D37-9131-446C-AE67-947B47D1CE0A,PILATIN ECZANESI,Diyarbakir,Kayapinar,37.94519,40.18599,Diyarbakır,Correct
783C6AA4-06DB-475C-A51E-949E3A601DCF,ESRANIN ECZANESİ,Diyarbakir,Kayapinar,37.92866,40.15039,Diyarbakır,Correct
9189545D-463B-4B25-B09A-94BF0F4CAD4F,AZİZOĞLU ECZANESİ,Diyarbakir,Sur,37.9121,40.23779,Diyarbakır,Correct
8501642B-9748-4E09-80AA-94D6605A2306,FARUK ECZANESİ,Diyarbakir,Bağlar,37.91331,40.14829,Diyarbakır,Correct
F3ACFC57-0A01-4BE5-ACE6-94E2CFB17BE1,KORHAN ECZANESİ,Diyarbakir,Silvan,38.15356,40.97642,Diyarbakır,Correct
33D3A207-E6DF-4E9A-9C22-952E9A28A73A,DEVA ECZANESİ,Diyarbakir,Silvan,37.93756,40.21255,Diyarbakır,Correct
B82E7EB5-E834-4CA9-AEDB-9545EC0ADDBE,ZELİHA DEVECİ MUAYENEHANESİ,Diyarbakir,Yenişehir,38.46498,40.6458,Diyarbakır,Correct
DE6F887D-294E-416C-9E1B-95E12D29D9E3,ROTA ECZANESİ,Diyarbakir,Kayapinar,37.93647,40.17164,Diyarbakır,Correct
1E644224-2A10-4E1D-83AB-9606C2F7F5A1,DİYARBAKIR 1 NOLU VEREM SAVAŞ DİSPANSERİ,Diyarbakir,Yenişehir,38.01814,40.10746,Diyarbakır,Correct
1F9FE75A-5364-41D7-9476-9633E12BCFAE,DİYARBAKIR BAĞLAR YENİKÖY AİLE SAĞLIĞI MERKEZİ,Diyarbakir,Bağlar,37.91729,40.19859,Diyarbakır,Correct
A6F6D446-5683-4225-B4C6-966ECD6E5827,DERMAVİP DERMATOLOJİ KLİNİĞİ,Diyarbakir,Kayapinar,37.93613,40.20267,Diyarbakır,Correct
927CFBE6-0D4A-4E9A-80C9-967041E4751A,AMED ECZANESİ,Diyarbakir,Dicle,38.35925,40.07232,Diyarbakır,Correct
DE77C2B5-2677-436B-B32C-967E0AABB57C,MEHMET ECZANESİ,Diyarbakir,Kayapinar,37.94854,40.1783,Diyarbakır,Correct
DBD97B8B-8BBF-4399-8FA9-9765216A34B5,TUNA ECZANESİ,Diyarbakir,Bismil,37.82158,40.68003,Diyarbakır,Correct
D250B70D-9449-4F57-A804-97CEEDEB9B6F,GÜLEKEN ECZANESİ,Diyarbakir,Kayapinar,37.9366,40.16221,Diyarbakır,Correct
44CB5FB6-CE32-4010-90C5-97F309AA7111,YENİŞEHİR ECZANESİ,Diyarbakir,Yenişehir,37.91524,40.23045,Diyarbakır,Correct
8E1844CC-335F-4820-87CF-980BE8109132,ELA ECZANESİ,Diyarbakir,Kayapinar,37.94913,40.18185,Diyarbakır,Correct
E78010BF-ACB8-40E3-A6B6-992223336B18,MERVENUR ECZANESİ,Diyarbakir,Bağlar,37.93083,40.20489,Diyarbakır,Correct
E67035D8-593F-4AF2-914C-99392328C31F,PELİN ECZANESİ,Diyarbakir,Yenişehir,39.45377,-76.28076,No Info,No Info
49F3BA62-8718-4A8A-ABE2-99D5BE1D2DEE,KLİNİK DENTOPİA,Diyarbakir,Kayapinar,37.93452,40.19489,Diyarbakır,Correct
A5C0A653-E8A1-40E5-B6D8-9A712643670B,DİYARBAKIR BAĞLAR MEDİNE AİLE SAĞLIĞI MERKEZİ,Diyarbakir,Bağlar,37.92115,40.20087,Diyarbakır,Correct
AF3C2E3A-7FDE-4A43-9C51-9A844F24B595,KAYAPINAR 20 NOLU ASM,Diyarbakir,Kayapinar,37.93747,40.19406,Diyarbakır,Correct
8A1D766E-E8A6-4F0C-AB50-9AAC8DA0DA95,SÜLEYMAN DÖNMEZDİL MUAYENEHANESİ,Diyarbakir,Yenişehir,37.90053,40.22114,Diyarbakır,Correct
92E6C4F3-0221-4EAC-8098-9B03D5D331B7,ÇEVRE ECZANESİ,Diyarbakir,Bağlar,37.92646,40.20537,Diyarbakır,Correct
71735E52-E73F-497B-A767-9B508E5AA2D9,KAYAPINAR 29 NOLU ASM,Diyarbakir,Kayapinar,37.91747,40.11044,Diyarbakır,Correct
4A13E2A4-083E-4C1E-AAC3-9C3AF2E2A49C,SÜMER ECZANESİ,Diyarbakir,Bağlar,37.93199,40.17129,Diyarbakır,Correct
DC551062-D896-4DD1-A38C-9C5ED0B769D7,DENİZ ECZANESİ,Diyarbakir,Bağlar,37.92857,40.2004,Diyarbakır,Correct
F972B29C-336F-4E81-BF42-9CD370B76172,AYTEKİN SIR MUAYENEHANESİ,Diyarbakir,Kayapinar,37.95552,40.16864,Diyarbakır,Correct
F01F5105-CF19-45D4-92B4-9E27D244CAB6,SEVİM ECZANESİ,Diyarbakir,Yenişehir,39.42947,-76.31316,No Info,No Info
074A61B1-551E-41DF-A947-9E7B038BC1CE,DİYARBAKIR BİSMİL MERKEZ ALTIOK AİLE SAĞLIĞI MERKEZİ,Diyarbakir,Bismil,37.84858,40.66833,Diyarbakır,Correct
74093073-5D9E-429A-8434-9EBFC128E3F3,ŞİFA ECZANESİ,Diyarbakir,Silvan,38.14702,41.00407,Diyarbakır,Correct
D34BCBEA-1A3E-43B6-B53B-9F458336530D,MEHMET AYDIN MUAYENEHANESİ,Diyarbakir,Yenişehir,37.9192,40.21989,Diyarbakır,Correct
ADA83619-597D-4902-B5AC-9F4E6303FD42,ÖMÜR ECZANESİ,Diyarbakir,Ergani,38.26773,39.76147,Diyarbakır,Correct
6D939DE9-4B94-4FE8-924B-9FCF29E7FAEC,VERESELİ SEMT ECZANESİ,Diyarbakir,Kayapinar,37.95273,40.17622,Diyarbakır,Correct
0C110A74-0AA5-4B02-84B5-9FDFD7B5B11D,NİL ECZANESİ,Diyarbakir,Çinar,37.7234,40.41696,Diyarbakır,Correct
8FC26ED8-1DE5-4F84-B210-9FFA6A91C2D2,YENİYOL ECZANESİ,Diyarbakir,Kayapinar,37.93725,40.18141,Diyarbakır,Correct
9DA1D25B-9B0F-42D6-809C-A12E2CD197D4,ERDEM ECZANESİ,Diyarbakir,Bismil,37.84912,40.66354,Diyarbakır,Correct
4B89AD98-94BD-444C-8EE3-A16A8BA472CB,REZZAN ÖNER PATNOS MUAYENEHANESİ,Diyarbakir,Yenişehir,37.92104,40.22084,Diyarbakır,Correct
F5C72CFD-6819-4AA3-8589-A2C345BC9860,İLYAS TATAR AĞIZ VE DİŞ SAĞLIĞI POLİKLİNİĞİ,Diyarbakir,Kayapinar,37.91971,40.21908,Diyarbakır,Correct
8A014FBD-85D1-418D-99BD-A2C5BF8A9187,HİPOKRAT ECZANESİ,Diyarbakir,Kayapinar,38.23053,40.39186,Diyarbakır,Correct
105AC26F-8787-473E-818B-A2D1FBDC19CB,DÜNYA DENT AĞIZ VE DİŞ SAĞLIĞI POLİKLİNİĞİ,Diyarbakir,Kayapinar,37.94973,40.17581,Diyarbakır,Correct
A6C3F03E-23DB-4DD6-B266-A2D348B9EDD7,LİCE MERKEZ TSM,Diyarbakir,Lice,38.14422,41.00336,Diyarbakır,Correct
3D4E097E-FF14-46D4-BE55-A30022145A4D,YENİŞEHİR CUMHURİYET ASM,Diyarbakir,Yenişehir,37.93558,40.2112,Diyarbakır,Correct
73EA5605-601A-4077-A457-A3B9303B028C,TOPRAK ECZANESİ,Diyarbakir,Sur,37.91514,40.23682,Diyarbakır,Correct
8495976E-0312-4AC0-9285-A3ED1621A292,METİN ECZANESİ,Diyarbakir,Kayapinar,37.94484,40.18333,Diyarbakır,Correct
3456BD33-D774-447B-BAAE-A3EE636D3AFC,GÜNIŞIĞI ECZANESİ,Diyarbakir,Bağlar,37.91178,40.13608,Diyarbakır,Correct
A8EF6BA9-881C-416E-9D6B-A4ACB065C5C8,HAMRAVAT ECZANESİ,Diyarbakir,Çermik,38.12822,39.45017,Diyarbakır,Correct
3A4201E0-45B8-4A80-8F31-A4E1C81B2025,ÖZEL YARDIMEDEN FİZİK TEDAVİ VE REHABİLİTASYON TIP MERKEZİ,Diyarbakir,Bağlar,37.93152,40.19965,Diyarbakır,Correct
E74AC163-16E8-42EE-8D6E-A55993362669,NARİN ECZANESİ,Diyarbakir,Silvan,38.14174,41.01012,Diyarbakır,Correct
9FED3B4A-62C0-41D1-B9AE-A57BB257040C,BAVER ECZANESİ,Diyarbakir,Bağlar,37.92138,40.20961,Diyarbakır,Correct
AAB7BD60-712E-4694-8991-A5EE091D2B0A,ZEKİ ECZANESİ,Diyarbakir,Kayapinar,37.92719,40.15574,Diyarbakır,Correct
51621C8D-93F1-40F5-9AB6-A5F4F580F129,KASIMOĞLU ECZANESİ,Diyarbakir,Sur,37.91622,40.23769,Diyarbakır,Correct
1A462530-6940-4CFA-B2E1-A5F93E63265C,360 FİT DİYETİSYEN TUBA KAYGUSUZ,Diyarbakir,Kayapinar,37.93377,40.17467,Diyarbakır,Correct
1ABC997E-0A2A-4F94-9917-A618A79C2E12,YENİ LOKMAN ECZANESİ,Diyarbakir,Kulp,38.50617,41.01562,Diyarbakır,Correct
F591F2F4-0507-4729-B259-A62C7F5CA528,AŞİTİ ECZANESİ,Diyarbakir,Kayapinar,37.93789,40.17015,Diyarbakır,Correct
762AEE22-7E08-4C0B-BBC0-A6BCF98F6A7A,AREL ECZANESİ,Diyarbakir,Bağlar,37.91285,40.15134,Diyarbakır,Correct
C33835D4-473D-40D5-AE53-A6EAC82BC28C,DİYARBAKIR LİCE MERKEZ 1 NOLU AİLE SAĞLIĞI MERKEZİ,Diyarbakir,Lice,38.46264,40.64485,Diyarbakır,Correct
7D314BC7-A7BC-4C2C-8761-A727038120AC,RECEP AKÇAKAYA AĞIZ VE DİŞ SAĞLIĞI KLİNİĞİ,Diyarbakir,Kayapinar,37.94542,40.18292,Diyarbakır,Correct
70B8C8C0-14FF-4F07-A5DA-A7A9C87BCC91,SUBAŞI ECZANESİ,Diyarbakir,Ergani,38.26818,39.76171,Diyarbakır,Correct
CA72E3FB-A2CF-4860-A6BE-A850562540F5,YÜCEL ECZANESİ,Diyarbakir,Yenişehir,37.95322,40.226,Diyarbakır,Correct
17CC2A38-923B-4C8F-AF57-A876946B46A8,NUDEM ECZANESİ,Diyarbakir,Bağlar,37.92295,40.1671,Diyarbakır,Correct
880EF1B2-9C27-45E3-9E02-A8B2A0389B3F,EĞİL BERÇEM ECZANESİ,Diyarbakir,Eğil,38.27567,39.76455,Diyarbakır,Correct
D8223C6A-D204-4806-A5E3-A8BFC8E47009,DERMAN ECZANESİ,Diyarbakir,Bismil,37.84215,40.60781,Diyarbakır,Correct
55AD4DC7-5A35-4E87-9CBC-A914CB080570,ERTAŞ ECZANESİ,Diyarbakir,Silvan,38.15253,41.00423,Diyarbakır,Correct
3AE015BB-7F1B-4F72-BE89-A97EF633F795,EYLÜL ECZANESİ,Diyarbakir,Bağlar,37.92519,40.19649,Diyarbakır,Correct
BF50E070-27B3-46B4-98B8-A9B16FF8A765,ÖZEL İMREN DİŞ POLİKLİNİĞİ,Diyarbakir,Yenişehir,37.92041,40.22096,Diyarbakır,Correct
22E8F5A6-2988-426C-8173-A9E5638855A4,GÖKKUŞAĞI ECZANESİ,Diyarbakir,Bağlar,37.91782,40.13771,Diyarbakır,Correct
3874A24D-59EF-4296-8C78-AA182405753D,YASİN TOPRAK AĞIZ VE DİŞ SAĞLIĞI POLİKLİNİĞİ,Diyarbakir,Kayapinar,37.93633,40.19009,Diyarbakır,Correct
C421ABA4-0052-4596-A098-AA7A6CDFCA75,DİNÇ ECZANESİ,Diyarbakir,Dicle,38.37067,40.07084,Diyarbakır,Correct
977AB9D5-FF5D-4EA7-BBD7-AA87AB3A9A4B,SEYRANTEPE ECZANESİ,Diyarbakir,Yenişehir,37.93066,40.1716,Diyarbakır,Correct
7C2A5F19-9C1D-44DE-9BAE-AA9CBE98CBC9,İSKAN MAFRAK ECZANESİ,Diyarbakir,Kayapinar,37.92809,40.15917,Diyarbakır,Correct
56275AC8-E04C-4A7F-8CA6-AB11146C2C71,ŞEVİN ECZANESİ,Diyarbakir,Yenişehir,38.31237,39.20503,Elâzığ,Wrong
91CC25F7-DCC1-4B41-A5D0-AC2328D5CFA7,MEHTAP YAKUT MUAYENEHANESİ,Diyarbakir,Kayapinar,37.95567,40.16522,Diyarbakır,Correct
E05CD405-039A-4DC7-A6D9-AC3BA3BF08AF,MAZLUM DOĞAN ECZANESİ,Diyarbakir,Kayapinar,37.94034,40.19991,Diyarbakır,Correct
0EEAEF77-EEBC-4D97-BBE5-ACB1F352EAD8,DİYARBAKIR THSK - TOPLUM SAĞLIĞI MERKEZİ,Diyarbakir,Bağlar,37.91662,40.21538,Diyarbakır,Correct
4955A218-2F22-4D7D-B2E3-AD3A4654677D,PASUR ECZANESİ,Diyarbakir,Yenişehir,37.91576,40.23248,Diyarbakır,Correct
BEA80622-22BC-470C-9C26-ADA2340CA392,BURAK ECZANESİ,Diyarbakir,Çermik,38.27171,39.759,Diyarbakır,Correct
1019B8C9-3542-4D41-8ED2-ADEB41A6CACC,MELİKE ECZANESİ,Diyarbakir,Kulp,38.49572,41.02217,Diyarbakır,Correct
7B4EE4E0-1DD8-4CA4-8431-AF81D3642CD1,ÖZEL MEMORİAL DİCLE HASTANE ECZANESİ,Diyarbakir,Kayapinar,41.1961,29.3483,İstanbul,Wrong
1E26761A-29CC-4297-BC75-AFA70CE626E6,ÖZEL BOWER HOSPİTAL,Diyarbakir,Yenişehir,38.10635,40.01844,Diyarbakır,Correct
F1679E49-021F-40D4-B53C-B0A3EB3525DD,YEŞİL ÇINAR ECZANESİ,Diyarbakir,Çinar,37.7939,40.77872,Diyarbakır,Correct
C2D78C22-76F0-441C-95B4-B108DB70B0C5,KILIÇ ECZANESİ,Diyarbakir,Lice,38.15337,40.97794,Diyarbakır,Correct
49A790D3-33A6-457E-A75F-B1A34AFCF8E0,ZÜMRÜT ECZANESİ,Diyarbakir,Bağlar,37.91277,40.17581,Diyarbakır,Correct
D7139B9D-EF7F-434D-8EB1-B1C99B654545,DENTİN AĞIZ VE DİŞ SAĞLIĞI POLİKLİNİĞİ,Diyarbakir,Kayapinar,37.94556,40.18253,Diyarbakır,Correct
719156FC-C55F-4F87-9909-B1DCC487DA4F,ŞİLAN ELBAT KLİNİĞİ,Diyarbakir,Kayapinar,37.94463,40.18357,Diyarbakır,Correct
D2AA8D33-79B5-4AB6-93AD-B2488F460917,ELİF ECZANESİ,Diyarbakir,Kulp,38.14191,41.0067,Diyarbakır,Correct
DC281291-AF9C-4AD7-B0CF-B3625A8BE006,BERF ECZANESI,Diyarbakir,Kayapinar,37.9346,40.19459,Diyarbakır,Correct
11F84698-A69C-4A46-9A9C-B428DEDFFC1D,YENİ FİLİZ ECZANESİ,Diyarbakir,Bağlar,37.91815,40.21199,Diyarbakır,Correct
8061BC7A-5361-4C54-94FF-B42E99A9EB24,DİLŞAH KOLAÇ KAÇAR MUAYENEHANESİ,Diyarbakir,Kayapinar,37.93456,40.19463,Diyarbakır,Correct
3D0F4B3A-F828-49CF-AE5B-B436C3E45E8E,DİYARBAKIR SUR ÇARIKLI AİLE SAĞLIĞI MERKEZİ,Diyarbakir,Sur,37.84299,40.23236,Diyarbakır,Correct
D25BAC33-35F5-40B1-B8F4-B43A91D022DE,DİYARBAKIR SUR MARDİNKAPI AİLE SAĞLIĞI MERKEZİ,Diyarbakir,Sur,37.91985,40.24298,Diyarbakır,Correct
ADAF9E00-46AE-4ABF-9448-B49794B4EF14,DOZ ECZANESİ,Diyarbakir,Kayapinar,37.93904,40.13918,Diyarbakır,Correct
FFCDA4EA-A703-4029-96DE-B4DEC6768BAD,DIYARBAKİR LICE HALIS TOPRAK VAKFİ DEVLET HASTANESI,Diyarbakir,Lice,38.45634,40.6512,Diyarbakır,Correct
686FCDB1-6FB4-49B4-AB6D-B4E08518861E,BAĞLAR MERKEZ 7 NOLU ASM,Diyarbakir,Bağlar,37.92564,40.19754,Diyarbakır,Correct
16BB6B5D-9897-4AF6-B6C4-B5443CC084F3,DİYARBAKIR ECZANESİ,Diyarbakir,Kayapinar,37.93326,40.15668,Diyarbakır,Correct
A4A67437-E03C-408B-B77D-B60F355A96D4,DİYARBAKIR HAZRO MERKEZ 1 NOLU AİLE SAĞLIĞI MERKEZİ,Diyarbakir,Hazro,38.24993,40.78351,Diyarbakır,Correct
AE7E4638-3546-4C67-B7CE-B62D88AD9B39,MESUT ECZANESİ,Diyarbakir,Bağlar,37.91686,40.20298,Diyarbakır,Correct
2E2F3FC0-5A2C-44E3-8F65-B6425836CE6F,ŞEYMA ECZANESİ,Diyarbakir,Bağlar,37.90734,40.14058,Diyarbakır,Correct
6BA53D2F-96D4-4F4F-92D2-B688338A9E5D,SALİH ECZANESİ,Diyarbakir,Yenişehir,37.91983,40.23424,Diyarbakır,Correct
E1753CF6-9723-4F9B-8FBC-B68B6DEE136B,ÖZGÜR ECZANESİ,Diyarbakir,Bağlar,37.92531,40.19325,Diyarbakır,Correct
E39B5AF6-FF2B-4B52-89A2-B6C2CF4A9AFF,İREM ECZANESİ,Diyarbakir,Yenişehir,37.94164,40.21339,Diyarbakır,Correct
B43256EC-38E2-4039-9096-B6D5A1FED7BE,KARDEŞLER ECZANESİ,Diyarbakir,Sur,37.914,40.22997,Diyarbakır,Correct
B9EB87A6-BB04-4161-B82E-B7013B13990B,DİYARBAKIR EĞİL İLÇE DEVLET HASTANESİ(Y),Diyarbakir,Eğil,38.25841,40.08586,Diyarbakır,Correct
1CFE7880-2ECC-49BB-942E-B775162DDD74,YAĞMUR ECZANESİ,Diyarbakir,Ergani,38.25801,39.7891,Diyarbakır,Correct
EDC9E6B9-1547-4E84-B21C-B7DB3FCAFE96,ECE ECZANESİ,Diyarbakir,Kayapinar,37.94008,40.19212,Diyarbakır,Correct
6C236798-3074-4B7B-BBA2-B7FF2769FFD2,ZERZEVAN ECZANESİ,Diyarbakir,Çinar,37.85831,40.66138,Diyarbakır,Correct
626A90F9-A5C5-4C75-8B70-B841C8FC3806,ALİ EREN ECZANESİ,Diyarbakir,Kayapinar,37.93195,40.14196,Diyarbakır,Correct
997265FB-87FD-41CF-900E-B8B1A966362A,NEVAL YAMAN GÖRÜK KLİNİĞİ,Diyarbakir,DİYARBAKIR MERKEZ,40.8634,29.3509,İstanbul,Wrong
975E38E8-5828-43F8-A522-B8B2B9CA74C2,SERHAT ECZANESİ,Diyarbakir,Bismil,37.84905,40.66337,Diyarbakır,Correct
D56B303A-851E-4DEA-AC71-B8D4255068E1,CEREN ECZANESİ,Diyarbakir,Kayapinar,37.93728,40.20286,Diyarbakır,Correct
ABA59DE6-2066-4F61-AE1F-B8E34C57C904,SARISALTIK ECZANESİ,Diyarbakir,Kayapinar,37.94185,40.19266,Diyarbakır,Correct
43C6292D-CE0C-4B8C-9FDB-B934B9BE010F,NEFES ECZANESİ,Diyarbakir,Yenişehir,37.91639,40.21804,Diyarbakır,Correct
7DB1E9BB-2964-4E83-9235-B969993C0A3E,NUJİN ECZANESİ,Diyarbakir,Yenişehir,37.90459,40.22675,Diyarbakır,Correct
9D0BE50E-61C8-4348-811B-B9A61D2FCFF3,EVRİM ECZANESİ,Diyarbakir,Ergani,38.26293,39.75882,Diyarbakır,Correct
4A238103-D1F9-4345-B902-B9C80E7B7A09,ERDAL ECZANESİ,Diyarbakir,Kayapinar,37.95551,40.17428,Diyarbakır,Correct
FAE60D09-8404-4CEC-B7AE-BA0D2EBC2D6E,MERVE ECZANESI,Diyarbakir,Kayapinar,37.93811,40.18594,Diyarbakır,Correct
06E5D7B6-4AB3-4B58-A3BA-BA189C62038C,GİRNE ECZANESİ,Diyarbakir,Bağlar,37.91886,40.20274,Diyarbakır,Correct
89F63003-7AF3-4095-ABFD-BA2CCEC80712,MEVLANA ECZANESİ,Diyarbakir,Kayapinar,37.93737,40.20106,Diyarbakır,Correct
262706E6-AA8B-4450-8864-BAB58247EB1A,ÇELEBİ ECZANESİ,Diyarbakir,Bağlar,37.93612,40.21248,Diyarbakır,Correct
FFE63DE8-B3FE-4AD6-AF66-BB07C43BF200,DİYARBAKIR ÇINAR OVABAĞ AİLE SAĞLIĞI MERKEZİ,Diyarbakir,Çinar,37.72447,40.4139,Diyarbakır,Correct
0A56EA68-E748-4F81-AFC9-BB5FFA1E53EA,PINAR ECZANESİ,Diyarbakir,Bismil,37.85837,40.66568,Diyarbakır,Correct
52437204-6F21-44CA-B1CB-BC2AECDEEEA7,ZİN ECZANESİ,Diyarbakir,Kayapinar,37.95963,40.16405,Diyarbakır,Correct
A656B80E-FEBE-40EA-B68A-BC2E97B669F9,DİYARBAKIR KAYAPINAR MEHMET AKİF ERSOY AİLE SAĞLIĞI MERKEZİ,Diyarbakir,Kayapinar,37.93273,40.13333,Diyarbakır,Correct
E1B5C21C-6471-46EF-A7A5-BCE1A3BDE382,ÖZEL MEHMET BOZYEL AĞIZ VE DİŞ SAĞLIĞI POLİKLİNİĞİ,Diyarbakir,Yenişehir,37.91829,40.22083,Diyarbakır,Correct
AF035D65-E32B-47FA-8915-BCF1DEB0C0A9,ŞENER KAYAPINAR MUAYENEHANESİ,Diyarbakir,Kayapinar,37.95435,40.1697,Diyarbakır,Correct
6D6EF015-C99A-4FAC-9F23-BD6E61373569,ÇİĞDEM ECZANESİ,Diyarbakir,Kayapinar,37.95873,40.16285,Diyarbakır,Correct
F0761F43-3C6E-49A3-B93C-BDE1381149B8,ŞİFA ECZANESİ,Diyarbakir,Bağlar,37.92728,40.19769,Diyarbakır,Correct
65F7BB15-3661-4CA2-BA13-BE0BEB42E3A5,MASAL ECZANESİ,Diyarbakir,Kayapinar,37.93656,40.20421,Diyarbakır,Correct
56EA2B5A-0138-46CD-8AA7-BE17CC781C66,GÜL ECZANESİ,Diyarbakir,Kayapinar,37.94322,40.19437,Diyarbakır,Correct
079190DF-A504-4F52-B971-BEA3F11AEE4F,DİYARBAKIR BAĞLAR SELAHATTİN EYYÜBİ AİLE SAĞLIĞI MERKEZİ,Diyarbakir,Bağlar,37.93321,40.20017,Diyarbakır,Correct
9F2A1911-F903-4624-9A74-BEC814F1F380,BÜŞRA ECZANESİ,Diyarbakir,Kocaköy,38.15064,40.99161,Diyarbakır,Correct
5F8A5B3A-7988-4DFB-A53D-BEDF7F55D95C,ÖZGE ECZANESI,Diyarbakir,Kayapinar,37.93994,40.14038,Diyarbakır,Correct
253A21B4-C54C-40F5-AD7D-BF3D0090D0A2,DOĞUMEVİ ECZANESİ,Diyarbakir,Bağlar,37.92155,40.15412,Diyarbakır,Correct
C14A05ED-FB71-4019-AAD7-BF68C51E4426,UĞUR DEMİRKIRAN DİŞ KLİNİĞİ,Diyarbakir,Kayapinar,37.94553,40.18477,Diyarbakır,Correct
AC90B664-5A82-475A-840B-BF86947FE54C,ÖZDENİZ ECZANESİ,Diyarbakir,Bağlar,37.93355,40.12729,Diyarbakır,Correct
5473D000-E4C8-40B0-84CE-BF96A5CA3355,HACETTEPE ECZANESİ,Diyarbakir,Kayapinar,37.92302,40.15453,Diyarbakır,Correct
3159F6CE-02FF-4FFF-99FD-C08C01EC43F7,SAĞLIK ECZANESİ,Diyarbakir,Bağlar,37.91957,40.21621,Diyarbakır,Correct
3287C645-E469-4998-A2C3-C0D480802F81,DİYETİSYEN OSMAN ALABALIK SAĞLIKLI YAŞAM,Diyarbakir,DİYARBAKIR MERKEZ,40.9188,28.6483,İstanbul,Wrong
ADBD8386-CAC3-4441-BB2A-C16D6B02C2BC,DİCLE FIRAT ECZANESİ,Diyarbakir,Sur,37.91102,40.23529,Diyarbakır,Correct
E03F750A-29A4-4F6D-BA3E-C172ED42A32F,MOLEKÜL ECZANESİ,Diyarbakir,Kayapinar,37.93377,40.17459,Diyarbakır,Correct
0FD43CDD-CE8A-4767-B4BB-C1B952258FE3,MEMORİAL DİYARBAKIR HASTANESİ,Diyarbakir,Kayapinar,37.93564,40.18727,Diyarbakır,Correct
529429EC-1520-4E86-AE2E-C1FF6FA64893,KOZA ECZANESİ,Diyarbakir,Bağlar,37.93168,40.14975,Diyarbakır,Correct
23EC6C32-DAEF-4F37-B68E-C270A6BA1480,BATI ECZANESİ,Diyarbakir,Kayapinar,37.94605,40.17611,Diyarbakır,Correct
75755C44-A7C2-410F-B081-C2ED54FA8831,UYSAL ECZANESİ,Diyarbakir,Yenişehir,37.91686,40.23349,Diyarbakır,Correct
9BFFCC6B-97A2-401F-8D17-C2F16699313F,CEBE ECZANESİ,Diyarbakir,Ergani,38.25891,39.7903,Diyarbakır,Correct
6865B606-5A43-4DCC-BBC5-C31D044948AE,DENT HOUSE,Diyarbakir,Kayapinar,37.93146,40.13711,Diyarbakır,Correct
6418C8F9-9803-42FD-A324-C34428C81DD6,HELİN DEVA ECZANESİ,Diyarbakir,Kayapinar,37.92413,40.10326,Diyarbakır,Correct
1246DFAA-4171-4DC1-B7BD-C38B919C8352,DİYARBAKIR ERGANİ 14 NOLU AİLE SAĞLIĞI MERKEZİ,Diyarbakir,Ergani,38.26105,39.76169,Diyarbakır,Correct
7E89AF68-256B-4B5E-A3F2-C3D6CBD06056,ÖZEL GENESİS HOSPİTAL,Diyarbakir,Kayapinar,37.76454,40.68039,Diyarbakır,Correct
94743ADD-6335-41D4-A96B-C3DAA258CB95,PİRAN ECZANESİ,Diyarbakir,Dicle,38.35835,40.07112,Diyarbakır,Correct
35B56B1F-118F-40FC-9650-C3E717782701,ORTADOĞU ECZANESİ,Diyarbakir,Yenişehir,37.90776,40.20838,Diyarbakır,Correct
DD6AF013-56BD-4EED-918C-C45471B7538A,ATLANTİS ECZANESİ,Diyarbakir,Çinar,37.85308,40.66839,Diyarbakır,Correct
9FB048BD-7839-4516-933C-C4EB056E86D0,KİRAZ ÇİÇEĞİ ECZANESİ,Diyarbakir,Kayapinar,37.95393,40.17939,Diyarbakır,Correct
B674AE20-0E00-47A2-8A32-C55669F249BD,AYDIN ECZANESİ,Diyarbakir,Ergani,38.2654,39.7655,Diyarbakır,Correct
88498584-639A-4F3D-BAF9-C56A03D3C8C7,MELİH ECZANESİ,Diyarbakir,Yenişehir,37.91525,40.21948,Diyarbakır,Correct
08A0D180-48C7-405C-8F0E-C573DB1D4F4C,EZGİN ECZANESİ,Diyarbakir,Sur,38.18214,40.66644,Diyarbakır,Correct
C17E6818-7AEB-4F82-8F5A-C5A8DFB5BD7F,ONUR ECZANESİ,Diyarbakir,Sur,37.91101,40.23477,Diyarbakır,Correct
8E16E059-84F8-4E91-8AA3-C5E72E1F7B20,SU ECZANESİ,Diyarbakir,Kayapinar,37.94084,40.14158,Diyarbakır,Correct
2DA4D14C-E315-4BBA-B025-C623AA32EFC4,RÜZGAR ECZANESİ,Diyarbakir,Bismil,37.84846,40.66864,Diyarbakır,Correct
937A41DD-C509-40CB-9B44-C631276B4EB2,LİMAN ECZANESİ,Diyarbakir,Bağlar,38.26188,39.76204,Diyarbakır,Correct
B6CF235F-7BEE-4478-8CF5-C645141B3A1D,MERVE TUNCE MUAYENEHANESİ,Diyarbakir,Kayapinar,37.93406,40.19571,Diyarbakır,Correct
F8F51701-833F-4A60-8AA7-C66D0E0D8211,BARIŞ ECZANESİ,Diyarbakir,Bağlar,37.91862,40.19812,Diyarbakır,Correct
AB05DFB5-7CDF-4ED8-BED6-C726BFAFF67C,LİMON ECZANESİ,Diyarbakir,Bağlar,37.93738,40.20252,Diyarbakır,Correct
525973C6-322D-4C27-9CAF-C728D7FA8192,MURAT ECZANESİ,Diyarbakir,Yenişehir,37.91775,40.22881,Diyarbakır,Correct
7348EC5E-B028-49D8-A9FF-C731BE8E508B,SELAMET ECZANESİ,Diyarbakir,Hani,38.40684,40.40057,Diyarbakır,Correct
C4063F8B-C404-4466-BF77-C81EBE31E9EB,UZMAN ECZANESİ,Diyarbakir,Bağlar,39.28547,-76.50516,No Info,No Info
6C60BE0F-A7A8-448A-ADF0-C820C484787D,HALUK ECZANESİ,Diyarbakir,Eğil,38.26996,39.76486,Diyarbakır,Correct
36D31ACF-9890-4F84-A7CB-C848EE6F2363,DİYARBAKIR BAĞLAR BATIKENT AİLE SAĞLIĞI MERKEZİ,Diyarbakir,Bağlar,37.92612,40.21347,Diyarbakır,Correct
63F1AC28-4821-4835-BDD4-C893C66E945C,DAĞKAPI ECZANESİ,Diyarbakir,Yenişehir,37.91714,40.23996,Diyarbakır,Correct
0B44D7EA-1048-4364-BB90-C9494CA5E91C,DİYARBAKIR DAĞKAPI DEVLET HASTANESİ,Diyarbakir,Yenişehir,37.91837,40.2392,Diyarbakır,Correct
2FFA3CFD-5AB7-4A5A-ABC2-C99253CAD915,DİYAR ECZANESİ,Diyarbakir,Bağlar,37.9316,40.19911,Diyarbakır,Correct
151C565C-AA64-4C42-8301-C9931215CD4F,YÜKSEL AĞIZ VE DİŞ SAĞLIĞI POLİKLİNİĞİ,Diyarbakir,Bağlar,37.92853,40.20945,Diyarbakır,Correct
A2664E77-6D5E-405D-AE52-C9C6B0E50FA9,BERKEN ECZANESİ,Diyarbakir,Bağlar,37.90824,40.14178,Diyarbakır,Correct
2C9B2304-3688-4E96-B139-CAD6959CBFC6,ÖZEL NUDENT AĞIZ VE DİŞ POLİKLİNİĞİ,Diyarbakir,Kayapinar,37.94495,40.16782,Diyarbakır,Correct
22DAC101-3A96-4F1E-840A-CAF636563B13,TOPLU KONUT ECZANESİ,Diyarbakir,Yenişehir,37.9493,40.21106,Diyarbakır,Correct
CDDCD437-5D7D-405B-8955-CC0529F09019,TURGAY ECZANESİ,Diyarbakir,Bağlar,37.91495,40.2042,Diyarbakır,Correct
120D007B-B582-4592-94A4-CC27FD36933E,DİYARBAKIR KAYAPINAR FIRAT AİLE SAĞLIĞI MERKEZİ,Diyarbakir,Kayapinar,37.93306,40.16277,Diyarbakır,Correct
F2BD1148-DD3D-4CB9-9A32-CC9685CFFBF8,SANAT ECZANESİ,Diyarbakir,Bismil,37.85013,40.66454,Diyarbakır,Correct
CAC4E34D-B516-419D-A422-CD5CE9092880,BAGLAR 31 NOLU AİLE SAĞLIĞI MERKEZİ,Diyarbakir,Bağlar,37.91151,40.12671,Diyarbakır,Correct
D9F2EEC6-BD4B-4685-95AA-CDC6C4D1122B,KAYA ECZANESİ,Diyarbakir,Kayapinar,37.91399,40.23689,Diyarbakır,Correct
72F07F81-F8B9-4F75-A791-CDDFDFB387A1,HALK ECZANESİ,Diyarbakir,Sur,37.90626,40.23577,Diyarbakır,Correct
C2247BF6-2360-484E-A125-CE1009E53E90,ASLAN ECZANESİ,Diyarbakir,Hani,38.25525,39.77834,Diyarbakır,Correct
9A7326D5-1AF5-4251-887A-CE3546A11263,DİCLE ÜNİVERSİTESİ TIP FAKÜLTESİ HASTANESİ,Diyarbakir,Sur,37.94788,40.17759,Diyarbakır,Correct
120BF94E-F6B3-4F3C-85D7-CE96F21E9F33,GÜLNİHAL AYGÜN BESLENME EĞİTİM VE DYT DANIŞMANLIĞI,Diyarbakir,Kayapinar,37.93442,40.17259,Diyarbakır,Correct
FB3621EA-0E81-4684-B070-CF002D52F60F,ASUMAN ECZANESİ,Diyarbakir,Kayapinar,37.92588,40.15657,Diyarbakır,Correct
13C28896-A6D4-48E9-B3CA-CF369C83FC34,SALKIM ECZANESİ,Diyarbakir,Bağlar,37.92266,40.21001,Diyarbakır,Correct
E4D14F9B-62D5-493D-8464-CF482AD2F386,AYHAN ECZANESİ,Diyarbakir,Kayapinar,38.00633,40.11678,Diyarbakır,Correct
EFEADBA8-6BDB-4D03-A6B3-CF590E5F12BB,OCAK ECZANESİ,Diyarbakir,Yenişehir,37.91829,40.22093,Diyarbakır,Correct
C54CB7EE-BB10-4BB6-8093-CFEDE9CEF404,TAHA ECZANESİ,Diyarbakir,Sur,37.91492,40.23612,Diyarbakır,Correct
70CCA0D1-9C34-4A2A-AC32-D01511B1DF93,DİYARBAKIR BİSMİL MERKEZ SANAYİ AİLE SAĞLIĞI MERKEZİ,Diyarbakir,Bismil,37.84438,40.6888,Diyarbakır,Correct
5B4CE32D-F624-4325-A86B-D02F4CBE719E,DİYARBAKIR KAYAPINAR GAZİLER 3 NOLU AİLE SAĞLIĞI MERKEZİ,Diyarbakir,Kayapinar,37.93246,40.17554,Diyarbakır,Correct
D64D74D3-7CFA-4E9F-BC47-D07E323F05E9,MAHİR TOKGÖZ MUAYENEHANESİ,Diyarbakir,MERKEZ,40.9962,28.7529,İstanbul,Wrong
EB5F00A2-1836-4905-A7A9-D081887B5DBD,HÜLYA ECZANESİ,Diyarbakir,Kayapinar,37.93463,40.18135,Diyarbakır,Correct
7770D14D-0FD4-43AF-AC10-D099B0329091,ALİ ECZANESİ,Diyarbakir,Kayapinar,37.93479,40.19643,Diyarbakır,Correct
3F273F74-95C0-45FF-9CAE-D15F97807378,VEYSEL ECZANESİ,Diyarbakir,Yenişehir,37.9081,40.15247,Diyarbakır,Correct
81F7D236-D02C-4450-B90B-D1801C2953BF,İLAYDA KARKİN AĞIZ VE DİŞ SAĞLIĞI POLİKLİNİĞİ,Diyarbakir,Kayapinar,37.93343,40.16885,Diyarbakır,Correct
7D03978F-6568-493A-B581-D229E74D1119,PELDA ECZANESİ,Diyarbakir,Sur,37.86915,40.2453,Diyarbakır,Correct
B90F3EC6-05A2-4BBF-979E-D31DC4A1ACC2,DİYARBAKİR AĞIZ VE DİŞ SAĞLIĞI HASTANESİ,Diyarbakir,Yenişehir,37.95319,40.12979,Diyarbakır,Correct
60FB417F-2070-4F42-AE3B-D32E02EE1511,SERCANDENT AĞIZ VE DİŞ SAĞLIĞI POLİKLİNİĞİ,Diyarbakir,Kayapinar,37.93426,40.19524,Diyarbakır,Correct
5393761E-C05C-4493-96B4-D3AC0519E80B,AKDEMİR ECZANESİ,Diyarbakir,Kayapinar,37.95775,40.16204,Diyarbakır,Correct
F0857B6F-14ED-4B2D-B529-D42CF1EC6BBA,İLEN ECZANESİ,Diyarbakir,Çinar,38.50132,41.04168,Diyarbakır,Correct
529EDF90-67E4-40E0-8490-D42E7C67A642,RIFAT ADIYAMAN MUAYENEHANESİ,Diyarbakir,Bağlar,37.93079,40.19765,Diyarbakır,Correct
E0DDCAE5-ABB6-4346-933D-D478006BD2F0,SABRİOĞLU ECZANESİ,Diyarbakir,Kayapinar,37.9251,40.11301,Diyarbakır,Correct
B28EFD30-FD83-48BD-A681-D4882AF5EAEA,NARİN ECZANESİ,Diyarbakir,Çüngüş,38.21296,39.29412,Diyarbakır,Correct
84F8D9DC-9850-4A7B-B926-D57C4B048347,ASAF ECZANESİ,Diyarbakir,Kayapinar,37.94029,40.1509,Diyarbakır,Correct
6CA0F5EC-340B-4AA6-9D39-D5EA69D54E86,CENGİZ KUDAT DİŞ KLİNİĞİ,Diyarbakir,Bağlar,37.95409,40.13099,Diyarbakır,Correct
4424A52B-4F64-4028-B4F2-D66344A4432E,ŞEYMA ECZANESİ,Diyarbakir,Çermik,38.36839,40.07119,Diyarbakır,Correct
368C8122-0F55-4587-A8B8-D6A0F3AD6DC9,MEYA ECZANESİ,Diyarbakir,Silvan,38.13776,41.01534,Diyarbakır,Correct
85B92C29-62F6-4B97-9E93-D6AD44591012,PARK ECZANESİ,Diyarbakir,Bağlar,37.93303,40.20415,Diyarbakır,Correct
29D4868D-970A-48BC-A8AD-D7FB3D6C1849,DURGUN ECZANESİ,Diyarbakir,Kayapinar,37.94733,40.18717,Diyarbakır,Correct
768D52DA-C031-4036-B8EC-D828FFE9BEED,ÇERMİK DEVLET HASTANESİ,Diyarbakir,Çermik,38.1361,39.4531,Diyarbakır,Correct
4BC4E8C2-A7DB-4254-9F3C-D87C1A4CB9D6,BARIŞ KARATAŞ MUAYENEHANESİ,Diyarbakir,Yenişehir,39.23327,-76.57476,No Info,No Info
C29DE078-09BA-4FFE-94B5-D8C3CD4A3294,AKSU ECZANESİ,Diyarbakir,Ergani,38.25763,39.78732,Diyarbakır,Correct
8DE51F64-B06E-4412-B9FF-D8F503B5FC98,ÖZEL MİNEDENT SAĞLIK DİŞ KLİNİĞİ,Diyarbakir,Kayapinar,37.93236,40.13831,Diyarbakır,Correct
6EFD67AC-18D0-4981-A841-D92BDC5FB592,DİYARBAKIR YENİŞEHİR ZİYA GÖKALP AİLE SAĞLIĞI MERKEZİ,Diyarbakir,Yenişehir,37.91873,40.22945,Diyarbakır,Correct
4DEAA8D2-119E-4911-BA9C-D94610EE7DF7,LATİFOĞLU ALİPINAR ECZANESİ,Diyarbakir,Bağlar,37.90726,40.21249,Diyarbakır,Correct
B48E701A-FC26-412F-B7E3-D96336A0A16A,DİYETİSYEN BERFİN ASLAN BESLENME VE DİYET MERKEZİ,Diyarbakir,Kayapinar,37.93842,40.19664,Diyarbakır,Correct
C6173D1D-A878-40C3-8D7A-DA4FB66352AF,DİYARBAKIR EĞİL MERKEZ 1 NOLU AİLE SAĞLIĞI MERKEZİ,Diyarbakir,Eğil,38.25869,40.08547,Diyarbakır,Correct
455063C6-5653-4D22-920F-DA749F070455,BAĞCILAR ECZANESİ,Diyarbakir,Bağlar,39.61397,-76.06716,No Info,No Info
D6B631A4-793A-4103-820A-DA7A2C0D51CB,ADA ECZANESİ,Diyarbakir,Yenişehir,37.92561,40.20229,Diyarbakır,Correct
334F7862-39B8-4F8E-9019-DAE536DF9A82,YENİŞEHİR ŞİLDE AİLE SAĞLIĞI MERKEZİ,Diyarbakir,Yenişehir,37.93998,40.21988,Diyarbakır,Correct
8B1A8517-3B85-44F2-A485-DB3A4384AB4A,FORUM BERİTAN ECZANESİ,Diyarbakir,Yenişehir,37.96373,40.179,Diyarbakır,Correct
B44ADB58-E8BB-4F41-A671-DB8A12851379,ÖZEL AHMET AYDINALP KLİNİK,Diyarbakir,Kayapinar,37.94739,40.17719,Diyarbakır,Correct
60769F64-53A4-49A7-99C1-DBD06EFEFD88,PAPATYA ECZANESİ,Diyarbakir,Kayapinar,37.93183,40.13213,Diyarbakır,Correct
ABE3F37A-A4B2-4979-A5EC-DC2A035D12BD,ENGİN AĞAÇKIRAN MUAYENEHANESİ,Diyarbakir,Yenişehir,37.92014,40.21888,Diyarbakır,Correct
D4140FAC-EB38-4D4A-9C37-DCB60B1D67D0,HELİN ECZANESİ,Diyarbakir,Bağlar,37.92909,40.1989,Diyarbakır,Correct
3EA7B3F8-AE61-419C-8A70-DCE7686E5D2B,KARTAL ECZANESİ,Diyarbakir,Kayapinar,37.96064,40.16126,Diyarbakır,Correct
EAF2D01E-39AC-435C-BB96-DD2A19387B46,DOĞA ECZANESİ,Diyarbakir,Ergani,38.26211,39.78683,Diyarbakır,Correct
E73FAB55-C717-4040-A1D0-DD384C7AA676,NİDA ECZANESİ,Diyarbakir,Hani,38.41209,40.40077,Diyarbakır,Correct
BAE17C22-4704-4876-95E1-DE3566B65949,PINAR ECZANESİ,Diyarbakir,Bağlar,37.91358,40.16919,Diyarbakır,Correct
2D1BF146-DA3D-4CAE-BC8D-DE838A2EA10A,ŞİFA ECZANESİ,Diyarbakir,Çinar,37.71133,40.42765,Diyarbakır,Correct
0FB0056D-5D4B-46BB-8252-DEBE25F8D385,ÖZEL RENAL DİYALİZ MERKEZİ,Diyarbakir,Bağlar,37.9333,40.20133,Diyarbakır,Correct
D422BE21-3040-43A9-85F7-DEF018948416,EMEK ECZANESİ,Diyarbakir,Bağlar,37.92625,40.20211,Diyarbakır,Correct
5E88F26F-FD96-4717-A933-DF1581B1AD97,ERGANİ AĞIZ VE DİŞ SAĞLIĞI MERKEZİ,Diyarbakir,Ergani,38.2605,39.77041,Diyarbakır,Correct
AA8E77F5-6921-4D77-B45A-DF9F90B36943,ÖZEL MEMORİAL DİYARBAKIR HASTANESİ ECZANESİ,Diyarbakir,Kayapinar,41.0695,28.9283,İstanbul,Wrong
E141B43D-F412-4169-9DDE-DFACF8540451,ADEMHAN ECZANESİ,Diyarbakir,Çinar,37.72132,40.41869,Diyarbakır,Correct
A11019A6-84B5-441F-A046-DFD6D427D20E,ÇAĞLAYAN ECZANESİ,Diyarbakir,Bağlar,37.90692,40.14064,Diyarbakır,Correct
5F07F4D3-DA25-492A-B9F0-E086CCB30E17,HAKAN KUSEN KADIN MUAYENEHANESİ,Diyarbakir,Kayapinar,37.93774,40.16009,Diyarbakır,Correct
128915C9-DA08-4EC9-B016-E0A5E5EF926E,SÜMER ECZANESİ,Diyarbakir,Çermik,39.49697,-76.22316,No Info,No Info
71B50E52-A61A-459B-9CF5-E0ADCD828861,DİYARBAKIR YENİŞEHİR DOKUZÇELTİK AİLE SAĞLIĞI MERKEZİ,Diyarbakir,Yenişehir,37.97789,40.17324,Diyarbakır,Correct
3C2C0FC2-9AB4-4267-91D9-E114CDF93F9C,FİZYOPOLİTAN FİZİK TEDAVİ DAL MERKEZİ,Diyarbakir,Yenişehir,37.92039,40.21904,Diyarbakır,Correct
9F1A852A-2562-48B5-B419-E14B2BCA8DD7,ASLAN ECZANESİ,Diyarbakir,Sur,37.91587,40.23524,Diyarbakır,Correct
E323B1F5-AB23-4BBA-841F-E16FC1B51B59,FERAH ECZANESİ,Diyarbakir,Bağlar,37.92197,40.20979,Diyarbakır,Correct
1630FEA0-1ADB-4C05-BA36-E1B8F5B529F1,CANAN ECZANESİ,Diyarbakir,Bağlar,37.91019,40.2136,Diyarbakır,Correct
DA41206B-8A41-45EB-B7DE-E1BE113E7390,AYŞEGÜL KOCA MUAYENEHANESİ,Diyarbakir,Yenişehir,37.92061,40.22028,Diyarbakır,Correct
93BF8ED2-7E6E-4A99-9030-E267B9D302F4,KULP MERKEZ TSM,Diyarbakir,Kulp,38.49954,41.00927,Diyarbakır,Correct
8C189D1D-368A-4BB2-9C73-E2CE01B8D7E2,DİYARBAKIR KAYAPINAR PEYAS AİLE SAĞLIĞI MERKEZİ,Diyarbakir,Kayapinar,37.93628,40.17898,Diyarbakır,Correct
BD472D89-6CE3-452D-BB38-E2DA7CC129DB,ÇAĞDAŞ ECZANESİ,Diyarbakir,Bismil,37.84729,40.66357,Diyarbakır,Correct
EA2CC43E-DA85-4A61-81D6-E35D780A60CE,ASLAN ECZANESİ,Diyarbakir,Ergani,38.25525,39.77834,Diyarbakır,Correct
317CEFCA-43F5-487B-A09E-E3EA3C07B76E,KAPİTOL ECZANESİ,Diyarbakir,Bismil,37.84453,40.66421,Diyarbakır,Correct
5701F2DF-AA62-4968-8F5D-E48CEE8EBD02,BERFİN ECZANESİ,Diyarbakir,Kayapinar,37.93911,40.19577,Diyarbakır,Correct
CC6A55F7-1550-4F86-AD64-E49579BE1CD3,AYŞE AKGÜNEŞ MUAYENEHANESİ,Diyarbakir,Kayapinar,37.93424,40.17842,Diyarbakır,Correct
55DE4283-37C9-429A-8171-E4B40ABFDA27,FIRAT ECZANESİ,Diyarbakir,Bağlar,37.91477,40.20864,Diyarbakır,Correct
398FCA88-18DD-4F0E-9580-E4F695A16782,ŞEYHMUS TURŞAK MUAYENEHANESİ,Diyarbakir,Kayapinar,37.93537,40.19398,Diyarbakır,Correct
17B6829A-618F-4FF2-A318-E52169CFE416,NİLÜFER ECZANESİ,Diyarbakir,Kayapinar,37.92917,40.14655,Diyarbakır,Correct
3AFF7DCA-6EE8-4C42-900B-E688F1D1915F,DİYARBAKIR AĞIZ VE DİŞ SAĞLIĞI MERKEZİ DİCLEKENT SEMT POLİKLİNİĞİ,Diyarbakir,Kayapinar,37.94329,40.18995,Diyarbakır,Correct
EFED1582-17D1-4140-914F-E767A8A15A48,İDİL ECZANESİ,Diyarbakir,Bağlar,37.93138,40.18317,Diyarbakır,Correct
67600C9A-C87A-49C9-95AA-E7EE6E45F2CA,ERKAN KAKDAŞ MUAYENEHANESİ,Diyarbakir,Yenişehir,37.92564,40.16243,Diyarbakır,Correct
6808BF1A-8B10-4067-9196-E8A8AD9F1A7A,ABDURRAHMAN AKBA DİŞ KLİNİĞİ,Diyarbakir,Yenişehir,37.90663,40.22349,Diyarbakır,Correct
D3554001-17FC-41B3-992F-E8EAA47B79E7,KALENDER ECZANESİ,Diyarbakir,Kayapinar,37.95424,39.94272,Diyarbakır,Correct
EACF7133-B0E9-4085-96AD-E9544CF4A6DD,CEMRE ECZANESİ,Diyarbakir,Kayapinar,37.9376,40.16704,Diyarbakır,Correct
D0EFBA35-DC5B-4CC6-A25A-E960A7DC9EBA,ÖZEL BARIŞ DİŞ KLİNİĞİ,Diyarbakir,Bağlar,37.91761,40.1378,Diyarbakır,Correct
50F03607-4F6E-49D9-BE9D-EA53C9B52019,ÖZEL GLOBALDENT AĞIZ VE DİŞ SAĞLIĞI POLİKLİNİĞİ,Diyarbakir,Kayapinar,37.93039,40.17193,Diyarbakır,Correct
2BF926F6-E085-41C5-90B2-EA8F5BB9D659,ANADOLU ECZANESİ,Diyarbakir,Kayapinar,37.93598,40.17823,Diyarbakır,Correct
29DF6683-567F-4242-9F90-EAA9E65E6A6D,DİYARBAKIR KAYAPINAR 40 NOLU AİLE SAĞLIĞI MERKEZİ,Diyarbakir,Kayapinar,37.93194,40.12765,Diyarbakır,Correct
C0EBB189-328B-42A8-B984-EB9100E7E266,DİYARBAKIR ÇERMİK MERKEZ 2 NOLU AİLE SAĞLIĞI MERKEZİ,Diyarbakir,Çermik,38.13648,39.4529,Diyarbakır,Correct
AF3B2AA3-E5EE-44C4-91DA-EBD1F7750903,DİYARBAKIR BAĞLAR ŞEYHŞAMİL AİLE SAĞLIĞI MERKEZİ,Diyarbakir,Bağlar,37.92527,40.19736,Diyarbakır,Correct
FB855696-4489-41D2-BEDB-ED1DE22D2AE9,DORUK ECZANESI,Diyarbakir,Bismil,37.84572,40.67052,Diyarbakır,Correct
36C82A41-9B39-4BD5-98E5-ED4695DB7F20,GÜLİSTAN ECZANESİ,Diyarbakir,Kayapinar,37.93022,40.17166,Diyarbakır,Correct
2B34391C-004F-438A-AFDA-ED77DD4E2A0E,NEŞE ECZANESİ,Diyarbakir,Yenişehir,37.92467,40.14055,Diyarbakır,Correct
D96DB4AA-03FC-4A74-892F-EE6E7852409E,YEKTA ECZANESİ,Diyarbakir,Yenişehir,37.94183,40.21442,Diyarbakır,Correct
06FC106D-6D13-4425-85FA-EEA162BBA6B1,GÜNEYDOĞU ECZANESİ,Diyarbakir,Yenişehir,37.91861,40.23192,Diyarbakır,Correct
8CCE50C3-F304-4337-8EAD-EF57A7D26B58,DİYARBAKIR HANİ KUYULAR AİLE SAĞLIĞI MERKEZİ,Diyarbakir,Hani,38.43168,40.282,Diyarbakır,Correct
88955535-FBAD-4032-BEDF-EF675E2175FB,TALAYTEPE ECZANESİ,Diyarbakir,Kayapinar,37.92992,40.13487,Diyarbakır,Correct
D9D972A9-22E3-4732-94F6-EF923032293C,TEPE ECZANESİ,Diyarbakir,Bağlar,37.92585,40.20607,Diyarbakır,Correct
6565ABCF-7C89-49BC-B906-EF9CCB9EEF8A,DOĞU DİŞ AĞIZ VE DİŞ SAĞLIĞI POLİKLİNİĞİ,Diyarbakir,Kayapinar,37.93623,40.18341,Diyarbakır,Correct
290BEFAE-9348-433C-9E11-EF9D515868E9,LALEM ECZANESİ,Diyarbakir,Kayapinar,37.93646,40.20429,Diyarbakır,Correct
C5D77B91-92E4-4BF0-9873-EFA17D0C06CD,YEŞİM ECZANESİ,Diyarbakir,Ergani,38.26969,39.75426,Diyarbakır,Correct
9010D5F5-A873-439A-8DF8-F02BD296AE3D,DİYARBAKIR AĞIZ VE DİŞ HASTANESİ DAĞKAPI SEMT POLİKLİNİĞİ,Diyarbakir,Yenişehir,37.98642,40.13125,Diyarbakır,Correct
84B7C93C-F9AC-4DF5-911E-F0373625DCE1,BAĞLAR MERKEZ TSM,Diyarbakir,Bağlar,37.90834,40.2133,Diyarbakır,Correct
DA5B3C1A-02D9-4353-A836-F03A0FA9785C,MURAT SARIBAŞ MUAYENEHANESİ,Diyarbakir,Kayapinar,37.937,40.20374,Diyarbakır,Correct
E8BE623C-7E56-4275-885A-F07BF9B4A36D,ÖZEL GÜNEYDOĞU ANADOLU DİYALİZ MERKEZİ,Diyarbakir,Kayapinar,39.86779,33.52258,Kırıkkale,Wrong
DF44BFB6-A6B4-40F1-9BB0-F0AB7BD504D3,CEYLAN KARAVİL PARK ECZANESİ,Diyarbakir,Kayapinar,37.9245,40.1583,Diyarbakır,Correct
59024599-3AAE-4514-87EB-F12173716FF1,JANYA ECZANESİ,Diyarbakir,Yenişehir,37.90823,40.22315,Diyarbakır,Correct
BBE22A68-006D-4D96-8BC8-F14CF45D244C,NEZAHAT ECZANESİ,Diyarbakir,Bağlar,37.91382,40.2101,Diyarbakır,Correct
27B98176-804F-4700-B64A-F1910E6996D3,SURKENT ECZANESİ,Diyarbakir,Yenişehir,37.91674,40.23769,Diyarbakır,Correct
20857ABF-AF96-4B2E-A3F5-F1B7001DB3E8,FIRAT ECZANESİ,Diyarbakir,Bismil,37.84711,40.65927,Diyarbakır,Correct
CF8D0EE0-9783-426D-B5B1-F24AF5DCC4B7,NİNOVA PARK ECZANESİ,Diyarbakir,Bağlar,37.93074,40.18308,Diyarbakır,Correct
20A0E8D4-E5F7-425F-B8AC-F2970E7F3D34,ÇINAR MERKEZ 7 NOLU ASM,Diyarbakir,Çinar,37.71581,39.99316,Diyarbakır,Correct
5E518099-EB9E-4B84-98B4-F2EBB08CEEDA,ÇOLAK ECZANESİ,Diyarbakir,Bağlar,37.91587,40.11329,Diyarbakır,Correct
91C4CF40-0E1C-4D8B-A913-F369EF021524,YENİ ISTANBUL ECZANESİ,Diyarbakir,Bağlar,37.92715,40.20331,Diyarbakır,Correct
A8A6FEEC-BAC7-4F0B-AEEE-F36DF47BF854,BÜŞRA ECZANESİ,Diyarbakir,Yenişehir,37.91805,40.23429,Diyarbakır,Correct
6B5140BC-7F85-472D-93E8-F36EE56D485C,ÖZEL DİYARDENT AĞIZ VE DİŞ SAĞLIĞI POLİKLİNİĞİ,Diyarbakir,Kayapinar,37.95174,40.17146,Diyarbakır,Correct
21A660B5-9DA1-46C9-867C-F43C60F03218,ROBİN ALP AĞIZ VE DİŞ SAĞLIĞI POLİKLİNİĞİ,Diyarbakir,Kayapinar,37.94384,40.17057,Diyarbakır,Correct
44068536-7F8E-426F-9FEE-F4A4CC27051E,RONAHİ ECZANESİ,Diyarbakir,Ergani,38.25716,39.75692,Diyarbakır,Correct
64F0F7B0-2332-4DBD-9A6E-F4F7AF0F4895,ELİT ECZANESİ,Diyarbakir,Kayapinar,37.94826,40.1793,Diyarbakır,Correct
6C560B85-1E33-4D1D-8086-F504014176E1,ÖZEL BAĞLAR HASTANESİ,Diyarbakir,Bağlar,37.90689,40.14434,Diyarbakır,Correct
C3B83AD6-4797-48B8-809B-F51B52FBE36D,AMED ECZANESİ,Diyarbakir,Kayapinar,37.93596,40.19555,Diyarbakır,Correct
CA111420-A05C-4068-B73F-F539AD4AE85E,HAYAT ECZANESİ,Diyarbakir,Silvan,38.15204,40.99389,Diyarbakır,Correct
5AE23F40-601D-46C5-8F7C-F563A3DC571F,ENİS ECZANESİ,Diyarbakir,Bağlar,37.91355,40.20883,Diyarbakır,Correct
76C8D4B7-DEC3-46D9-A9AD-F615ECA8CD06,BODAKÇİ ECZANESİ,Diyarbakir,Kayapinar,37.92593,40.15945,Diyarbakır,Correct
AD69BDF1-E6B0-4D36-B5A7-F64AB8776D45,DİYARBAKIR KAYAPINAR LUNAPARK AİLE SAĞLIĞI MERKEZİ,Diyarbakir,Kayapinar,37.93906,40.1472,Diyarbakır,Correct
38DBD850-E796-4EC5-92FB-F65E9ADCA7A2,SUR ECZANESİ,Diyarbakir,Yenişehir,37.91346,40.21721,Diyarbakır,Correct
D49ED29E-174D-49EA-9C98-F65F242261B2,YENİ HAYAT ECZANESİ,Diyarbakir,Bağlar,37.93011,40.19524,Diyarbakır,Correct
E683EB15-2D8D-4BFF-84B3-F6B6C172B190,KADİR ECZANESİ,Diyarbakir,Kayapinar,37.93322,40.16642,Diyarbakır,Correct
F95FAC51-0D49-4674-BD63-F6C45B5DD3D2,MARMARA ECZANESİ,Diyarbakir,Ergani,38.26308,39.78766,Diyarbakır,Correct
D0FC0D3C-AB3E-4FC2-828C-F6F0CE25D562,ERBATUR ECZANESİ,Diyarbakir,Yenişehir,37.9363,40.20152,Diyarbakır,Correct
9B764058-6D90-4D44-A3E1-F71CCD11B6B1,MANOLYA ECZANESİ,Diyarbakir,Kayapinar,37.93627,40.19518,Diyarbakır,Correct
FAAF138E-18D0-4DFE-A932-F781D7531750,BAĞLAR MERKEZ SAKARYA ASM,Diyarbakir,Bağlar,37.91292,40.2089,Diyarbakır,Correct
4F9E2379-EE5D-44FA-A0F4-F7E1BBF9BEAC,BERFİN ECZANESİ,Diyarbakir,Silvan,38.13899,41.01815,Diyarbakır,Correct
8C892C48-30DB-4BAC-BA7C-F805040C5258,DOSTDOĞRU ECZANESİ,Diyarbakir,Sur,37.91362,40.2369,Diyarbakır,Correct
61DA0E0D-E171-4411-9675-F81461EB68EC,YAŞAM ECZANESİ,Diyarbakir,Bismil,37.84942,40.66403,Diyarbakır,Correct
1D8D17B3-2797-4B43-A2D8-F88E3C9E5DDC,MARAL ECZANESİ,Diyarbakir,Bağlar,37.92896,40.17167,Diyarbakır,Correct
AA77606D-0380-48CE-B644-F92113F9135E,BARAN ECZANESİ,Diyarbakir,Kayapinar,37.93921,40.19559,Diyarbakır,Correct
1C1DBCEE-19E4-44B2-B9E2-F985DD91A1D9,ÇAĞLA ECZANESİ,Diyarbakir,Bağlar,37.92552,40.2069,Diyarbakır,Correct
DB150319-4131-4A19-B3CA-F9B37211E078,DİYARBAKIR ERGANİ AHMETLİ AİLE SAĞLIĞI MERKEZİ,Diyarbakir,Ergani,38.17934,39.85658,Diyarbakır,Correct
6E2F27EB-81E9-4368-9303-F9DA67FCABB3,OZAN ECZANESİ,Diyarbakir,Kayapinar,37.93781,40.17022,Diyarbakır,Correct
6C3D8158-FA2B-4033-B2A8-FA36FA8E8C9C,GÜLFEM ECZANESİ,Diyarbakir,Çinar,37.72558,40.4152,Diyarbakır,Correct
6561B4C2-AEBD-4F8F-8F43-FA4811ECABFD,ÖZEL SULTAN HASTANESİ,Diyarbakir,Bağlar,37.93114,40.20478,Diyarbakır,Correct
1193BEE1-6220-48D4-B9DA-FA7804683885,YASİN BARCİN KLİNİGİ,Diyarbakir,Kayapinar,37.92927,40.14891,Diyarbakır,Correct
689D738A-41DE-4CD7-9D4E-FB11697F84F0,MİNAPOL AĞIZ VE DİŞ SAĞLIĞI POLİKLİNİĞİ,Diyarbakir,Bağlar,37.92006,40.15042,Diyarbakır,Correct
6C5B5C6B-C3B0-475D-8E65-FB1ED5072F5A,DİYARBAKIR ERGANİ MERKEZ SARAY AİLE SAĞLIĞI MERKEZİ,Diyarbakir,Ergani,38.27349,39.75428,Diyarbakır,Correct
4964300E-0AD8-4236-89A4-FB49AA4CAEF6,BOTANİK ECZANESİ,Diyarbakir,Bağlar,37.90609,40.14041,Diyarbakır,Correct
8900DC80-9C9E-4DC3-9E66-FBCF33B34A75,MESUT ECZANESİ,Diyarbakir,Çinar,38.85384,35.85035,Kayseri,Wrong
4AA8F5AD-6702-4B74-BD85-FC3111D91C4E,DİCLE ÜNİVERSİTESİ DİŞ HEKİMLİĞİ FAKÜLTESİ HASTANESİ,Diyarbakir,Dicle,38.39536,40.40529,Diyarbakır,Correct
F669B749-68FF-45B9-9FC0-FC924682B6B2,MÜJDE ECZANESİ,Diyarbakir,Ergani,38.25784,39.78772,Diyarbakır,Correct
F12A67A5-5141-4F65-91AB-FC9321243FA2,AYDIN ECZANESİ,Diyarbakir,Çermik,38.2654,39.7655,Diyarbakır,Correct
11FDC152-8BCC-464B-944C-FCF29FE8E123,DİYARBAKIR GLOBAL BİLGİ,Diyarbakir,DİYARBAKIR MERKEZ,41.1166,29.3952,İstanbul,Wrong
A7F8B77C-EDE3-4F18-A7A9-FD20DB7069A5,DİYARBAKIR KAYAPINAR YÜZEVLER AİLE SAĞLIĞI MERKEZİ,Diyarbakir,Kayapinar,37.92682,40.15668,Diyarbakır,Correct
5E8C941A-FE58-4761-8796-FE0B076FF5C7,SAYIN ECZANESİ,Diyarbakir,Yenişehir,37.90717,40.21714,Diyarbakır,Correct
31C1ADD8-8F92-4F95-9857-FE25C73F32DE,UFUK CAN ECZANESİ,Diyarbakir,Yenişehir,37.98866,40.16082,Diyarbakır,Correct
485CF06B-246C-4D56-965C-FE7AD97DD194,İDRİS ASLAN MUAYENEHANESİ,Diyarbakir,Bağlar,37.92921,40.19404,Diyarbakır,Correct
AD3FB1B6-822F-4A45-BC12-FE9B3D2727B1,BERİVAN ECZANESİ,Diyarbakir,Kayapinar,37.9335,40.16973,Diyarbakır,Correct
E2DE6295-FB11-48F3-A959-FF0ADEEB3E3C,KATİN ECZANESİ,Diyarbakir,Kocaköy,38.20991,40.50643,Diyarbakır,Correct
60BF31FD-0CCB-48F0-B98A-FF594785E79B,NOKTA ECZANESİ,Diyarbakir,Bismil,37.85311,40.65248,Diyarbakır,Correct
AFF3453A-4FB1-4337-82AF-FF6B2C3059F2,YENİŞEHİR ECZANESİ,Diyarbakir,Ergani,38.25426,39.77725,Diyarbakır,Correct
CCF60B05-5E88-404B-901B-FFA57E838DFC,KÖKSAL ECZANESİ,Diyarbakir,Hani,39.10547,-76.74516,No Info,No Info
