UnitId,UnitName,CityName,DistrictName,Latitude,Longitude,DetectedCity,Match
297AC7BD-71F9-4E98-BF3B-00178D551ABC,MUŞ MALAZGİRT 2 NOLU AİLE SAĞLIĞI MERKEZİ,Muş,Malazgirt,39.12403,42.5725,Muş,Correct
7FF314A0-C908-463B-A10E-02502DA4C9A5,MUŞ BULANIK DEVLET HASTANESİ,Muş,Bulanik,39.09533,42.27368,Muş,Correct
328A7D92-78E7-4401-AE6E-02C5BB858747,YAYGIN ECZANESİ,Muş,Merkez,38.7392,41.7812,Muş,Correct
102703DA-AA43-4449-995D-0B2D92B74B8D,MELEK ECZANESİ,Muş,Merkez,38.74494,41.52718,Muş,Correct
3561A3F0-6F9E-49AE-A077-0E3513286F3E,ÇETİN ECZANESİ,Muş,Merkez,38.74404,41.52598,Muş,Correct
EA0773CB-E6D0-4E3B-9A45-106703A35938,FIRAT ECZANESİ,Muş,Merkez,38.04043,29.88705,Afyonkarahisar,Wrong
933D597B-6345-414A-8672-1088A69DC629,HİSAR ECZANESİ,Muş,Merkez,38.74381,41.51491,Muş,Correct
E586B6D1-B3B1-42C2-BA81-13092C1EB80B,MUŞ VARTO DEVLET HASTANESİ,Muş,Varto,39.15693,41.4469,Muş,Correct
10754775-EA09-4E17-9F86-131A2D308FA0,ŞİFA ECZANESİ,Muş,Merkez,38.68471,41.69094,Muş,Correct
18F09BCB-13EB-47D4-835B-138778E96E88,YENİ YAŞAM ECZANESİ,Muş,Merkez,38.74134,41.50987,Muş,Correct
535CABDB-0333-4E05-9F91-139EF89A5B13,KORKUT MERKEZ TSM,Muş,Korkut,38.73474,41.77712,Muş,Correct
35A2847D-5FBC-4AD2-8F25-15027E5A569A,ÇAĞLAYAN ECZANESİ,Muş,Merkez,38.75998,41.50968,Muş,Correct
994134AF-D98B-4163-AC1D-1625F785441A,MUŞ VARTO MERKEZ AİLE SAĞLIĞI MERKEZİ,Muş,Varto,39.17026,41.45582,Muş,Correct
789191C6-3EB0-4F28-8E69-1D36F6D80B8B,MUŞ MERKEZ SUNGU AİLE SAĞLIĞI MERKEZİ,Muş,Merkez,38.74943,41.60717,Muş,Correct
308AF710-BB1C-474F-8703-2494C55DEB97,MUŞ KAMU HASTANELERİ BİRLİĞİ GENEL SEKRETERLİĞİ,Muş,Merkez,38.73282,41.48901,Muş,Correct
C4A6763C-D9F6-4EB2-92E7-287035D6061D,KORKUT ECZANESİ,Muş,Korkut,39.10112,42.23587,Muş,Correct
F43DE33D-4DE1-49F6-8338-29062E6F407E,KÜLTÜR ECZANESİ,Muş,MUŞ MERKEZ,38.73718,41.49713,Muş,Correct
9CCAF92F-9A23-475B-AFBC-2A0C6E514EAF,MUŞ MERKEZ ZAFER AİLE SAĞLIĞI MERKEZİ,Muş,Merkez,38.75885,41.5056,Muş,Correct
0EFE8303-A8CA-48AE-8E50-2DCB29DD12F4,MUŞ MERKEZ SARAY AİLE SAĞLIĞI MERKEZİ,Muş,Merkez,38.74349,41.51235,Muş,Correct
EDB7C1ED-95D0-41ED-A4DA-2F82C69A559D,İKBAL ECZANESİ,Muş,Merkez,36.60305,30.56147,Antalya,Wrong
28AE09EA-42B9-4FBA-80C5-324D2684D27D,DAMLA ECZANESİ,Muş,Merkez,38.73733,41.49694,Muş,Correct
8F87D60D-7C13-4F6B-9EDE-35C169D0ED74,HAYAT ECZANESİ,Muş,Hasköy,38.92881,41.46634,Muş,Correct
8B938BE4-85F2-4134-B569-3622DFE687BC,YETİŞGİN ECZANESİ,Muş,Bulanik,41.24301,33.3259,Kastamonu,Wrong
68D82A74-C631-4F38-A069-38EF730860AE,DENT FM,Muş,Merkez,39.14528,42.54087,Muş,Correct
016DD46B-F1CF-403E-A278-3AB968E05C7F,BAL ECZANESİ,Muş,Merkez,38.74429,41.51786,Muş,Correct
3B1AB09F-0D2A-4147-803C-3AE5B5B93223,MUŞ HASKÖY DEVLET HASTANESİ,Muş,Hasköy,38.68332,41.69289,Muş,Correct
CB5F5235-B5FD-465B-95B0-4353BA057C99,GÜNEŞ ECZANESİ,Muş,Varto,39.13164,42.18594,Muş,Correct
41923FD2-7A65-4B05-BF03-4444C133C236,MUŞ MERKEZ KAMPÜS AİLE SAĞLIĞI MERKEZİ,Muş,Merkez,38.77464,41.44232,Muş,Correct
D343571C-C30F-4E1B-AA66-47C827689894,MUŞ KORKUT MERKEZ AİLE SAĞLIĞI MERKEZİ,Muş,Korkut,38.7353,41.77865,Muş,Correct
6F30A3D0-6E2B-43D2-AC40-4AF9C6920469,YENİ DOZ ECZANESİ,Muş,Bulanik,39.00557,-76.87836,No Info,No Info
14DB3F0B-3BCF-4D72-89DE-4DEC8C0949C3,SERHAT ECZANESİ,Muş,Merkez,38.738,41.49617,Muş,Correct
E1025641-087D-419F-9FCC-4E417237876A,BİLİCAN ECZANESİ,Muş,Bulanik,39.09557,42.27646,Muş,Correct
B5FECDBB-ED60-42BF-9190-4E634DD6B6E8,MUŞ MERKEZ SUNAY AİLE SAĞLIĞI MERKEZİ,Muş,Merkez,38.74379,41.5022,Muş,Correct
66007A0F-1216-47AC-91F2-4F4E4441A19B,YENİ HASTANE ECZANESİ,Muş,Merkez,36.77089,28.80071,Muğla,Wrong
B01416A1-BF3E-421B-82DB-5186B4C64156,BÜYÜK ECZANESİ,Muş,Malazgirt,39.48977,-76.23276,No Info,No Info
0C8FA133-BF8B-49FF-8EA8-5876E581BF43,ÖZEL DİŞPARK AĞIZ VE DİŞ SAĞLIĞI POLİKLİNİĞİ,Muş,Merkez,38.68197,41.68753,Muş,Correct
3376D3C6-A338-41BA-B1B7-5880427AC751,UMUT ECZANESİ,Muş,Merkez,38.73735,41.49692,Muş,Correct
D5C04ED9-E2F3-4F11-B1A1-59870BBB6663,ENGİN ECZANESİ,Muş,Merkez,37.5706,29.07008,Denizli,Wrong
46904FB9-A00D-439F-ACEC-5A8F072D85B6,SAĞLIK ECZANESİ,Muş,Bulanik,39.33677,-76.43676,No Info,No Info
B051FE51-717F-406E-89B5-5FBEDFDB717D,DENT0112,Muş,Merkez,39.14708,42.54327,Muş,Correct
A37E3613-20B4-4513-9D6E-62CF172B5602,EMİN ECZANESİ,Muş,Bulanik,39.23666,37.39099,Sivas,Wrong
FB7DB094-3EF3-48A2-9C68-62EF66CC747C,ÖZEL ASEL DENTAL PARK,Muş,Merkez,38.73756,41.4936,Muş,Correct
7582E64B-0FC8-41C9-955C-64A2023DC8FB,ŞİFA ECZANESİ,Muş,Hasköy,38.68422,41.69409,Muş,Correct
E9D723D2-D43C-4A5D-B8D4-68F032A6077D,AYCAN ECZANESİ,Muş,Merkez,38.74553,41.50106,Muş,Correct
BAE895C8-B351-4C2F-9101-6BA0A831265D,MUŞ BULANIK 1 NOLU AİLE SAĞLIĞI MERKEZİ,Muş,Bulanik,39.08519,42.27565,Muş,Correct
C33DE345-062D-4DB4-99A6-6C29BFCECA7D,DERMAN ECZANESİ,Muş,Malazgirt,39.1677,41.4552,Muş,Correct
5C3BB13D-7B7D-4D9F-AC12-6C9A0472107C,MUŞ MERKEZ KARAKÖPRÜ AİLE SAĞLIĞI MERKEZİ,Muş,Merkez,38.80991,41.49992,Muş,Correct
AB063BA3-99F2-4F74-BBEF-6FD21ABAF22A,YASAM ECZANESI,Muş,Bulanik,39.0923,42.27093,Muş,Correct
5129C104-9524-451B-BC05-750B2610FC93,ŞÜKRAN MISIRLIOĞLU,Muş,Merkez,38.73166,41.48876,Muş,Correct
A32FA711-5778-476A-9E48-753F8907CA82,DEVA ECZANESİ,Muş,Merkez,39.33407,-76.44036,No Info,No Info
95B9E39A-9E3E-42C0-B6DB-760E8EC0AD91,MUŞ AĞİZ VE DIŞ SAĞLİĞİ MERKEZI,Muş,Merkez,38.48445,43.33836,Van,Wrong
C426ECE5-7330-47BF-B92E-7ED7AA9B70BA,ELİT DİŞ KLİNİĞİ MUŞ,Muş,Merkez,38.75959,41.50995,Muş,Correct
9B6C79EF-942D-4BB9-9B38-7F823882FA5F,MERKEZ ECZANESİ,Muş,Merkez,40.53009,41.54192,Erzurum,Wrong
2C5B4532-5B74-459A-B273-7F8F129BCC14,MUŞ HASKÖY MERKEZ AİLE SAĞLIĞI MERKEZİ,Muş,Hasköy,38.68488,41.69105,Muş,Correct
5EE3F6DF-4450-4C3F-9202-7FCA4A7624D7,VİTAMİN ECZANESİ,Muş,Merkez,38.7352,41.52212,Muş,Correct
7C037B5E-350D-47D5-A4A0-8231858F53A7,NUR ECZANESİ,Muş,Merkez,38.73753,41.49404,Muş,Correct
3F206149-ABA3-4602-800F-83769883D1E6,ŞİFA ECZANESİ,Muş,Varto,38.68422,41.69409,Muş,Correct
261F6DF4-D348-4FEF-8915-85FF76DB4F96,MUŞ MERKEZ 1 NOLU AİLE SAĞLIĞI MERKEZİ,Muş,Merkez,38.73758,41.49669,Muş,Correct
E8E9A414-F9CD-4238-8493-8BB9637B2287,MUŞ MERKEZ GÜZELTEPE AİLE SAĞLIĞI MERKEZİ,Muş,Merkez,38.77374,41.44112,Muş,Correct
D96D332E-0567-4451-852A-9044A84805CA,AKHAN ECZANESİ,Muş,Merkez,39.35567,-76.41156,No Info,No Info
BD8EFFF7-9E3B-4FEA-8613-91E5817EC209,SIHHAT ECZANESİ,Muş,Merkez,38.73765,41.49388,Muş,Correct
61B7ABB8-321F-4821-9E6C-92F3C3A349AF,MUŞ BULANIK 2 NOLU AİLE SAĞLIĞI MERKEZİ,Muş,Bulanik,39.09827,42.24073,Muş,Correct
FB6713A9-93AA-4F8F-ADCC-9722789174ED,TARÇIN ECZANESİ,Muş,Merkez,38.75023,41.51118,Muş,Correct
761A8C0B-42D0-42BF-ADBB-9774238BECC7,KENT MEYDANI ECZANESİ,Muş,Merkez,38.70144,30.78154,Afyonkarahisar,Wrong
732AAC4D-9A99-4BA2-AB83-977AD3BE8173,DOĞAN ECZANESİ,Muş,Merkez,39.96947,32.69336,Ankara,Wrong
FDA7FF0C-DAE4-46A0-A064-97FF8B47AD8B,FERHAT ECZANESİ,Muş,Bulanik,39.09463,42.27627,Muş,Correct
BB1C1CA8-6212-4818-A8DF-9A4609ADEF81,DEFNE ECZANESİ,Muş,Merkez,38.73707,41.49438,Muş,Correct
7F83825F-AD24-4A4F-8C01-9CD10DACF98E,MUŞ MERKEZ AZİZE HERSAT AİLE SAĞLIĞI MERKEZİ,Muş,Merkez,38.74848,41.51286,Muş,Correct
53BB1835-E9D3-4C40-AE88-9DAEA8444FB2,BAŞAK ECZANESİ,Muş,Malazgirt,39.14618,42.54246,Muş,Correct
3E0CAF6B-B739-4408-8ECE-9E8FB546753C,MUŞ MALAZGİRT DEVLET HASTANESİ,Muş,Malazgirt,39.15008,42.54424,Muş,Correct
E9DAEAAD-EE03-491E-AFC3-A29B1DB320DB,BABACAN ECZANESİ,Muş,Merkez,38.744,41.51774,Muş,Correct
D9C2FD7F-D9B5-488C-AD64-A42B844442D9,LEVENT KALAYCI MUAYENEHANESİ,Muş,Merkez,38.73468,41.49114,Muş,Correct
7235A22A-9C74-4D68-A77C-A6402C82CE51,CİHAN AĞIZ VE DİŞ SAĞLIĞI POLİKLİNİĞİ,Muş,Merkez,38.74645,41.50326,Muş,Correct
BEED2319-E0B6-4542-B857-A92647C893B9,KAYHAN ECZANESİ,Muş,Merkez,40.82975,42.1276,Erzurum,Wrong
88A8A459-A527-4198-AEB2-A97814351A1E,ÖZGÜR KENAN YANDIM MUAYENEHANESİ,Muş,Varto,38.93537,-76.97196,No Info,No Info
67F5DD8A-E52C-434C-96C6-ACE05E1505C5,SERHAT ECZANESİ,Muş,Bulanik,39.09387,42.27621,Muş,Correct
C756E2F6-6552-4CED-9116-AE82598163BC,SAMRA ECZANESİ,Muş,Bulanik,39.15055,42.30861,Muş,Correct
A6C1FFD8-6C23-4E97-8261-B156EB15F7B6,AKBEY ECZANESİ,Muş,Merkez,39.29987,-76.48596,No Info,No Info
D305B168-3ED1-44BB-AF9F-B4780CAC8E66,TUTKU ECZANESİ,Muş,Merkez,38.73903,41.49483,Muş,Correct
4D126C03-6A38-404A-A91A-B7354CD1C8D8,MUŞ DEVLET HASTANESİ,Muş,Merkez,36.77359,28.80431,Muğla,Wrong
AFCEA5D9-8084-4A40-8994-B84001DCB197,MERT ECZANESİ,Muş,Merkez,38.74403,41.51775,Muş,Correct
C1E3B076-D58C-49B6-A818-B9EE5EC1B617,KAMİLOĞLU ECZANESİ,Muş,Merkez,38.91287,-77.00196,No Info,No Info
9A650DAA-8623-43C9-A198-BA50D26A8E01,YENİ HASKÖY ECZANESİ,Muş,Hasköy,38.73795,41.49624,Muş,Correct
C05BC34B-8B53-4ABA-AB85-BCE7F8B78C17,MUŞ MALAZGİRT 1 NOLU AİLE SAĞLIĞI MERKEZİ,Muş,Malazgirt,39.1418,42.53266,Muş,Correct
8EF77361-A4AB-4587-B101-BD710F44BEC7,İBRAHİM KARA,Muş,Merkez,39.14618,42.54207,Muş,Correct
46F8572E-3848-4D40-A6A1-BDB5232666F7,KORKUT DEVLET HASTANESİ,Muş,Korkut,38.73283,41.77266,Muş,Correct
4995CD54-A19B-4DAE-AFC1-C571B370618B,AYSEM ECZANESİ,Muş,Merkez,38.74082,41.50878,Muş,Correct
44A71357-142A-4F8D-BE0C-CBB9DFD7840B,MUŞ KORKUT İLÇE HASTANESI,Muş,Korkut,38.73858,41.78408,Muş,Correct
94EB74DF-E390-457D-872E-CF2506DE69DB,DERMAN ECZANESİ,Muş,Varto,39.1677,41.4552,Muş,Correct
060C6951-7814-4BC8-AA70-D07574F96ED4,UMUT ECZANESİ,Muş,Bulanik,39.09365,42.27624,Muş,Correct
2042D547-8160-42C5-A5A8-D1FF709222F3,GÜNEŞ ECZANESİ,Muş,Bulanik,39.13164,42.18594,Muş,Correct
FBC8B083-2EEE-4C2B-878D-D461E3D42024,MUŞ HALK SAĞLIĞI MÜDÜRLÜĞÜ,Muş,Merkez,38.74958,41.50377,Muş,Correct
F2022180-C1F3-4C07-82DD-DFBB32166FCE,ÖZLEM ECZANESİ,Muş,Malazgirt,38.92277,-76.98876,No Info,No Info
98C6F26C-267F-43AB-9022-E168EDE6595F,MUŞ MERKEZ 2 NOLU AİLE SAĞLIĞI MERKEZİ,Muş,Merkez,38.73394,41.48665,Muş,Correct
89FEB3C4-8F1E-4D0B-BE29-E5A937F6516E,ÖZ MALAZGİRT ECZANESİ,Muş,Malazgirt,38.91396,42.18537,Muş,Correct
F749F917-D44C-42DE-A492-E769B0E01786,BOTANİK ECZANESİ,Muş,Merkez,38.74199,41.50749,Muş,Correct
27A7B8D2-71C8-4117-8209-E9F767ED5BC1,MAHSUM GÜNDÜZ,Muş,Merkez,38.74404,41.49997,Muş,Correct
FF9341ED-27A2-4B5E-8DDE-ECDBA2B7B962,SAĞLIK ECZANESİ,Muş,Merkez,38.74353,41.49876,Muş,Correct
2E73D777-E873-4680-A432-ED56A34E9858,DOĞU CENTER AĞIZ VE DİŞ SAĞLIĞI,Muş,Merkez,38.7356,41.49193,Muş,Correct
9BCFBCCB-19B5-4B76-AAF8-F024BB069530,DERMAN ECZANESİ,Muş,Hasköy,39.1677,41.4552,Muş,Correct
BA83A2B8-DE0D-4778-A04E-F1CA06CDCE8C,ÖZEL MUŞ ŞİFA HASTANESİ,Muş,Merkez,38.73797,41.49558,Muş,Correct
CF1A2BDA-7EC6-4A08-8EE4-F297C36F621B,IŞIK ECZANESİ,Muş,Merkez,38.7442,41.49919,Muş,Correct
17096313-345A-42C4-B436-F49F6B58A7E5,BÜYÜK ECZANESİ,Muş,Hasköy,39.48977,-76.23276,No Info,No Info
914DD7FC-4E0B-4486-B46C-F50D6525F216,BİZİM ECZANESİ,Muş,Varto,39.09671,42.26832,Muş,Correct
D5647ADB-E302-47AC-903B-F6250FD27E26,YAŞAM ECZANESİ,Muş,Malazgirt,39.0923,42.27093,Muş,Correct
B14AA3D1-F67E-4523-ABD4-F9F7BFC0477D,SEVGİ ECZANESİ,Muş,Merkez,39.45017,-76.28556,No Info,No Info
504292A4-AC09-4C52-A60B-FBC363CCAA4A,MUŞ ECZANESİ,Muş,Merkez,38.73681,41.49101,Muş,Correct
91056E7C-BEFC-450A-B220-FCE9F8715856,DEMİR ECZANESİ,Muş,Merkez,38.73242,41.49004,Muş,Correct
