UnitId,UnitName,CityName,DistrictName,Latitude,Longitude,DetectedCity,Match
90166BA0-B436-487F-B378-0470DAD08DB5,KASTAMONU ARAÇ 14 NOLU AİLE SAĞLIĞI MERKEZİ,Kastamonu,Araç,41.24415,33.32514,Kastamonu,Correct
7AB1C5E0-011F-4CAF-8662-066DB27A6DE2,RAHİM GÜLER MUAYENEHANESİ,Kastamonu,Taşköprü,41.51116,34.21401,Kastamonu,Correct
F7ECA8FA-4F50-4D73-B0BF-0697F438A42E,DEMİR ECZANESİ,Kastamonu,Daday,41.19348,33.20388,Kastamonu,Correct
516B4CE1-3EC0-4949-B599-086FCB8B1333,ÖZEL KASTAMONU ANADOLU DİYALİZ MERKEZİ,Kastamonu,Merkez,41.36182,33.75928,Kastamonu,Correct
5D1A5757-DC93-4971-BFEB-09161358417C,YENİ ÇINAR ECZANESİ,Kastamonu,Merkez,41.42375,33.78949,Kastamonu,Correct
C240279C-833C-422B-8E5C-09CF6FA197B7,KASTAMONU ŞENPAZAR 38 NOLU AİLE SAĞLIĞI MERKEZİ,Kastamonu,Şenpazar,41.81016,33.23248,Kastamonu,Correct
8B9FF621-B30B-4C4A-8083-0BA8A7AAF5AF,ÖZEL KASTAMONU ANADOLU HASTANESİ,Kastamonu,Merkez,41.95952,34.01107,Kastamonu,Correct
611FC389-1D24-449E-8A33-1231FDEB7407,ÖZEL NEFES HASTANESİ KASTAMONU,Kastamonu,Merkez,41.37907,33.77531,Kastamonu,Correct
1C74F90A-3B20-40AC-BC2E-13218E1BB8DC,KASTAMONU MERKEZ 8 NOLU KAYI ASM,Kastamonu,Merkez,41.22675,33.7925,Kastamonu,Correct
ED5D0A62-AEE0-445B-8A64-13DEC2EDD47B,ÖZEL ŞİFA POLİKLİNİĞİ,Kastamonu,Merkez,41.37665,33.77578,Kastamonu,Correct
F16C5E59-060A-4E8D-A04C-152F61CC7B8E,ABACI ECZANESİ,Kastamonu,Tosya,41.01707,34.0389,Kastamonu,Correct
63FA7BA1-A9AC-4F4C-94ED-1AA985C7EE1F,YÜKSEL ECZANESİ,Kastamonu,Taşköprü,41.50941,34.21374,Kastamonu,Correct
6FD93576-4187-47F7-8577-1CCC874DD39C,IHLAMUR ECZANESİ,Kastamonu,Merkez,41.39645,33.78287,Kastamonu,Correct
BE3C0724-5898-40C7-A783-1E7B1F95F4C3,ONUR ECZANESİ,Kastamonu,Merkez,41.37823,33.77496,Kastamonu,Correct
49E263EC-CDD9-4972-B841-1F08C6AC13E2,DORU BESLENME VE DİYET KLİNİĞİ,Kastamonu,Merkez,41.95287,34.21527,Kastamonu,Correct
FB30167B-D0C4-4295-A101-2180AACDF439,ŞENPAZAR MERKEZ TSM,Kastamonu,Şenpazar,41.80961,33.23132,Kastamonu,Correct
353297D4-7D4D-47B1-8D7C-21BE1D295C1D,İLKNUR KONAK DİŞ KLİNİĞİ,Kastamonu,Merkez,41.38379,33.77856,Kastamonu,Correct
029AAD17-93E0-42A7-9FF4-220044317B51,GÜLTEKİN ECZANESİ,Kastamonu,Tosya,41.0171,34.03705,Kastamonu,Correct
C708881A-4561-42BC-9E25-24530BC968A9,KASTAMONU İHSANGAZİ 30 NOLU AİLE SAĞLIĞI MERKEZİ,Kastamonu,İhsangazi,41.08915,33.64517,Kastamonu,Correct
E9957B54-719D-412A-A704-2481918E4F89,ÖZEL KASTAMONU DENT ESTETİK AĞIZ VE DİŞ POLİKLİNİĞİ,Kastamonu,Merkez,41.45141,33.76639,Kastamonu,Correct
3BC553BB-A410-457F-93C1-2822AA7D92FB,TAYFUN KÖMÜR MUAYENEHANESİ,Kastamonu,Merkez,41.38364,33.78175,Kastamonu,Correct
D22338FE-6AF5-4255-8C72-28B9948294CA,KASTAMONU TOSYA 42 NOLU AİLE SAĞLIĞI MERKEZİ,Kastamonu,Tosya,41.02778,34.02761,Kastamonu,Correct
A450192E-3C49-4632-8101-2ED56DCE8650,REYHAN ECZANESİ,Kastamonu,Merkez,41.40507,33.80494,Kastamonu,Correct
EE021AC6-82D0-4B0F-85A6-2F3DDEFE44C6,KASTAMONU TOSYA 44 NOLU AİLE SAĞLIĞI MERKEZİ,Kastamonu,Tosya,40.95139,33.90833,Kastamonu,Correct
0807B6AF-16EA-44B6-89AC-2FED55F96775,KASTAMONU CİDE RIFAT ILGAZ AİLE SAĞLIĞI MERKEZİ,Kastamonu,Cide,41.89485,32.99367,Kastamonu,Correct
7E38FE71-6823-47E7-B81F-31C05EF28ABE,AKMAN ECZANESİ,Kastamonu,Taşköprü,41.50528,34.21346,Kastamonu,Correct
C496ECB7-DBCE-48ED-AF1B-31D04CB13052,VATAN ECZANESİ,Kastamonu,Pinarbaşi,38.02167,36.49828,Kahramanmaraş,Wrong
59AC2579-5759-493F-8987-330E656135A4,KASTAMONU ECZANESİ,Kastamonu,Merkez,41.3657,33.76924,Kastamonu,Correct
263FBD36-645C-4A4A-8A31-351D4D8DC884,KASTAMONU TAŞKÖPRÜ DEVLET HASTANESİ,Kastamonu,Taşköprü,41.50465,34.2126,Kastamonu,Correct
45779D5A-2F88-41BE-8A8F-3609998259A9,ÖZCAN ECZANESİ,Kastamonu,Merkez,41.37748,33.77669,Kastamonu,Correct
B76EA190-F536-4C03-A681-3908D8C55C73,KASTAMONU CİDE 22 NOLU HASAN HAVVA DEMİR AİLE SAĞLIĞI MERKEZİ,Kastamonu,Cide,41.94911,33.21174,Kastamonu,Correct
EFDF4DEA-5D93-4949-89E2-39247C206D62,KASTAMONU PINARBAŞI 36 NOLU AİLE SAĞLIĞI MERKEZİ,Kastamonu,Pinarbaşi,41.60668,33.11378,Kastamonu,Correct
350BC27D-0497-4D38-81BF-3AD4442BFB2C,ÖZDEN ECZANESİ,Kastamonu,Merkez,41.95662,34.01149,Kastamonu,Correct
BD5A8DBA-4F98-4CF1-A693-3C0A0B7F9FA0,KASTAMONU ŞÜKRÜ ÜNLÜ ASM,Kastamonu,Merkez,41.3597,33.76332,Kastamonu,Correct
3112C221-BC98-4837-B6C1-3D69C47FCBE0,BUHARA ECZANESİ,Kastamonu,Merkez,39.97282,40.02468,Erzincan,Wrong
4AC1ECAA-045D-4746-BDEC-3EDCC4BC4F77,EKİM ECZANESİ,Kastamonu,Taşköprü,41.01718,34.03909,Kastamonu,Correct
48A6D74B-4715-45D4-9F64-3F1BFFC18DA2,TOSYA ORTALICA ASM,Kastamonu,Tosya,41.01868,34.0369,Kastamonu,Correct
45F0EF99-D587-4C33-B0C7-3F67E95DA493,ERASLAN ECZANESİ,Kastamonu,Daday,41.47596,33.46449,Kastamonu,Correct
1E052056-81D4-48AB-939A-4198504B6DAA,AKÇAOĞLU ECZANESİ,Kastamonu,Araç,41.24421,33.32623,Kastamonu,Correct
B8EAB917-596F-4F69-A090-42181AB69440,CEYDA ECZANESİ,Kastamonu,İhsangazi,41.37845,33.77454,Kastamonu,Correct
A11249E8-0CD9-4AF4-86B4-44584671D240,KASTAMONU HAYAT AĞIZ VE DİŞ SAĞLIĞI POLİKLİNİĞİ,Kastamonu,Merkez,41.37746,33.77669,Kastamonu,Correct
F209C8BE-2F6D-4AA9-95CB-45C903EB702F,KASTAMONU FİZİK TEDAVİ VE REHABİLİTASYON MERKEZİ,Kastamonu,Merkez,41.38527,33.7834,Kastamonu,Correct
B5984EEF-3E5A-42AB-A87D-461104C69D24,DENİZ ECZANESİ,Kastamonu,Merkez,41.95696,34.01128,Kastamonu,Correct
B870BE6E-91E4-4B94-B4DB-462DC8A02F5F,CAN ECZANESİ,Kastamonu,Cide,41.89245,33.0018,Kastamonu,Correct
D8C624EE-2851-4900-96CB-48A905DFFABF,EMRE KAYA MUAYENEHANESİ,Kastamonu,Merkez,41.00168,29.0412,İstanbul,Wrong
F86ED748-FA12-4DF6-9708-4A318125681C,GÜLCAN ECZANESİ,Kastamonu,Merkez,41.39608,33.78525,Kastamonu,Correct
6AAAB82C-5072-40F7-A786-4B47DBB97F22,KASTAMONU MERKEZ 46 NOLU AİLE SAĞLIĞI MERKEZİ,Kastamonu,Merkez,41.39312,33.78432,Kastamonu,Correct
F23E1C9B-E228-43DB-8810-4C7E529D6BB3,KOZANOĞLU ECZANESİ,Kastamonu,Tosya,41.01535,34.03944,Kastamonu,Correct
9212E424-124B-4CD8-813E-4DB0935D5A84,EBRU İMAMOGLU KIRMIZI MUAYENEHANESİ,Kastamonu,Merkez,41.38181,33.77911,Kastamonu,Correct
96FDCF36-EC53-4C1D-8B54-4E8C040EF6EA,KASTAMONU AZDAVAY 18 NOLU AİLE SAĞLIĞI MERKEZİ,Kastamonu,Azdavay,41.64229,33.30179,Kastamonu,Correct
CC252899-B770-44EA-B96C-503E93AD9422,SILA ECZANESİ,Kastamonu,Tosya,41.01784,34.03721,Kastamonu,Correct
5D57310F-75F5-456E-8781-535A39B0B781,TAŞKÖPRÜ 41 NOLU ALATARLA ASM,Kastamonu,Taşköprü,41.50745,34.02563,Kastamonu,Correct
ECB4ABD3-6C26-44C3-9756-578EE98DCC6E,MERVE ECZANESI,Kastamonu,Tosya,41.01617,34.03908,Kastamonu,Correct
AB879B00-6E25-4648-806A-588C45D59A19,GÜNEŞ ECZANESİ,Kastamonu,Merkez,41.42699,33.777,Kastamonu,Correct
7F24DFB6-00AC-48BE-A69D-58E73F0AF9EA,BİLGİN ECZANESİ,Kastamonu,Merkez,41.45316,33.76691,Kastamonu,Correct
3A1F9589-4F09-46F4-B837-590F7EECB7D0,GÜZEY ECZANESİ,Kastamonu,Merkez,41.42518,33.77931,Kastamonu,Correct
43F225F5-3A55-45FC-91FD-596D76BAE279,BİLGE ECZANESİ,Kastamonu,Merkez,41.3762,33.77348,Kastamonu,Correct
E7534CF5-9D1B-4ACA-8AA4-59991BD9BEF0,YENİ DEVA ECZANESİ,Kastamonu,Tosya,41.01699,34.03825,Kastamonu,Correct
53839405-8F58-46F6-B87D-5A17A271357B,ÖZEL İSFENDİYAR ANADOLU HASTANESİ,Kastamonu,Merkez,41.38113,33.77755,Kastamonu,Correct
5627012D-B027-49B9-9DB9-5C1B9E231BE9,NUR ECZANESİ,Kastamonu,Merkez,41.36161,33.76613,Kastamonu,Correct
8517D0B4-7608-4682-AEF4-5C95D2A3218A,YURT ECZANESİ,Kastamonu,Merkez,41.97735,34.00348,Kastamonu,Correct
0DD47173-F8E2-42ED-88F5-5CFC46F0D064,TUNUSOĞLU ECZANESİ,Kastamonu,Merkez,41.39638,33.78387,Kastamonu,Correct
9A5E1A7F-77E0-4E21-A96F-5E04029899D2,YENİ TAŞKÖPRÜ ECZANESİ,Kastamonu,Taşköprü,41.01498,34.03672,Kastamonu,Correct
0AEBCBDD-950A-4B37-8113-6076DAE3BF29,ANKARALI ECZANESİ,Kastamonu,Taşköprü,41.02747,34.02609,Kastamonu,Correct
A567BD12-206E-4CA3-8066-618C67ECD648,AHMET ESEN MUAYENEHANESİ,Kastamonu,Merkez,41.38377,33.77876,Kastamonu,Correct
836D86A5-0CDF-4BCF-9F87-61D1DFE083FC,NİSAN ECZANESİ,Kastamonu,Merkez,41.97719,34.00176,Kastamonu,Correct
3ACE48CB-CCAB-40CC-8572-640900838311,KASTAMONU AĞIZ VE DİŞ SAĞLIĞI MERKEZİ,Kastamonu,Merkez,41.38432,33.7796,Kastamonu,Correct
22BA7C71-E02F-4B73-B8BA-6A2A55A60EB9,ULAŞ ECZANESİ,Kastamonu,Merkez,41.37794,33.77811,Kastamonu,Correct
02CA6758-ED01-4784-8630-6CD6CB42AE82,SAĞLIK ECZANESİ,Kastamonu,Merkez,41.37727,33.77878,Kastamonu,Correct
EE107546-18B6-45DD-A977-6EC0755F1122,ÜMİT ECZANESİ,Kastamonu,Cide,41.8918,32.99231,Kastamonu,Correct
B7E6A7AA-6572-4968-A0CC-6EE3474A5ED6,ÇELİKOĞLU ECZANESİ,Kastamonu,Merkez,41.38597,33.77858,Kastamonu,Correct
8DCE7FB4-9F7A-4106-9981-7057A42D205C,KASTAMONU MERKEZ ŞERAFETTİN SELVİ ASM,Kastamonu,Merkez,41.41046,33.78396,Kastamonu,Correct
01384EE4-1A6A-4382-87FE-74985225CCA2,GÜLTÜRK ECZANESİ,Kastamonu,Merkez,41.68787,33.5542,Kastamonu,Correct
17FD3D78-EBEA-40BA-8D47-765A0469554F,GAZI ECZANESİ,Kastamonu,Merkez,41.38309,33.77927,Kastamonu,Correct
B34DC2FC-2247-41E1-B4DE-7817BD57F156,GÜNAY ALAY MUAYENEHANESİ,Kastamonu,Taşköprü,41.51203,34.21356,Kastamonu,Correct
C6884E35-D8AD-4359-91B0-7991DC6CAB1A,HAKAN FİDE MUAYENEHANESİ,Kastamonu,Merkez,36.99864,29.54497,Burdur,Wrong
31B23542-3FD0-4D8A-AA34-7A45221CDACA,DENTELİT AĞIZ VE DİŞ SAĞLIĞI POLİKLİNİĞİ,Kastamonu,Merkez,41.38012,33.77874,Kastamonu,Correct
89D82505-B755-43AD-90FC-7BFA01DFA5CF,KASTAMONU EĞİTİM VE ARAŞTIRMA HASTANESİ,Kastamonu,Merkez,41.03014,28.87094,İstanbul,Wrong
6762EABE-BBE8-456E-A999-7DEC2738B993,YENİ ECZANE,Kastamonu,Araç,41.24305,33.32589,Kastamonu,Correct
EE03BDC8-41B4-46B7-A1D5-7E9973D79414,MEHMET ORKUN KAYA DİŞ KLİNİĞİ,Kastamonu,Merkez,41.37891,33.77637,Kastamonu,Correct
363730DB-E4DA-49E0-9AE1-7F59552BEFAD,KASTAMONU TOSYA 43 NOLU AİLE SAĞLIĞI MERKEZİ,Kastamonu,Tosya,41.01052,34.03842,Kastamonu,Correct
1282B863-8073-4091-9A0F-81E505B148C3,DERMAN ECZANESİ,Kastamonu,Merkez,41.41854,33.79089,Kastamonu,Correct
46DD503A-3EFD-4D12-A6C0-82906025EA97,KASTAMONU MERKEZ 2 NOLU AİLE SAĞLIĞI MERKEZİ,Kastamonu,Merkez,41.40833,33.73761,Kastamonu,Correct
9D7EEE0F-3A7A-4D8C-921C-82A82E844679,KASTAMONU TOSYA DEVLET HASTANESİ,Kastamonu,Tosya,41.01291,34.04685,Kastamonu,Correct
D497B941-7B5A-4BD5-B947-8428EFB37AFD,YENİ BİNİCİ ECZANESİ,Kastamonu,Merkez,41.37789,33.77527,Kastamonu,Correct
F746D20E-B226-4D72-A893-851211917DC5,BARBAROS ECZANESİ,Kastamonu,Merkez,41.4535,33.71133,Kastamonu,Correct
E818FB23-AB18-4594-985F-8834892AF1EA,CAN ECZANESİ,Kastamonu,Merkez,41.41854,33.79051,Kastamonu,Correct
985A0A81-E5C3-48FF-8A79-884F6A976E4E,CİDE YUKSEL ECZANESİ,Kastamonu,Cide,39.09377,-76.76076,No Info,No Info
4C2F36D4-EE69-4191-919F-8A35EDDCC404,AĞAOĞLU ECZANESİ,Kastamonu,Tosya,41.01746,34.03828,Kastamonu,Correct
B2790BE0-2BD2-4C7D-B0D3-8EAD0DA26282,BİLGENUR ŞAHİN PEHLİVANOĞLU,Kastamonu,Merkez,41.38389,33.77907,Kastamonu,Correct
5A0FA865-4015-404F-BCD7-8F94670C32E1,TOSYA ECZANESİ,Kastamonu,Tosya,41.01805,34.03699,Kastamonu,Correct
D4B2DEE8-0004-4F53-A3DD-909F3BE5157B,MERKEZ ECZANESİ,Kastamonu,Merkez,41.38439,33.78244,Kastamonu,Correct
C531312D-4118-4A98-BA23-97E20D002AF7,TUNA ECZANESİ,Kastamonu,Azdavay,41.19438,33.20508,Kastamonu,Correct
6A9C6D9C-8F23-4C7C-A8AF-980FE9B97D78,KASTAMONU MERKEZ 3 NOLU AİLE SAĞLIĞI MERKEZİ,Kastamonu,Merkez,41.38694,33.78154,Kastamonu,Correct
F23AE0E5-9A46-4D44-90E1-9BCD0F014F83,BEYAZ ECZANESİ,Kastamonu,Tosya,41.01739,34.03776,Kastamonu,Correct
F7017B77-14DC-48E4-8AD6-9D3A7E013490,ÇINAR ECZANESİ,Kastamonu,Merkez,41.3666,33.77044,Kastamonu,Correct
84BF309F-DB4C-4F9F-9D3A-9FB824A74924,AFATOĞLU ECZANESİ,Kastamonu,Merkez,41.37748,33.7786,Kastamonu,Correct
D01E5AA3-3993-464E-9B7A-A3345FCFD79D,TOKATLIOĞLU ECZANESİ,Kastamonu,Merkez,41.38761,33.78176,Kastamonu,Correct
67DBC175-21AC-4777-B95E-A533ED5C1E6E,KASTAMONU TAŞKÖPRÜ BEYAZ ALTIN AİLE SAĞLIĞI MERKEZİ,Kastamonu,Taşköprü,41.50929,34.21301,Kastamonu,Correct
610C18E1-FDCC-4C9F-90DE-A552B4E0B10C,ŞİFA ECZANESİ,Kastamonu,Merkez,41.40878,33.80347,Kastamonu,Correct
BCE00B30-F3FF-4DA1-B20C-A62BE57F1B31,ASLIHAN YILMAZ MUAYENEHANESİ,Kastamonu,Tosya,41.01738,34.03971,Kastamonu,Correct
4E517607-1EA8-4183-8358-A6D412F4284A,ÖNDER ECZANESİ,Kastamonu,Taşköprü,41.00565,34.05453,Kastamonu,Correct
9FD94457-8930-463F-A72B-A903654386AC,GÜL ECZANESİ,Kastamonu,Merkez,41.24221,33.32274,Kastamonu,Correct
C7F5F05C-2D95-4472-98ED-A9FB1874EC44,CİDE MERKEZ TSM,Kastamonu,Cide,41.89173,32.99215,Kastamonu,Correct
79C2C83B-26A4-40DB-8340-AB5E5EF08FC2,ILGAZ AĞIZ VE DİŞ SAĞLIĞI POLİKLİNİĞİ,Kastamonu,Merkez,41.37836,33.77789,Kastamonu,Correct
CD12FAEF-0D92-480E-941D-ABFEBB14B7B9,KASTAMONU MERKEZ 9 NOLU SUBAŞI ASM,Kastamonu,Merkez,41.4526,33.71013,Kastamonu,Correct
E854CCFE-05AF-484D-9A6E-B07C69477756,UMUT ECZANESİ,Kastamonu,Şenpazar,41.37841,33.77656,Kastamonu,Correct
3752207E-EB72-4D5E-84BA-B0AF990DB91C,KASTAMONU DEVLET HASTANESİ EK HİZMET BİNASI,Kastamonu,Merkez,40.99714,28.60891,İstanbul,Wrong
63170008-25D1-418E-B9B3-B0F65BFA9E56,KÖSEOĞLU ECZANESİ,Kastamonu,Merkez,41.37825,33.77363,Kastamonu,Correct
CDD0D235-9E28-417A-8DC2-B106E5D90976,YENİ GÜZEY ECZANESİ,Kastamonu,Merkez,41.37726,33.77666,Kastamonu,Correct
30FB9502-D2D6-4BA3-9A68-B694C9062EE7,ELİF CELLEK TİFTİK MUAYENEHANESİ,Kastamonu,Merkez,41.37982,33.7784,Kastamonu,Correct
40452DE5-F36E-4A0E-B8FC-B6F97D185698,PINAR ECZANESİ,Kastamonu,Merkez,41.40393,33.78386,Kastamonu,Correct
5B615EA1-8B11-4618-937A-B9D8E573A8D4,KASTAMONU CIDE İLÇE HASTANESI,Kastamonu,Cide,41.20488,33.55616,Kastamonu,Correct
6A59251F-5D4E-43E5-9428-BB89FB41AB2C,KASTAMONU ARAÇ 15 NOLU AİLE SAĞLIĞI MERKEZİ,Kastamonu,Araç,41.22599,33.13356,Kastamonu,Correct
67DBDE3F-2F9D-4DEA-9A02-BBDC4BD51F80,KASTAMONU MERKEZ 48 NOLU AİLE SAĞLIĞI MERKEZİ,Kastamonu,Merkez,41.38509,33.77735,Kastamonu,Correct
0C1EDB0E-C0E2-4CE6-AA11-BC34E322773C,KASTAMONU DADAY 25 NOLU AİLE SAĞLIĞI MERKEZİ,Kastamonu,Daday,41.47896,33.48723,Kastamonu,Correct
752BC2A4-9B14-48F2-9CCC-C43644E3CAE9,SAVAŞ KOCA MUAYENEHANESİ,Kastamonu,Taşköprü,41.51059,34.21402,Kastamonu,Correct
834F5EC8-D480-4C9F-ACB4-C446104458D3,KASTAMONU MERKEZ 7 NOLU KAŞÇILAR ASM,Kastamonu,Merkez,41.24563,33.86896,Kastamonu,Correct
4A2B20BA-F9D6-4295-A258-C657C1A0C975,YEŞİLTAŞ ECZANESİ,Kastamonu,Merkez,39.37007,-76.39236,No Info,No Info
0D0DD2C2-63E4-4C4F-B6B7-C727CD7AFA74,KASTAMONU ARAÇ DEVLET HASTANESİ,Kastamonu,Merkez,41.24334,33.3277,Kastamonu,Correct
B2BD53E4-8C19-46D0-8E13-C9037F5F435C,KÜRKÇÜOĞLU ECZANESİ,Kastamonu,Merkez,41.37734,33.77471,Kastamonu,Correct
D68CF124-A083-406D-9413-CAFB45277EA8,UMUT ECZANESİ,Kastamonu,Azdavay,41.37841,33.77656,Kastamonu,Correct
3DA3D36A-3DCE-489E-8363-CB3C24F30294,DENT KASTAMONU,Kastamonu,Merkez,41.38737,33.77967,Kastamonu,Correct
AA930237-56DC-4189-B1CC-CC27D66E9516,CANSU OĞUZ BESLENME VE DİYET KLİNİĞİ,Kastamonu,Merkez,41.38217,33.78118,Kastamonu,Correct
BFEBC559-3163-4F5A-AD4B-D27F45E8B26B,İGDİR ECZANESİ,Kastamonu,Araç,41.22741,33.13558,Kastamonu,Correct
5C102B0D-34B4-4917-A5BD-D40F859A23F3,KASTAMONU MERKEZ 4 NOLU AİLE SAĞLIĞI MERKEZİ,Kastamonu,Merkez,41.47742,33.90766,Kastamonu,Correct
B8D83091-2D0A-462F-A74B-D4B7E0EEC5C2,KASTAMONU TOSYA 49 NOLU AİLE SAĞLIĞI MERKEZİ,Kastamonu,Tosya,41.01687,34.03728,Kastamonu,Correct
0F8CC142-CB82-448F-9C7A-D51531372B78,ARAÇ ECZANESİ,Kastamonu,Araç,41.24387,33.33117,Kastamonu,Correct
7EBFFA43-D931-4660-B064-D8A861B5A556,IŞILAY ECZANESİ,Kastamonu,Merkez,41.38507,33.77738,Kastamonu,Correct
37868741-A3A6-461F-80B2-D9547C4CC3BE,HALK ECZANESİ,Kastamonu,Cide,41.37592,33.77436,Kastamonu,Correct
91D4CE6F-6BCC-40BC-8A9D-DD0898D86589,EMİN ECZANESİ,Kastamonu,Merkez,41.40383,33.78379,Kastamonu,Correct
FCBADCA1-2E8B-4909-A6F8-E0BF6B086882,ŞİFA ECZANESİ,Kastamonu,Tosya,41.01681,34.03656,Kastamonu,Correct
4EC65176-2FB3-45E3-B031-E17EC748BEFA,GÜNER ECZANESİ,Kastamonu,Araç,41.24078,33.3275,Kastamonu,Correct
541EEF4F-BBD2-4992-B696-E18FB62AC003,CEVDETİN ECZANESİ,Kastamonu,Cide,41.89227,33.00282,Kastamonu,Correct
3C812A66-DBDE-415C-9836-E2E250222E27,KASTAMONU MERKEZ 1 NOLU AİLE SAĞLIĞI MERKEZİ,Kastamonu,Merkez,41.36633,33.76659,Kastamonu,Correct
B3F3683D-6D41-4E13-872F-E38F3C4EE7E6,ZUHAL ECZANESİ,Kastamonu,Merkez,41.9773,34.00304,Kastamonu,Correct
B5AB014D-F7AE-4F21-8B6A-E62016E69D0C,DEĞİRMENCİ ECZANESİ,Kastamonu,Taşköprü,41.4895,34.0245,Kastamonu,Correct
A9B7B30B-8F91-4FF8-8F07-E62DC0CA4F40,KARAKUŞ ECZANESİ,Kastamonu,Tosya,41.0177,34.03708,Kastamonu,Correct
D9968D83-FE0E-4679-AF1C-E70C2C60E807,KASTAMONU 50 NOLU ASM,Kastamonu,Merkez,41.40857,33.80378,Kastamonu,Correct
E3A1187D-A9B9-434A-8833-E77551CE9E89,KASTAMONU TAŞKÖPRÜ 40 NOLU AİLE SAĞLIĞI MERKEZİ,Kastamonu,Taşköprü,41.51098,34.21554,Kastamonu,Correct
0EA4C9C7-2DBF-4D09-B44E-E80418A1D27C,DEVA ECZANESİ,Kastamonu,Merkez,41.95872,34.01242,Kastamonu,Correct
2BAB6ADB-9B12-4DA1-B06A-E90D14221B41,DOĞA ECZANESİ,Kastamonu,Merkez,41.38598,33.78457,Kastamonu,Correct
C7CB3C17-8E47-467D-A93B-E91F7F25349F,TOPÇU ECZANESİ,Kastamonu,Taşköprü,41.51108,34.21534,Kastamonu,Correct
C230C8F2-1808-4545-BA43-EABA2CC872BE,KASTAMONU BELEDİYESİ MEHMET AKİF ERSOY AİLE SAĞLIĞI MERKEZİ,Kastamonu,Merkez,41.40916,33.79192,Kastamonu,Correct
43F6E189-D1FA-4517-8C64-ECFCE8FC7CD3,OZAN ECZANESİ,Kastamonu,Hanönü,41.62492,34.46478,Kastamonu,Correct
ECE317FF-700E-4CA2-AFEB-EF97632DFFFE,HANÖNÜ MERKEZ TSM,Kastamonu,Hanönü,41.62683,34.46129,Kastamonu,Correct
07495F64-C14E-4A57-B975-F26B8EAA07D6,EFE ECZANESİ,Kastamonu,İhsangazi,41.20797,33.54767,Kastamonu,Correct
F26E1A74-F78B-428D-BAC5-F4380FB7A3D5,UĞUR ECZANESİ,Kastamonu,Taşköprü,41.37974,33.77779,Kastamonu,Correct
E5B5D46E-8420-423E-B387-F58B4AB32E95,KARAKAŞ ECZANESİ,Kastamonu,Merkez,41.42875,33.79844,Kastamonu,Correct
5BF2DCCF-A2A7-4BD6-B050-F684D7066265,SERAP ECZANESİ,Kastamonu,Taşköprü,41.50993,34.21314,Kastamonu,Correct
C976910E-8F75-4088-B86F-F68A983E4A60,KOÇ ECZANESİ,Kastamonu,Merkez,41.00878,34.05082,Kastamonu,Correct
660404BF-4B3C-4D1F-9F14-F7086D3F7339,KASTAMONU AZDAVAY DEVLET HASTANESİ,Kastamonu,Azdavay,41.3775,33.77625,Kastamonu,Correct
60556E2F-25F6-4A78-924F-FABC8999CB74,KASTAMONU MERKEZ NASRULLAH ASM,Kastamonu,Merkez,41.37651,33.7735,Kastamonu,Correct
969CE0F6-6830-4867-980B-FB17BD47AA27,GÖKHAN TEKİN MUAYENEHANESİ,Kastamonu,Merkez,41.37775,33.77564,Kastamonu,Correct
A458AE88-34B3-4050-8974-FEF7CA020CE4,YILMAZ ECZANESİ,Kastamonu,Merkez,41.37863,33.77542,Kastamonu,Correct
