UnitId,UnitName,CityName,DistrictName,Latitude,Longitude,DetectedCity,Match
FCCDFB62-DD90-4F33-9366-0361D48043E1,GİRİFTİNOĞLU ECZANESİ,Gümüşhane,Şiran,40.1962,39.12574,Gümüşhane,Correct
C7D901C2-6B21-49DC-A103-099E940742F7,T.C. S.B. GÜMÜŞHANE ŞEHİT EBE KEVSER CEYLAN AĞIZ VE DİŞ SAĞLIĞI MERKEZİ,Gümüşhane,Merkez,40.45786,39.4828,Gümüşhane,Correct
071A6EA0-407C-450E-AB8C-0CF7551620DB,MERKEZ ECZANESİ,Gümüşhane,Merkez,40.45886,39.48036,Gümüşhane,Correct
E47BC811-2F01-4616-851F-122E299160E5,HAYAT ECZANESİ,Gümüşhane,Merkez,40.45888,39.47968,Gümüşhane,Correct
B445004C-13BA-4B4A-87C8-1332CAA90A3E,IŞIK ECZANESİ,Gümüşhane,Merkez,40.45886,39.48027,Gümüşhane,Correct
91ECB00D-876B-457A-A0E1-17EC985D26F2,LOKMAN HEKİM ECZANESİ,Gümüşhane,Kelkit,40.12818,39.43426,Gümüşhane,Correct
8B34624B-5508-4DCC-8EA5-19AF7A312DAC,KÜRTÜN İLÇE HASTANESİ,Gümüşhane,Kürtün,40.70437,39.08264,Gümüşhane,Correct
7441C339-AAE2-40B2-8CFE-1CDB56EA5C9A,SAĞLIK ECZANESİ,Gümüşhane,Merkez,40.13196,39.43605,Gümüşhane,Correct
F0494610-C2ED-4030-9006-1E0D65130BEF,GÜVEN ECZANESİ,Gümüşhane,Kelkit,40.14118,39.60852,Gümüşhane,Correct
1F562C94-AED3-44EF-A6CE-28EF0F3E1548,TORUL ECZANESİ,Gümüşhane,Torul,40.5577,39.29285,Gümüşhane,Correct
ECAAF0AD-DB95-427B-BD6D-2ED31B8AFC7B,GÜMÜŞHANE KELKİT 2 NOLU AİLE SAĞLIĞI MERKEZİ,Gümüşhane,Kelkit,40.1293,39.43645,Gümüşhane,Correct
906DDFC8-525D-4112-B4C0-2FEC3E5832FB,ŞÜKRÜ İLHAN MUAYENEHANESİ,Gümüşhane,Merkez,40.45907,39.48011,Gümüşhane,Correct
470CF9DA-C29D-4818-8B2E-328F78EEDC38,HASAN SEYHANİ KALENDER MUA.,Gümüşhane,Merkez,40.46127,39.47316,Gümüşhane,Correct
2B775ED4-EB33-4986-82B0-33D4F9505661,HUZUR ECZANESİ,Gümüşhane,Köse,39.34307,-76.42836,No Info,No Info
8FB58D87-B3C1-49EE-B106-3588722AA642,AYDIN ECZANESİ,Gümüşhane,Kelkit,40.12635,39.43527,Gümüşhane,Correct
42671FA0-12F6-4B16-BE9D-362A1A428154,T.C. S.B. GÜMÜŞHANE DEVLET HASTANESİ,Gümüşhane,Merkez,40.18854,39.12359,Gümüşhane,Correct
0153B0AD-8BD2-4AB3-844E-3834C77DD0B4,GÜMÜŞHANE MERKEZ TEKKE AİLE SAĞLIĞI MERKEZİ,Gümüşhane,Merkez,40.41796,39.58587,Gümüşhane,Correct
29BE48D1-B82C-409E-A09C-46A854E88BB5,ŞİFA ECZANESİ,Gümüşhane,Merkez,40.1953,39.12454,Gümüşhane,Correct
68A2DDAB-955B-458B-BDBD-4995E6385618,YAŞAM ECZANESİ,Gümüşhane,Şiran,40.18983,39.12494,Gümüşhane,Correct
813DDB85-1FD0-4AB8-A9F9-505DE1BEBE46,SOYLU ECZANESİ,Gümüşhane,Kürtün,40.70301,39.08564,Gümüşhane,Correct
DB7CFC75-4332-495C-944A-5185F5ADD1D0,EYLÜL ECZANESİ,Gümüşhane,Kelkit,40.13012,39.43631,Gümüşhane,Correct
2EC745DF-2059-4DC2-ABAD-5617BD813B5B,SENA ECZANESİ,Gümüşhane,Merkez,40.45826,39.48296,Gümüşhane,Correct
61C09050-D594-4470-B2CD-571BBE6E8913,DERMAN ECZANESİ,Gümüşhane,Merkez,40.45886,39.48013,Gümüşhane,Correct
457AEB82-C0F2-415C-A9C5-57248BFE7350,T.C. S.B. GÜMÜŞHANE KELKİT DEVLET HASTANESİ,Gümüşhane,Kelkit,40.10631,39.45705,Gümüşhane,Correct
0C0FE472-A6D1-4820-8861-5AAEEDD28870,YÜCE ECZANESİ,Gümüşhane,Merkez,40.46237,39.4698,Gümüşhane,Correct
D136D438-B744-4F1C-9159-61CBE245F390,ÖZTÜRK ECZANESİ,Gümüşhane,Torul,40.55777,39.29296,Gümüşhane,Correct
C788F65D-C659-456D-AC7A-63A4C2A52661,YALÇIN ECZANESİ,Gümüşhane,Merkez,40.46131,39.47299,Gümüşhane,Correct
3FF3FBDF-4BCF-4628-8CBB-6C2ADB5140E0,GÜMÜŞ ECZANESİ,Gümüşhane,Kelkit,40.12964,39.43597,Gümüşhane,Correct
B41EE784-8A8D-4434-B37E-6EC306244720,SAĞLIK ECZANESİ,Gümüşhane,Kelkit,40.13196,39.43605,Gümüşhane,Correct
9345D138-927A-4319-8FD4-6F53F665C8DE,ELİF ECZANESİ,Gümüşhane,Merkez,40.46147,39.4686,Gümüşhane,Correct
47453B9A-2597-4862-8142-716F42511CC6,GÜMÜŞHANE KELKİT 1 NOLU AİLE SAĞLIĞI MERKEZİ,Gümüşhane,Kelkit,40.12746,39.43383,Gümüşhane,Correct
BE40C8AA-CEEF-4840-A26F-71A259D7CB16,GÜMÜŞHANE MERKEZ 6 NOLU ASM,Gümüşhane,Merkez,40.46022,39.47726,Gümüşhane,Correct
D3CA1E85-D090-4E48-AB54-730EAAD9EB32,GÜMÜŞHANE ŞİRAN 1 NOLU AİLE SAĞLIĞI MERKEZİ,Gümüşhane,Şiran,40.18892,39.12412,Gümüşhane,Correct
8D68387C-1E30-4008-82F3-7581FEC44383,GÜMÜŞHANE MERKEZ 1 NOLU AİLE SAĞLIĞI MERKEZİ,Gümüşhane,Merkez,40.45954,39.47718,Gümüşhane,Correct
014598F4-6CAC-4DDF-90DF-77B5AA718A5D,GÜMÜŞHANE MERKEZ 5 NOLU AİLE SAĞLIĞI MERKEZİ,Gümüşhane,Merkez,40.46031,39.4782,Gümüşhane,Correct
C8B55A3C-50FB-4F03-B46C-7C352628D835,T.C. S.B. GÜMÜŞHANE TORUL DEVLET HASTANESİ,Gümüşhane,Torul,40.12562,39.43609,Gümüşhane,Correct
14550E0D-DDB7-456E-8B3E-87D6D8C0B8EE,KÜRTÜN SİMGE ECZANESİ,Gümüşhane,Kürtün,40.69266,39.1015,Gümüşhane,Correct
B5CA0F89-EC40-4635-96A9-92299AA4A2E7,SİNEM ECZANESİ,Gümüşhane,Merkez,40.45886,39.48041,Gümüşhane,Correct
E440E3A8-C285-46E6-B103-937A21C84E07,ŞİFA ECZANESİ,Gümüşhane,Kelkit,40.1953,39.12454,Gümüşhane,Correct
BA95CC34-DC77-4E68-A036-94F6AB80DC32,DOĞAN YÜCE MUAYENEHANESİ,Gümüşhane,Merkez,40.45904,39.47945,Gümüşhane,Correct
73DBFA31-4EA0-4049-8414-9F2F8CF981BA,ÖZKAN ECZANESİ,Gümüşhane,Merkez,40.45885,39.48051,Gümüşhane,Correct
CC506DF6-6E4B-4A2D-8F16-A3DBBB33441D,KARADENİZ ECZANESİ,Gümüşhane,Kürtün,40.70076,39.08821,Gümüşhane,Correct
74B3D24C-46B3-49B3-BD7E-A818E629DCB7,GÜMÜŞHANE MERKEZ 4 NOLU AİLE SAĞLIĞI MERKEZİ,Gümüşhane,Merkez,40.45908,39.47884,Gümüşhane,Correct
76502766-747A-4B82-90AA-A953F9DD6736,ŞİFA ECZANESİ,Gümüşhane,Şiran,40.1953,39.12454,Gümüşhane,Correct
9BB64136-933E-4D39-A54D-BDE13A189A49,T.C. S.B. GÜMÜŞHANE ŞİRAN DEVLET HASTANESİ,Gümüşhane,Şiran,40.18944,39.12479,Gümüşhane,Correct
064BDC2D-E505-4B12-B192-C0D2B63E8580,ERDEM ECZANESİ,Gümüşhane,Kelkit,40.12808,39.43546,Gümüşhane,Correct
70592D75-8C25-4AC7-B143-C3ACF5E03571,GÜMÜŞHANE MERKEZ 3 NOLU AİLE SAĞLIĞI MERKEZİ,Gümüşhane,Merkez,40.45833,39.48063,Gümüşhane,Correct
E90BB1C8-4194-4DFB-B0A5-CB09D35F4CD9,DEVA ECZANESİ,Gümüşhane,Kelkit,40.12949,39.4363,Gümüşhane,Correct
A1C40A7C-EB31-4586-BC64-D5D19DA3B717,NUR ECZANESİ,Gümüşhane,Köse,40.20868,39.65783,Gümüşhane,Correct
2049DF9C-545D-4467-B980-DAA647E2DEE6,GÜMÜŞHANE İL SAĞLIK MÜDÜRLÜĞÜ,Gümüşhane,Merkez,40.46103,39.48365,Gümüşhane,Correct
052B6325-3704-4057-AE05-E0B776F95F3E,GÜMÜŞHANE ECZANESİ,Gümüşhane,Merkez,40.46192,39.46677,Gümüşhane,Correct
9E92C08B-3253-4B8E-BA1C-ED0108E6EAFD,KARACA ECZANESİ,Gümüşhane,Merkez,40.45888,39.47962,Gümüşhane,Correct
C567D73D-C25A-449F-A9E8-EDFA6A52C130,ARİF HİKMET ESKİCİOĞLU MUAYENEHANESİ,Gümüşhane,Merkez,39.19547,-76.62516,No Info,No Info
1D495E94-B001-4193-9E20-F19B7A47C31D,GÜMÜŞHANE KÖSE İLÇE HASTANESI,Gümüşhane,Köse,40.20782,39.65779,Gümüşhane,Correct
092F1227-B4AF-404A-B5D2-F3C1A95018B2,GÜMÜŞHANE TORUL 1 NOLU AİLE SAĞLIĞI MERKEZİ,Gümüşhane,Torul,40.56144,39.29637,Gümüşhane,Correct
EB1AC690-DB88-4E26-B6E7-FAEAA69CCF8A,ÇINAR ECZANESİ,Gümüşhane,Merkez,40.46131,39.47301,Gümüşhane,Correct
6ADE94D4-7066-4907-B986-FD4EB2F92915,GÜMÜŞHANE KÜRTÜN 1 NOLU AİLE SAĞLIĞI MERKEZİ,Gümüşhane,Kürtün,40.6951,39.09715,Gümüşhane,Correct
