UnitId,UnitName,CityName,DistrictName,Latitude,Longitude,DetectedCity,Match
69F65401-2E67-430E-B59C-079D4B32BC8F,PERİ ECZANESİ,Kilis,Merkez,36.73164,37.09744,Kilis,Correct
B1E4AEFC-F370-4887-B25A-0A1CF1E849A8,İTİMAT ECZANESİ,Kilis,Merkez,41.49168,31.83971,Zonguldak,Wrong
1B871E6E-2CDD-42D9-B766-101639E62A5E,KÖKSAL ECZANESİ,Kilis,Merkez,36.71891,37.1168,Kilis,Correct
0684FE4E-B963-4FA5-9E2E-120CF7BAD00F,YAVUZ SULTAN SELİM AİLE SAĞLIĞI MERKEZİ,Kilis,KİLİS MERKEZ,36.71066,37.12184,Kilis,Correct
641A2A40-A202-43F3-9ACD-17506266802F,KİLİS MERKEZ YENİ BEŞEVLER AİLE SAĞLIĞI MERKEZİ,Kilis,Merkez,36.70633,37.14928,Kilis,Correct
B3FA4A49-FF5D-4B01-859E-1A316378E6BC,ZEYNEL POLAT ECZANESİ,Kilis,Merkez,36.71527,37.11434,Kilis,Correct
7C4EFD00-DB56-4B71-A0C6-1A6A760327B8,ÖZYURT ECZANESİ,Kilis,Elbeyli,37.18802,32.24601,Konya,Wrong
567BAF5F-B7C6-458B-AC09-1CA49C3FB80F,DENİZ ECZANESİ,Kilis,Merkez,36.71882,37.11152,Kilis,Correct
F8D00FEB-0186-49DA-B8C1-1CAE62362BB0,KİLİS MERKEZ DR. DÜNDAR ATİK AİLE SAĞLIĞI MERKEZİ,Kilis,Merkez,36.72073,37.10815,Kilis,Correct
7ADBE22B-5F7A-4358-8524-1D05CF290DAD,ŞİLTELİOĞLU ECZANESİ,Kilis,Merkez,36.72106,37.10881,Kilis,Correct
BF78A6E1-4A1A-4615-AD92-23440786C521,ERUÇAN ECZANESİ,Kilis,Merkez,36.70466,37.11064,Kilis,Correct
CC9D3453-3504-4002-BA55-2598F5DB3347,DEVA ECZANESİ,Kilis,Merkez,39.14237,-76.69596,Maryland,Wrong
92ECA5BA-45D7-45D1-8118-275E80E252EB,KİLİS MERKEZ MUSTAFA-NUR GÖRPE AİLE SAĞLIĞI MERKEZİ,Kilis,Merkez,36.71559,37.11281,Kilis,Correct
15FE290E-A26B-4BC4-9AC3-289AE8ECF9FA,SİPAHİ ECZANESİ,Kilis,Merkez,39.67247,-75.98916,Maryland,Wrong
B02A60FE-B7EB-4C4A-A0C0-28F32CE5519E,KÖŞELİ ECZANESİ,Kilis,Polateli,36.82126,34.75463,Mersin,Wrong
B886CE6B-5D55-4513-83CC-2EEE3125E880,TÜRKLER ECZANESİ,Kilis,Musabeyli,37.35929,27.27457,Aydın,Wrong
E888D8F2-9A64-4023-B8F3-33ABDB4B165A,TEVHİDE ECZANESİ,Kilis,Merkez,36.72406,37.12264,Kilis,Correct
122A24A0-75F1-47D4-A57C-34DEA81131DD,HÜSEYİN KURT MUAYENEHANESİ,Kilis,Merkez,36.70931,37.14358,Kilis,Correct
1EC03E53-B6AF-4934-BD9E-36A60F1CEA7A,ÖNDEŞ ECZANESİ,Kilis,Merkez,36.72533,37.11024,Kilis,Correct
627C80DD-5A07-486B-8A28-3BC78E451C8D,MUHTAROĞLU ECZANESİ,Kilis,Merkez,36.71577,37.1232,Kilis,Correct
373CAE77-2D15-4A76-8A14-3E901916E1D5,PAZAR ECZANESİ,Kilis,Merkez,39.23957,-76.56636,Baltimore,Wrong
B1BD9B3A-CFD8-4517-BB26-3EE52A72B092,HAMDEMİRCİ ECZANESİ,Kilis,Merkez,36.71279,37.13671,Kilis,Correct
E9F44C73-790D-4063-9D13-41AB9BCB8EF0,KILIÇ ECZANESİ,Kilis,Merkez,40.42295,26.67178,Çanakkale,Wrong
748C2AF1-5CE9-4288-97B4-41BDCAEF3732,ABİDE ECZANESİ,Kilis,Merkez,37.23901,32.1204,Konya,Wrong
44BD4C26-35D8-4862-AD10-440903523407,ÖZKELEŞ ECZANESİ,Kilis,Merkez,39.18107,-76.64436,Maryland,Wrong
7F4E1B27-FCFA-4C68-A82D-547F8136A138,KİLİS POLATELİ POLATELİ AİLE SAĞLIĞI MERKEZİ,Kilis,Polateli,36.84269,37.14318,Kilis,Correct
DE02B566-A246-4874-9FB0-56D720229EF6,ARZU ECZANESİ,Kilis,Merkez,37.82534,28.19599,Aydın,Wrong
84116C8C-F64B-4FE8-A57A-575A29867BF7,CEMİL DORUKOĞLU MUAYENEHANESİ,Kilis,Merkez,36.7167,37.11337,Kilis,Correct
AF35C3D1-5B7D-49F9-BD35-5FFE2D518941,KİLİS MERKEZ 10 NOLU AİLE SAĞLIĞI MERKEZİ,Kilis,Merkez,36.7326,37.09676,Kilis,Correct
493A1107-4811-4A11-BE22-6C813ED7FA5E,ŞEKEROĞLU ECZANESİ,Kilis,Merkez,36.71877,37.11683,Kilis,Correct
491E9CC4-9A6E-4D92-BC42-6F6478E5F07D,ÖMÜR ECZANESİ,Kilis,Merkez,36.72016,37.12278,Kilis,Correct
EF942DB4-8906-480A-8F02-6F8E4B0CB06B,EFE ECZANESİ,Kilis,Merkez,36.7148,37.12455,Kilis,Correct
F61012A8-6575-4C9F-91BE-7149C227169B,KİLİS MERKEZ BEŞYÜZBEŞEVLER AİLE SAĞLIĞI MERKEZİ,Kilis,Merkez,36.72015,37.09933,Kilis,Correct
1B809625-FA17-4A92-B01B-76E7CE412B6D,GÖKTÜRK ECZANESİ,Kilis,Merkez,39.51137,-76.20396,Maryland,Wrong
079A4692-1496-40E2-A78D-7BDA271B7A47,NUR ECZANESİ,Kilis,Merkez,36.71673,37.12234,Kilis,Correct
273DC2C0-68B3-4C11-B5CF-7C22383B312D,KILIS AĞİZ VE DIŞ SAĞLİĞİ MERKEZI,Kilis,KİLİS,41.0159,29.2844,İstanbul,Wrong
E90867C4-2AEE-44DE-A640-7E3576265D4A,ÖZKAPTAN ECZANESİ,Kilis,Merkez,38.31743,32.86776,Konya,Wrong
51542A63-5FE7-4DE4-9044-80ED0BEB0B11,ÜNİVERSİTE ECZANESİ,Kilis,Merkez,36.72767,37.10007,Kilis,Correct
978E4026-0194-40EA-A503-83DA9B34A7F8,BURCU ECZANESİ,Kilis,Merkez,36.70866,37.13421,Kilis,Correct
D01F71D4-B7B4-486C-9145-860382BB3A6D,KEPEKÇİ ECZANESİ,Kilis,Merkez,38.45071,35.80048,Kayseri,Wrong
50AEF825-7F3C-459D-A34E-8AAEE3BFC84A,KİLİS MERKEZ EKREM ÇETİN AİLE SAĞLIĞI MERKEZİ,Kilis,Merkez,36.72172,37.12147,Kilis,Correct
2AA75C3B-94C2-4C2D-B8AE-8AE30AB584E1,NEBA ECZANESİ,Kilis,Merkez,36.7246,37.1041,Kilis,Correct
B70531F9-3759-4314-A8E0-970138A20C06,DERMAN ECZANESİ,Kilis,Merkez,36.7221,37.09822,Kilis,Correct
820CA14F-F864-4E6F-9CAF-98B46618FCB5,HALK ECZANESİ,Kilis,Merkez,41.26418,26.68716,Edirne,Wrong
960A1E47-4870-4C92-ADA3-9CFB095A7627,KİLİS MERKEZ MEHMET SANLI AİLE SAĞLIĞI MERKEZİ,Kilis,Merkez,36.72605,37.10594,Kilis,Correct
DFBEAA23-6BC3-466B-A9D8-9F7D6564702D,AĞCABAY ECZANESİ,Kilis,Musabeyli,41.00209,28.64017,İstanbul,Wrong
A856F31A-55BC-4CB1-ACD6-A0B80CD67395,POLAT ECZANESI,Kilis,Merkez,41.49346,31.84206,Zonguldak,Wrong
A22DC701-882A-4233-A507-A1FE08AF518B,KİLİS PROF. DR. ALAEDDİN YAVAŞCA DEVLET HASTANESİ,Kilis,Merkez,39.55097,-76.15116,Maryland,Wrong
90CF64D7-581E-43A1-A7F3-A21AC7D29053,ERGEZEN ECZANESİ,Kilis,Merkez,36.68396,37.49054,Kilis,Correct
1C258FD8-001B-4D9A-B4EA-A6EA13D6E852,SAĞIROĞLU ECZANESİ,Kilis,Merkez,39.41057,-76.33836,Maryland,Wrong
3C55B62E-C43E-4C6E-9508-A8393E58771A,KİLİS GAMZE ECZANESİ,Kilis,Merkez,36.71301,37.12823,Kilis,Correct
0CBC3061-8D81-4C72-95E9-A8952A386B87,ESRA NUR ECZANESİ,Kilis,Merkez,36.71068,37.122,Kilis,Correct
A906D21B-778D-4A8F-88FC-AA075F4639A0,SAVRANLI ECZANESİ,Kilis,Merkez,36.71157,37.10947,Kilis,Correct
B1572E3F-9848-4A6A-8B8A-ACA8BA8A1AE0,BİLGE ECZANESİ,Kilis,Merkez,36.71079,37.12264,Kilis,Correct
E365D28C-249C-46CA-8AF1-AF0BAAD77A44,MUSTAFA SERKAN MUAYENEHANESİ,Kilis,Merkez,37.3343,28.14203,Muğla,Wrong
58522D66-0276-423B-9DB1-B3DAFEAFA29C,KİLİS 1 NOLU KAZIM KARABEKİR GÖÇMEN SAĞLIĞI MERKEZİ,Kilis,Merkez,36.70615,37.10966,Kilis,Correct
091F3210-BD01-4C7D-BC20-C2214483C891,GÜVEN ECZANESİ,Kilis,Merkez,36.71695,37.11395,Kilis,Correct
713E7039-57B5-467A-BA3E-C712E9AC7419,ERDEM ECZANESİ,Kilis,Merkez,36.72217,37.09859,Kilis,Correct
2050CAFC-67B9-42D9-A7F8-C7204BC772A7,MEHMET ŞEVKET ŞİMAR MUAYENEHANESİ,Kilis,Merkez,36.71753,37.11313,Kilis,Correct
DCC5E8C1-3280-42F6-9FE4-CD1AE1BBDBD2,KORKMAZ ECZANESİ,Kilis,Merkez,39.11987,-76.72596,Glen Burnie,Wrong
7252B88A-B189-476D-BEA3-D041EE8EC75A,ŞİFA ECZANESİ,Kilis,KİLİS MERKEZ,41.30566,32.14256,Zonguldak,Wrong
A374B9D2-5317-4402-A919-D268BBA657D5,ZEYTİN ECZANESİ,Kilis,Merkez,36.71692,37.12209,Kilis,Correct
FCDCCCFB-296E-4F56-959C-D4658C0B6BA1,GÜNAL ECZANESİ,Kilis,Merkez,36.72137,37.10806,Kilis,Correct
4089AAE9-5BDB-4DBA-B8CE-E00FB61294D5,AKTÜRK TIP MERKEZİ,Kilis,Merkez,36.71531,37.11448,Kilis,Correct
08C7CA82-04CB-4A55-AFF4-E044904D5D25,KİLİS MERKEZ KAZIM KARABEKİR AİLE SAĞLIĞI MERKEZİ,Kilis,Merkez,36.71072,37.10799,Kilis,Correct
33239E40-07DE-4748-8A57-E4442614BF71,KİLİS MERKEZ HAYDAR ATINC AİLE SAĞLIĞI MERKEZİ,Kilis,Merkez,36.7182,37.11783,Kilis,Correct
DA958BB1-E147-49F0-904C-E45B192E85DF,KİLİS MERKEZ HATİCE-MAHMUT KUDEYT AİLE SAĞLIĞI MERKEZİ,Kilis,Merkez,36.72606,37.10266,Kilis,Correct
3A46FCE3-A152-4D2F-88F8-E58E617C32F1,KİLİS MUSABEYLİ MUSABEYLİ AİLE SAĞLIĞI MERKEZİ,Kilis,Musabeyli,36.87662,36.93286,Kilis,Correct
909EE332-24B6-4B15-9138-E959C628E6A7,STAR ECZANESİ,Kilis,Merkez,39.40247,-76.34916,Maryland,Wrong
71CEA8B3-7BFE-4AE9-A3E6-EBB71C3151AD,YEDİ ARALIK ECZANESİ,Kilis,Merkez,36.71868,37.11633,Kilis,Correct
C868A771-3343-47E9-8A69-EBD543B291E4,KAYASÖKEN ECZANESİ,Kilis,Merkez,36.71086,37.12314,Kilis,Correct
DDC2015C-0B4B-4452-A1AA-F02706D3651A,BELGİN ECZANESİ,Kilis,Merkez,36.71247,37.11067,Kilis,Correct
F9E1DB96-5360-4CFA-B33A-F29FE1BA5B6B,MUSABEYLI ECZANESI,Kilis,Musabeyli,36.88627,36.9167,Kilis,Correct
32832531-213C-4794-A8F4-F41BEC4F0F64,TUTOĞLU ECZANESİ,Kilis,Merkez,36.71981,37.118,Kilis,Correct
12C376E2-0C3A-410C-9E47-FDA0A736475D,CANÖZER ECZANESİ,Kilis,Merkez,36.71257,37.13288,Kilis,Correct
DA87A5D5-621D-4164-ADFE-FFC85CC06846,MARTAVAN ECZANESİ,Kilis,Merkez,38.97497,-76.91916,College Park,Wrong
