UnitId,UnitName,CityName,DistrictName,Latitude,Longitude,DetectedCity,Match
79C52ABC-4371-4CA0-924E-01AB6A167870,AFYON KAMPÜS CEZA İNFAZ KURUMU,Afyonkarahisar,AFYON MERKEZ,38.75853,30.53864,Afyonkarahisar,Correct
9A76919C-7ED4-4136-B3F8-01EACA7CAAF1,SÜMEYYE ECZANESİ,Afyonkarahisar,Merkez,38.7186,30.72429,Afyonkarahisar,Correct
69BE3BE5-04B2-4751-8B8D-02CA8B45CCFC,AFYONKARAHİSAR İSCEHİSAR MERKEZ ALANYURT AİLE SAĞLIĞI MERKEZİ,Afyonkarahisar,İscehisar,38.99851,30.74569,Afyonkarahisar,Correct
C1E5A0D8-7C9E-4CB9-9285-036BE412D012,KARAKURT ECZANESİ,Afyonkarahisar,Merkez,38.73856,30.56759,Afyonkarahisar,Correct
E2E8104D-C0DE-462D-9D36-038EBD7F3FBA,AFYONKARAHİSAR SANDIKLI MERKEZ 4 NOLU AİLE SAĞLIĞI MERKEZİ,Afyonkarahisar,Sandikli,38.46238,30.27061,Afyonkarahisar,Correct
8D10FB8D-D6F9-4625-ACA1-03BD92D25AD6,SERAP ECZANESİ,Afyonkarahisar,Merkez,38.72722,30.54506,Afyonkarahisar,Correct
0FDBCEDF-C97A-4CDB-9D15-0406364E2B82,ŞARLAK ECZANESİ,Afyonkarahisar,Merkez,38.76061,30.54018,Afyonkarahisar,Correct
B95A8F14-38E1-4FCF-ACAF-04EED0C75A34,BÜŞRA KARAKOÇ ECZANESİ,Afyonkarahisar,Merkez,38.66961,30.74115,Afyonkarahisar,Correct
D8B91887-2DC6-4D8F-A1D7-054A80A2F1A6,MERVE ECZANESI,Afyonkarahisar,Merkez,38.75943,30.57737,Afyonkarahisar,Correct
492C4169-9DF2-4A24-B177-0803EB46FABE,DERMAN ECZANESİ,Afyonkarahisar,Merkez,38.72811,30.56159,Afyonkarahisar,Correct
7E25668F-181B-40C1-8F67-08615CDBB398,AFYONKARAHİSAR EMİRDAĞ DAVULGA AİLE SAĞLIĞI MERKEZİ,Afyonkarahisar,Emirdağ,38.99505,31.40577,Afyonkarahisar,Correct
8F77E82C-2AB0-4180-B39B-09D2EE10CE39,DAMLA ECZANESİ,Afyonkarahisar,Bolvadin,38.7158,31.04521,Afyonkarahisar,Correct
6D441138-8FDE-43FF-AC45-0B867044DB3E,DENTHAUS AFYON AĞIZ VE DIŞ SAĞLIĞI POLİKLİNİĞİ,Afyonkarahisar,Merkez,38.77934,30.49011,Afyonkarahisar,Correct
CF1AF022-3A20-45E8-A5A3-0BCFFCFFE122,MERT ECZANESİ,Afyonkarahisar,Merkez,38.73906,30.56766,Afyonkarahisar,Correct
7563F0D3-A426-4F9C-8753-0C919ACC1220,AFYONKARAHİSAR İSCEHİSAR MERKEZ SEYDİLER AİLE SAĞLIĞI MERKEZİ,Afyonkarahisar,İscehisar,38.88899,30.83299,Afyonkarahisar,Correct
9A7BE154-F0BC-4612-AC37-0D1B23B86F10,ÇAY AKKONAK ASM,Afyonkarahisar,Çay,38.05864,30.1486,Afyonkarahisar,Correct
CE2A1324-4792-431C-ABFE-0D8D254C4134,MUKADDES ECZANESİ,Afyonkarahisar,İscehisar,38.86152,30.74977,Afyonkarahisar,Correct
36E8DA76-C1D6-4118-86FC-0DB8C655A089,UTKU ECZANESİ,Afyonkarahisar,Merkez,38.76613,30.53049,Afyonkarahisar,Correct
D55DB1DE-5133-42F9-AE27-0EE7E9BD6B6D,MERKEZ ECZANESİ,Afyonkarahisar,Dinar,38.25956,30.38205,Afyonkarahisar,Correct
B9013E35-49FE-4056-A13E-0F3EFDAB7940,AFYONKARAHİSAR EMİRDAĞ MERKEZ 1 NOLU AİLE SAĞLIĞI MERKEZİ,Afyonkarahisar,Emirdağ,39.02524,31.15495,Afyonkarahisar,Correct
03FD0423-29CF-4D3B-B791-10788551CF0D,VİTAMİN ECZANESİ,Afyonkarahisar,Dinar,38.06083,30.16933,Afyonkarahisar,Correct
F3B19621-B9B7-4B93-9488-10925D857460,YASEMİN ECZANESİ,Afyonkarahisar,Merkez,38.75037,30.54847,Afyonkarahisar,Correct
0C519A2F-CDEE-427B-A34A-110EA8E6F8A6,ŞAHİNTÜRK ECZANESİ,Afyonkarahisar,Dinar,38.05852,30.14818,Afyonkarahisar,Correct
1AF6BB78-CDDD-4D1B-83C4-111B04A1A895,ARTUN ECZANESİ,Afyonkarahisar,Merkez,39.22877,-76.58076,No Info,No Info
A0649D34-D5D0-4EEF-9AD2-1141E39DF0A3,AFYONKARAHİSAR DİNAR MERKEZ 3 NOLU AİLE SAĞLIĞI MERKEZİ,Afyonkarahisar,Dinar,38.05954,30.1498,Afyonkarahisar,Correct
365782A8-9E99-4B36-9E52-11908093749B,SULTANDAĞI YAKASENEK ASM,Afyonkarahisar,Sultandaği,38.53407,31.23499,Afyonkarahisar,Correct
498DF72F-5E15-41AE-800A-11E50092D5C5,HİLAL ECZANESI,Afyonkarahisar,Çobanlar,38.70939,31.04789,Afyonkarahisar,Correct
827F899A-F5FB-4A1A-97E5-1228A2BBC4B1,BETÜL ECZANESİ,Afyonkarahisar,Çay,38.59201,31.025,Afyonkarahisar,Correct
2A95C08D-55C7-4F87-B4D0-13397E720708,KIZILÖREN ECZANESİ,Afyonkarahisar,Kizilören,38.03271,30.06275,Afyonkarahisar,Correct
57A1714D-51D9-4803-8F1D-134FD945F8B8,DERMAN ECZANESİ,Afyonkarahisar,Çay,38.59214,31.02263,Afyonkarahisar,Correct
BA02C063-62DB-4D2C-B9E5-13E535E0C059,MELİH ECZANESİ,Afyonkarahisar,Merkez,38.06077,30.16008,Afyonkarahisar,Correct
51DC4BAE-C067-41E0-A863-13E9E9B384F2,MUSTAFA ÇIRACI MUAYENEHANESİ,Afyonkarahisar,Merkez,38.75499,30.53943,Afyonkarahisar,Correct
C431A923-13E0-49C6-9FB7-14EC91B7C855,CEREN ECZANESİ,Afyonkarahisar,Merkez,38.87357,30.60767,Afyonkarahisar,Correct
9CFAB832-8565-494C-A611-166D4E66FE88,KARAHİSAR ECZANESİ,Afyonkarahisar,Sinanpaşa,38.74568,30.23998,Afyonkarahisar,Correct
DE4AF1AB-A547-4998-AFAC-169AA3E3CCCC,YALÇIN ECZANESİ,Afyonkarahisar,Çay,38.59126,31.02092,Afyonkarahisar,Correct
0C44A0C1-1186-4A14-BEBB-16A73D4E616F,ÇOBANOĞLU ECZANESİ,Afyonkarahisar,Merkez,38.78456,30.5147,Afyonkarahisar,Correct
78C8C62B-15D5-41EA-AFF5-16FEDC63D0EE,AFYONKARAHİSAR SANDIKLI MERKEZ 2 NOLU AİLE SAĞLIĞI MERKEZİ,Afyonkarahisar,Sandikli,38.46359,30.26056,Afyonkarahisar,Correct
6C29F8EC-7F07-4DD3-A02D-171E67D51E4F,GÖMÜ ECZANESİ,Afyonkarahisar,Emirdağ,38.77366,30.37164,Afyonkarahisar,Correct
A7B4D1F4-4EA1-4947-B2FD-185E43AF66EC,AFYONKARAHİSAR EMİRDAĞ AŞAĞIPİRİBEYLİ AİLE SAĞLIĞI MERKEZİ,Afyonkarahisar,Emirdağ,38.92681,31.60269,Afyonkarahisar,Correct
49CAA725-EA9E-42E5-9443-188B31860018,ŞÜKÜROĞLU ECZANESİ,Afyonkarahisar,Merkez,39.04787,-76.82196,No Info,No Info
ECCF2807-71F0-4A19-B729-18B80771B812,AKTAN ECZANESİ,Afyonkarahisar,Merkez,38.06167,30.16128,Afyonkarahisar,Correct
DAF9EE98-5DA6-4EC7-AED0-1A49A2790C85,ÖZKARA ECZANESİ,Afyonkarahisar,Merkez,38.75515,30.5407,Afyonkarahisar,Correct
BA8E2594-0AF6-4B75-9AE4-1A83120C2693,EGE ECZANESİ,Afyonkarahisar,Evciler,38.04166,29.885,Afyonkarahisar,Correct
7BF23267-EB2E-4A67-968E-1ABAA2DA41D4,AFYONKARAHİSAR AÇIK CEZA İNFAZ KURUMU REVİRİ,Afyonkarahisar,Merkez,38.29147,30.22941,Afyonkarahisar,Correct
ACEC9DA9-5FDA-4FA4-992B-1B03131AE082,İSCEHİSAR MERKEZ TSM,Afyonkarahisar,İscehisar,38.86613,30.75217,Afyonkarahisar,Correct
85FBE095-F0DE-4AD0-8869-1BA4521FD131,HÜLYA KUMARTAŞLI MUAYENEHANESİ,Afyonkarahisar,Merkez,38.75469,30.53853,Afyonkarahisar,Correct
A5C0A8C8-8C0B-4231-8B6F-1C3237326F12,AFYONKARAHİSAR SAĞLIK BİLİMLERİ ÜNVİVERSİTESİ DİŞ HEKİMLİĞİ FAKÜLTESİ,Afyonkarahisar,Merkez,38.74886,30.55287,Afyonkarahisar,Correct
334DF9C4-0916-47A0-88C8-1C50E2DE3B79,AFYONKARAHİSAR MERKEZ 13 NOLU AİLE SAĞLIĞI MERKEZİ,Afyonkarahisar,Merkez,38.76048,30.54007,Afyonkarahisar,Correct
DD73B80B-5FB1-4823-9D40-1D6456F06888,AFYONKARAHİSAR BOLVADİN MERKEZ 1 NOLU AİLE SAĞLIĞI MERKEZİ,Afyonkarahisar,Bolvadin,38.69011,31.04812,Afyonkarahisar,Correct
131BB2D6-7877-41E7-80EC-1EB846D8D2DE,ALTINTAŞ ECZANESİ,Afyonkarahisar,Merkez,38.78393,30.51516,Afyonkarahisar,Correct
54AB0628-81F4-448C-A857-1EB84B0F0EA2,OGÜN SEZEN MUAYENEHANESİ,Afyonkarahisar,Dinar,38.07095,30.17647,Afyonkarahisar,Correct
3BD74AE4-60D4-452A-90BC-1EE778A74707,TAHMİSOĞLU ECZANESİ,Afyonkarahisar,Bolvadin,38.70874,31.04793,Afyonkarahisar,Correct
A5347BAD-1B04-4EA5-9191-1F1D22E64673,HASTANE IŞIK ECZANESİ,Afyonkarahisar,İscehisar,39.12853,30.39288,Afyonkarahisar,Correct
6453DEF0-79DE-4A6B-9BA8-1FC2EB622EAC,FLORA ECZANESİ,Afyonkarahisar,Merkez,38.75641,30.54102,Afyonkarahisar,Correct
7EA5727C-7FB4-48B8-8EF2-20A675B9BD82,SUARS ECZANESİ,Afyonkarahisar,Merkez,38.04167,29.88605,Afyonkarahisar,Correct
E9DB50B6-884F-4BC4-9539-20F61FB4A51F,ORAN ECZANESİ,Afyonkarahisar,Sinanpaşa,38.74515,30.24485,Afyonkarahisar,Correct
85D26FEE-E9D2-4C92-A3DB-20F8117332B2,BOZOK DİŞ KLİNİĞİ,Afyonkarahisar,Merkez,38.6672,30.74571,Afyonkarahisar,Correct
9D57BE0D-8432-4472-BC2B-2239A05DD482,SAĞLIK ECZANESİ,Afyonkarahisar,Emirdağ,39.06018,31.26945,Afyonkarahisar,Correct
4B2F4DF4-7A9D-4E0C-A521-223D41B14F4D,BİZİM ECZANESİ,Afyonkarahisar,Bolvadin,38.71076,31.04884,Afyonkarahisar,Correct
649952EC-E84B-41BD-994C-22B3953367B0,MURAT GÜLSEREN MUAYENEHANESİ,Afyonkarahisar,Merkez,38.66723,30.74576,Afyonkarahisar,Correct
DBE10911-93D5-4CDD-B41B-22B58BF6B398,AFYONKARAHİSAR ÇAY KARACAÖREN AİLE SAĞLIĞI MERKEZİ,Afyonkarahisar,Çay,38.55649,30.92019,Afyonkarahisar,Correct
EA62BCD0-5977-41BD-A90B-2368B2C410F9,İSTANBUL ECZANESİ,Afyonkarahisar,Merkez,38.75615,30.53832,Afyonkarahisar,Correct
42F0B6BA-0AA0-4A49-BBF7-241F763D2D81,DAMLA ECZANESİ,Afyonkarahisar,Şuhut,38.53263,30.55867,Afyonkarahisar,Correct
AD7D8493-D48E-4BF8-A3CD-24CA008045D3,ÖZEL AFYONKARAHİSAR ADA AĞIZ DİŞ POLİKLİNİĞİ,Afyonkarahisar,Merkez,38.76486,30.54273,Afyonkarahisar,Correct
BF4710C3-B53B-4B2C-A906-2602232874F4,ŞİRİNEVLER ECZANESİ,Afyonkarahisar,Sandikli,38.45613,30.26934,Afyonkarahisar,Correct
8AE28219-AF2D-4488-99B3-260B73CFD66D,ÖZKAN ECZANESİ,Afyonkarahisar,Merkez,38.6754,30.61816,Afyonkarahisar,Correct
FC4172C9-9B4B-4682-BE50-2656060B1F8E,AFYONKARAHİSAR SANDIKLI MERKEZ 3 NOLU AİLE SAĞLIĞI MERKEZİ,Afyonkarahisar,Sandikli,38.37012,30.15919,Afyonkarahisar,Correct
5A8488F6-C9A9-4E2E-85D1-272F2B6E3AAC,KENAR ECZANESİ,Afyonkarahisar,Merkez,38.28945,30.22713,Afyonkarahisar,Correct
DC02B897-E967-407F-87CD-27461B2993B2,NİYAZİ OĞUZ MUAYENEHANESİ,Afyonkarahisar,Bolvadin,38.78969,31.04486,Afyonkarahisar,Correct
C5F4254D-E43F-45BD-AEE7-280EC907C707,AFYONKARAHİSAR BOLVADİN MERKEZ 2 NOLU AİLE SAĞLIĞI MERKEZİ,Afyonkarahisar,Bolvadin,38.71616,31.0454,Afyonkarahisar,Correct
60CFDC71-356B-4B68-9ECC-2865EFE0B47B,NEJLA GÜL SARITEPE MUAYENEHANESİ,Afyonkarahisar,Merkez,38.75495,30.53993,Afyonkarahisar,Correct
9CD2E58F-9867-4064-B885-296ED9C1A503,AFYONKARAHİSAR SANDIKLI BALLIK AİLE SAĞLIĞI MERKEZİ,Afyonkarahisar,Sandikli,38.36458,30.1607,Afyonkarahisar,Correct
D19F6364-EB4D-4944-8D17-2AA183224D51,AFYONKARAHİSAR ŞUHUT BALÇIKHİSAR AİLE SAĞLIĞI MERKEZİ,Afyonkarahisar,Şuhut,38.43755,30.52032,Afyonkarahisar,Correct
2FDAD31C-2882-42C7-820B-2AF4F66349E9,PORSUK ECZANESİ,Afyonkarahisar,Bolvadin,38.71303,31.04573,Afyonkarahisar,Correct
FD9ACE01-698E-4E5A-AA95-2BF8A9122530,ELİF ECZANESİ,Afyonkarahisar,Merkez,39.40337,-76.34796,No Info,No Info
3F6EA13C-FE8B-4DF8-8574-2C67A8D83463,CAN ECZANESİ,Afyonkarahisar,Sultandaği,38.54033,31.2218,Afyonkarahisar,Correct
6135FDC4-9904-4E57-B306-2D4AA7AF0EF9,KEVSER ECZANESİ,Afyonkarahisar,İscehisar,38.80743,30.65068,Afyonkarahisar,Correct
945404CB-2EA9-468F-87FC-2EE0CE5F09F4,SİNANPAŞA ECZANESİ,Afyonkarahisar,SİNCANLI,38.7453,30.24356,Afyonkarahisar,Correct
2F2B2924-25CE-448F-9693-2EEB6800F2C1,MEZGİL ECZANESİ,Afyonkarahisar,Sandikli,38.46224,30.27032,Afyonkarahisar,Correct
0D052AB9-68F8-446C-99EA-2F541B747068,ECE ECZANESİ,Afyonkarahisar,Çay,38.55478,30.91768,Afyonkarahisar,Correct
2A881A9C-E6D3-4DFE-B304-2F5EC55188D9,İHSANİYE ECZANESİ,Afyonkarahisar,İhsaniye,39.02468,30.41306,Afyonkarahisar,Correct
BFE2BFC7-6100-40C5-8C08-30819D47D6F9,KUTAY TAŞ MUAYENEHANESİ,Afyonkarahisar,AFYON MERKEZ,38.76008,30.54464,Afyonkarahisar,Correct
77CE3341-77FD-49F1-980D-32408924F46E,ÖZTEKE ECZANESİ,Afyonkarahisar,Merkez,38.755,30.53921,Afyonkarahisar,Correct
8F159F0C-AE61-4555-9B75-359B674FC573,AFYONKARAHİSAR EMİRDAĞ GÖMÜ AİLE SAĞLIĞI MERKEZİ,Afyonkarahisar,Emirdağ,39.05874,31.08556,Afyonkarahisar,Correct
8B93E38B-3E48-4FC2-B61E-362A0949A55E,KARACA ECZANESİ,Afyonkarahisar,Emirdağ,39.02048,31.15096,Afyonkarahisar,Correct
EC9BBA7F-5580-4802-A616-3729D3B7C5AB,HARB-İŞ ECZANESİ,Afyonkarahisar,Merkez,38.76069,30.53543,Afyonkarahisar,Correct
66C1A06A-847D-41FC-950A-37DF37E9636F,AFYONKARAHİSAR DEVLET HASTANESİ,Afyonkarahisar,Merkez,38.78285,30.51518,Afyonkarahisar,Correct
BAFD4AB4-BF9E-4018-AF06-37DF977159BD,ÇINAR ECZANESİ,Afyonkarahisar,Sandikli,38.4664,30.27395,Afyonkarahisar,Correct
0C4658DA-9BE9-476D-A3BA-3867B91ACEC8,DÖNMEZ ECZANESİ,Afyonkarahisar,Merkez,38.78458,30.51469,Afyonkarahisar,Correct
D2101D9C-D044-451A-AB29-38BFD09E3033,BAL ECZANESİ,Afyonkarahisar,Emirdağ,39.02194,31.15264,Afyonkarahisar,Correct
62EEC64A-A101-45C0-86AD-398109213F68,HİSAR ECZANESİ,Afyonkarahisar,Merkez,38.75807,30.52753,Afyonkarahisar,Correct
0B375F61-3F78-4E8B-89CF-39AE489CA764,ERLER ECZANESİ,Afyonkarahisar,Dinar,38.06749,30.16609,Afyonkarahisar,Correct
F9C74217-0126-43CB-B5B2-3A41A113B3CC,KOCATEPE ECZANESI,Afyonkarahisar,Sinanpaşa,38.60293,30.35166,Afyonkarahisar,Correct
899A3CAE-DC9F-4D0F-B0EA-3A8873A8C854,ARDA ALTINTAŞ ECZANESİ,Afyonkarahisar,Merkez,38.75369,30.54717,Afyonkarahisar,Correct
9886B410-659F-4FED-9105-3AD13DD4DD0B,ECEM ECZANESİ,Afyonkarahisar,İhsaniye,38.97466,30.53819,Afyonkarahisar,Correct
A7DA06B5-355B-431C-8651-3B4087286BF4,DEFNE ECZANESİ,Afyonkarahisar,Dinar,39.02056,31.14818,Afyonkarahisar,Correct
57EAA0A5-AAE8-4CD8-8FD5-3BDD6F822197,AFYONKARAHİSAR DİNAR HAYDARLI AİLE SAĞLIĞI MERKEZİ,Afyonkarahisar,Dinar,38.26155,30.38236,Afyonkarahisar,Correct
49086A87-A297-4427-BF2C-3C1CA8FB29C7,AFYONKARAHİSAR SULTANDAĞI DEREÇİNE AİLE SAĞLIĞI MERKEZİ,Afyonkarahisar,Sultandaği,38.49393,31.26119,Afyonkarahisar,Correct
03159E65-ADC4-46FF-8895-3DC52D1A929F,YETİŞ ECZANESİ,Afyonkarahisar,Sinanpaşa,38.72958,30.31477,Afyonkarahisar,Correct
EE58457F-63F7-4F4F-8E31-3DE9948ACD94,ATAY ECZANESİ,Afyonkarahisar,Merkez,38.97988,30.92368,Afyonkarahisar,Correct
70C88EF8-AA2D-4C6E-990A-3DEAF8A440AB,YAŞAM ECZANESİ,Afyonkarahisar,Çay,38.59203,31.02508,Afyonkarahisar,Correct
86029BB5-A8C9-4916-8185-3EC828CED1E7,FATMA ŞENGÜL ECZANESİ,Afyonkarahisar,Merkez,38.75501,30.53851,Afyonkarahisar,Correct
D1BC591F-7644-4819-A86E-3FA66D623DDF,AKÇİN ECZANESİ,Afyonkarahisar,Dinar,38.06124,30.16845,Afyonkarahisar,Correct
2CE160AF-330B-4A86-99DF-407080CA30CA,YAVUZ SELİM ECZANESİ,Afyonkarahisar,Bolvadin,38.88921,31.06357,Afyonkarahisar,Correct
39C21416-102A-4FE6-B4D5-414A8089935A,ÇARE ECZANESİ,Afyonkarahisar,Bayat,39.01651,31.13725,Afyonkarahisar,Correct
31648BF1-C840-4114-A84D-41A2975508B9,AFYONKARAHİSAR DİNAR MERKEZ 1 NOLU AİLE SAĞLIĞI MERKEZİ,Afyonkarahisar,Dinar,38.06077,30.16936,Afyonkarahisar,Correct
7B6B17FC-7015-45A8-AE6A-426B0C06BC06,ARMAĞAN ECZANESİ,Afyonkarahisar,Sandikli,38.45963,30.26433,Afyonkarahisar,Correct
569AEC09-6958-4DF3-83BE-43082EFD0ACB,OKAN ÖNELGE MUAYENEHANESİ,Afyonkarahisar,Hocalar,38.67738,29.94011,Afyonkarahisar,Correct
6DE631AE-F3C5-4813-9582-431ED5394B5E,NİLGÜN KÜÇÜKAYDOĞAN KLİNİĞİ,Afyonkarahisar,Merkez,38.75413,30.55524,Afyonkarahisar,Correct
0F8C3731-639F-475E-948D-43E6A4CA8F48,BOZCA ECZANESİ,Afyonkarahisar,İscehisar,38.95961,30.58081,Afyonkarahisar,Correct
B81DABF9-0003-4712-B4DD-4408C525C0B9,AFYON İL SAĞLIK MÜDÜRLÜĞÜ,Afyonkarahisar,Merkez,38.76338,30.54412,Afyonkarahisar,Correct
BD394B6C-D393-4408-B119-445C7EBBECE4,ÇINAR ECZANESİ,Afyonkarahisar,İhsaniye,38.99566,30.5258,Afyonkarahisar,Correct
74F174D8-62E2-4791-9571-45016D75EC7E,YAĞMUR ECZANESİ,Afyonkarahisar,Bolvadin,38.73053,31.04756,Afyonkarahisar,Correct
1574F760-EBF0-4A59-9450-455A22DE2BE2,AFYONKARAHİSAR POLİS MESLEK YÜKSEKOKULU SAĞLIK BİRİMİ,Afyonkarahisar,Merkez,38.80662,30.53928,Afyonkarahisar,Correct
3FB6E71D-8E67-43C9-B654-4628BF83370E,KAMPÜS ECZANESİ,Afyonkarahisar,Merkez,38.816,30.53941,Afyonkarahisar,Correct
AC11042A-CF99-4B45-B165-467118804C94,AFYONKARAHİSAR BOLVADİN MERKEZ 4 NOLU AİLE SAĞLIĞI MERKEZİ,Afyonkarahisar,Bolvadin,38.73165,31.04788,Afyonkarahisar,Correct
179F9E72-9B30-4379-95C0-46A44783C119,AFYONKARAHİSAR SANDIKLI AKHARIM AİLE SAĞLIĞI MERKEZİ,Afyonkarahisar,Sandikli,38.63666,30.24049,Afyonkarahisar,Correct
51392A6D-36FB-43DD-9C36-46CE0D18D3B1,IŞIKLAR ECZANESİ,Afyonkarahisar,Merkez,38.6705,30.74234,Afyonkarahisar,Correct
4BC3106A-BD5A-4227-AFD1-482DDBA694F0,AFYON EMİRDAĞ MEDİCAL CENTER,Afyonkarahisar,Emirdağ,38.71823,31.04657,Afyonkarahisar,Correct
D0CF2364-87A4-4F0F-B359-488D777DBA71,KARAÇINAR ECZANESİ,Afyonkarahisar,Merkez,38.77891,30.51788,Afyonkarahisar,Correct
C432257A-F8E2-413B-BEAA-4A30AF112444,AFYON KOCATEPE ÜNİVERSİTESİ DİŞ HEKİMLİĞİ FAKÜLTESİ,Afyonkarahisar,Merkez,38.74976,30.55407,Afyonkarahisar,Correct
D6DA58B0-0179-4AD8-BE1B-4B61BCD89362,KÜBRA ÜNAL MUAYENEHANESİ,Afyonkarahisar,Merkez,38.75433,30.54567,Afyonkarahisar,Correct
28180122-9B93-4F12-B9DB-4B7F81E6D3F8,EGESU ECZANESİ,Afyonkarahisar,Dazkiri,37.91812,29.86132,Afyonkarahisar,Correct
44955A73-9465-4053-BC03-4E82D34BA953,İHSANİYE YAYLABAĞI AİLE SAĞLIĞI MERKEZİ,Afyonkarahisar,İhsaniye,38.97306,30.5412,Afyonkarahisar,Correct
5BC8FBF7-B18F-4A52-A41B-4EAE05D24317,SİNANPAŞA TINAZTEPE ASM,Afyonkarahisar,Sinanpaşa,38.7285,30.3784,Afyonkarahisar,Correct
249CF5C8-7C2C-4564-8C86-4F4A09055A5C,ÖZEL SANDIKLI DİYALİZ,Afyonkarahisar,AFYON MERKEZ,38.46143,30.26993,Afyonkarahisar,Correct
BCA1C275-7DC7-470C-A8D7-4F64F2184F55,AFYONKARAHİSAR MERKEZ SÜLÜMENLİ AİLE SAĞLIĞI MERKEZİ,Afyonkarahisar,Merkez,38.7094,30.72332,Afyonkarahisar,Correct
8D86F4A4-20DF-4F99-92FB-4FE6C0B1D8E5,GÖNÜLLÜ ECZANESİ,Afyonkarahisar,Başmakçi,38.76232,30.56809,Afyonkarahisar,Correct
3AF26D33-BB23-41AD-AA43-5001546A188D,SUHUT ECZANESI,Afyonkarahisar,Şuhut,38.53387,30.54552,Afyonkarahisar,Correct
1FE7F3C2-43DC-4F22-BF06-5060212AF26E,BURAK ECZANESİ,Afyonkarahisar,Emirdağ,39.01611,31.15401,Afyonkarahisar,Correct
5765DD66-3BFF-4C9A-8794-5210A3817A30,VERESELİ DÜZAĞAÇ ECZANESİ,Afyonkarahisar,Sinanpaşa,38.79637,30.16183,Afyonkarahisar,Correct
FA1D76C2-41D9-4E44-B162-52623C26022B,ERDEN ECZANESİ,Afyonkarahisar,Sandikli,38.84697,30.53461,Afyonkarahisar,Correct
48EDB431-2203-47E9-9AA6-5276B3D2D2C0,ÖZEL ANKA DENT AĞIZ VE DİŞ SAĞLIĞI POLİKLİNİĞİ,Afyonkarahisar,Merkez,38.97966,30.92356,Afyonkarahisar,Correct
93A4341E-F636-4023-BF75-52ECDB278005,AFYONKARAHİSAR MERKEZ 4 NOLU AİLE SAĞLIĞI MERKEZİ,Afyonkarahisar,Merkez,38.73116,30.55914,Afyonkarahisar,Correct
3F5430DD-68EA-41D9-AB37-52FECC625B6A,OKTAY HOŞOĞLU MUAYENEHANESİ,Afyonkarahisar,Emirdağ,38.79384,31.0451,Afyonkarahisar,Correct
5C23E4BD-1EEA-4C51-A117-532EAD053781,IHLAMUR ECZANESİ,Afyonkarahisar,Merkez,38.76332,30.54565,Afyonkarahisar,Correct
DE702958-FC37-4BA3-9CF6-536352B2E206,AFYONKARAHİSAR İSCEHİSAR MERKEZ 3 NOLU AİLE SAĞLIĞI MERKEZİ,Afyonkarahisar,İscehisar,38.88809,30.83179,Afyonkarahisar,Correct
EA77ADDE-27A4-4DAE-8313-5424D9E7BECF,BADİOĞLU ECZANESİ,Afyonkarahisar,Sandikli,38.4655,30.27275,Afyonkarahisar,Correct
B7828215-6087-46A8-892A-551D139ED2CE,SİNCANLI ECZANESİ,Afyonkarahisar,Merkez,38.75064,30.58089,Afyonkarahisar,Correct
3FE76687-F5B1-4BFC-90AE-55C1E946B236,AFYONKARAHİSAR SANDIKLI YAVAŞLAR AİLE SAĞLIĞI MERKEZİ,Afyonkarahisar,Sandikli,38.51074,29.96849,Afyonkarahisar,Correct
3C85D310-553B-4E3B-A7CF-560FE7E93676,ÇAYIRBAĞ ECZANESİ,Afyonkarahisar,Merkez,39.09557,-76.75836,No Info,No Info
8AEFA33E-9D20-4A51-923C-568D3C1366A2,EMİRDAĞ ECZANESİ,Afyonkarahisar,Emirdağ,39.01964,31.15003,Afyonkarahisar,Correct
355E02B4-1B91-4AC2-9E69-57B06079FBA7,AFYONKARAHİSAR MERKEZ ATAKÖY AİLE SAĞLIĞI MERKEZİ,Afyonkarahisar,Merkez,38.75943,30.53984,Afyonkarahisar,Correct
0B1A7C1A-1943-43C1-854F-58358BF0DC96,AFYONKARAHİSAR DEVLET HASTANESİ B BLOK,Afyonkarahisar,Merkez,38.76248,30.54292,Afyonkarahisar,Correct
C8D6F40E-A9C2-4F28-9611-589915BBEB3C,SEVİNÇ ECZANESİ,Afyonkarahisar,Dinar,38.06382,30.15766,Afyonkarahisar,Correct
7EC690DE-2B92-4EB7-941B-59C89B394D3F,EBRU ECZANESİ,Afyonkarahisar,Bolvadin,38.7235,31.04832,Afyonkarahisar,Correct
456B1F3E-49E9-4F87-BDE1-5A0F3B57ECCC,KARAKOÇ ECZANESİ,Afyonkarahisar,Merkez,39.14057,-76.69836,No Info,No Info
A6671728-1C72-4988-879A-5B4DBED49610,GAMZE ECZANESİ,Afyonkarahisar,Başmakçi,38.25016,30.49032,Afyonkarahisar,Correct
5A80EF09-4172-4F67-A473-5CA2D1973722,AFYONKARAHİSAR SİNANPAŞA DÜZAĞAÇ AİLE SAĞLIĞI MERKEZİ,Afyonkarahisar,Sinanpaşa,38.72633,30.30925,Afyonkarahisar,Correct
9B56EC51-5D24-4A50-A034-5CB8DB9F0B10,AFYONKARAHİSAR İSCEHİSAR KARAMEHMET DEVLET HASTANESİ,Afyonkarahisar,İscehisar,38.7309,31.04682,Afyonkarahisar,Correct
DF2EC566-8E5F-4398-A444-5CDDDBB910D1,HAYRİYE KARTAL MUAYENEHANESİ,Afyonkarahisar,Sandikli,38.46465,30.27305,Afyonkarahisar,Correct
DF514485-E9FE-4153-9CC2-5D89092C93FD,ÇUBUK ECZANESİ,Afyonkarahisar,Çay,38.59154,31.02032,Afyonkarahisar,Correct
F29D476B-4464-44D2-9A94-5E961396A00D,AFYONKARAHİSAR İHSANİYE KARACAAHMET AİLE SAĞLIĞI MERKEZİ,Afyonkarahisar,İhsaniye,39.03236,30.41457,Afyonkarahisar,Correct
B7B71E37-E176-44BF-8279-5EC20801871B,DEFNE ECZANESİ,Afyonkarahisar,AFYON MERKEZ,38.77938,30.51808,Afyonkarahisar,Correct
CD7D1FCD-9588-4671-84C6-5F04ACE661C2,PINAR ECZANESİ,Afyonkarahisar,Merkez,38.76121,30.48391,Afyonkarahisar,Correct
C6AD4D4A-AA02-464C-A6EC-5F3FED5424FE,ÖZEL DR. FATİH ÖĞÜÇ FERTILLIFE AFYON HASTANESİ,Afyonkarahisar,Merkez,38.76245,30.54615,Afyonkarahisar,Correct
79901A20-5438-43A1-A1BE-5F9558D7D680,EFE ECZANESİ,Afyonkarahisar,Merkez,38.03267,30.06193,Afyonkarahisar,Correct
2FD7AB6C-870F-47E8-8008-5FA05CFB594F,AFYONKARAHİSAR MERKEZ ANITKAYA AİLE SAĞLIĞI MERKEZİ,Afyonkarahisar,Merkez,38.95372,30.34307,Afyonkarahisar,Correct
EC9F8A38-FAAB-41AE-AF4A-5FC260FE3B63,ÇAĞRI ECZANESİ,Afyonkarahisar,Bolvadin,38.71452,31.04521,Afyonkarahisar,Correct
43C5579C-9123-4E0D-AF7B-6071737175AE,EVRİM TAHTA GÜRHAN MUAYENEHANESİ,Afyonkarahisar,Merkez,38.7789,30.51727,Afyonkarahisar,Correct
A717A443-69AB-4E34-B809-609BFD0F1E1D,ÖZDEMİR ECZANESİ,Afyonkarahisar,Dazkiri,38.05791,30.14835,Afyonkarahisar,Correct
AB8319B6-81D9-4323-94BB-610B9C663268,BAHADIR ECZANESİ,Afyonkarahisar,Merkez,38.75656,30.54254,Afyonkarahisar,Correct
507DE615-CD85-49D4-8063-61AD08120688,AFYONKARAHİSAR SULTANDAĞI MERKEZ AİLE SAĞLIĞI MERKEZİ,Afyonkarahisar,Sultandaği,38.53327,31.2352,Afyonkarahisar,Correct
EEF6F8BE-6180-4CFC-B7DE-61F7CEC3A4D4,ASIM TÜPLEK MUAYENEHANESİ,Afyonkarahisar,Merkez,38.75541,30.5388,Afyonkarahisar,Correct
17DD8DCF-4B48-42AF-876B-63D0D49D0C04,AFYON MERKEZ FETHİBEY ASM,Afyonkarahisar,Merkez,38.85259,30.49729,Afyonkarahisar,Correct
613A1B4C-DB99-4C0F-9C1D-6527AD93AC7C,AFYON ECZANESİ,Afyonkarahisar,Merkez,38.77775,30.53025,Afyonkarahisar,Correct
38A94F0C-5E7B-4ABB-945B-654536D69840,AFYON CAN DİYALİZ MERKEZİ,Afyonkarahisar,Merkez,38.03758,29.88929,Afyonkarahisar,Correct
F85C77A4-FD6C-4989-A728-661FBB09BC0E,SELCEN ECZANESİ,Afyonkarahisar,Merkez,38.7361,30.5495,Afyonkarahisar,Correct
2765AF6C-9A3D-4B77-B80B-67BE50AD6D19,CEYLAN ECZANESİ,Afyonkarahisar,Bolvadin,38.79089,31.02839,Afyonkarahisar,Correct
D211B2A6-3613-4743-9BCA-68537FAEDFBE,AFYONKARAHİSAR MERKEZ ERKMEN AİLE SAĞLIĞI MERKEZİ,Afyonkarahisar,Merkez,38.76229,30.48598,Afyonkarahisar,Correct
C5F54961-A455-4CB6-BFA9-68CCC6E185A1,AFYONKARAHİSAR SİNANPAŞA DEVLET HASTANESI,Afyonkarahisar,Sinanpaşa,38.74284,30.23433,Afyonkarahisar,Correct
D049E4C8-7FB0-47CC-8D93-68F9CECB2F63,EKİN ECZANESİ,Afyonkarahisar,Sandikli,38.45988,30.2649,Afyonkarahisar,Correct
5092E8A3-E86C-4761-A08E-6953A4781ABE,MUHAMMED DURSUN BESLENME VE DİYET DANIŞMANLIĞI,Afyonkarahisar,AFYON MERKEZ,38.75643,30.54255,Afyonkarahisar,Correct
DEB8A220-6622-49F9-879B-6A3838E1551B,ZAFER ECZANESİ,Afyonkarahisar,Emirdağ,39.01971,31.15498,Afyonkarahisar,Correct
ECBADB86-736E-4857-82D0-6AB8130CA7A3,ÖZEL UMUT POLİKLİNİĞİ,Afyonkarahisar,Merkez,38.75968,30.54249,Afyonkarahisar,Correct
948FE085-64E3-48EE-ADB9-6BBDEC55F71B,BÜŞRA ECZANESİ,Afyonkarahisar,İscehisar,38.80811,30.64507,Afyonkarahisar,Correct
A9728FBF-F123-475C-8939-6C6FAF0C3F73,HOCAOĞLU ECZANESİ,Afyonkarahisar,Sandikli,38.46375,30.27185,Afyonkarahisar,Correct
CCDF98DF-F74A-4C19-8975-6C8EE0C6EA22,AFYONKARAHİSAR SİNANPAŞA AKÖREN AİLE SAĞLIĞI MERKEZİ,Afyonkarahisar,Sinanpaşa,38.79697,30.38761,Afyonkarahisar,Correct
60CA7DDD-D3C6-4237-B70E-6D465FE1FC7C,BALLIPINAR ECZANESİ,Afyonkarahisar,Merkez,38.7727,30.50977,Afyonkarahisar,Correct
874EC708-1439-4D61-8694-6D96A27B38C6,DERMAN ECZANESİ,Afyonkarahisar,Dinar,38.07269,30.1773,Afyonkarahisar,Correct
4B7296F2-C5C4-4983-842D-6ECEE7EB6C65,AFYONKARAHİSAR AĞIZ VE DİŞ SAĞLIĞI MERKEZİ,Afyonkarahisar,Merkez,38.7636,30.54515,Afyonkarahisar,Correct
7F305555-6EA4-4ACB-B14B-6ED59D555F94,SUSUZ ECZANESİ,Afyonkarahisar,Merkez,38.80557,30.6119,Afyonkarahisar,Correct
16276F7D-55E7-44EC-856C-6EEA7A51E31E,ÜNAL ECZANESİ,Afyonkarahisar,Çay,38.59195,31.02471,Afyonkarahisar,Correct
65484FF8-1932-43FA-8607-6FA9D9741915,AFYONKARAHİSAR MERKEZ 6 NOLU AİLE SAĞLIĞI MERKEZİ,Afyonkarahisar,Merkez,38.73956,30.56795,Afyonkarahisar,Correct
06606DAA-7D55-469D-A143-706DEF261A32,SAĞLIK ECZANESİ,Afyonkarahisar,Sultandaği,38.55554,31.16912,Afyonkarahisar,Correct
7BBD3104-47A3-4D85-B3AB-708C9F7AE5A4,AFYONKARAHİSAR MERKEZ 8 NOLU AİLE SAĞLIĞI MERKEZİ,Afyonkarahisar,Merkez,38.74879,30.57028,Afyonkarahisar,Correct
EBB7393C-CC33-420E-BEC3-72726FBABCE9,ZAFER DİLEYİCİ MUAYENEHANESİ,Afyonkarahisar,Merkez,38.75393,30.53884,Afyonkarahisar,Correct
E12712A9-9720-4B7F-8440-727AA5C7ECF7,AFYONKARAHİSAR BAYAT DR.METE TAN İLÇE HASTANESI,Afyonkarahisar,Bayat,38.97319,30.92247,Afyonkarahisar,Correct
7E953E29-3571-41B0-A046-7354AE627518,EVCİLER İLÇE ENTEGRE HASTANESİ,Afyonkarahisar,Evciler,38.04118,29.88541,Afyonkarahisar,Correct
5E3B2D7D-555F-4596-ACCA-73899D2E1CE7,AFYONKARAHİSAR İHSANİYE GAZLIGÖL AİLE SAĞLIĞI MERKEZİ,Afyonkarahisar,İhsaniye,38.94499,30.49941,Afyonkarahisar,Correct
4589546F-B4B2-453A-8CD8-7454CD20F7C1,ARSLAN ECZANESİ,Afyonkarahisar,Hocalar,38.57859,29.96743,Afyonkarahisar,Correct
3F3E38BF-24DF-4AA2-9D97-7467B921D290,ÖZEL EGE AĞIZ VE DİŞ SAĞLIĞI POLİKLİNİĞİ,Afyonkarahisar,Merkez,38.75553,30.53834,Afyonkarahisar,Correct
B2B80E8E-D1F9-46EF-B525-75C1D54A3F14,AFYONKARAHİSAR ŞUHUT ATLIHİSAR AİLE SAĞLIĞI MERKEZİ,Afyonkarahisar,Şuhut,38.44969,30.58288,Afyonkarahisar,Correct
99075391-A97E-477A-A871-7668A1A98935,AFYONKARAHİSAR İHSANİYE DÖĞER AİLE SAĞLIĞI MERKEZİ,Afyonkarahisar,İhsaniye,38.94409,30.49821,Afyonkarahisar,Correct
C13EF410-EA0C-4915-86F9-769AA07B115C,AFYONKARAHİSAR BOLVADİN MERKEZ 3 NOLU AİLE SAĞLIĞI MERKEZİ,Afyonkarahisar,Bolvadin,38.70758,31.06457,Afyonkarahisar,Correct
0FB51D2D-4344-4167-9854-77342BB5E1EA,TUNÇ ECZANESİ,Afyonkarahisar,Hocalar,38.57826,29.96766,Afyonkarahisar,Correct
A40BFF9E-255E-4736-AA9C-785FA82D88F6,LEVENT ŞATIRER MUAYENEHANESİ,Afyonkarahisar,Merkez,38.75523,30.54417,Afyonkarahisar,Correct
1C928A9D-0B1E-4C7E-8A59-78A66BED11EF,KADINANA ECZANESİ,Afyonkarahisar,Merkez,38.97999,30.92388,Afyonkarahisar,Correct
EB5A1003-14BB-474B-B840-78CE7DBD7E23,ÖZEL BALLIPINAR AĞIZ VE DİŞ SAĞLIĞI POLİKLİNİĞİ,Afyonkarahisar,Merkez,38.75442,30.53994,Afyonkarahisar,Correct
757A66CE-94AF-4D20-8F32-7958A55F648C,AFYONKARAHİSAR SİNANPAŞA MERKEZ AİLE SAĞLIĞI MERKEZİ,Afyonkarahisar,Sinanpaşa,38.74813,30.24607,Afyonkarahisar,Correct
F6FF6E9C-6F80-4D94-9538-796A288C1155,AFYONKARAHİSAR MERKEZ GEBECELER AİLE SAĞLIĞI MERKEZİ,Afyonkarahisar,Merkez,38.77251,30.74383,Afyonkarahisar,Correct
0FA7339F-3AFB-4E96-B022-797280D01F1E,ÖZEL VEFA AĞIZ VE DİŞ SAĞLIĞI POLİKLİNİĞİ,Afyonkarahisar,Merkez,38.75014,30.5474,Afyonkarahisar,Correct
A8709042-CF21-40CF-876C-799BC7638AE8,HOCALAR İLÇE DEVLET HASTANESİ,Afyonkarahisar,Hocalar,38.69865,30.77419,Afyonkarahisar,Correct
F9271374-6A65-477E-98A9-79B2E166F88B,FURKAN AŞKAR ECZANESİ,Afyonkarahisar,Merkez,38.7606,30.54017,Afyonkarahisar,Correct
E6FF0B4F-2BD9-470B-9AB7-79DF951EEC20,ÇAKIR ECZANESİ,Afyonkarahisar,Dinar,38.06909,30.16577,Afyonkarahisar,Correct
53C6EDCB-101E-419F-87F6-7A4A8C4B2B23,ÇİĞDEM ECZANESİ,Afyonkarahisar,Şuhut,38.77316,30.37047,Afyonkarahisar,Correct
46C5599D-5CF1-4BBB-B1BD-7AF5E51EEB32,SENA ECZANESİ,Afyonkarahisar,Dinar,38.06063,30.16941,Afyonkarahisar,Correct
23FCE139-C980-444C-AB42-7BF95A4CE3EF,ÖMER KANAT KÖKSAL MUAYENEHANESİ,Afyonkarahisar,Merkez,38.96687,-76.92996,No Info,No Info
9023F2D6-149D-4152-B879-7C0814C75A7D,AFYONKARAHİSAR ÇOBANLAR MERKEZ AİLE SAĞLIĞI MERKEZİ,Afyonkarahisar,Çobanlar,38.69709,30.77255,Afyonkarahisar,Correct
9DB37389-3E5D-4A37-A6E5-7D4FC6F8F543,ÖZEL ECZANESİ,Afyonkarahisar,Merkez,38.73464,30.56751,Afyonkarahisar,Correct
E0206767-8319-4D48-B177-7E12375BA28B,NADİRE TUNCER MUAYENEHANESİ,Afyonkarahisar,AFYON MERKEZ,39.12167,-76.72356,No Info,No Info
C82A102E-D468-404D-A9D9-7E6BF7B19EF3,BURAK ECZANESİ,Afyonkarahisar,Merkez,38.77955,30.53265,Afyonkarahisar,Correct
0993D553-9298-41D3-9BA2-7EB444930589,ÖZEL PARK HAYAT HASTANESİ,Afyonkarahisar,Merkez,38.77336,30.50921,Afyonkarahisar,Correct
4E35C87E-56FE-4429-957D-80D2B76BC686,DAŞTAN ECZANESİ,Afyonkarahisar,Sandikli,38.45764,30.26269,Afyonkarahisar,Correct
8E52AF5D-00D6-4683-B2FC-81EB74D78249,AFYONKARAHİSAR MERKEZ 10 NOLU AİLE SAĞLIĞI MERKEZİ,Afyonkarahisar,Merkez,38.77144,30.53773,Afyonkarahisar,Correct
8ACD5111-472B-43EC-BE58-828F5C9D6E43,ÇAVUŞOĞLU ECZANESİ,Afyonkarahisar,Sandikli,38.46626,30.27339,Afyonkarahisar,Correct
34073734-3E95-4CFA-9CFD-8385D580EE9C,KİLCİ ECZANESİ,Afyonkarahisar,Merkez,38.75931,30.57775,Afyonkarahisar,Correct
47EE4ECB-1CBB-43A9-923F-8467C8EF90F4,NAZ ECZANESİ,Afyonkarahisar,Merkez,38.74982,30.54926,Afyonkarahisar,Correct
F6085171-5519-447B-8C50-86609D573C8B,EGE ECZANESİ,Afyonkarahisar,Merkez,38.54083,30.54604,Afyonkarahisar,Correct
E0FDD3C0-682E-416A-B329-86A059337B6F,TOPRAK ECZANESİ,Afyonkarahisar,Sultandaği,38.53126,31.23067,Afyonkarahisar,Correct
0C0536D4-FD4A-4863-A4CA-86F0466C39C1,NÜKET ECZANESİ,Afyonkarahisar,Merkez,38.8285,31.00277,Afyonkarahisar,Correct
DCB037C7-FD9A-4C52-8935-88143037C116,ÇİÇEK ECZANESİ,Afyonkarahisar,Merkez,38.75498,30.53793,Afyonkarahisar,Correct
3FA0FB21-7372-471C-9A76-88C9E56C2600,ESRA ECZANESİ,Afyonkarahisar,Merkez,38.75015,30.54917,Afyonkarahisar,Correct
22E64DB1-7230-4107-BDF6-89C841149699,AFYONKARAHİSAR İHSANİYE DEVLET HASTANESİ,Afyonkarahisar,İhsaniye,39.02424,30.41144,Afyonkarahisar,Correct
0B31E4B2-2A97-45DE-B23E-8A3F64E8229C,KÜÇÜKHÜYÜK ECZANESİ,Afyonkarahisar,Sinanpaşa,38.76476,30.29822,Afyonkarahisar,Correct
6F2F657A-5670-41CF-BE19-8AA3E5ADA141,AFYONKARAHİSAR ŞUHUT MERKEZ 1 NOLU AİLE SAĞLIĞI MERKEZİ,Afyonkarahisar,Şuhut,38.54096,30.53755,Afyonkarahisar,Correct
618B4FD2-EDC8-41FF-B926-8B4F78C1B5DA,DİLEK İSMAİL KESTANE MUAYENEHANESİ,Afyonkarahisar,Merkez,38.7794,30.51893,Afyonkarahisar,Correct
35B4EA4F-9F56-40EF-8EBC-8B858B892168,AFYON 2 NOLU 112 ACİL SAĞLIK HİZMETLERİ İSTASYONU,Afyonkarahisar,Merkez,38.75775,30.53833,Afyonkarahisar,Correct
804A3644-7D7B-4AFD-93CF-8BC388BAF4FE,AHMET ERDEM ECZANESİ,Afyonkarahisar,Merkez,38.69807,30.57291,Afyonkarahisar,Correct
51DBBD31-ABC3-404E-9F6A-8BD69CD4AF12,SANDIKLI MERKEZ TSM,Afyonkarahisar,Sandikli,38.46449,30.26176,Afyonkarahisar,Correct
35CC7A31-AA79-4A35-B1D8-8C44F5525438,AFYONKARAHİSAR SULTANDAĞI YEŞİLÇİFTLİK AİLE SAĞLIĞI MERKEZİ,Afyonkarahisar,Sultandaği,38.54148,31.21263,Afyonkarahisar,Correct
D252407E-61C4-463E-BDB8-8D69976BF07D,SULTANDAĞI DEVLET HASTANESİ,Afyonkarahisar,Sultandaği,38.7318,31.04802,Afyonkarahisar,Correct
356F4AA0-3D8C-442D-B8C5-8E1274D65D50,ŞEN ECZANESİ,Afyonkarahisar,Dinar,38.25171,30.49784,Afyonkarahisar,Correct
DC93E8A3-2735-4EF3-895C-8E66C26A750A,TUNCEZ ECZANESİ,Afyonkarahisar,Sultandaği,38.48056,31.25326,Afyonkarahisar,Correct
2112DFE3-326F-43C1-B37E-8F0E083DA5A1,BAHAR ECZANESİ,Afyonkarahisar,Merkez,38.76311,30.54605,Afyonkarahisar,Correct
AFC83BC5-B90C-4956-A4D6-8FBC18AEA5E5,AFYONKARAHİSAR ÇAY DEVLET HASTANESİ,Afyonkarahisar,Çay,38.59269,31.02746,Afyonkarahisar,Correct
89302446-9755-4DDA-8D5F-9003AD7C5129,MERYEM ECZANESİ,Afyonkarahisar,Merkez,38.74871,30.55347,Afyonkarahisar,Correct
16CD4C3D-0438-4906-BF85-900865197D1C,LAVANTA ECZANESİ,Afyonkarahisar,Merkez,38.75941,30.56628,Afyonkarahisar,Correct
8D5A2433-EB28-4222-8311-90B565997FFE,DİNÇ ECZANESİ,Afyonkarahisar,Merkez,38.78768,30.46667,Afyonkarahisar,Correct
0FD93478-CABC-477F-A4BE-913B2C982A40,ÇİLOĞLU ECZANESİ,Afyonkarahisar,Bayat,38.69793,30.57225,Afyonkarahisar,Correct
E3D3F77A-31B0-430A-9006-919B73908EDF,SERİM ECZANESİ,Afyonkarahisar,Merkez,38.78398,30.51512,Afyonkarahisar,Correct
4399AB26-637B-4972-A088-920A5B654838,AFYONKARAHİSAR MERKEZ 16 NOLU ASM,Afyonkarahisar,AFYON MERKEZ,38.72782,30.56192,Afyonkarahisar,Correct
472E9CC7-9608-4BC4-A9C7-937FF0D5D687,AFYONKARAHİSAR DİNAR MERKEZ 2 NOLU AİLE SAĞLIĞI MERKEZİ,Afyonkarahisar,Dinar,38.0693,30.1657,Afyonkarahisar,Correct
C3A3C0E3-7A7A-4DDD-AAC8-939EF02CDDDE,ONUR ECZANESİ,Afyonkarahisar,Şuhut,38.53341,30.54471,Afyonkarahisar,Correct
E3230166-574A-4B2B-899D-94732386306C,AFYONKARAHİSAR BOLVADİN DR. HALİL İBRAHİM ÖZSOY DEVLET HASTANESİ,Afyonkarahisar,Bolvadin,38.71094,31.04972,Afyonkarahisar,Correct
D91DE956-F8A2-4D57-994F-94C1131C736F,AFYONKARAHİSAR ÇAY MERKEZ 1 NOLU AİLE SAĞLIĞI MERKEZİ,Afyonkarahisar,Çay,38.59195,31.01428,Afyonkarahisar,Correct
54BEE9A2-C741-4989-A905-95EE2C021F5A,AFYON DOST ECZANESİ,Afyonkarahisar,Merkez,38.78678,30.46547,Afyonkarahisar,Correct
607F4520-EEC0-474D-9C65-964B785A3922,TUFAN ECZANESİ,Afyonkarahisar,Sinanpaşa,38.60307,30.35177,Afyonkarahisar,Correct
9ECDA33B-9DF2-46CB-8A9D-96EBB6D91FB8,AFYONKARAHİSAR MERKEZ 11 NOLU AİLE SAĞLIĞI MERKEZİ,Afyonkarahisar,Merkez,38.73466,30.56756,Afyonkarahisar,Correct
A46FD6C0-7D92-4284-AFFB-97207875FA32,DİNAR HAYAT ECZANESİ,Afyonkarahisar,Dinar,38.06657,30.1584,Afyonkarahisar,Correct
D6FD9AA1-474F-4948-884D-98A551B0A767,SENA ECZANESİ,Afyonkarahisar,Merkez,38.75952,30.57707,Afyonkarahisar,Correct
1780FC4B-ED35-48BA-A62E-9A6D8564E58E,İNCİ FİLİZ ECZANESİ,Afyonkarahisar,Merkez,38.78416,30.51499,Afyonkarahisar,Correct
5CA9119C-ED0A-4E37-8250-9AAF77255A0D,KAAN ECZANESİ,Afyonkarahisar,İscehisar,38.88591,30.83209,Afyonkarahisar,Correct
29BCC89B-7AA8-4A8A-A4E6-9AB7D428DBCB,ZEHRA ECZANESİ,Afyonkarahisar,Merkez,38.7559,30.54524,Afyonkarahisar,Correct
BC99BFE9-C745-4A37-A61A-9AE04C6C8D95,MURAT ECZANESİ,Afyonkarahisar,İscehisar,38.87197,30.75926,Afyonkarahisar,Correct
1700133C-A2C4-4EEE-A6EF-9BAFEDF64A33,İSCEHİSAR MERKEZ 2 NOLU ASM,Afyonkarahisar,İscehisar,38.86703,30.75337,Afyonkarahisar,Correct
4398FCB8-8627-4CBC-AF0C-9CE4870F11F0,KURTULUŞ ECZANESİ,Afyonkarahisar,Merkez,38.75181,30.54549,Afyonkarahisar,Correct
5DC6675C-B8BC-44C1-9399-9D1C5B0763A3,ÖZGÜR KAVAK MUAYENEHANESİ,Afyonkarahisar,Merkez,38.66747,30.7462,Afyonkarahisar,Correct
3762A501-F3E1-4DD4-AC09-A081EE517B7B,DİLEK ECZANESİ,Afyonkarahisar,Şuhut,38.53477,30.54672,Afyonkarahisar,Correct
1E7DE992-459C-41F9-874C-A137E3075155,AFYONKARAHİSAR DAZKIRI MERKEZ AİLE SAĞLIĞI MERKEZİ,Afyonkarahisar,Dazkiri,37.9205,29.86106,Afyonkarahisar,Correct
B637CE52-8817-4BDD-8791-A1B7FB39315D,AFYONKARAHİSAR MERKEZ 7 NOLU AİLE SAĞLIĞI MERKEZİ,Afyonkarahisar,Merkez,38.7595,30.57714,Afyonkarahisar,Correct
496868CF-5F3D-47B2-85FA-A1B8C95D227E,GÜNEŞ ECZANESİ,Afyonkarahisar,Şuhut,38.53206,30.54363,Afyonkarahisar,Correct
4FF553BF-063D-40E5-9138-A34E6E85F044,EMEL ECZANESİ,Afyonkarahisar,Merkez,38.72745,30.56155,Afyonkarahisar,Correct
F1457BF6-AA56-48CA-8457-A3A530EF724B,REYHAN ÇETİN BESLENME VE DİYET DANIŞMANLIK MERKEZİ,Afyonkarahisar,AFYON MERKEZ,38.776,30.51442,Afyonkarahisar,Correct
38CDF914-13BC-4748-B7C7-A3F7030F8446,DÖNÜŞÜM BESLENME DANIŞMANLIĞI,Afyonkarahisar,AFYON MERKEZ,38.76157,30.54771,Afyonkarahisar,Correct
E0982730-6839-47B7-9328-A42B1FEF2583,MERKEZ ECZANESİ,Afyonkarahisar,Merkez,38.75546,30.53877,Afyonkarahisar,Correct
2FEF0693-1157-4880-87E2-A45DB14BF101,ŞİFA ECZANESİ,Afyonkarahisar,Merkez,38.73235,30.56386,Afyonkarahisar,Correct
87BDE5CF-38EE-47E5-A85A-A49BC193504A,ERŞAN ECZANESİ,Afyonkarahisar,İhsaniye,38.93626,30.49967,Afyonkarahisar,Correct
B6D16FD7-FCC2-4822-B19F-A4B014BE80AC,SEYHAN ECZANESİ,Afyonkarahisar,Merkez,38.78483,30.51636,Afyonkarahisar,Correct
031B2E2E-5251-4AD3-B7C2-A5A78AC77674,TOPBAŞOĞLU ECZANESİ,Afyonkarahisar,Sandikli,38.46538,30.27344,Afyonkarahisar,Correct
30B2824B-C817-494D-8062-A6E240ED02A8,HOCALAR MERKEZ AİLE SAĞLIĞI MERKEZİ,Afyonkarahisar,Hocalar,38.57666,29.96955,Afyonkarahisar,Correct
674CABAA-930A-4F4E-9515-A75471A9CBFF,SÜMER ECZANESİ,Afyonkarahisar,Sandikli,38.45974,30.26459,Afyonkarahisar,Correct
55D3B36F-747D-4B7F-9AD0-A7F805DCDB2E,TANER ECZANESİ,Afyonkarahisar,Merkez,38.73942,30.56787,Afyonkarahisar,Correct
73ABF7F4-D565-4290-86CE-A8AB377B8C15,SARIKAYA ECZANESİ,Afyonkarahisar,Şuhut,38.68853,30.49858,Afyonkarahisar,Correct
F1F5C1DB-1962-4116-82EB-A8E69AC41A16,FURKAN ECZANESİ,Afyonkarahisar,Merkez,38.75882,30.5321,Afyonkarahisar,Correct
D3A68707-9DED-4503-B7AC-A8FCFEFA2CBD,AFYONKARAHİSAR MERKEZ 1 NOLU AİLE SAĞLIĞI MERKEZİ,Afyonkarahisar,Merkez,38.75778,30.52724,Afyonkarahisar,Correct
70790B06-2F55-48B5-9956-A90D16558D66,NURAY ECZANESİ,Afyonkarahisar,Merkez,38.78391,30.51517,Afyonkarahisar,Correct
79F7EC55-5831-4745-BD0A-A9765D994747,AFYONKARAHİSAR MERKEZ ÇAYIRBAĞ AİLE SAĞLIĞI MERKEZİ,Afyonkarahisar,Merkez,38.8512,30.5267,Afyonkarahisar,Correct
DC6158CD-92EB-473B-88EC-A9ABA55E5DC9,ERCAN ECZANESİ,Afyonkarahisar,İhsaniye,39.12669,30.39286,Afyonkarahisar,Correct
6213E359-0659-4B81-BB6F-AA772400BC43,DEMİRBAŞ ECZANESİ,Afyonkarahisar,Merkez,38.73708,30.54969,Afyonkarahisar,Correct
27E84542-C34A-433A-A327-AAC077E6CD99,BOLVADİN HAYAT ECZANESİ,Afyonkarahisar,Bolvadin,38.70982,31.04788,Afyonkarahisar,Correct
982E7899-44C7-4961-9DE4-AB3BCB608F07,AFYONKARAHİSAR MERKEZ 9 NOLU AİLE SAĞLIĞI MERKEZİ,Afyonkarahisar,Merkez,38.76556,30.53102,Afyonkarahisar,Correct
11B686AA-4A52-459C-9084-AB4BFCA76450,NECİP SAVAŞ KÖYLÜ KLİNİĞİ,Afyonkarahisar,Merkez,38.76012,30.54472,Afyonkarahisar,Correct
1C5B9B35-3586-4361-92C8-ABA26898C084,ÖZEL AFYON DİYALİZ MERKEZİ,Afyonkarahisar,Merkez,38.77509,30.5422,Afyonkarahisar,Correct
0A2DD3E3-A5F2-4CD8-BA30-ACC923E150A2,BATUHAN ECZANESİ,Afyonkarahisar,Emirdağ,39.00389,31.14659,Afyonkarahisar,Correct
1ABEC3AE-7FD4-4B8A-AA5C-AD4C48EEDDA8,KUMRU ECZANESİ,Afyonkarahisar,Merkez,38.6716,30.74309,Afyonkarahisar,Correct
C696758A-6C92-45D6-975E-ADAA4CCC990D,İSHAKLI ECZANESİ,Afyonkarahisar,Sultandaği,38.75761,30.53841,Afyonkarahisar,Correct
759E44CA-05ED-4DD5-A9D0-AEB312C521F5,AFYONKARAHİSAR ÇAY MERKEZ 2 NOLU AİLE SAĞLIĞI MERKEZİ,Afyonkarahisar,Çay,38.59249,31.02522,Afyonkarahisar,Correct
BC937961-33A5-483A-9F79-AEC3512949A0,MUSTAFA ALPER MUAYENEHANESİ,Afyonkarahisar,Çay,38.59104,31.02143,Afyonkarahisar,Correct
EC49C671-B5AF-4E1E-8BF2-AED3D27C0EEE,ER ECZANESİ,Afyonkarahisar,Merkez,38.68938,30.49998,Afyonkarahisar,Correct
8F96257C-921A-40D0-BFAF-AF03140FE36A,ÇALIŞKAN ECZANESİ,Afyonkarahisar,Dinar,38.05762,30.14698,Afyonkarahisar,Correct
C7AB3B4B-BB6A-4EBF-B14E-AF0895F6E7E2,AFYONKARAHİSAR MERKEZ 3 NOLU AİLE SAĞLIĞI MERKEZİ,Afyonkarahisar,Merkez,38.74924,30.55318,Afyonkarahisar,Correct
468F8E58-C7F8-4A15-B9A9-AF3D7DBD6C9D,BÜŞRA ECZANESİ,Afyonkarahisar,Merkez,38.74885,30.55341,Afyonkarahisar,Correct
D39251BF-6E49-4B3D-BF1B-B080E6883FE3,SELİN ECZANESİ,Afyonkarahisar,Merkez,38.78445,30.51478,Afyonkarahisar,Correct
C380D10A-92A3-4B69-8C9D-B090E60B3984,EGE ECZANESİ,Afyonkarahisar,Sinanpaşa,38.74562,30.24132,Afyonkarahisar,Correct
AC3C840F-EC01-4037-9CCC-B0F4BD9EED63,KÜBRA ECZANESİ,Afyonkarahisar,Şuhut,38.53432,30.54709,Afyonkarahisar,Correct
ABC2067C-31B3-418C-9215-B171939DCCD2,ECE ECZANESİ,Afyonkarahisar,Merkez,38.75063,30.58089,Afyonkarahisar,Correct
A7D21B00-BB0A-4806-86BF-B208CE8B917C,AFYONKARAHİSAR DİNAR DEVLET HASTANESİ,Afyonkarahisar,Dinar,38.7327,31.04922,Afyonkarahisar,Correct
1FC3328B-AF95-47A2-A16E-B2E184301CCE,BURKAY ECZANESI,Afyonkarahisar,Dinar,38.06876,30.16593,Afyonkarahisar,Correct
31B09004-5E08-400E-90FC-B3088CF872F6,SİNADA ECZANESİ,Afyonkarahisar,Şuhut,38.75389,30.54103,Afyonkarahisar,Correct
11BF289F-2B35-4BC7-B618-B34D97D7551E,SULTANDAĞI ECZANESİ,Afyonkarahisar,Sultandaği,38.55222,30.92062,Afyonkarahisar,Correct
E71C90E2-B40D-4BA1-B16D-B3817E704449,HİLAL ECZANESI,Afyonkarahisar,Merkez,38.76103,30.54784,Afyonkarahisar,Correct
ED7A9CDC-424B-4D73-B91C-B62C68FD5E45,DOST ECZANESİ,Afyonkarahisar,Sandikli,38.46011,30.26539,Afyonkarahisar,Correct
1B4140D7-E983-4D58-80E0-B6E570C66F19,ŞİFA ECZANESİ,Afyonkarahisar,Çay,38.59315,31.02234,Afyonkarahisar,Correct
C525E3CD-A433-413B-9A06-B842428CE7FF,AFYONKARAHİSAR BOLVADİN KEMERKAYA AİLE SAĞLIĞI MERKEZİ,Afyonkarahisar,Bolvadin,38.89016,31.06223,Afyonkarahisar,Correct
E126AE68-A520-42B8-9EC7-B89DD7050814,ÇİLOĞLU ECZANESİ,Afyonkarahisar,Merkez,38.76156,30.54768,Afyonkarahisar,Correct
257F788C-1FC8-4F39-829D-B91A6FC64BD4,UZMAN ECZANESİ,Afyonkarahisar,Merkez,38.76478,30.5429,Afyonkarahisar,Correct
A1C4F53C-FD61-4A64-AAAE-B93AAA688C77,AFYONKARAHİSAR MERKEZ 5 NOLU AİLE SAĞLIĞI MERKEZİ,Afyonkarahisar,Merkez,38.7759,30.54106,Afyonkarahisar,Correct
DB56543C-E2BB-4B2B-BC9D-B97DEB685F0D,AFYONKARAHİSAR BAŞMAKÇI MERKEZ AİLE SAĞLIĞI MERKEZİ,Afyonkarahisar,Başmakçi,37.88884,30.00758,Afyonkarahisar,Correct
8ADAF448-C791-4B6D-B7AA-B9D7B750B0FB,BAŞMAKÇI DEVLET HASTANESİ,Afyonkarahisar,Başmakçi,37.88755,30.00811,Afyonkarahisar,Correct
CB9735CF-E4E4-4C9D-97F9-BA16EA1390D9,YAĞMUR ECZANESİ,Afyonkarahisar,Merkez,38.7603,30.53993,Afyonkarahisar,Correct
E6508E84-5A98-4559-AA08-BBA9A35E191E,VOLKAN ECZANESİ,Afyonkarahisar,Bolvadin,38.69026,31.04813,Afyonkarahisar,Correct
0D9189E2-E8C6-4C89-A547-BC1ACFA7E487,BEYHAN ECZANESİ,Afyonkarahisar,Çay,38.593,31.00433,Afyonkarahisar,Correct
BD94DA5E-7A1D-46D9-A565-BCEE88828591,AFYONKARAHİSAR MERKEZ 12 NOLU AİLE SAĞLIĞI MERKEZİ,Afyonkarahisar,Merkez,38.73688,30.5493,Afyonkarahisar,Correct
C667178D-0274-4E09-93A5-BCF1061C3B59,YENİLMEZ ECZANESİ,Afyonkarahisar,AFYON MERKEZ,38.97483,30.53859,Afyonkarahisar,Correct
D5823CC6-3536-483B-A4C2-BD154FA249AF,AFYONKARAHİSAR DİNAR MERKEZ 4 NOLU AİLE SAĞLIĞI MERKEZİ,Afyonkarahisar,Dinar,38.06274,30.16044,Afyonkarahisar,Correct
2F5E7E23-09D7-440B-82EE-BD7F1C30C7D6,AKSU ECZANESİ,Afyonkarahisar,Sandikli,38.46137,30.26842,Afyonkarahisar,Correct
E8CD7F26-7C6C-4B0F-9B72-BDFF56ED80A3,KARADAĞ ECZANESİ,Afyonkarahisar,Merkez,38.76532,30.53123,Afyonkarahisar,Correct
655F5080-0C19-4351-A030-BE1966EE590C,AFYON EMNİYET MÜDÜRLÜĞÜ SAĞLIK BİRİMİ,Afyonkarahisar,Merkez,38.76159,30.53371,Afyonkarahisar,Correct
A8F8602C-F29C-4570-9D99-BE5712912810,GİZEM ECZANESİ,Afyonkarahisar,Merkez,38.78426,30.51492,Afyonkarahisar,Correct
CB93AB4A-DD06-498A-A8FC-BF0E579121BA,AFYONKARAHİSAR SANDIKLI DEVLET HASTANESİ,Afyonkarahisar,Sandikli,38.45908,30.26431,Afyonkarahisar,Correct
DE64C831-7E60-4A41-8D80-BF24242A6281,KADİR ALTAN YILDIRIM MUAYENEHANESİ,Afyonkarahisar,Emirdağ,39.02069,31.15114,Afyonkarahisar,Correct
F64827F8-826D-4D05-9E1C-BF4BF5130350,AFYONKARAHİSAR EVCİLER MERKEZ AİLE SAĞLIĞI MERKEZİ,Afyonkarahisar,Evciler,38.03675,29.88711,Afyonkarahisar,Correct
2FD7D11B-E8AA-429B-9E2B-BF8224FCFBB1,SEZGİN ECZANESİ,Afyonkarahisar,Merkez,38.75961,30.57675,Afyonkarahisar,Correct
AA00E3E9-F23C-48FD-B015-BFCD169537EB,NİHAL ECZANESİ,Afyonkarahisar,Sinanpaşa,38.73238,30.3399,Afyonkarahisar,Correct
FC754F53-0650-4861-B7ED-BFFDA679634F,ESENTEPE ECZANESİ,Afyonkarahisar,Merkez,38.73129,30.55951,Afyonkarahisar,Correct
ECFC2B43-37A7-4651-9617-C03EF23B23B8,TUĞRUL ECZANESİ,Afyonkarahisar,Merkez,39.46007,-76.27236,No Info,No Info
4A853D07-4AFB-47F2-A4FB-C096D0BB460D,BAŞAK ECZANESİ,Afyonkarahisar,Merkez,38.96597,-76.93116,No Info,No Info
A7E7D45B-4F9C-4802-AF9B-C213D66F752C,UZMAN KİLİNİK,Afyonkarahisar,Merkez,38.75958,30.54402,Afyonkarahisar,Correct
B884016E-DD3A-4300-BB55-C21FCABB18D9,UYAR ECZANESİ,Afyonkarahisar,Emirdağ,39.01982,31.15043,Afyonkarahisar,Correct
31CDA8D0-B85E-4637-B282-C47033D0431C,ÖMÜR ECZANESİ,Afyonkarahisar,Dazkiri,37.9189,29.86083,Afyonkarahisar,Correct
E42D278B-A070-4753-86FB-C4F7A09927AD,FATİH ECZANESİ,Afyonkarahisar,İscehisar,38.86177,30.75422,Afyonkarahisar,Correct
F480C208-4F7E-4812-A844-C4FF915AC4D9,ŞULE ECZANESİ,Afyonkarahisar,Merkez,38.75498,30.54012,Afyonkarahisar,Correct
445D55E4-836B-47DD-A329-C5C36248D106,YILDIRIM ECZANESİ,Afyonkarahisar,Sultandaği,38.55215,31.17338,Afyonkarahisar,Correct
4E036420-A958-41DF-9256-C6270425EDAB,AFYONKARAHİSAR MERKEZ SALAR AİLE SAĞLIĞI MERKEZİ,Afyonkarahisar,Merkez,38.68609,30.58734,Afyonkarahisar,Correct
B4E23476-8FDD-4DBB-BBF8-C6591E4AE47A,AYLİN ECZANESİ,Afyonkarahisar,Merkez,39.24137,-76.56396,No Info,No Info
B4A03E80-0E5F-42B8-8B0E-C690063138BD,ÖZEL FUAR HASTANESİ,Afyonkarahisar,Merkez,38.76507,30.56858,Afyonkarahisar,Correct
2718C9B9-862D-4E36-B376-C6C0C8036541,SAĞLIK ECZANESİ,Afyonkarahisar,Sandikli,38.46086,30.26732,Afyonkarahisar,Correct
DA9A10AF-15D2-41BE-9FBD-C7536951C37D,GONCA ECZANESİ,Afyonkarahisar,Merkez,38.77269,30.50975,Afyonkarahisar,Correct
0DB07ACA-1FC4-4217-9C67-C77030DE27AD,AFYONKARAHİSAR SANDIKLI MERKEZ 1 NOLU AİLE SAĞLIĞI MERKEZİ,Afyonkarahisar,Sandikli,38.45946,30.26674,Afyonkarahisar,Correct
AAA9C9CE-3B65-4A6F-89A5-C812C3686D07,DİNAR YILDIZ ECZANESİ,Afyonkarahisar,Dinar,38.05768,30.14717,Afyonkarahisar,Correct
BC048589-A9A2-4276-87F1-C941C2CD6257,GÖRGÜLÜ FUAR ECZANESİ,Afyonkarahisar,Merkez,38.76513,30.56856,Afyonkarahisar,Correct
76BF5032-7E57-4597-9567-C9515F572DD4,SEMT ECZANESİ,Afyonkarahisar,Merkez,38.74861,30.57016,Afyonkarahisar,Correct
D0CD5A4B-D1C5-4CDF-8CA0-C9E9B5C2620E,AKÖREN ECZANESİ,Afyonkarahisar,Sinanpaşa,38.77163,30.36925,Afyonkarahisar,Correct
B9445D19-4268-4E71-88C6-CAC94E953A7D,KALE ECZANESİ,Afyonkarahisar,Şuhut,38.53636,30.55006,Afyonkarahisar,Correct
EA35646C-5FA5-4E64-850B-CB641FCC4862,ORÇUN YİĞİT MUAYENEHANESİ,Afyonkarahisar,Merkez,38.75525,30.54443,Afyonkarahisar,Correct
7BF462EC-838B-4621-8721-CB65E2ADF519,SIHHAT ECZANESİ,Afyonkarahisar,Merkez,38.77156,30.53738,Afyonkarahisar,Correct
18E0A008-0B2D-472A-A4FA-CE6C4ACF8C36,HÜLYA EDİL MUAYENEHANESİ,Afyonkarahisar,Merkez,38.76098,30.54584,Afyonkarahisar,Correct
71CA57F4-1130-4EDC-938A-CEA803BE1553,AFYONKARAHİSAR BOLVADİN DİŞLİ AİLE SAĞLIĞI MERKEZİ,Afyonkarahisar,Bolvadin,38.78976,31.03123,Afyonkarahisar,Correct
5008F18F-FFBA-4C6D-B91B-CEE3B132773E,ADA ECZANESİ,Afyonkarahisar,Merkez,38.72799,30.5622,Afyonkarahisar,Correct
6F8DB9F5-DF41-430E-8C10-CF231704E38A,ÖZGE DÜZAĞAÇ MUAYENEHANESİ,Afyonkarahisar,Merkez,38.75725,30.54445,Afyonkarahisar,Correct
79C93110-FB9A-450E-88A2-CF47EE2C81EC,ŞULE GÜNDÜZ KANDEMİR MUAYENEHANESİ,Afyonkarahisar,Merkez,38.75554,30.53967,Afyonkarahisar,Correct
6F69C192-0FAF-4178-BEE8-CF66BB0E6D78,İNAN ECZANESİ,Afyonkarahisar,Merkez,38.72806,30.5623,Afyonkarahisar,Correct
5EB7A9E3-E205-417B-BE56-CFF558E9EBC8,ELİF TOKMAN BESLENME VE DİYET MERKEZİ,Afyonkarahisar,AFYON MERKEZ,38.95905,30.34544,Afyonkarahisar,Correct
89929D22-9C40-40D9-A47B-D12AC52AE658,AKSOY ECZANESİ,Afyonkarahisar,Emirdağ,39.0246,31.15443,Afyonkarahisar,Correct
09A5569C-DBE0-4082-9260-D186B851D48E,ERENLER ECZANESİ,Afyonkarahisar,Merkez,38.75695,30.53856,Afyonkarahisar,Correct
808DA08B-58F9-4946-8DA1-D1B171E88155,ÖNDER ECZANESİ,Afyonkarahisar,Merkez,38.67614,30.53157,Afyonkarahisar,Correct
4BB7A0A6-8E56-4016-BB61-D23477F343F7,AYKUT ECZANESİ,Afyonkarahisar,Bolvadin,38.73076,31.04796,Afyonkarahisar,Correct
221493F0-4498-4AB8-A1EE-D272739BFEDE,GÜNEŞ ECZANESİ,Afyonkarahisar,Dinar,38.05703,30.14495,Afyonkarahisar,Correct
3B07B9EE-406E-438C-BA03-D2944F4DA1B0,GÜNEY ECZANESİ,Afyonkarahisar,Sinanpaşa,38.68857,30.49899,Afyonkarahisar,Correct
8D7E7680-53DC-41B6-9C16-D2CB8D66DAB4,AFYON MERKEZ 15 NOLU ASM,Afyonkarahisar,Merkez,38.78985,30.52276,Afyonkarahisar,Correct
10AA7586-0F6B-473A-9483-D34820761CEA,FATMA AKDENİZ MUAYENEHANESİ,Afyonkarahisar,AFYON MERKEZ,38.7785,30.51773,Afyonkarahisar,Correct
2EEEA7A9-9F09-403D-8CF6-D39A8D29C21F,DİNAR ECZANESİ,Afyonkarahisar,Dinar,38.24192,30.49569,Afyonkarahisar,Correct
2D3F967F-2E36-4E9F-A1A6-D3E9FAB7F1BA,AFYONKARAHİSAR ŞUHUT DEVLET HASTANESİ,Afyonkarahisar,Şuhut,38.53128,30.55992,Afyonkarahisar,Correct
4A5D3481-4759-40FB-B331-D3FC67288961,TEKİN ECZANESİ,Afyonkarahisar,Emirdağ,39.01913,31.15008,Afyonkarahisar,Correct
8D4E0616-BD63-4001-A94A-D44B39E3F8AD,ÖMÜR ECZANESİ,Afyonkarahisar,Merkez,38.75457,30.53932,Afyonkarahisar,Correct
D76BF1A0-EEB6-4192-8406-D5A761ACFC55,DAVULGA ECZANESİ,Afyonkarahisar,Emirdağ,38.98056,31.37305,Afyonkarahisar,Correct
847E6F60-4AA7-4700-A659-D6C37F1C680F,AFYONKARAHİSAR EMIRDAĞ DEVLET HASTANESI,Afyonkarahisar,Emirdağ,38.7336,31.05042,Afyonkarahisar,Correct
C2B48688-C032-41F9-A304-D7390C311E12,YENİ NİSA ECZANESİ,Afyonkarahisar,Merkez,38.78446,30.51477,Afyonkarahisar,Correct
11E45C9E-EC6E-4FB5-871A-D7BD3F97D9A2,CİHAN ECZANESİ,Afyonkarahisar,Sandikli,38.63919,30.24017,Afyonkarahisar,Correct
2FBC40A5-2E9F-472E-BF0C-D8F93F338191,RECEP USLU MUAYENEHANESİ,Afyonkarahisar,Merkez,38.75676,30.54206,Afyonkarahisar,Correct
0317733F-BF66-4A14-9E68-D93BA295CBD1,DUYGU ECZANESİ,Afyonkarahisar,Merkez,38.75567,30.54036,Afyonkarahisar,Correct
5321D051-44D8-4573-AEAC-D96235536E75,AFYONKARAHİSAR ÇAY PAZARAĞAÇ AİLE SAĞLIĞI MERKEZİ,Afyonkarahisar,Çay,38.5741,30.92887,Afyonkarahisar,Correct
1B9A6BBC-5E0F-457C-851C-D98AFA9D8478,SANDIKLI ÖRENKAYA ASM,Afyonkarahisar,Sandikli,38.46519,30.27267,Afyonkarahisar,Correct
E1A0A4B8-D499-4AFA-9B06-D9CD1A276B1F,SEVGİ ECZANESİ,Afyonkarahisar,Sandikli,38.46051,30.26655,Afyonkarahisar,Correct
AA06F0A4-D5EE-4E33-8E78-DA065A8875A3,SARE ECZANESİ,Afyonkarahisar,Sandikli,38.4621,30.26998,Afyonkarahisar,Correct
960AE591-EE00-4D85-94B2-DA0E28715B1F,GÜVEN ECZANESİ,Afyonkarahisar,Merkez,38.75676,30.54293,Afyonkarahisar,Correct
8BB23FCA-D68E-4E1C-B4A3-DA2A9E338E43,FEYZA KARDAŞ MUAYENEHANESİ,Afyonkarahisar,Bolvadin,38.79358,31.04511,Afyonkarahisar,Correct
89F682A5-4386-4A44-8154-DBEA3700EEED,CELALETTİN SONER MUAYENEHANESİ,Afyonkarahisar,Merkez,38.75547,30.54052,Afyonkarahisar,Correct
4DE58B41-C0E0-4560-8426-DC6FA7B31558,ŞİFA ECZANESİ,Afyonkarahisar,Merkez,38.73235,30.56386,Afyonkarahisar,Correct
D0B56D0C-21B1-4AF5-9133-DD30B42DB223,AFYON KOCATEPE ÜNİVERSİTESİ AHMET NECDET SEZER ARAŞTIRMA VE UYGULAMA HASTANESİ,Afyonkarahisar,Merkez,38.78374,30.46816,Afyonkarahisar,Correct
5993A144-2306-432F-91A7-DD75E5564F1D,AFYONKARAHİSAR MERKEZ DEĞİRMENAYVALI AİLE SAĞLIĞI MERKEZİ,Afyonkarahisar,Merkez,38.67784,30.5355,Afyonkarahisar,Correct
94C94A69-AE95-4EBD-9EBB-DD766BE3CB39,ADNAN KUNDAK MUAYENEHANESİ,Afyonkarahisar,Merkez,38.75588,30.53913,Afyonkarahisar,Correct
E34BD147-3219-4351-AEDD-DE0B8270B0DF,AFYONKARAHİSAR SİNANPAŞA GÜNEY AİLE SAĞLIĞI MERKEZİ,Afyonkarahisar,Sinanpaşa,38.79388,30.07539,Afyonkarahisar,Correct
FDB3FFC3-6736-43FD-9137-DE6CC55600CC,ÖZEL SERTESER AĞIZ VE DİŞ SAĞLIĞI POLİKLİNİĞİ,Afyonkarahisar,Merkez,38.66667,30.74472,Afyonkarahisar,Correct
2759ABCA-1414-4F4C-8A80-DF58649E23F4,NURGÜL ECZANESİ,Afyonkarahisar,Merkez,38.75072,30.55046,Afyonkarahisar,Correct
25A3810A-4141-433A-955E-DF726C6FD8D3,BEGÜM ECZANESİ,Afyonkarahisar,Merkez,38.75563,30.54534,Afyonkarahisar,Correct
6E676A32-207C-4328-BC75-E027DCF844EA,GÖKHAN BAL MUAYENEHANESİ,Afyonkarahisar,Sandikli,38.4594,30.27056,Afyonkarahisar,Correct
FBE39B40-16D8-4136-8A8A-E094D1C9829F,SAĞLIK ECZANESİ,Afyonkarahisar,Bolvadin,38.73476,31.0483,Afyonkarahisar,Correct
F82B4F5F-43D0-4EB7-A1F0-E17DB11ACB87,AFYONKARAHİSAR SAĞLIK BİLİMLERİ ÜNİVERSİTESİ SAĞLIK UYGULAMA VE ARAŞTIRMA MERKEZİ,Afyonkarahisar,Merkez,38.81209,30.53618,Afyonkarahisar,Correct
35A15021-67C2-49A2-8C2A-E1DC9E2342C3,AFYONKARAHİSAR BAYAT MERKEZ AİLE SAĞLIĞI MERKEZİ,Afyonkarahisar,Bayat,38.94933,30.90666,Afyonkarahisar,Correct
68F7A13F-301A-490E-910C-E35F1CB7E7C1,KOKKOKOĞLU ECZANESİ,Afyonkarahisar,Sandikli,38.46551,30.27275,Afyonkarahisar,Correct
68381731-376D-43B1-B288-E37C5505EA95,ERDEM ECZANESİ,Afyonkarahisar,Merkez,38.78384,30.51522,Afyonkarahisar,Correct
F6BC23D5-D320-4CC3-AC45-E44E134B80B6,BURCU ECZANESİ,Afyonkarahisar,Çobanlar,38.7317,30.84789,Afyonkarahisar,Correct
C4CB1C79-9D30-4B23-B845-E4B9E8A1A543,NİHAL ÖÇ MUAYENEHANESİ,Afyonkarahisar,Çay,38.59124,31.02144,Afyonkarahisar,Correct
4BD79936-1C4E-4121-B773-E5391894E683,AYDENİZ ECZANESİ,Afyonkarahisar,Merkez,38.75466,30.5538,Afyonkarahisar,Correct
6410CC4C-F344-4E93-8C75-E68E60ED01E6,FAZİLET ECZANESİ,Afyonkarahisar,Evciler,38.04135,29.88544,Afyonkarahisar,Correct
C4D0CA58-9E29-4E4E-A7CE-E6E8A413EF4B,AFYONKARAHİSAR MERKEZ 2 NOLU AİLE SAĞLIĞI MERKEZİ,Afyonkarahisar,Merkez,38.7569,30.54251,Afyonkarahisar,Correct
C26EB7C1-CDA7-4207-B7AC-E75A91A571E4,AFYONKARAHİSAR EMİRDAĞ MERKEZ 3 NOLU AİLE SAĞLIĞI MERKEZİ,Afyonkarahisar,Emirdağ,39.01713,31.16035,Afyonkarahisar,Correct
3C0B37EF-4BB1-4121-941A-E823BE455F44,AFYONKARAHİSAR MERKEZ SÜLÜN AİLE SAĞLIĞI MERKEZİ,Afyonkarahisar,Merkez,38.69706,30.57143,Afyonkarahisar,Correct
9A729ED1-2285-4888-B070-E85DC98A6CFC,DİNAR HAYDARLI İLÇE ENTEGRE HASTANESİ,Afyonkarahisar,Dinar,38.26087,30.38421,Afyonkarahisar,Correct
ABF1D226-6F0D-4BF7-BCBB-E89C542739DC,YILMAZ ULUSOY MUAYENEHANESİ,Afyonkarahisar,Emirdağ,39.01744,31.14899,Afyonkarahisar,Correct
30D6D8B8-3305-45E3-AA79-E9711D5F79BA,İPEK ÖZTEKE ECZANESİ,Afyonkarahisar,Merkez,38.7736,30.51097,Afyonkarahisar,Correct
C140CF62-554F-4E88-BD69-E9EBCF1A7C24,ERTUNÇ ECZANESİ,Afyonkarahisar,Merkez,38.77865,30.53145,Afyonkarahisar,Correct
B7992AB4-3551-49AC-A68B-EAE28CA0A404,AFYONKARAHİSAR MERKEZ IŞIKLAR AİLE SAĞLIĞI MERKEZİ,Afyonkarahisar,Merkez,39.12917,30.39188,Afyonkarahisar,Correct
72D22501-F53A-45AE-B3D6-EB02446DE77F,AFYONKARAHİSAR EMİRDAĞ MERKEZ 2 NOLU AİLE SAĞLIĞI MERKEZİ,Afyonkarahisar,Emirdağ,39.01784,31.14393,Afyonkarahisar,Correct
2F427ED2-09E0-4E0C-8E8D-EBBFEBB22C61,AFYONKARAHİSAR SİNANPAŞA KÜÇÜKHÖYÜK AİLE SAĞLIĞI MERKEZİ,Afyonkarahisar,Sinanpaşa,38.77133,30.29605,Afyonkarahisar,Correct
B798F45B-18C4-4A65-A7E0-EC560F2CA0C7,AFYONKARAHİSAR MERKEZ ERENLER AİLE SAĞLIĞI MERKEZİ,Afyonkarahisar,Merkez,38.75785,30.53976,Afyonkarahisar,Correct
57FB2AE8-061B-462D-BDFA-EC6F665FCEA0,ECİRLİOĞLU ECZANESİ,Afyonkarahisar,Çay,38.59124,31.02143,Afyonkarahisar,Correct
43CD3582-1F3A-4CA4-93B3-ED28BC090131,ÇOBANLAR İLÇE DEVLET HASTANESİ,Afyonkarahisar,Çobanlar,38.70225,30.77899,Afyonkarahisar,Correct
4BDD0940-8EE2-451E-B53D-ED319C8D770D,NY DİET WELLNESS ÖZEL SAĞLIKLI YAŞAM VE DİYET MERKEZİ,Afyonkarahisar,Merkez,38.75552,30.54921,Afyonkarahisar,Correct
0C7579D9-9B46-4BCF-B3DE-EDBCB5362E7A,ŞERBETÇİOĞLU ECZANESİ,Afyonkarahisar,Merkez,38.76026,30.54715,Afyonkarahisar,Correct
D53DCC31-2F12-46D3-A7BB-EEAB7372FD03,MACİT ECZANESİ,Afyonkarahisar,Sandikli,38.45994,30.26503,Afyonkarahisar,Correct
84EAF813-0EF0-43B6-89B0-EF731ECFF416,SERDAR ECZANESİ,Afyonkarahisar,Merkez,38.76617,30.5276,Afyonkarahisar,Correct
FAEE5B1E-F6E9-43E1-9199-EFB2E8C5C004,DERMAN ECZANESİ,Afyonkarahisar,Emirdağ,39.02104,31.15144,Afyonkarahisar,Correct
79EE3386-A7F4-44DE-A77E-F0B16CB90D24,SANEM BAYIK MUAYENEHANESİ,Afyonkarahisar,Merkez,38.4454,30.26298,Afyonkarahisar,Correct
88869523-1E80-4EFB-AADC-F0E98CF9E56B,DİKER ECZANESİ,Afyonkarahisar,Merkez,38.75519,30.54339,Afyonkarahisar,Correct
DB1A198D-8C2A-4736-BBDC-F1AA7841F456,MEHMET SONER MUAYENEHANESİ,Afyonkarahisar,Merkez,38.75497,30.53782,Afyonkarahisar,Correct
E1F5492C-6689-433A-9C93-F1C0F13FA575,ÇAĞLAYAN ECZANESİ,Afyonkarahisar,Çay,38.59207,31.02527,Afyonkarahisar,Correct
2DAE0C64-17EF-4FFE-97E8-F1F7F284AD4A,EYLÜL ECZANESİ,Afyonkarahisar,Dazkiri,37.92273,29.86424,Afyonkarahisar,Correct
903384B5-A1CF-4FFA-BA96-F26DA53F5AAD,ATAKÖY ECZANESİ,Afyonkarahisar,Merkez,38.72812,30.54626,Afyonkarahisar,Correct
926CB329-1716-4032-8155-F29EF9A74E85,BETÜL YURTSEVEN BESLENME VE DİYET DANİSMANLİK,Afyonkarahisar,Bolvadin,38.71474,31.04512,Afyonkarahisar,Correct
B32D0A94-CC7C-4540-B275-F2C2EB3D8D82,TOK ECZANESİ,Afyonkarahisar,Dinar,38.05881,30.14955,Afyonkarahisar,Correct
53C47A12-A37C-415D-A60E-F3235EACEAD1,AFYONKARAHİSAR ŞUHUT MERKEZ 2 NOLU AİLE SAĞLIĞI MERKEZİ,Afyonkarahisar,Şuhut,38.52769,30.54578,Afyonkarahisar,Correct
398AF6D9-5800-4B56-A7BD-F44C8DCA51E1,ESER ECZANESİ,Afyonkarahisar,Merkez,38.78522,30.51423,Afyonkarahisar,Correct
1759ACCD-5AC7-486F-B031-F5C38309223F,YÖRÜKOĞLU ECZANESİ,Afyonkarahisar,Merkez,38.37121,30.15971,Afyonkarahisar,Correct
CF585D2A-CED3-4FA2-BA65-F5EBF36D7E8D,AFYONKARAHİSAR MERKEZ 14 NOLU AİLE SAĞLIĞI MERKEZİ,Afyonkarahisar,Merkez,38.7521,30.54591,Afyonkarahisar,Correct
8173BD8E-56E2-4344-8F31-F6A8A8426424,AHMET SAYAR MUAYENEHANESİ,Afyonkarahisar,Dinar,38.06787,30.16499,Afyonkarahisar,Correct
7D5746C8-122C-4516-8C86-F73C9834D629,PINAR ECZANESİ,Afyonkarahisar,İhsaniye,39.02558,30.41426,Afyonkarahisar,Correct
5E8D568F-2F69-4F11-AE2E-F77AE5281EBB,AFYONKARAHİSAR SİNANPAŞA TAŞOLUK AİLE SAĞLIĞI MERKEZİ,Afyonkarahisar,Sinanpaşa,38.60884,30.34347,Afyonkarahisar,Correct
48E763C4-6D65-4FB6-8739-F79C84A8B056,AFYONKARAHİSAR MERKEZ SUSUZ AİLE SAĞLIĞI MERKEZİ,Afyonkarahisar,Merkez,38.81058,30.62052,Afyonkarahisar,Correct
92404F81-E830-4031-8F75-F814A86A8752,KANLICA ECZANESİ,Afyonkarahisar,Merkez,38.73673,30.54976,Afyonkarahisar,Correct
B079CBF4-FD9E-4E69-A520-F918E8AF3119,BERKAY NAYAN MUAYENEHANESİ,Afyonkarahisar,Merkez,38.75625,30.54051,Afyonkarahisar,Correct
F77CB8ED-83CF-42D8-B4A7-F9218520ECF1,MAHMUT TEMEL KULALI MUAYENEHANESİ,Afyonkarahisar,Merkez,38.78066,30.51328,Afyonkarahisar,Correct
46952576-8ED1-4965-B99C-F9A673C2D138,ÇOBANLAR ECZANESİ,Afyonkarahisar,Çobanlar,38.70156,30.78183,Afyonkarahisar,Correct
A9DD1A1F-9A7C-45BF-A3A2-F9C2742E1586,ÖZDEMİR ECZANESİ,Afyonkarahisar,Dinar,38.05791,30.14835,Afyonkarahisar,Correct
61EB9FE2-F51D-4C24-A326-FA4BEA2E6B98,SEVGİ ECZANESİ,Afyonkarahisar,Merkez,38.77691,30.5213,Afyonkarahisar,Correct
550A8D9C-C8A8-4445-AE58-FA4FF64B2F86,SİNEM ECZANESİ,Afyonkarahisar,Sinanpaşa,38.72847,30.37852,Afyonkarahisar,Correct
EFB16823-C113-495F-ABC9-FB13FA632092,EREN ECZANESİ,Afyonkarahisar,Dinar,38.06692,30.16671,Afyonkarahisar,Correct
3DBBFEFB-A511-4A2D-8284-FBE483320C97,AFYONKARAHİSAR İSCEHİSAR MERKEZ 1 NOLU AİLE SAĞLIĞI MERKEZİ,Afyonkarahisar,İscehisar,38.82996,30.71315,Afyonkarahisar,Correct
16E4C7B8-235C-416E-AE8F-FC286982533D,OKAN ECZANESİ,Afyonkarahisar,Merkez,38.71642,30.72064,Afyonkarahisar,Correct
7B664478-CD0B-4AC8-A339-FC94CB33DB80,AFYONKARAHİSAR DEVLET DEMİR YOLLARI SAĞLIK BİRİMİ,Afyonkarahisar,Merkez,38.76264,30.55275,Afyonkarahisar,Correct
8BFBE4CB-A2F3-48F6-8877-FE6391FBA8CF,AHMET ŞAHİN ÖZDEMİR MUAYENEHANESİ,Afyonkarahisar,Şuhut,38.53567,30.54792,Afyonkarahisar,Correct
