UnitId,UnitName,CityName,DistrictName,Latitude,Longitude,DetectedCity,Match
5D89340F-A56A-4C91-8D39-0412BC9EA587,BULUT ECZANESİ,Çorum,Merkez,40.55515,34.97472,Çorum,Correct
3BE83713-8669-42BF-847E-0487556BB92D,OĞUZLAR AİLE SAĞLIĞI MERKEZİ,Çorum,Oğuzlar,40.75432,34.7028,Çorum,Correct
840C3048-916D-4927-9D63-04BD420B10A3,İLTER EROĞLU MUAYENEHANESİ,Çorum,Osmancik,40.97498,34.79917,Çorum,Correct
A7FEE3FA-290D-433B-BBA8-04E45FF790DC,BOZDOĞAN ECZANESİ,Çorum,Merkez,40.52942,34.95304,Çorum,Correct
96DB5D08-2D17-4F84-A4A5-060E05D0A694,MACİTOĞLU ECZANESİ,Çorum,Merkez,41.02253,28.84823,İstanbul,Wrong
2D6380F9-45CD-421B-BD1E-0647D12094BD,AKMAN ECZANESİ,Çorum,Merkez,39.32237,-76.45596,No Info,No Info
49932ADC-4ADC-4C1F-B0E4-06839E15BC42,BOSTANCI ECZANESİ,Çorum,Merkez,40.53461,34.95597,Çorum,Correct
C5E83830-1DF0-4C43-B9A0-06E9BE203CF6,BURCU ECZANESİ,Çorum,Osmancik,40.97437,34.79841,Çorum,Correct
024DB012-D029-40A3-854F-071F63285C6A,ECEM ECZANESİ,Çorum,Uğurludağ,40.165,34.83918,Çorum,Correct
C30FDD82-4B16-4773-A128-074F2301A6B7,DEMET DEMİRAY ZELVECİ MUAYENEHANESİ,Çorum,ÇORUM MERKEZ,39.61037,-76.07196,No Info,No Info
E367449B-1D29-426F-8F98-078343FDACED,CANSU ECZANESİ,Çorum,Merkez,40.54716,34.96685,Çorum,Correct
FA155C91-89C8-44CB-8DB2-082439E11EA8,LÜTFİ KILINÇKIRAN MUAYENEHANESİ,Çorum,Merkez,40.54893,34.95439,Çorum,Correct
7B878FCE-18A2-464E-90A3-0853CB00BD0B,ÇORUM MERKEZ İKBAL AİLE SAĞLIĞI MERKEZİ,Çorum,Merkez,40.58208,34.95158,Çorum,Correct
12A1FFB1-F23D-4AF1-BAB0-08C5FD82066C,SİRKECİLER ECZANESİ,Çorum,İskilip,40.73298,34.47296,Çorum,Correct
F1B8ADC3-DB7A-4C46-BEAC-0948EA82CE91,ÇORUM DODURGA İLÇE DEVLET HASTANESİ,Çorum,Dodurga,40.86939,34.80036,Çorum,Correct
16D2BD6B-C858-426D-9E54-0C17F69C4B56,ÇAĞLI ECZANESİ,Çorum,Merkez,40.55855,34.95939,Çorum,Correct
5B0662AA-CC76-4BE3-9E71-0D3362C1D454,ÖZHABOĞLU ECZANESİ,Çorum,Merkez,40.54669,34.95366,Çorum,Correct
F89661D8-F19E-4C9E-8F55-0DE5C504FBA2,KAPAKLI EKİN ECZANESİ,Çorum,Merkez,40.53064,34.95885,Çorum,Correct
11C88E13-616A-49BF-848E-0E9450811D87,ÇORUM MECİTÖZÜ DEVLET HASTANESİ,Çorum,Mecitözü,40.52332,35.28888,Çorum,Correct
0E230E6C-3AE8-4A05-8B8E-1007AD20BEE9,ÇAĞLAR ECZANESİ,Çorum,Sungurlu,40.16387,34.37529,Çorum,Correct
F3529CEC-3C88-42A6-B1D3-11847272781A,ATLAS ECZANESİ,Çorum,Merkez,40.55519,34.97148,Çorum,Correct
C815490F-4922-45A9-B8EA-1189A0D96FDA,ÇORUM KARGI AHMET HAMDİ AKPINAR İLÇE DEVLET HASTANESİ,Çorum,Kargi,41.1337,34.48556,Çorum,Correct
B45959FF-B05A-466E-99F1-11D322714EF4,ÇORUM OSMANCIK 2 NOLU AİLE SAĞLIĞI MERKEZİ,Çorum,Osmancik,40.98173,34.80448,Çorum,Correct
39927623-FEB6-4D17-BCCD-11E624BD7806,YASEMİN ECZANESİ,Çorum,Merkez,40.54257,34.9524,Çorum,Correct
687E4664-7EAF-489A-8EC4-11F81FE19B0F,DAMLA-HAKAN BİŞİRİCİ MUAYENEHANESİ,Çorum,Merkez,40.55131,34.95927,Çorum,Correct
1719D59F-C2AF-4A3D-A2CB-12D1185AC320,YAŞAM ECZANESİ,Çorum,Merkez,40.54989,34.96476,Çorum,Correct
E7BE40ED-E303-47BE-830D-1327AB925512,KAFKAS ECZANESİ,Çorum,Alaca,40.16746,34.84263,Çorum,Correct
1454698A-0F09-40D6-9CE8-13D7B4A24D3A,ŞAHİN ECZANESİ,Çorum,Merkez,40.53006,34.95395,Çorum,Correct
D5AB6F3D-74AD-459E-A534-14ACC9A9DB74,MURAT KAHRAMAN MUAYENEHANESİ,Çorum,Merkez,40.55114,34.9579,Çorum,Correct
E8DA4E84-1779-4879-812D-15EC07EDEB57,KOÇAK ECZANESİ,Çorum,Merkez,41.00823,34.05305,Kastamonu,Wrong
FA860180-3269-45A6-8C4A-16E43F15975C,HİTİT ECZANESİ,Çorum,Merkez,40.56582,34.93581,Çorum,Correct
6E9F6AED-3A2B-4091-A1CF-191376BE8B4F,ÇORUM AĞIZ VE DİŞ BUHAREVLER POLİKLİNİĞİ,Çorum,Merkez,40.57694,34.95332,Çorum,Correct
1808DEB6-7D6D-4534-B7C2-1B177E891D7E,BURAK NUMAN UĞURLU MUAYENEHANESİ,Çorum,Merkez,39.49247,-76.22916,No Info,No Info
2F687B3E-0742-4A53-8F67-1B6EFDC23562,MEYDAN ECZANESİ,Çorum,Kargi,40.97132,34.8029,Çorum,Correct
FA2173B2-8792-4FCB-B9D3-1C941F3425F6,ÇORUM MERKEZ ÇINAR AİLE SAĞLIĞI MERKEZİ,Çorum,Merkez,40.57588,34.9621,Çorum,Correct
F192020F-F956-4055-B96C-1EF17AFA7D82,DİYETİSYEN AYŞİN AVŞAR,Çorum,Merkez,40.27242,35.24774,Çorum,Correct
E84DF8D8-D06A-4C77-908D-1F5729679AE3,DERMAN ECZANESİ,Çorum,Merkez,40.55593,34.95607,Çorum,Correct
FDD88595-88A6-4675-A74E-20529F610DC1,ÖZGE ECZANESI,Çorum,Merkez,39.24047,-76.56516,No Info,No Info
108EB1E2-6176-4283-A405-2092D64B826C,ŞİFA ECZANESİ,Çorum,Osmancik,40.97584,34.80022,Çorum,Correct
314B8C90-6A11-4824-8998-20ECD91AA3A1,BAYRAK ECZANESİ,Çorum,Alaca,40.16958,34.85032,Çorum,Correct
9D2CE0DA-A9AD-4428-B729-22DACD3F6A14,SÖNMEZ ECZANESİ,Çorum,Merkez,40.55519,34.97064,Çorum,Correct
D78B3E26-F43D-4F05-AB6B-23408DC5F2D1,HAYAT ECZANESİ,Çorum,Alaca,40.16981,34.84192,Çorum,Correct
73344AF8-94AC-4798-B1D5-2484FE33EF3A,YAĞLILAR ECZANESİ,Çorum,Alaca,40.17089,34.84128,Çorum,Correct
8F901C24-F9D5-4703-A0D5-2488DF5BA4C8,DEVA ECZANESİ,Çorum,Osmancik,40.98119,34.80183,Çorum,Correct
5562E2E0-91FF-46E4-A219-25185F38A34B,MEHMET SEÇKİN ÖZIŞIK MUAYENEHANESİ,Çorum,ÇORUM MERKEZ,40.54949,34.95547,Çorum,Correct
8ACF2329-0774-4515-AF63-27664EAAB287,YILDIRIM ECZANESİ,Çorum,Alaca,40.17071,34.84312,Çorum,Correct
352E86B0-D083-4E93-8814-281CDF236571,ÇORUM MERKEZ HASANPAŞA AİLE SAĞLIĞI MERKEZİ,Çorum,Merkez,40.53866,34.95467,Çorum,Correct
6E320CCD-1FAB-4ACF-B7A3-28EF1A3C5873,BİLGE ECZANESİ,Çorum,Merkez,40.54955,34.96488,Çorum,Correct
9B372A96-692E-40A1-9040-29F300AB5EE1,BAŞAK ECZANESİ,Çorum,Merkez,41.04576,41.00485,Rize,Wrong
00208D81-B73A-43BD-8840-2AC592E59CD3,GÜNAYDIN ECZANESİ,Çorum,Merkez,40.5389,34.95344,Çorum,Correct
752D2E62-0DB1-48F9-B36B-2ACCD0180468,ALAFOĞLU ECZANESİ,Çorum,Sungurlu,40.16368,34.37178,Çorum,Correct
7058D7D5-4D1D-4781-8168-2ADC8928A186,LEBLEBİCİOĞLU ECZANESİ,Çorum,Merkez,40.27253,35.24772,Çorum,Correct
D6CED328-4BB3-4DF6-BB11-2BDA71937889,SERKAN ECZANESİ,Çorum,Merkez,40.5414,34.9712,Çorum,Correct
9B1BDF74-FC5A-47A7-9AEA-2E135F04E722,ÇORUM ALACA DEVLET HASTANESI,Çorum,Alaca,40.17606,34.8571,Çorum,Correct
3CE65071-776A-4330-9185-2EC22D54CC64,KONAK ECZANESİ,Çorum,Merkez,40.272,35.25004,Çorum,Correct
BC9885A1-B715-49D6-B131-2F8A7C6A4D88,ÖMÜR ECZANESİ,Çorum,Merkez,37.65511,30.53815,Burdur,Wrong
82242371-03F7-48B7-9FC3-339963E9A0AE,ÇORUM MERKEZ ULUKAVAK AİLE SAĞLIĞI MERKEZİ,Çorum,Merkez,40.56285,34.95266,Çorum,Correct
AE5E01F3-3A1B-4E44-A1F1-34596EE477DE,HEKİMOĞLU ECZANESİ,Çorum,Sungurlu,38.27895,31.91084,Konya,Wrong
06F6ECEA-44C4-4103-BB14-34C50A4E5BDE,ÖZEL IŞIN GÖZ HASTALIKLARI MERKEZİ,Çorum,Merkez,40.5508,34.95498,Çorum,Correct
76609781-1D94-4C16-AC8B-355DB1371446,SELİM DEMİRCİ MUAYENEHANESİ,Çorum,Merkez,40.55514,34.9748,Çorum,Correct
3F0DB2C8-BCAB-43A2-ACD6-36415E7B7F58,MEHMET ECZANESİ,Çorum,Osmancik,40.97411,34.79911,Çorum,Correct
ED96DFF9-DE6C-44C3-B3AD-36738A0034C5,ÜNALDI ECZANESİ,Çorum,Merkez,39.04877,-76.82076,No Info,No Info
7FA9EF62-04E2-4F3A-9FF3-37A93E45DFC8,ÇORUM SUNGURLU T TİPİ KAPALI CEZAEVİ REVİRİ,Çorum,Sungurlu,40.14272,34.27872,Çorum,Correct
52284F68-088D-491A-8AC3-37B29EF0B5E9,TERLEMEZ DİŞ POLİKLİNİĞİ,Çorum,Merkez,40.55053,34.95605,Çorum,Correct
CD60DCBF-6784-42DF-872E-386E50BE0565,ALTAY ERDEM KAYA MUAYENEHANESİ,Çorum,Merkez,40.54975,34.95607,Çorum,Correct
45C665EE-A1A4-473E-B960-389BA096E760,ÇORUM UĞURLUDAĞ DEVLET HASTANESİ,Çorum,Uğurludağ,40.44538,34.45241,Çorum,Correct
AB5F1C98-C090-499A-B8DC-3949358A98A2,ÇORUM OSMANCIK 3 NOLU AİLE SAĞLIĞI MERKEZİ,Çorum,Osmancik,40.97519,34.80036,Çorum,Correct
DA80BFF1-8C75-4B0E-A4AC-396614FF3F06,KUBATLAR ECZANESİ,Çorum,Merkez,40.5522,34.9621,Çorum,Correct
640AD521-03A1-4B72-A43C-3B4F6D0107A8,ÇORUM MERKEZ AKKENT AİLE SAĞLIĞI MERKEZİ,Çorum,Merkez,40.54305,34.89418,Çorum,Correct
D1B77CDB-F60E-42DC-9785-3C70FFE6E343,KARAKAŞLI AĞIZ VE DİŞ SAĞLIĞI POLİKLİNİĞİ,Çorum,Merkez,40.27172,35.24805,Çorum,Correct
5F2377DE-5613-4717-8D6C-3E55E0102092,KAYA ECZANESİ,Çorum,Merkez,40.5398,34.95489,Çorum,Correct
1F54F651-F6D7-4822-9B6B-40182858DE1F,ÇORUM MECİTÖZÜ AİLE SAĞLIĞI MERKEZİ,Çorum,Mecitözü,40.55096,34.95601,Çorum,Correct
73B31D20-38FC-4E8F-AFBF-40801360B832,ÇORUM ALACA 3 NOLU AİLE SAĞLIĞI MERKEZİ,Çorum,Alaca,40.16677,34.85764,Çorum,Correct
0BCD5727-7BEB-4C77-B30D-40855A6F7FFF,ÇORUM MERKEZ BUHARA AİLE SAĞLIĞI MERKEZİ,Çorum,Merkez,40.56772,34.96108,Çorum,Correct
FF0F76CF-D8F2-43D4-8C16-41418C9161F1,ÇORUM ALACA TUTAŞ AİLE SAĞLIĞI MERKEZİ,Çorum,Alaca,40.09721,35.04864,Çorum,Correct
37883D5A-3D8F-4D28-84FA-41833E72C974,ÇORUM MERKEZ BAHAR AİLE SAĞLIĞI MERKEZİ,Çorum,Merkez,40.54953,34.96613,Çorum,Correct
4556AB50-4C31-4732-AA60-41CF18A84918,UYSAL ECZANESİ,Çorum,Merkez,40.53465,34.95569,Çorum,Correct
FF8002B4-2586-4F36-A6A7-42747694DD25,MİLÖNÜ ECZANESİ,Çorum,Merkez,40.5469,34.96227,Çorum,Correct
FFA814FA-AD1F-4521-B8DF-44495789F992,GÖKGÖZ ECZANESİ,Çorum,Merkez,40.52916,34.95275,Çorum,Correct
39A5874C-5179-49A1-A720-4486A2D05CE4,ÇAĞATAY ECZANESİ,Çorum,Sungurlu,40.86239,29.39,Kocaeli,Wrong
9D8B90D1-A07D-4703-B15C-454AB404C8A2,ÖZEL EMRE GÖZ MERKEZİ,Çorum,Merkez,40.54892,34.95228,Çorum,Correct
8472C781-A5B8-4355-B31E-458EC0575981,SALİH ERTÜRK MUAYENEHANESİ,Çorum,Osmancik,40.97289,34.79771,Çorum,Correct
8F3BBFB3-2D6F-45D3-A981-45FB5D01E262,ÇORUM MERKEZ BAĞCILAR AİLE SAĞLIĞI MERKEZİ,Çorum,Merkez,40.52776,34.95656,Çorum,Correct
05064AEF-5BA9-474F-A2C2-465EEFEAB6FA,MİMAR SİNAN ECZANESİ,Çorum,Merkez,40.52882,34.94586,Çorum,Correct
F8B0F679-F6F9-45AA-BBC4-46D6BF615537,ÇORUM MERKEZ LOZANEVLER AİLE SAĞLIĞI MERKEZİ,Çorum,Merkez,40.86941,34.79899,Çorum,Correct
D1F499A3-ACE5-4E0F-91BF-47263A266183,SELMA ERYÜKSEL MUAYENEHANESİ,Çorum,Merkez,40.54915,34.95451,Çorum,Correct
44AF1DDE-E634-4A94-81A1-4867989C75EF,ÖNDER ECZANESİ,Çorum,Sungurlu,40.16556,34.37598,Çorum,Correct
14D334D0-E51D-4ACD-AED4-487DAB518ACC,TÜRKER ECZANESİ,Çorum,Merkez,38.93357,-76.97436,No Info,No Info
B1C24AA0-A279-4F1A-A021-4A2CDB8B5310,ALBAYRAK ECZANESİ,Çorum,Merkez,40.56302,34.95236,Çorum,Correct
C0F14015-A19A-48CF-9030-4A4A6D0DAA3E,ÇORUM OĞUZLAR DEVLET HASTANESİ,Çorum,Oğuzlar,40.75209,34.70437,Çorum,Correct
2AAE27DB-C601-4A30-8E57-4C27E96A6284,İKBAL ECZANESİ,Çorum,Merkez,40.56537,34.92899,Çorum,Correct
FD02BF4E-9496-4A5A-93A9-4D277F583885,ÇORUM KONAKLI AİLE SAĞLIĞI MERKEZİ,Çorum,ÇORUM MERKEZ,40.55562,34.97091,Çorum,Correct
D77C8EB3-80D9-4B2F-AF1B-4D364B97DE63,VOLKAN ECZANESİ,Çorum,Merkez,40.5502,34.95321,Çorum,Correct
99C22D4C-F73C-48A5-9FA3-4E0EF2C86423,DERYA ECZANESİ,Çorum,İskilip,40.72676,34.46791,Çorum,Correct
9BB1A904-96C9-4A9E-8EB1-4E17B630B828,YAREN ECZANESİ,Çorum,Merkez,39.31697,-76.46316,No Info,No Info
6165EE49-92F9-4597-939A-4ED405BDB3FF,SONER ECZANESİ,Çorum,Merkez,40.55078,34.97437,Çorum,Correct
C491C9A6-13D4-4D67-9883-4F27C826A918,TİMUR-BURCU ÖZDEN MUAYENEHANESİ,Çorum,Merkez,40.55003,34.95453,Çorum,Correct
BC34D6A1-9A0F-4C89-A46D-50215DD1FC61,BUHARA ECZANESİ,Çorum,Merkez,41.3339,27.98024,Kapaklı,Wrong
0E56F5D9-ACC1-4F73-AD28-504466FA8332,ÇAĞDAŞ KADİT MUAYENEHANESİ,Çorum,ÇORUM MERKEZ,40.5513,34.96453,Çorum,Correct
DFEE62B2-D01A-4124-9663-504F4EDDEF70,SEVİNÇ ECZANESİ,Çorum,Merkez,40.55114,34.97427,Çorum,Correct
3AE4FE8E-8C1E-4EAB-9EB5-5123E9FDAAC9,HİT-FİT BESLENME VE DANIŞMANLIK,Çorum,Merkez,40.55112,34.95836,Çorum,Correct
8D877BA1-5FC4-4418-AC2A-52E4E9DE5137,ÖNAL ECZANESİ,Çorum,Merkez,40.54584,34.9601,Çorum,Correct
0E5B4F16-CE0A-48BC-AFE1-53086858A6C7,HATUN ÇİÇEKÇİ MUAYENEHANESİ,Çorum,Merkez,40.73283,34.4739,Çorum,Correct
B2E8386F-FC49-4E6A-8551-5421FDCFB87E,ELİF İNCEER BİŞİRİCİ MUAYENEHANESİ,Çorum,Merkez,40.55117,34.95843,Çorum,Correct
79A8C56E-CE2E-48AF-BF55-55011CF30C64,ÇORUM BOĞAZKALE AİLE SAĞLIĞI MERKEZİ,Çorum,Boğazkale,40.02791,34.60034,Çorum,Correct
F0159E3B-CB2B-4827-9EE1-5671DEBA6B8B,ÇORUM LAÇİN MERKEZ AİLE SAĞLIĞI MERKEZİ,Çorum,Laçin,40.77283,34.89009,Çorum,Correct
F56D7AA6-8B4A-4E4A-A120-57C6E04EF149,SEVDA ECZANESİ,Çorum,Merkez,40.54787,34.96748,Çorum,Correct
952AF523-A778-4B47-9084-57D7172874BB,ÇORUM MERKEZ EKİN AİLE SAĞLIĞI MERKEZİ,Çorum,ÇORUM MERKEZ,40.53654,34.96258,Çorum,Correct
8C48B805-527E-4456-84FE-5B3819DC8404,23 NİSAN ECZANESİ,Çorum,Merkez,40.56055,34.96063,Çorum,Correct
418C4A21-A2FA-4FB9-A30A-5B8D64C629B4,ÇORUM MERKEZ GÜLABİBEY AİLE SAĞLIĞI MERKEZİ,Çorum,Merkez,40.5389,34.95364,Çorum,Correct
262B78B7-FEE8-46C7-AE16-5C4BEE3C0186,GAZI ECZANESİ,Çorum,Merkez,40.57082,34.96325,Çorum,Correct
8B1C3376-433E-4F01-90AD-5EDB46423833,ESRA ECZANESİ,Çorum,Osmancik,40.97526,34.80329,Çorum,Correct
0D10E96B-6EE7-44E6-9AE9-5FCBD5085CF2,ÇORUM MERKEZ KUNDUZHAN AİLE SAĞLIĞI MERKEZİ,Çorum,Merkez,40.55353,34.95149,Çorum,Correct
74734C00-0804-4309-B680-60CA420627B6,DENTAÇORUM AĞIZ VE DİŞ SAĞLIĞI KLİNİĞİ,Çorum,Merkez,40.55149,34.96019,Çorum,Correct
D3D17911-821D-4AE6-9D1B-615A879CF589,ARYA ECZANESİ,Çorum,Merkez,37.49048,37.29701,Kahramanmaraş,Wrong
6FAD7F74-1D98-45CD-889A-6264ECF6E45F,ÇORUM ALACA 2 NOLU AİLE SAĞLIĞI MERKEZİ,Çorum,Alaca,40.15912,34.83997,Çorum,Correct
222170B5-9138-4041-BD03-63CE7A74B0E1,SAĞLIK ECZANESİ,Çorum,Merkez,40.54719,34.96043,Çorum,Correct
2447ABE5-B14D-4DB2-A9CE-6471E04C5F15,ENGİNİN ECZANESİ,Çorum,Alaca,40.16915,34.84058,Çorum,Correct
204DDF25-AAB3-4C7E-ABA6-656AEEDE56CF,İSTOPLAST,Çorum,Merkez,40.55507,34.97588,Çorum,Correct
CA85FC41-AFC2-44E0-B482-65FFE1A6D72A,ŞİFA ECZANESİ,Çorum,Oğuzlar,39.53207,-76.17636,No Info,No Info
2761C27D-C65F-4E00-ABE4-67442F785EE8,ÇORUM GÜLABİBEY AĞIZ VE DİŞ SAĞLIĞI POLİKLİNİĞİ,Çorum,Merkez,40.53755,34.95284,Çorum,Correct
958DC569-260F-4B6C-B46E-679F8745A8BF,GÜNEŞ ECZANESİ,Çorum,Merkez,41.26752,26.68677,Edirne,Wrong
D9FA5371-2859-4129-9F64-679F95CA32F0,ÇORUM MERKEZ YAVRUTURNA AİLE SAĞLIĞI MERKEZİ,Çorum,Merkez,40.5484,34.96466,Çorum,Correct
C8291479-2012-4D2C-8830-681D7F2217B8,ÇORUM KARGI MERKEZ AİLE SAĞLIĞI MERKEZİ,Çorum,Kargi,41.13404,34.48392,Çorum,Correct
3BACDDED-2047-47FE-95E5-684C06939B35,HAYAT ECZANESİ,Çorum,Dodurga,40.85699,34.81226,Çorum,Correct
5F20201D-2CDA-44C2-AE5A-69DF675687AD,MURAT ECZANESİ,Çorum,Merkez,40.55516,34.95162,Çorum,Correct
1C91D4BC-BA6D-41A5-BA68-6A37D1B79DCC,LOKMAN ECZANESİ,Çorum,Merkez,40.52776,34.95572,Çorum,Correct
C38AB1B5-9722-43EC-9CE5-6A833BCC19C6,MERKEZ ECZANESİ,Çorum,Osmancik,40.97996,34.80174,Çorum,Correct
8011E181-D74E-4E3A-88E8-6B57C4130080,MEHMET GÜLERYÜZ MUAYENEHANESİ,Çorum,Merkez,40.55138,34.95804,Çorum,Correct
43A8AE00-6AE4-400B-9C5F-6D018320A33D,GÖKMEN ECZANESİ,Çorum,Merkez,40.56145,34.95264,Çorum,Correct
3854B2BD-0A1B-472A-90B5-6D0F6A3282E6,TAMER ELBİR MUAYENEHANESİ,Çorum,Merkez,40.54964,34.95582,Çorum,Correct
B84A935E-0F5D-4D70-8FE4-6E2A487B30CF,ÇELİKER ECZANESİ,Çorum,Alaca,40.17581,34.85527,Çorum,Correct
5244A20C-8DC9-4870-A3BE-6EE7E403DD4E,ÇORUM DODURGA AİLE SAĞLIĞI MERKEZİ,Çorum,Dodurga,40.85638,34.81562,Çorum,Correct
566D3ED9-E0F8-4048-BB91-6EEA0EDF2C98,ÇORUM SUNGURLU 1 NOLU AİLE SAĞLIĞI MERKEZİ,Çorum,Sungurlu,40.16586,34.38148,Çorum,Correct
ECC7D84A-9464-4CFB-BCAD-6F3CE82D7B2F,ÇORUM MERKEZ HİTİTEVLER AİLE SAĞLIĞI MERKEZİ,Çorum,Merkez,40.57013,34.94387,Çorum,Correct
9B7A648C-366E-469C-A807-70D2D374A2D6,FAKÜLTE ECZANESİ,Çorum,Merkez,37.49138,37.29821,Kahramanmaraş,Wrong
AB2FE038-D75D-43CC-A408-71D0E2E14072,ÇALIŞKAN ECZANESİ,Çorum,Merkez,40.53612,34.93296,Çorum,Correct
78EEB9BF-82E7-45F5-815B-7283B541A6B1,SEDEF ECZANESİ,Çorum,Merkez,40.52829,34.95654,Çorum,Correct
60F7845B-8093-4622-A18E-728C9F3B3198,YENİ BEZGİNOĞLU ECZANESİ,Çorum,Merkez,40.55002,34.95347,Çorum,Correct
204F1A47-DA77-411B-8730-73113F476AB6,İSBİR ECZANESİ,Çorum,Merkez,40.55514,34.97473,Çorum,Correct
5D2250B8-428D-485A-AE39-745D9E752288,ÇORUM SUNGURLU SUNGURBEY AİLE SAĞLIĞI MERKEZİ,Çorum,Sungurlu,40.16217,34.37775,Çorum,Correct
F5648D47-D59E-4DA1-823D-7478E847FD2D,DANACI ECZANESİ,Çorum,Mecitözü,40.16963,34.84188,Çorum,Correct
87BBF383-0C37-4CFE-A2EC-751BAA8E683A,ÇORUM SUNGURLU 3 NOLU AİLE SAĞLIĞI MERKEZİ,Çorum,Sungurlu,40.1647,34.37553,Çorum,Correct
EC174DCF-7363-4629-ACC6-78577BBD91F5,ÇORUM ALACA 1 NOLU AİLE SAĞLIĞI MERKEZİ,Çorum,Alaca,40.17193,34.85472,Çorum,Correct
138D9B98-68C5-4628-9D26-78C1A6A0A0CD,ÇORUM MERKEZ ATA AİLE SAĞLIĞI MERKEZİ,Çorum,Merkez,40.53467,34.95549,Çorum,Correct
3AD1286F-C752-423F-8D07-78F106820968,ÇORUM UĞURLUDAĞ AİLE SAĞLIĞI MERKEZİ,Çorum,Uğurludağ,40.44307,34.46025,Çorum,Correct
C5FABEDE-7BBE-4CE2-8666-78F281149677,FİKRİ KARTAL ECZANESİ,Çorum,İskilip,40.73094,34.47143,Çorum,Correct
B9699A5E-4DBB-46C5-A937-7923886D2215,ÇORUM MERKEZ TSM,Çorum,Merkez,39.83797,33.5138,Kırıkkale,Wrong
62E7FCB9-CC11-4F2F-B491-795A59167EF1,ÇORUM MERKEZ ÖZEL SAĞLIK DİYALİZ MERKEZİ,Çorum,Merkez,40.54644,34.96741,Çorum,Correct
447A760C-BC2F-4090-B3A6-7A324B2B07E9,KARSLI ECZANESİ,Çorum,Merkez,40.96883,34.79874,Çorum,Correct
01C602C9-F4AA-4723-B946-7CC39979678F,ÇORUM OSMANCIK 1 NOLU AİLE SAĞLIĞI MERKEZİ,Çorum,Osmancik,40.96665,34.79638,Çorum,Correct
4CDC1319-075E-4555-A643-7EAB798976B8,ÇORUM İSKİLİP 100.YIL AİLE SAĞLIĞI MERKEZİ,Çorum,İskilip,40.72829,34.47735,Çorum,Correct
18F8049D-CA80-43D0-A934-7F1362039368,GÜL ECZANESİ,Çorum,Merkez,40.5389,34.95369,Çorum,Correct
30C3E24A-FEDC-4E96-A299-7F3238FF67E5,VEFA ECZANESİ,Çorum,Merkez,40.55106,34.95668,Çorum,Correct
DBF0349A-F274-4C8A-989C-821561FB2808,BÜYÜK ECZANESİ,Çorum,Merkez,39.67067,-75.99156,No Info,No Info
128058B0-0399-471F-BA6A-826AA24ABB9A,TOPÇUOĞLU ECZANESİ,Çorum,Osmancik,40.98048,34.8026,Çorum,Correct
F5635C20-F68D-4CEE-9F54-8666C9639AF5,ERENALP TEMİRTEKİN MUAYENEHANESİ,Çorum,Merkez,40.4653,37.77264,Ordu,Wrong
BB574E48-E277-4008-A25B-8705EDF589DD,ÇORUM ÖZEL İLGİ AĞIZ VE DİŞ POLİKLİNİĞİ,Çorum,Merkez,40.55014,34.95525,Çorum,Correct
0E49010B-8873-4475-8689-87F8B64A14FD,ÇORUM SUNGURLU DEVLET HASTANESİ,Çorum,Sungurlu,40.56738,34.95565,Çorum,Correct
4B8B47F4-6615-42C7-A954-8804BAAC25DF,DERMAN ECZANESİ,Çorum,Sungurlu,40.16408,34.37705,Çorum,Correct
11E1290C-C87C-404F-BCEF-88395735FAD2,DERMAN ECZANESİ,Çorum,İskilip,40.73123,34.47438,Çorum,Correct
03AE7EA6-31EB-4868-A7D2-8A6A22854D2B,ÇORUM MERKEZ GAZİ AİLE SAĞLIGI MERKEZİ,Çorum,Merkez,40.55815,34.95928,Çorum,Correct
F5A9EE05-67C4-4C36-BEAD-8B5A3F1E9CF8,ÇORUM ECZANESİ,Çorum,Merkez,37.48958,37.29581,Kahramanmaraş,Wrong
6AC27676-7839-4DA9-91CD-8E77896A5BFD,DOĞA ECZANESİ,Çorum,Merkez,40.55516,34.97162,Çorum,Correct
FCC0CA23-1374-4F08-B7B2-8F733F636880,KEMER ECZANESİ,Çorum,Osmancik,40.97226,34.79912,Çorum,Correct
9ACAFB85-CD23-40FD-8C52-9026BC227418,ÇORUM MERKEZ GÜNEŞ AİLE SAĞLIĞI MERKEZİ,Çorum,Merkez,40.56035,34.95556,Çorum,Correct
8DA94A6E-F1FA-4344-8E35-9204A6A4A6A1,KARGI ECZANESİ,Çorum,Kargi,40.97482,34.80503,Çorum,Correct
E910E3C5-9A2C-40FE-AEC6-9281C0A1B50B,ÖZÇETİN ECZANESİ,Çorum,Merkez,40.56771,34.95007,Çorum,Correct
2590F485-06FF-40C5-9143-92A80466B72E,KARAOĞLU ECZANESİ,Çorum,Merkez,40.56032,34.9558,Çorum,Correct
41741D5C-A8BE-47B0-BF81-92DB3D05E7B5,ÇORUM MERKEZ HAYAT AİLE SAĞLIĞI MERKEZİ,Çorum,Merkez,40.53847,34.97494,Çorum,Correct
80C30E14-DD38-4285-8A26-934024BA5BDB,BÜLBÜLOĞLU ECZANESİ,Çorum,Merkez,40.54688,34.96195,Çorum,Correct
A0C53977-7137-42C3-983C-938E2226FA62,YÜKSEL ECZANESİ,Çorum,Merkez,40.5428,34.95484,Çorum,Correct
D33E54C4-F795-4557-8ADE-949D429EE1EB,ÇORUM OSMANCIK BAŞPINAR ASM,Çorum,Osmancik,40.90728,34.94015,Çorum,Correct
CF2EC2F8-1265-4284-9674-95985D79317D,ELİF ECZANESİ,Çorum,Merkez,40.27193,35.24795,Çorum,Correct
36B359D6-9D66-45A0-9A51-96F0E9E319D8,NAİL ALTIAYLIK MUAYENEHANESİ,Çorum,Merkez,40.55196,34.95788,Çorum,Correct
80D86D32-A0FC-4649-9525-97346CB3A51E,DUYGU ECZANESİ,Çorum,Merkez,40.55086,34.95701,Çorum,Correct
E32405DD-9CB1-494D-8521-9762CB480809,HİCRET ECZANESİ,Çorum,Alaca,40.16941,34.85035,Çorum,Correct
D79E0287-F2D8-4F51-A879-994BF70D88D7,DEMET ECZANESİ,Çorum,Osmancik,40.97958,34.8014,Çorum,Correct
63BFF902-AA1F-4488-8558-9C2805C5F669,OYA ECZANESİ,Çorum,Merkez,40.55143,34.95821,Çorum,Correct
12F784C6-ED3F-4326-86C4-9D12F50929F8,AHMET SERKAN ORUÇ MUAYENEHANESİ,Çorum,Merkez,40.27249,35.24773,Çorum,Correct
40ECE228-8866-4E2C-BC16-9D299571879C,ŞİFA ECZANESİ,Çorum,İskilip,39.53207,-76.17636,No Info,No Info
2C027F4F-A93E-4B20-B32C-9DD3C92DDEEF,SERDAROĞLU ECZANESİ,Çorum,İskilip,40.73283,34.47387,Çorum,Correct
4B47AC7E-6B95-4CBE-B70E-9ED8C5CA4999,FATİH KAZANCI MUAYEHANEHESİ,Çorum,Merkez,40.55093,34.95843,Çorum,Correct
0D98E5BB-1E35-44A8-A106-A01C7E46766B,ÇORUM MERKEZ KARŞIYAKA AİLE SAĞLIĞI MERKEZİ,Çorum,Merkez,40.54654,34.97498,Çorum,Correct
D5EFAEC9-9671-4F96-8CB3-A044ADB1F1EE,BOĞAZKALE ECZANESİ,Çorum,Boğazkale,40.16395,34.37557,Çorum,Correct
04002854-83D9-42D2-84BE-A0E6F3C5524C,GENÇKURT ECZANESİ,Çorum,Alaca,40.17127,34.84093,Çorum,Correct
29AC2522-E0C5-4DE2-B436-A1B56E834904,HABOĞLU ECZANESİ,Çorum,Merkez,40.55511,34.97186,Çorum,Correct
8E3F262C-6AB6-40D8-8B93-A230EB63367F,GÜNEŞ ECZANESİ,Çorum,Osmancik,40.97211,34.79923,Çorum,Correct
5AF7CF1D-25A5-46CE-975D-A24FF7AEEF2B,EĞİTİM ECZANESİ,Çorum,Merkez,40.55679,34.95924,Çorum,Correct
F2A64B69-07A7-40DE-99EC-A266FA410C92,ARZUM ECZANESİ,Çorum,Sungurlu,40.16308,34.37493,Çorum,Correct
97819888-16A8-49BB-85BF-A532DB5FB425,ÖZKAN ECZANESİ,Çorum,Mecitözü,40.52027,35.29701,Çorum,Correct
E640A74E-CF8C-4EF5-9FCE-A60EE8ED6DF0,BOLAT ECZANESİ,Çorum,Merkez,40.5701,34.94555,Çorum,Correct
3BBF107F-8CF0-43F2-9D5F-A71550B7ACDC,ÇORUM MERKEZ ÜÇTUTLAR AİLE SAĞLIĞI MERKEZİ,Çorum,Merkez,40.53695,34.97547,Çorum,Correct
EFB65F67-5ED9-44A8-88F5-A7EEC15A2F71,GÜLCAN ECZANESİ,Çorum,Sungurlu,40.16314,34.37478,Çorum,Correct
2178BDB1-E68D-42E8-9373-A865C00D6E3D,ÇORUM İSKİLİP MERKEZ TSM,Çorum,İskilip,40.72823,34.46755,Çorum,Correct
4DE87DD0-7065-4756-8B31-A92BF1DB325D,ÇORUM MERKEZ BAHABEY AİLE SAĞLIĞI MERKEZİ,Çorum,Merkez,40.54138,34.97131,Çorum,Correct
E425BEA5-FDFA-4BA6-A456-AA0AD0F0BFF6,ÇORUM GÖĞÜS HASTALIKLARI HASTANESİ,Çorum,Merkez,39.75278,37.01117,Sivas,Wrong
BB7EF01E-C2B8-4EFC-94CE-AAAA5A37186B,SUNGURLU ECZANESİ,Çorum,Sungurlu,40.16478,34.37824,Çorum,Correct
FCA791F3-2D09-487B-A0C0-AAEFCBC8ADCC,YAREN ECZANESİ,Çorum,Bayat,40.83673,34.41176,Çorum,Correct
5FE0D9BD-0624-4EC6-90AF-AD8313AB7D40,NECLA AKÇA MUAYENEHANESİ,Çorum,Merkez,40.54925,34.95528,Çorum,Correct
2FE3B6D8-27D3-4B10-9D0B-ADAFEB2D4A9E,ÇORUM MERKEZ KALE AİLE SAĞLIĞI MERKEZİ,Çorum,Merkez,40.54561,34.9598,Çorum,Correct
03F2B0A7-0E3F-4570-97F6-ADE9FF497A42,ÇORUM MERKEZ SÖĞÜTLÜEVLER AİLE SAĞLIĞI MERKEZİ,Çorum,Merkez,40.56582,34.9358,Çorum,Correct
AB81A84F-D1D0-4FEF-93E4-AE29B77EE7AD,SEDA KARATEPE GEZER MUAYENEHANESİ,Çorum,ÇORUM MERKEZ,40.55032,34.95579,Çorum,Correct
7595B4E3-B256-400A-839C-B2F220CE1692,DEVA ECZANESİ,Çorum,Merkez,40.55454,34.97499,Çorum,Correct
345F7CD3-474A-4694-8D73-B502949926AC,YÜKSEL ECZANESİ,Çorum,İskilip,40.72817,34.47202,Çorum,Correct
5FC1C0A2-9FDE-4807-B9C3-B524655F48D8,MERKEZ ECZANESİ,Çorum,Sungurlu,40.86139,29.38839,Kocaeli,Wrong
CCD49F75-60AD-4EAA-BC3B-B7B7298590DE,ERAY ECZANESİ,Çorum,Merkez,40.85763,34.81606,Çorum,Correct
963BCA3F-B38C-4E59-B9B8-B8CFF00DF2DE,ÇORUM BAYAT DEVLET HASTANESİ,Çorum,Bayat,40.63645,34.2765,Çorum,Correct
8B8D2FF2-2697-4307-B821-B9224FB37CE7,ÖZDEN ECZANESİ,Çorum,İskilip,40.7275,34.4678,Çorum,Correct
C63CFD51-FC3D-4D57-96E4-BAA472CAB357,KARTAL ECZANESİ,Çorum,Merkez,40.55023,34.95336,Çorum,Correct
460CD23E-3FB3-4545-9E90-BBCF86828191,ÇORUM ÖZEL HASTANESİ,Çorum,Merkez,40.27072,35.25795,Çorum,Correct
56FFB5FB-CDCC-4DA6-B172-BC23BAB9C5F2,ÇORUM BAYAT MERKEZ AİLE SAĞLIĞI MERKEZİ,Çorum,Bayat,40.64048,34.26029,Çorum,Correct
BD83D553-8E47-4DAF-AE7E-BCFC8099DD3B,İNAL ECZANESİ,Çorum,Ortaköy,40.23891,33.02911,Ankara,Wrong
37D7DC37-1BF6-4F4A-8C04-BDF2B37E3DCF,CEYHUN ECZANESİ,Çorum,Merkez,37.00463,35.28777,Adana,Wrong
9D6C1F7A-3B18-4D6E-9BCA-BDF4E49C0141,DAMLA ECZANESİ,Çorum,Merkez,40.5437,34.95604,Çorum,Correct
88E4F1AB-14B4-4641-B9AE-C0692FD92447,ŞİFA ECZANESİ,Çorum,Merkez,40.55368,34.9514,Çorum,Correct
D21C297A-7F47-48E3-9087-C16A247C8F0B,ÇORUM OSMANCIK AKÖREN AİLE SAĞLIĞI MERKEZİ,Çorum,Osmancik,41.01328,34.9954,Çorum,Correct
94619F45-0603-43D2-945B-C325A1391C77,FERAH ECZANESİ,Çorum,Merkez,39.17927,-76.64676,No Info,No Info
72D786AD-4543-4C41-87A2-C374F570FEF7,UĞUR ECZANESİ,Çorum,Merkez,40.57029,34.94919,Çorum,Correct
4E0669A5-F466-4FCA-A5ED-C61743C4FED5,ÇORUM MERKEZ ŞENYURT AİLE SAĞLIĞI MERKEZİ,Çorum,Merkez,40.55126,34.97342,Çorum,Correct
4A8EB28F-9E69-4581-A39F-C8922B1547E5,YÜKSEL ECZANESİ,Çorum,Bayat,40.72817,34.47202,Çorum,Correct
75E17D2B-441D-429F-A5B7-C93C52551537,GÖZDE ECZANESİ,Çorum,Laçin,40.73771,34.47682,Çorum,Correct
78D58B08-A19D-468B-A801-C96221FB9898,SEDA ECZANESİ,Çorum,Merkez,40.55186,34.9743,Çorum,Correct
8341D824-F2B3-4737-9D1E-C9782B13F184,DERMAN ECZANESİ,Çorum,Osmancik,40.97315,34.79952,Çorum,Correct
6BA79934-4FD6-4326-9784-C9CF85D2A176,ÜNSAL ECZANESİ,Çorum,Sungurlu,40.86149,29.3888,Kocaeli,Wrong
8DB48707-A12E-473A-AB12-C9E04D04ED0B,YENİ MECİTÖZÜ ECZANESİ,Çorum,Mecitözü,40.5227,35.28978,Çorum,Correct
35D2BFD3-393A-4FE9-96C6-CA38A350B732,DİKEN ECZANESİ,Çorum,Merkez,40.55702,34.95845,Çorum,Correct
C6D55164-FB15-4CC2-B772-CB55AFA5812E,MURAT HASIRCI MUAYENEHANESİ,Çorum,Alaca,40.33453,34.42155,Çorum,Correct
1B3A2B39-BABD-44A9-894F-CB57D1F11B1F,ÇORUM MECİTÖZÜ EMİRBAĞ AİLE SAĞLIĞI MERKEZİ,Çorum,Mecitözü,40.40798,35.2716,Çorum,Correct
69CCF487-30DD-41DE-A819-CBC30626C166,MELTEM ÖZTÜRK MUAYENEHANESİ,Çorum,Merkez,40.55078,34.95683,Çorum,Correct
BCFD2B6F-8F68-46DC-BDE6-CDDAB67C0B81,ŞAMLIOĞLU ECZANESİ,Çorum,Merkez,40.55496,34.9726,Çorum,Correct
48219D66-31E6-40E6-A4EC-D2F26F0BC0A9,OSMANCIK ECZANESİ,Çorum,Osmancik,40.9804,34.80177,Çorum,Correct
618FE756-E286-40FA-88D7-D347400AC5AD,SÜNBÜLCÜ ECZANESİ,Çorum,Merkez,40.53469,34.95539,Çorum,Correct
78F6BB67-4E4D-4931-81F0-D4D5D07272D0,ÖZEL ÇORUM DİYALİZ MERKEZİ,Çorum,Merkez,40.57026,34.94682,Çorum,Correct
608A7318-9E82-4A4B-A6ED-D4F0A1B3ACE8,ÖZTÜRK ECZANESİ,Çorum,Merkez,39.20897,-76.60716,No Info,No Info
A542F731-F8C8-4751-9C40-D5216038731A,FUNDA ECZANESİ,Çorum,Merkez,40.77082,29.74785,Kocaeli,Wrong
4596C773-B6C1-43A4-AE38-D915D3E4757A,BİLGİN ECZANESİ,Çorum,Merkez,40.57065,34.94339,Çorum,Correct
FC4334C5-9774-4326-95D3-D9A7027873A9,BİNEVLER ECZANESİ,Çorum,Merkez,40.56771,34.96123,Çorum,Correct
B8267D0B-6FA2-44EB-AF2E-DAC9AFD1ACED,ŞİFA ECZANESİ,Çorum,Kargi,40.97584,34.80022,Çorum,Correct
6276F4CF-C346-428F-A9F2-DB95DABF270D,TC S.B. HİTİT ÜNİVERSİTESİ ÇORUM EROL OLÇOK EĞİTİM VE ARAŞTIRMA HASTANESİ,Çorum,Merkez,40.5328,34.92781,Çorum,Correct
380313E2-E796-4A4F-B124-DCF72A9D8D79,ASLAN ECZANESİ,Çorum,Osmancik,40.98175,34.80422,Çorum,Correct
5175A76C-7462-47F1-BD27-DE42D21C3DED,BİLGE ECZANESİ,Çorum,Osmancik,40.97424,34.79971,Çorum,Correct
B48C082D-622F-40A0-89B9-DF91AC64AD73,BARIŞ ECZANESİ,Çorum,İskilip,40.72762,34.46758,Çorum,Correct
F9D8E599-C209-491C-A141-E0F7744AB6B0,ESEN GÖKGÖZ GÜBÜT MUAYENEHANESİ,Çorum,Merkez,40.5514,34.9581,Çorum,Correct
65A8FCA0-31D6-4E10-948B-E1B4B4ED7481,İSKENDER ECZANESİ,Çorum,Merkez,40.5701,34.94554,Çorum,Correct
097C0ADE-E6C7-4C2D-9F3C-E2EBC1553177,ÇORUM İSKİLİP ERENLER AİLE SAĞLIĞI MERKEZİ,Çorum,İskilip,40.72741,34.47196,Çorum,Correct
F37E638D-5168-4871-8081-E3D2E8058E2E,SEÇİL ECZANESİ,Çorum,Merkez,40.53826,34.95302,Çorum,Correct
B4F5A445-C843-4BAB-BF81-E47835B713B4,ÇORUM ORTAKÖY DEVLET HASTANESİ,Çorum,Ortaköy,40.27162,35.25915,Çorum,Correct
AAABC3FC-2FCC-4A3F-BF74-E5FACA639ABE,ÇORUM İSKİLİP ATIF HOCA DEVLET HASTANESİ,Çorum,İskilip,40.7271,34.46633,Çorum,Correct
CE6E63C4-DDAF-413E-8ABF-E6CCC23216E5,ÇORUM SUNGURLU 2 NOLU AİLE SAĞLIĞI MERKEZİ,Çorum,Sungurlu,40.15764,34.37106,Çorum,Correct
EAC43D6F-8CB1-438B-AE75-E7059412782E,ODABAŞ ECZANESİ,Çorum,Merkez,40.57022,34.94534,Çorum,Correct
325F7ADB-BE7D-497A-BD58-E9B4B38F2458,ÇORUM OSMANCIK DEVLET HASTANESİ,Çorum,Osmancik,40.96666,34.79656,Çorum,Correct
61AB5C8A-7049-43E3-8F6E-EB7684C0008C,OZNUR YİRCİ MUAYENEHANESİ,Çorum,ÇORUM MERKEZ,40.55027,34.96563,Çorum,Correct
E9DFE8DF-60DD-4EC5-8289-EB945ABF0A36,DAMLA GÜMÜŞAĞA ECZANESİ,Çorum,Merkez,40.55465,34.97449,Çorum,Correct
02C84A6D-9ADC-4C32-B1BD-EB97D5284EDC,FATMA EMRALİ MUAYENEHANESİ,Çorum,Merkez,40.55322,34.95592,Çorum,Correct
69BB5062-09C6-4BC8-A4AF-ECF2FFAFCEEB,ŞİFA ECZANESİ,Çorum,Sungurlu,40.16245,34.37534,Çorum,Correct
12A7038B-0708-4DF3-8D50-ED8F5558D254,ÇORUM OSMANCIK KAMİL AİLE SAĞLIĞI MERKEZİ,Çorum,Osmancik,41.10589,34.74213,Çorum,Correct
34C0825D-F735-49B2-B642-EF8CD7B73749,KARAKAŞLI ECZANESİ,Çorum,Merkez,40.2716,35.24811,Çorum,Correct
2343BB1D-1BF9-425C-8B5B-EFCB84A83A67,GÜVEN ECZANESİ,Çorum,Merkez,40.53251,34.92827,Çorum,Correct
B38240BC-E3AF-49E6-A8CF-F1A59C9F8A0B,BAHABEY KALKAN ECZANESI,Çorum,Merkez,39.29267,-76.49556,No Info,No Info
56DD9A25-5FCF-4E1C-86BF-F2326F9C787D,ÇORUM SUNGURLU SALMAN AİLE SAĞLIĞI MERKEZİ,Çorum,Sungurlu,40.12036,34.52757,Çorum,Correct
F38F4D13-D306-4301-9809-F29601A81280,BÜYÜK ECZANESİ,Çorum,Kargi,40.97416,34.79957,Çorum,Correct
2640F7D7-4ACD-4D9E-B836-F33B8B468A57,YURDAGÜL DAMAR MUAYENEHANESİ,Çorum,Merkez,40.5507,34.95665,Çorum,Correct
6A50F2DF-E43F-4C9E-AA8F-F33C1CFA1969,ÇORUM MERKEZ MİMAR SİNAN AİLE SAĞLIĞI MERKEZİ,Çorum,Merkez,40.52893,34.95054,Çorum,Correct
D51EFEDE-3D1E-44BE-95D1-F3676D9B4AB4,ÇORUM MERKEZ BİŞKEK AİLE SAĞLIĞI MERKEZİ,Çorum,Merkez,40.58571,34.95857,Çorum,Correct
7589EDF0-A5F2-4685-8715-F37701191587,ESER ECZANESİ,Çorum,Merkez,40.55343,34.95213,Çorum,Correct
7E9BE8FC-A716-477A-9B22-F421A81EF80B,SERHAT KANTAR ECZANESİ,Çorum,Merkez,40.52914,34.95259,Çorum,Correct
DE160AE9-B937-4701-88AF-F68A8CC745C8,SEVGİ ECZANESİ,Çorum,Bayat,40.73067,34.47483,Çorum,Correct
7A3084CC-A984-4EE2-932B-F6C4E5A245F0,ERMAN ECZANESİ,Çorum,Merkez,40.56392,34.95356,Çorum,Correct
3C2243D9-3FA5-4D97-9C18-F6CCF9E3A3EE,PINAR ECZANESİ,Çorum,Merkez,40.55124,34.97424,Çorum,Correct
0DB007B7-7CA9-447D-8A4E-F8B3DCB63469,FATİH ECZANESİ,Çorum,Merkez,40.55872,34.96428,Çorum,Correct
C9FC59E7-9B80-4526-9E0B-F8D468527E40,ABALI ECZANESİ,Çorum,Merkez,39.53657,-76.17036,No Info,No Info
8CD31C76-C7C2-45C7-8840-FACFF8241565,ÇORUM MERKEZ MAHMUTEVLER AİLE SAĞLIĞI MERKEZİ,Çorum,ÇORUM MERKEZ,40.57501,34.93803,Çorum,Correct
CB05E7FF-2640-4A71-9A07-FC6E4BC5F00E,CADDE YEDİTEPE ECZANESİ,Çorum,Merkez,40.57354,34.95435,Çorum,Correct
A667E07F-31E0-40C6-9B7A-FC9B30F1DD49,ÇORUM MERKEZ ZAFER AİLE SAĞLIĞI MERKEZİ,Çorum,ÇORUM MERKEZ,40.53744,34.96378,Çorum,Correct
E351F365-6B4B-4A86-9B11-FCE3F7FE20A3,ÇORUM AĞIZ VE DİŞ SAĞLIĞI MERKEZİ,Çorum,Merkez,40.55067,34.96403,Çorum,Correct
64EC7F65-AEDB-4E2A-AD03-FEB656EFD92E,IHLAMUR ECZANESİ,Çorum,Merkez,40.57444,34.95555,Çorum,Correct
4AC08439-CCD6-47FA-9730-FEEFADED33F9,FUNDA ÜNAL ECZANESİ,Çorum,İskilip,40.73083,34.47125,Çorum,Correct
61BB89B4-AFD2-47DB-9A25-FF3F9C455BCC,KALENDER ECZANESİ,Çorum,Merkez,40.55106,34.96386,Çorum,Correct
