UnitId,UnitName,CityName,DistrictName,Latitude,Longitude,DetectedCity,Match
05228893-F2E6-4EF5-8A88-014F5E306C74,DENİZ ECZANESİ,Artvin,Murgul,41.17913,41.81733,Artvin,Correct
4CA6D3B4-7A48-48EA-A2D4-0498EF844A84,GÖKBERK ECZANESI,Artvin,Hopa,41.38714,41.44944,Artvin,Correct
D4323E61-75A5-4FE8-A4BF-06763169D2FA,BORÇKA MERKEZ TSM,Artvin,Borçka,41.48151,41.70794,Artvin,Correct
5121BB47-6432-462B-BE75-08EF8D0AED42,ÖZCAN ECZANESİ,Artvin,Şavşat,41.25205,42.35769,Artvin,Correct
AFC2F07E-B0E3-421F-87DD-121C93E89703,ARTVİN ŞAVŞAT 1 NOLU AİLE SAĞLIĞI MERKEZİ,Artvin,Şavşat,41.25193,42.35753,Artvin,Correct
C146E21B-1989-432E-9003-12DD55189534,YEĞENOĞLU ECZANESİ,Artvin,Hopa,41.38958,41.41641,Artvin,Correct
55EE1B4E-E4B2-497E-9644-1348B12BA531,ÖNDER BAYRAKTAR MUAYENEHANESİ,Artvin,Yusufeli,40.81962,41.54436,Artvin,Correct
6A6B1A02-D17C-418B-9021-17B6320F43CB,HALK ECZANESİ,Artvin,Hopa,41.48112,41.52703,Artvin,Correct
F4951664-51F8-4B1A-ADC3-18718FF1C9BF,AYÇA ECZANESİ,Artvin,Hopa,41.49194,41.53078,Artvin,Correct
2AA29722-0A01-42AD-92BB-1977D3B2A671,BİLGE ECZANESİ,Artvin,KEMALPAŞA,41.48458,41.5288,Artvin,Correct
91FCAAA0-8AE4-4CFC-838D-1D1D2439A4B9,LOTUS ECZANESİ,Artvin,Yusufeli,39.01637,-76.86396,No Info,No Info
0868D670-1434-48FE-8837-23A01A8FC4A4,ARTVİN YUSUFELİ 1 NOLU AİLE SAĞLIĞI MERKEZİ,Artvin,Yusufeli,40.83541,41.53902,Artvin,Correct
D5E014AE-D882-47A3-B575-242D0FCA6DF9,ÖMER ECZANESİ,Artvin,Merkez,41.18403,41.82039,Artvin,Correct
2783D60F-B6D9-4797-AE08-25C5A61CEBCE,MERKEZ ECZANESİ,Artvin,Şavşat,41.25295,42.35889,Artvin,Correct
A4BC47B8-4BD5-4F13-B388-28770C725C3A,TURNA ECZANESİ,Artvin,Arhavi,41.35525,41.31317,Artvin,Correct
276F0CC4-18BC-423C-A8D8-29387B56C001,ENES ERMIS VE MELIKE ERMIS MUAYENEHANESI,Artvin,Borçka,41.36324,41.67694,Artvin,Correct
7C9FD473-2936-4EC5-91CC-2C7D6AE7205A,NURDENİZ ECZANESİ,Artvin,Merkez,41.18178,41.81797,Artvin,Correct
FB63C870-2B36-48FF-A73A-2C7F6B41011F,KOÇAK ECZANESİ,Artvin,Yusufeli,41.3943,41.42057,Artvin,Correct
9BF43A9E-C878-4255-8A28-2E51BBA2F8A5,T.C. S.B. BORÇKA DEVLET HASTANESİ,Artvin,Borçka,41.35397,41.68012,Artvin,Correct
091515A6-406C-41DF-AB4F-2F80CA723EE8,SELİN ECZANESİ,Artvin,Hopa,38.01922,36.49892,Kahramanmaraş,Wrong
C16FF34D-EBAD-4E91-B4A4-342F60211F2E,ARTVİN BORÇKA 2 NOLU AİLE SAĞLIĞI MERKEZİ,Artvin,Borçka,41.35949,41.67243,Artvin,Correct
2BB08207-BA28-44C2-8B1F-358DEE94AE0D,ARHAVİ MERKEZ TSM,Artvin,Arhavi,41.35848,41.31782,Artvin,Correct
13D4E1C6-F188-47FF-9919-3D2C5B7DBB2D,T.C. S.B. ARTVİN ARDANUÇ DEVLET HASTANESİ,Artvin,Ardanuç,41.18384,41.82021,Artvin,Correct
701EDE60-9625-4C21-AA07-41B05AE19A90,OZAN ECZANESİ,Artvin,Merkez,41.18174,41.81908,Artvin,Correct
713AC2F4-7F91-41E4-9760-427A9B848F0E,ÖZLEM ECZANESİ,Artvin,Borçka,41.36056,41.67999,Artvin,Correct
3B72C8AF-C46B-4D8F-803E-466C8321D6DB,T.C. S.B. YUSUFELİ DEVLET HASTANESİ,Artvin,Yusufeli,40.81287,41.5507,Artvin,Correct
BA1BA0D7-8C97-44C9-B37D-496DD0E7E6C4,AKIN ECZANESİ,Artvin,Merkez,41.3946,41.42079,Artvin,Correct
76AE8F06-57AF-4093-9D6A-4A8FDBBD49CE,YASEMİN ECZANESİ,Artvin,Hopa,41.40394,41.43019,Artvin,Correct
4E800BBF-7324-49A4-8CC9-4ABCB6651D1A,GÖKTAŞ ECZANESİ,Artvin,Murgul,41.3882,41.45416,Artvin,Correct
031CC43D-F1EA-46DD-985C-539590224D4C,T.C. S.B. MURGUL DEVLET HASTANESİ,Artvin,Murgul,41.18294,41.81901,Artvin,Correct
533F1C43-1BE3-49C2-89B5-58C3A27A6EB0,ABDULKADİR YILDIRIM MUAYENEHANESİ,Artvin,Yusufeli,40.81362,41.55382,Artvin,Correct
82F4C4E7-E2AD-430D-BCF0-58C4EE40C1A0,UMUT ECZANESİ,Artvin,Merkez,41.28282,41.56378,Artvin,Correct
0C08B0C0-31DD-4820-803F-5AA181AE9029,AYHAN PALAŞOĞLU MUAYENEHANESİ,Artvin,Hopa,41.39598,41.42097,Artvin,Correct
72200A9A-1171-4B29-9606-5B9056114A83,T.C. S.B. ŞAVŞAT DEVLET HASTANESİ,Artvin,Şavşat,41.25671,42.35054,Artvin,Correct
97BEEC25-459E-4507-B217-709FA003554C,ARDANUÇ DEVLET HASTANESİ,Artvin,Ardanuç,41.12083,42.06871,Artvin,Correct
101DB802-4C0D-48A9-A8C9-7284AEED5794,T.C. S.B. ARTVİN DEVLET HASTANESİ,Artvin,Merkez,41.38748,41.44962,Artvin,Correct
D8868F8D-C18D-44B4-8052-72AB6CB1B7BE,T.C. S.B. ARTVİN AĞIZ VE DİŞ SAĞLIĞI MERKEZİ,Artvin,Merkez,41.18118,41.82053,Artvin,Correct
19D94B36-C3C0-45B8-A1C4-7384DAF0B5E6,SAĞLIK ECZANESİ,Artvin,Borçka,41.36371,41.67731,Artvin,Correct
1C814BA5-3C6D-4430-9B01-74C6C982103B,HOPA KEMALPAŞA ASM,Artvin,Hopa,41.48801,41.52958,Artvin,Correct
48A26F11-B039-4647-A4FC-7539AFC3AC1A,MELTEM ECZANESİ,Artvin,Merkez,41.18313,41.81919,Artvin,Correct
E3E72F03-0F02-4730-BE06-78E3D0E7FD8F,UZUN ECZANESİ,Artvin,Hopa,41.40268,41.42948,Artvin,Correct
F15A1C30-E930-430F-AFCB-7A1EB5E0C0F3,YENİ BAYRAKTAR ECZANESİ,Artvin,Arhavi,41.35034,41.29844,Artvin,Correct
16F87664-FC5A-4A07-B588-7B3CBFABCE3C,T.C. S.B. ARHAVİ DEVLET HASTANESİ,Artvin,Arhavi,41.35074,41.30002,Artvin,Correct
65E7F141-9C22-4C2E-A708-80B7CB41ECE2,LİVANE ECZANESİ,Artvin,Merkez,41.17929,41.81804,Artvin,Correct
94E0B2C1-C7EA-47E7-ADDC-86D2F07F8C12,HASAN DEDEOĞLU MUAYENEHANESİ,Artvin,Arhavi,41.35202,41.3091,Artvin,Correct
77E46261-2C38-42F3-A01B-8B8FE5234E4A,MEDEA ECZANESİ,Artvin,Hopa,41.48303,41.52699,Artvin,Correct
AE1C2DD2-A67A-4CF6-846F-912CEF9BEC29,SAĞLIK ECZANESİ,Artvin,Merkez,41.17932,41.81726,Artvin,Correct
21C850B9-8233-4466-8F41-94B969245820,HAYAT ECZANESİ,Artvin,Arhavi,41.35131,41.30925,Artvin,Correct
F9AF87BA-7E6A-49E4-B10B-950AB6AEB186,T.C. S.B. HOPA DEVLET HASTANESİ,Artvin,Hopa,41.40419,41.42841,Artvin,Correct
866C253C-1815-486A-96E2-A2EC317D4ACC,SARIKAYA ECZANESİ,Artvin,Yusufeli,41.39449,41.42071,Artvin,Correct
EA05B81B-1428-4619-9757-A34933B3E729,ALTINPOST ECZANESİ,Artvin,Hopa,41.39613,41.42169,Artvin,Correct
5786027C-A076-411C-A30D-A47A127B8A9B,ÖZIŞIK ECZANESİ,Artvin,Şavşat,41.12334,42.06561,Artvin,Correct
E6E7DCD8-3CDC-40F5-BE8D-A53ADEF18FA8,SARP ECZANESİ,Artvin,KEMALPAŞA,41.49439,36.07919,Samsun,Wrong
48BE8A95-D9E2-4179-AA3A-A98D9392F89F,JÜLİDE NAZLI ECZANESİ,Artvin,Hopa,41.39324,41.41841,Artvin,Correct
679190BB-72CF-438E-96C1-AA166A2159E5,HAKAN ECZANESİ,Artvin,Ardanuç,41.12866,42.07681,Artvin,Correct
1A29CE4E-DFE8-4BE0-B924-AA36A3F47F8D,ÇAMLICA ECZANESİ,Artvin,Merkez,41.39445,41.42068,Artvin,Correct
8DDBEC18-B6CC-43AA-9992-AAE706B71EEB,DEMİR ECZANESİ,Artvin,Merkez,41.18259,41.8195,Artvin,Correct
4AC021FB-AB69-44D1-91F9-AFA8986A99B9,HALK ECZANESİ,Artvin,Borçka,41.48112,41.52703,Artvin,Correct
9C170708-88A2-4936-9DDE-B024684C2C90,BİZİM ECZANESİ,Artvin,Ardanuç,41.18755,42.17913,Artvin,Correct
B8B90A02-7E12-4F8A-9EF8-B69D7EB9C64B,ARTVİN MERKEZ 1 NOLU AİLE SAĞLIĞI MERKEZİ,Artvin,Merkez,41.17811,41.81745,Artvin,Correct
A3A037B5-78CF-4B9E-8F0B-B8A826D246B3,ŞAVŞAT ECZANESİ,Artvin,Şavşat,41.17078,29.05979,İstanbul,Wrong
9B71E584-D877-4699-9A5F-B977DB60F1A5,AYLİN KESKİN ECZANESİ,Artvin,Merkez,41.39293,41.41864,Artvin,Correct
0EF39DE9-3177-4BB2-A91C-BA5DC1F6132F,ARTVİN HOPA 1 NOLU AİLE SAĞLIĞI MERKEZİ,Artvin,Hopa,41.38988,41.42411,Artvin,Correct
45185F12-8992-45E5-8BD1-BEFCFFB0E0E8,ARTVİN HOPA 2 NOLU AİLE SAĞLIĞI MERKEZİ,Artvin,Hopa,41.40467,41.42923,Artvin,Correct
C31E7B78-891D-4D6A-8E2B-C53057ED8BF3,ARTVİN ARDANUÇ 1 NOLU AİLE SAĞLIĞI MERKEZİ,Artvin,Ardanuç,41.12195,42.06574,Artvin,Correct
3D34C99E-0336-4E1A-9660-C67D95CFCADB,CEBECİ ECZANESİ,Artvin,Borçka,41.36205,41.67633,Artvin,Correct
B7B66159-02E7-4AB0-8546-CA0AEB221A16,NTD KLİNİK,Artvin,Hopa,41.40178,41.42828,Artvin,Correct
7B2AFAEB-B8F6-4C31-AADA-CBAD097D2A85,VATAN ECZANESİ,Artvin,Hopa,41.38812,41.45327,Artvin,Correct
0B731616-0E9A-41FA-94A0-CE3BCE086030,YAĞMUR ECZANESİ,Artvin,Merkez,36.60359,30.56302,Antalya,Wrong
EB4FD9BE-DA1A-492D-BB79-CF283B4C34B6,ARTVİN ARHAVİ 1 NOLU AİLE SAĞLIĞI MERKEZİ,Artvin,Arhavi,41.3553,41.31304,Artvin,Correct
11812ECC-E30C-45A7-AFD4-D11431D605D3,TURHAN YILMAZLAR MUAYENEHANESİ,Artvin,Hopa,41.40671,41.43059,Artvin,Correct
DA3DC2DE-1E65-4F7E-B4F9-DD722C026E69,ALEV AKTÜRK MUAYENEHANESİ,Artvin,Hopa,41.40038,41.42564,Artvin,Correct
913D8100-2C1D-4C2F-9B87-DF0C95D64D7A,SERHAT ECZANESİ,Artvin,Şavşat,41.26473,42.44459,Artvin,Correct
CD23B5E6-C705-4BA5-91DE-E78743E61FB7,ARHAVİ ECZANESİ,Artvin,Arhavi,41.3511,41.30588,Artvin,Correct
DD1D6767-BAE7-43AF-B314-EBE827DA0291,ÖMÜR ECZANESİ,Artvin,Merkez,41.18209,41.81769,Artvin,Correct
9CFCAA4A-778E-41B6-8F40-EF5C1816B95D,ARTVİN MERKEZ TSM,Artvin,Merkez,41.18165,41.8159,Artvin,Correct
1A0885E9-CD74-48E7-B36A-F0ACF145809E,ARTVİN MERKEZ 2 NOLU AİLE SAĞLIĞI MERKEZİ,Artvin,Merkez,41.18408,41.82603,Artvin,Correct
78BEEB9F-DE91-4C37-AA9E-F3FA208E0C17,FEYZA ECZANESİ,Artvin,Hopa,41.38702,41.41969,Artvin,Correct
5C64A1D1-080E-4A90-B8E6-F4704741672C,BAYRAKTAR ECZANESİ,Artvin,Arhavi,41.33474,41.30468,Artvin,Correct
98FD0D05-CABC-4424-B802-F5923DB2ED1B,ARTVİN BORÇKA 1 NOLU AİLE SAĞLIĞI MERKEZİ,Artvin,Borçka,41.35939,41.67538,Artvin,Correct
38DC9F31-1215-489A-A691-FE76237440BA,UMUT ECZANESİ,Artvin,Arhavi,41.35758,41.31662,Artvin,Correct
