UnitId,UnitName,CityName,DistrictName,Latitude,Longitude,DetectedCity,Match
E77D112C-0A7A-43C4-8DBB-1850E84D57BD,DÜNDAR ECZANESİ,Ardahan,Merkez,41.113,42.70245,Ardahan,Correct
7778BC7D-F76C-43EC-A19E-22A6EFAD5FBA,ARDAHAN MERKEZ 01 NOLU AİLE SAĞLIĞI MERKEZİ,Ardahan,Merkez,41.11085,42.69767,Ardahan,Correct
0B6998EB-C2A7-4F96-BAE5-27E218C09180,PAMUK ECZANESİ,Ardahan,Merkez,41.11242,42.70082,Ardahan,Correct
D5008F09-6ACF-4C42-9DBF-28C70EDD4340,ARDAHAN MERKEZ 03 NOLU AİLE SAĞLIĞI MERKEZİ,Ardahan,Merkez,41.11743,42.70044,Ardahan,Correct
9600CACC-52C7-47E0-B176-2A7FCB1CB54C,KÖMÜRCÜ ECZANESİ,Ardahan,Merkez,39.35387,-76.41396,Maryland,Wrong
33372C12-DBF2-470D-8F9B-2E828CE14134,ARDAHAN GÖLE 02 NOLU AİLE SAĞLIĞI MERKEZİ,Ardahan,Göle,40.79391,42.60985,Ardahan,Correct
A3F33742-8A9C-4CB2-9A5C-38D79F1B0121,MERKEZ ECZANESİ,Ardahan,Merkez,41.11275,42.70235,Ardahan,Correct
433368BB-F6DC-40A7-B262-3A11CE1CA210,YENİ GÖLE ECZANESİ,Ardahan,Göle,40.79185,42.6058,Ardahan,Correct
DF9AAA39-D728-4F14-94CF-3DBBCBD9C453,T.C. S.B. ARDAHAN AĞIZ VE DİŞ SAĞLIĞI MERKEZİ,Ardahan,Merkez,40.77961,43.11363,Kars,Wrong
25ADCB75-4C71-4BA7-B093-3DE3F44592AA,T.C. S.B. ARDAHAN DEVLET HASTANESİ,Ardahan,Merkez,41.508,42.72522,Ardahan,Correct
612BA7CB-A6C9-493B-96B1-4FA41312BFB9,BAHADIRBEY ECZANESİ,Ardahan,Merkez,41.111,42.69788,Ardahan,Correct
43A171F0-A4C0-4264-8F4A-53945EB0D7D1,BİZİM ECZANESİ,Ardahan,Posof,41.50627,42.72818,Ardahan,Correct
CFA60C66-8446-48FA-872F-546C5E68799A,DERMAN ECZANESİ,Ardahan,Merkez,41.11311,42.70247,Ardahan,Correct
4236A91B-4BD7-41F4-B66B-5DBDEB27A26E,T.C. S.B. ARDAHAN GÖLE DEVLET HASTANESİ,Ardahan,Merkez,40.79319,42.6088,Ardahan,Correct
772F071E-76AD-4B9C-A7F6-6D2136667D5C,ARDAHAN YOLAÇAN ECZANESİ,Ardahan,Hanak,41.23894,42.84324,Ardahan,Correct
E7187D8C-8BAF-4958-B6BB-8D3C8839E9C8,YILDIRIM ECZANESİ,Ardahan,Merkez,41.11365,42.70355,Ardahan,Correct
FF22FF66-4C18-4098-82EC-91D74FC9D185,DAMAL ECZANESİ,Ardahan,Damal,41.50633,42.72602,Ardahan,Correct
F2E6C13F-6C81-498D-AC3F-972A820CD556,YENİ ECZANESİ,Ardahan,Merkez,41.11206,42.6999,Ardahan,Correct
1C2488A5-896C-4CA1-92F7-9B4BA4F5741B,ARZU ECZANESİ,Ardahan,Merkez,41.11258,42.70127,Ardahan,Correct
066FA06E-C5B4-4710-91DD-9DE5EDD24899,ARDAHAN İL SAĞLIK MÜDÜRLÜĞÜ,Ardahan,Merkez,41.10529,42.69144,Ardahan,Correct
884610B9-D54C-4154-BA6E-A6407D9A0988,BÜYÜK ECZANESİ,Ardahan,Merkez,41.11179,42.6992,Ardahan,Correct
33EE467E-2FC1-4B2A-AC65-AFC1E02C303F,TANIŞ ECZANESİ,Ardahan,Göle,40.7931,42.61068,Ardahan,Correct
6F969B7B-4F3E-499C-A73E-B77EAFF162FB,BUDAK ECZANESİ,Ardahan,Göle,40.79277,42.61007,Ardahan,Correct
9D59C658-8E91-4E56-AA03-BC65B7F74FEF,ARDAHAN GÖLE 01 NOLU AİLE SAĞLIĞI MERKEZİ,Ardahan,Göle,40.79301,42.6124,Ardahan,Correct
F70A9BEB-CF42-43E2-B569-BF3A8F3547FC,ARDAHAN MERKEZ TSM,Ardahan,Merkez,41.10367,42.70627,Ardahan,Correct
000B022B-17B1-4940-B3C2-CB7C558115D8,ŞİFA ECZANESİ,Ardahan,Merkez,41.11221,42.70127,Ardahan,Correct
18688AD3-B1DF-4735-AF46-D332C6CE522F,DERMAN ECZANESİ,Ardahan,Göle,41.11311,42.70247,Ardahan,Correct
0BA1CB3A-9370-4908-BE03-D87ED4A72DD1,ARDAHAN DAMAL 01 NOLU AİLE SAĞLIĞI MERKEZİ,Ardahan,Damal,41.31537,42.85753,Ardahan,Correct
12AD5149-002F-45C4-BC31-E5126B620327,MANOLYA ECZANESİ,Ardahan,Merkez,40.79143,42.61178,Ardahan,Correct
7A8FF67C-2898-4392-A941-E58EEEE4D202,ARDAHAN POSOF MERKEZ AİLE SAĞLIĞI MERKEZİ,Ardahan,Posof,41.51242,42.75304,Ardahan,Correct
B5DE8DE4-312A-4C26-B891-ED4C1B01C530,ARDAHAN HANAK 01 NOLU AİLE SAĞLIĞI MERKEZİ,Ardahan,Hanak,41.2361,42.84568,Ardahan,Correct
6B3696B6-52EB-489E-9BAF-F30E4256C51E,ŞEREF ECZANESİ,Ardahan,Çildir,41.50152,42.74343,Ardahan,Correct
