UnitId,UnitName,CityName,DistrictName,Latitude,Longitude,DetectedCity,Match
270D9719-1A9B-4E79-90E0-016E7C258DE7,MEDİENS,Karabük,Merkez,41.21006,32.63111,Karabük,Correct
093EF7B5-AC34-45CB-BC5D-084E2B7CA759,AKKAYA ECZANESİ,Karabük,Merkez,41.2079,32.62199,Karabük,Correct
D9320B99-7E96-4BBA-8068-0B6A97D20CC8,KARABÜK SAFRANBOLU BARIŞ AİLE SAĞLIĞI MERKEZİ,Karabük,Safranbolu,41.24402,32.68054,Karabük,Correct
32627970-AD4E-458D-9092-0CD1C38BF311,BÜŞRA ECZANESİ,Karabük,Merkez,39.41687,-76.32996,Maryland,Wrong
913690F0-A492-454D-BCD8-0D38737677E6,DİLEK ECZANESİ,Karabük,Merkez,41.07525,32.91762,Karabük,Correct
6C782423-5C02-4770-A911-0EF196029112,YÜKSEL ECZANESİ,Karabük,Merkez,41.19389,32.61325,Karabük,Correct
2F1C0BE4-639E-4F0B-87CA-1133FE196282,AYŞE ABLA ECZANESİ,Karabük,Merkez,41.20873,32.62005,Karabük,Correct
7EE5A7D9-16F5-4486-A7CA-12F7D7F3E84A,TÜLİN ŞAKAR KLİNİĞİ,Karabük,KARABÜK MERKEZ,41.19376,32.61665,Karabük,Correct
F893CD87-D9E6-4DA0-AAAA-17C238F41771,KARABÜK MERKEZ BAHÇELİEVLER AİLE SAĞLIĞI MERKEZİ,Karabük,Merkez,41.22922,32.66098,Karabük,Correct
147E11B9-BFF3-4C2D-8AA5-182771B4F847,ÖMÜR ECZANESİ,Karabük,Merkez,41.1949,32.61833,Karabük,Correct
9FB02204-898D-4723-9618-1D68DF2C3770,VAHDET AİLE SAĞLIĞI MERKEZİ,Karabük,KARABÜK MERKEZ,41.22918,32.66682,Karabük,Correct
829E2B8C-06A9-4147-B35A-2068FC0C18B5,ESKİPAZAR ECZANESİ,Karabük,Eskipazar,41.25445,32.67641,Karabük,Correct
104B57A4-42F7-4D73-A1BB-2089C35285DC,DOĞA ECZANESİ,Karabük,Merkez,41.21746,32.66794,Karabük,Correct
14EE4457-8619-4E29-ACF9-209FC98506D0,GÖKÇE ECZANESİ,Karabük,Yenice,41.25715,32.68001,Karabük,Correct
E6E5E217-8030-4F4A-8F23-222EDCAADEBF,KAYA ECZANESİ,Karabük,Safranbolu,41.2509,32.68367,Karabük,Correct
8B72E7EB-CCF8-4865-95DC-237F607006E9,YENİ ECZANE,Karabük,Merkez,40.94237,32.53094,Karabük,Correct
A87423E2-72FF-48FE-8236-2798D6EA61DF,ÖZEL YURDAGÜL MUKUL KLİNİĞİ,Karabük,Safranbolu,41.25618,32.67668,Karabük,Correct
F7243C9B-C56C-408C-ADDB-28452BAC73F3,KARABÜK SAFRANBOLU YAZIKÖY AİLE SAĞLIĞI MERKEZİ,Karabük,Safranbolu,41.23865,32.74118,Karabük,Correct
9F34ECED-31F4-4586-B5E5-2868B4FFC73C,ATAY ECZANESİ,Karabük,Merkez,41.19642,32.61324,Karabük,Correct
5A4C6CE9-C066-493E-97E7-2D1D75828EC3,TUĞBA ECZANESİ,Karabük,Merkez,41.20823,32.62021,Karabük,Correct
543FC123-AA93-405A-AB33-3290CF28F635,ESENTEPE ECZANESİ,Karabük,Merkez,41.20668,32.62682,Karabük,Correct
C46F674E-469F-4B05-A2C1-34D562B5A2E5,GÖKÇINAR ECZANESİ,Karabük,Merkez,41.22428,32.67358,Karabük,Correct
42A2FFAC-34FF-43AC-AD5B-388915CB2E69,KARABÜK MERKEZ CUMAYANI AİLE SAĞLIĞI MERKEZİ,Karabük,Merkez,41.09431,32.67737,Karabük,Correct
A79BB176-8A7B-4A11-9626-39011D0A0F3B,KARDENTAL AĞIZ VE DİŞ SAĞLIĞI POLİKLİNİĞİ,Karabük,KARABÜK MERKEZ,41.2054,32.62024,Karabük,Correct
A20A404A-F44B-4EA2-B7ED-39A928DC9319,CANAN ASLAN ECZANESİ,Karabük,Safranbolu,41.26947,32.68104,Karabük,Correct
0059323E-38BD-4601-A473-39E4E479AAD1,GÜNDÜZ KÖYMEN ÇOCUK KLİNİĞİ,Karabük,Merkez,41.19519,32.61696,Karabük,Correct
FA0F8051-1032-4D41-809E-39F34160F65E,GÜVEN ECZANESİ,Karabük,Merkez,41.2092,32.62886,Karabük,Correct
08154F0C-D130-43E5-8387-3E49EFD55B41,MELİS ECZANESİ,Karabük,Safranbolu,39.13877,-76.70076,Maryland,Wrong
E08F2C72-05B5-485D-BB10-3EC9CF476675,AZİM ECZANESİ,Karabük,Merkez,41.19001,32.60225,Karabük,Correct
2AC81DDE-2972-437B-93D5-43952DE7B39B,KARABÜK SAFRANBOLU OVACUMA AİLE SAĞLIĞI MERKEZİ,Karabük,Safranbolu,41.44795,32.75259,Karabük,Correct
DC726417-3CE3-446B-ADBF-4469C96F889D,ŞAHAP ERBAŞ MUAYENEHANESİ,Karabük,Merkez,41.19678,32.61747,Karabük,Correct
007F41EB-A403-490E-A7C6-45C11B12A4EE,AYŞE KUNT ATAOĞLU MUAYENEHANESİ,Karabük,Merkez,41.1976,32.61514,Karabük,Correct
41DE3655-27D9-4B9C-A0FA-46A5828D1CDB,DERMAN ECZANESİ,Karabük,Merkez,41.19682,32.61766,Karabük,Correct
251F8D05-7765-4291-90D7-46EC527B15A2,BETÜL ECZANESİ,Karabük,Yenice,41.25805,32.68121,Karabük,Correct
13BB3894-E645-4530-B622-4BFF9B53A8C8,BİRSEN ECZANESİ,Karabük,Merkez,41.20826,32.62012,Karabük,Correct
99B92DDB-7CFD-4C6C-8435-4DDA6526E659,KARABÜK SAFRANBOLU SAFRAN AİLE SAĞLIĞI MERKEZİ,Karabük,Safranbolu,41.27229,32.67267,Karabük,Correct
4FD9206E-3389-4224-BD3C-5B8A8B899BBB,LEVENT ECZANESİ,Karabük,Merkez,41.19741,32.61117,Karabük,Correct
88588F02-A0DB-45A8-B4AC-5D4FCFCCED1A,KARABÜK YENİCE AİLE SAĞLIĞI MERKEZİ,Karabük,Yenice,41.20038,32.33075,Karabük,Correct
E44DE5DE-30C8-47AB-B2A0-5E3972EEF916,ÖZEL ÜNVERDENT DİŞ POLİKLİNİĞİ,Karabük,Safranbolu,41.25152,32.68084,Karabük,Correct
6C986C9C-E2AD-43FA-9FA0-605809854770,KARABÜK AĞİZ VE DIŞ SAĞLİĞİ MERKEZI,Karabük,Merkez,41.20878,32.62227,Karabük,Correct
74A2E2A0-550D-404B-A16A-60E97C3243EC,DENTARTS AĞIZ VE DİŞ SAĞLIĞI POLİKLİNİĞİ,Karabük,Safranbolu,41.24268,32.67704,Karabük,Correct
4930CB27-4D01-4062-9A87-6110D58D87FC,UTKAN ECZANESİ,Karabük,Merkez,41.17585,32.61421,Karabük,Correct
E48A9E31-FFAF-423D-A6FF-61347E945ED8,NEFES ECZANESİ,Karabük,Safranbolu,41.24455,32.67984,Karabük,Correct
4773533C-4E23-4C15-953F-6553C3E07D3E,KARABÜK SAFRANBOLU YENİMAHALLE AİLE SAĞLIĞI MERKEZİ,Karabük,Safranbolu,41.25285,32.67375,Karabük,Correct
7A5EDB1C-7FDA-4E1B-A24F-6653D03A93A6,AKMAN ECZANESİ,Karabük,Safranbolu,41.4481,32.75425,Karabük,Correct
9E31DDB3-2613-42D4-A1A9-681CEBA89B92,TUĞBA ECZANESİ,Karabük,Eflani,41.42303,32.95691,Karabük,Correct
F17F35E3-E40D-48CC-9177-687D05A9DECB,DİLA ECZANESİ,Karabük,Safranbolu,41.25082,32.68044,Karabük,Correct
6C3ED542-1CA4-4A02-BDDE-69E64E21B2B3,KARABÜK OVACIK AİLE SAĞLIĞI MERKEZİ,Karabük,Ovacik,41.07451,32.91925,Karabük,Correct
D3D2231C-F6DE-451B-AC74-6CFE87258D7A,ŞENAY ECZANESİ,Karabük,Merkez,41.19108,32.61331,Karabük,Correct
85B780CC-E259-4E3C-870F-71389B1729F7,SALİH AYAN ECZANESİ,Karabük,Merkez,40.94046,32.53461,Karabük,Correct
F3D28AE9-FB7A-4C5A-9ACE-72CA456CB717,GÜLDEN ATAY MUAYENEHANESİ,Karabük,Merkez,41.19673,32.61368,Karabük,Correct
616BB6F0-3E4F-483F-88BC-730F66F028A5,CEREN TOPRAKÇEKEN DİYETİSYEN KLİNİĞİ,Karabük,Safranbolu,41.45064,32.69332,Karabük,Correct
CFEF23D9-1AED-4893-BB33-73E4CA456ED8,DENİZ ECZANESİ,Karabük,Yenice,41.25535,32.67761,Karabük,Correct
5D2504FF-F4A5-4726-9681-7408DE57D86D,ÜNİVERSİTE ECZANESİ,Karabük,Merkez,41.21869,32.64815,Karabük,Correct
1288E0A3-B84B-48B5-B099-75716D799B5F,100.YIL ECZANESİ,Karabük,Merkez,41.22338,32.67238,Karabük,Correct
A805718D-AC88-45B7-94F1-761C72B1BEC7,SAFRANBOLU 125 NCİ JANDARMA EĞİTİM ALAY KOMUTANLIĞI,Karabük,Safranbolu,41.23955,32.74238,Karabük,Correct
2E00BBFF-8E49-47B5-B759-766003C58689,CANÖZÜ ECZANESİ,Karabük,Merkez,41.23423,32.66531,Karabük,Correct
7216C10A-D336-442B-AE43-770E33D07AC3,GÖZDE ECZANESİ,Karabük,Yenice,41.20961,32.30529,Karabük,Correct
13CC6FAB-C7FD-4086-B0AD-775F8FE1F8E0,KARABÜK MERKEZ ESENTEPE AİLE SAĞLIĞI MERKEZİ,Karabük,Merkez,41.20844,32.62828,Karabük,Correct
2DB94AB2-9A13-4839-97D8-7AF72C59DDA4,KARABÜK İL SAĞLIK MÜDÜRLÜĞÜ,Karabük,Merkez,39.19907,-76.62036,Glen Burnie,Wrong
7E26BD75-5731-45F9-B5C1-7C3E314DFF66,BİRCAN ONAN MUAYENEHANESİ,Karabük,Yenice,40.93884,32.53343,Karabük,Correct
45D5265C-D0AE-48FF-BA83-7EC0CAE5771C,KARABÜK DİŞ KLİNİĞİ LUMİDENT,Karabük,KARABÜK MERKEZ,41.25423,32.67956,Karabük,Correct
80D8E41F-AADE-44F4-8EF6-7F9CCCD4EA6E,MÜGE ECZANESİ,Karabük,Merkez,41.19724,32.60966,Karabük,Correct
14EB0649-1AB0-4E6E-9F27-84825012B36A,KAYABAŞI ECZANESİ,Karabük,Merkez,41.19076,32.61375,Karabük,Correct
C4209390-A7D7-4343-B220-8809E3FC3E19,BOSTANBÜKÜ ECZANESİ,Karabük,Safranbolu,41.21615,32.6812,Karabük,Correct
40171A8B-FDE4-42D9-9934-886D185F830F,MUTLU ECZANESİ,Karabük,Eskipazar,41.25625,32.67881,Karabük,Correct
4CAD6E9E-953B-4EA7-ABB2-89135B943CA3,ATEŞ ECZANESİ,Karabük,Safranbolu,41.25032,32.68562,Karabük,Correct
EB5882C7-BE27-45CF-AFE7-897B4F409F8F,4 LEVENT ECZANESI,Karabük,Safranbolu,41.27229,32.67366,Karabük,Correct
65A89998-E1DF-47D4-B4C6-8C3871ACF0C6,KARABÜK SAFRANBOLU DEVLET HASTANESİ,Karabük,Safranbolu,41.25257,32.68351,Karabük,Correct
2D029BE1-61CA-49EF-9595-8D1034ED990B,DENTİCİTY AĞIZ VE DİŞ SAĞLIĞI MERKEZİ,Karabük,Merkez,41.19539,32.61786,Karabük,Correct
F8CBE05F-56C4-4AE0-9A29-8E24DA548023,KOÇ ECZANESİ,Karabük,Safranbolu,41.24785,32.67688,Karabük,Correct
02B93AC0-3EC8-4673-A4A8-906E0417F0C6,KARABÜK MERKEZ 100. YIL AİLE SAĞLIĞI MERKEZİ,Karabük,Merkez,41.21567,32.68768,Karabük,Correct
4D6C22B0-BB93-48B3-99CD-910B11FB45AB,KARABÜK MERKEZ 120 EVLER AİLE SAĞLIĞI MERKEZİ,Karabük,Merkez,41.21125,32.63672,Karabük,Correct
2338F614-087A-4412-BD0F-94294F55EAD5,KARABÜK YAŞAM ASM,Karabük,Merkez,41.19387,32.61309,Karabük,Correct
2BE52BF3-72B9-464D-B455-9561BD0E6EBF,DİLEK ECZANESİ,Karabük,Safranbolu,41.27259,32.67549,Karabük,Correct
F0672E8E-D600-41C4-AFD8-97DCEEF7D7CD,GÜLŞEN ECZANESİ,Karabük,Eflani,41.42308,32.95724,Karabük,Correct
70C23EF0-9A87-4CE3-9525-98348C975644,KARABÜK SAFRANBOLU BOSTANBÜKÜ AİLE SAĞLIĞI MERKEZİ,Karabük,Safranbolu,41.21631,32.67745,Karabük,Correct
0F8347A8-3D24-47B8-89DB-99FDAC38AC73,KARABÜK ESKİPAZAR AİLE SAĞLIĞI MERKEZİ,Karabük,Eskipazar,40.9597,32.54827,Karabük,Correct
1B0700F1-D53F-4FEC-9BA6-9A40C0018278,VATAN ECZANESİ,Karabük,Merkez,41.07492,32.91763,Karabük,Correct
05A4B034-2A7B-4F5B-9CDA-9B636D1CDAB1,İRFAN OKTA MUAYENEHANESİ,Karabük,Merkez,36.27751,32.33125,Antalya,Wrong
C9AD789D-63FE-48B5-B2C7-9BF41DF2EAC6,SAFRANBOLU ECZANESİ,Karabük,Safranbolu,41.25513,32.67848,Karabük,Correct
5D490C11-0F1F-404A-A09D-9E9E9EF2B1B1,ÜLKÜ ECZANESİ,Karabük,Merkez,41.20916,32.62132,Karabük,Correct
CFD5ED09-52F1-48A3-9EFC-A02D0679BAAE,KARABÜK MERKEZ KAPULLU AİLE SAĞLIĞI MERKEZİ,Karabük,Merkez,41.21811,32.62986,Karabük,Correct
64B8273E-8FD3-417B-9CE1-A20B1C118862,KARABÜK MERKEZ AYDINLIKEVLER AİLE SAĞLIĞI MERKEZİ,Karabük,Merkez,41.17485,32.61481,Karabük,Correct
CAAE5569-0029-4103-9611-A44F69105A1F,KARDEMİR KARABÜK DEMİR ÇELİK SANAYİ SAĞLIK BİRİMİ,Karabük,Merkez,41.01216,32.80143,Karabük,Correct
1CD0FF01-2ADA-48D4-91A6-A46860D130CB,KARABÜK KILAVUZLAR MAHALLESİ ASM,Karabük,Merkez,41.21521,32.66755,Karabük,Correct
122153A9-7193-4D93-9565-A740EE58DF56,KARABÜK MERKEZ KAYABAŞI AİLE SAĞLIĞI MERKEZİ,Karabük,Merkez,41.19098,32.61352,Karabük,Correct
3D0AAEEB-6FCE-4E5C-AC35-A76E49ED832F,İSTANBUL ECZANESİ,Karabük,Merkez,41.20793,32.62174,Karabük,Correct
DD53398B-41E5-4C9B-88C6-A96F3AC3C6CE,KARABÜK MERKEZ KURTULUŞ AİLE SAĞLIĞI MERKEZİ,Karabük,Merkez,41.20538,32.62582,Karabük,Correct
FEA65FC7-B262-493F-ABBA-AAF2BEBBF0B7,BORA AYNACI MUAYENEHANESİ,Karabük,Merkez,41.19396,32.61475,Karabük,Correct
1BC4CCDE-A0DB-4485-8028-ADE54D1135FB,HACETTEPE ECZANESİ,Karabük,Safranbolu,41.25122,32.68215,Karabük,Correct
7EBC3033-69CB-49EE-88BA-AE0702260128,ESTEFİT GÜZELLİK MERKEZİ,Karabük,Safranbolu,41.24028,32.67555,Karabük,Correct
876611E2-2D9C-4C33-969A-AFE70A3C5826,KARABÜK MERKEZ CUMHURİYET AİLE SAĞLIĞI MERKEZİ,Karabük,Merkez,41.23105,32.65391,Karabük,Correct
17D9DA35-5459-476C-A4BD-B0F59BCF04F7,ASUMAN ECZANESİ,Karabük,Merkez,41.19622,32.61056,Karabük,Correct
D9FE81A2-9611-4DBA-BC78-B19C79ADC9C2,KARABÜK MERKEZ SOĞUKSU AİLE SAĞLIĞI MERKEZİ,Karabük,Merkez,41.18969,32.60221,Karabük,Correct
0539DAE1-B6B9-4268-AF58-B2884264EA39,SAFRAN ECZANESİ,Karabük,Safranbolu,41.25048,32.68523,Karabük,Correct
23267815-CEB7-4C79-8BA9-B4DE73D80393,İREM ECZANESİ,Karabük,Merkez,41.20951,32.62035,Karabük,Correct
9AAA8AAF-BEEE-4150-BA22-B67326CCCE8D,ÖZEL KARABÜK DENTALIFE DENTALCLINIC,Karabük,Merkez,41.19748,32.60923,Karabük,Correct
EFCCA616-5EAC-47F7-A355-B7EB40B0B8E6,MERKEZ ECZANESİ,Karabük,Merkez,41.21113,32.63689,Karabük,Correct
16513611-9414-4B0C-BAE4-BA4DE713DE72,İMDAT İNAN MUAYENEHANESİ,Karabük,Merkez,41.1967,32.61394,Karabük,Correct
FAF0741A-FD70-471F-9157-BD0604BE15AC,UYGAR ECZANESİ,Karabük,Merkez,41.22718,32.66213,Karabük,Correct
433779B3-9756-4B4F-962B-C09DCEA2D38B,BORA BENİÇ MUAYENEHANESİ,Karabük,Merkez,41.19669,32.61395,Karabük,Correct
C4F0B82E-062A-4215-9BD2-C36900F068FC,ÖZDEN ECZANESİ,Karabük,Merkez,41.19737,32.6093,Karabük,Correct
364A7EDC-A1B5-47E4-91AD-C48F347E0641,RABİA ECZANESİ,Karabük,Yenice,41.26002,32.34807,Karabük,Correct
E32B2771-4F1A-4F4B-84B9-C4AB66AC5F81,KARABÜK MERKEZ UMUT AİLE SAĞLIĞI MERKEZİ,Karabük,Merkez,40.99101,32.55677,Karabük,Correct
F9F407A5-C0D1-4328-AF14-C65C0FEEBFAB,ÖZKAN ECZANESİ,Karabük,Safranbolu,41.25175,32.68388,Karabük,Correct
C7489151-F901-46E0-BA27-C6BE3D9D2B0D,KARABÜK MERKEZ ŞİRİNEVLER AİLE SAĞLIĞI MERKEZİ,Karabük,Merkez,41.2083,32.62068,Karabük,Correct
488EDDD5-FFA0-4D9E-963B-CA33753DB98F,ÇAĞLAYAN ECZANESİ,Karabük,Merkez,41.19621,32.61587,Karabük,Correct
AD3871CE-066F-4C19-A339-CB5B802F8BA9,HAZAR ECZANESİ,Karabük,Merkez,41.19095,32.61357,Karabük,Correct
E8E27B95-E014-49DF-89C2-CC12B5A69A32,KARABÜK MERKEZ HÜRRİYET AİLE SAĞLIĞI MERKEZİ,Karabük,Merkez,41.19626,32.61068,Karabük,Correct
DBEF2F91-D0D7-4D8D-9EED-CC58A494A949,HUZUR ECZANESİ,Karabük,Safranbolu,41.25128,32.68475,Karabük,Correct
B7561165-05DF-44BC-94DE-CD700F16B7A6,DENTA PLAZA AĞIZ VE DİŞ SAĞLIĞI POLİKLİNİĞİ,Karabük,Merkez,41.19648,32.61633,Karabük,Correct
992C9F22-542E-4F4B-BFDA-D3CF6088AEE4,TUNCER ECZANESİ,Karabük,Safranbolu,41.25045,32.68526,Karabük,Correct
970D39F7-B69C-4087-BA89-D569E44178C6,BAĞLAR ECZANESİ,Karabük,Safranbolu,41.26319,32.66988,Karabük,Correct
E651FF5A-38C4-4A6F-B4F6-D5DA3DF7BAD9,KARABÜK SAFRANBOLU ÇARŞI AİLE SAĞLIĞI MERKEZİ,Karabük,Safranbolu,41.24541,32.69442,Karabük,Correct
688422DB-40F3-4BAE-9B10-D5F2EAC4E29F,BEŞBİNEVLER ECZANESİ,Karabük,Merkez,41.23382,32.66244,Karabük,Correct
5E169134-DBD8-49A7-A3E6-D6C632749D8C,ÖZEL DENTA KARABÜK DİŞ SAĞLIĞI MERKEZİ,Karabük,Merkez,41.1954,32.60809,Karabük,Correct
B68BD424-3CBC-4A1D-ABE6-D9C638F8CCD0,ÖZEL SAFRANDENT AĞIZ VE DİŞ SAĞLIĞI POLİKLİNİĞİ,Karabük,Safranbolu,41.25639,32.67471,Karabük,Correct
947CAE6A-1031-41A7-9398-DA305719B123,ŞİFA ECZANESİ,Karabük,Eskipazar,41.25895,32.68241,Karabük,Correct
3CA6290F-BCA3-4D2A-82DF-DAEDDEC435E0,KARABÜK YENİCE ÇENGELLER AİLE SAĞLIĞI MERKEZİ,Karabük,Yenice,41.26072,32.34708,Karabük,Correct
47C6E7BA-712B-4A42-A0DE-DCFAE4FA733C,KARABÜK SAFRANBOLU EMEK AİLE SAĞLIĞI MERKEZİ,Karabük,Safranbolu,41.24792,32.67688,Karabük,Correct
B87D8629-A233-448F-9814-DEF166AC432C,KARABÜK ÜNİVERSİTESİ KARABÜK EĞİTİM VE ARAŞTIRMA HASTANESİ EK HİZMET BİNASI,Karabük,Merkez,41.19888,32.61056,Karabük,Correct
F3E18FE6-D129-46AD-A1E2-E13BF6B6605A,CEMAL MIZRAK ECZANESİ,Karabük,Safranbolu,41.27169,32.67429,Karabük,Correct
37D236BF-0511-42B2-84F0-E1F7B7A57D21,KARABÜK MERKEZ KARTALTEPE AİLE SAĞLIĞI MERKEZİ,Karabük,Merkez,41.20091,32.61518,Karabük,Correct
B511D567-969B-4F09-8FB9-E47B498ACD04,IŞIKGÜL ECZANESİ,Karabük,Safranbolu,41.25423,32.67728,Karabük,Correct
DF79FF28-5B4D-4500-A316-E51D13B409C9,SEBAHAT ÖZYÖRÜK MUAYENEHANESİ,Karabük,Merkez,41.19674,32.61355,Karabük,Correct
7B8E599B-4894-456D-BDD4-E7C2562EA8FD,KARABÜK PINAR ECZANESİ,Karabük,Merkez,41.19736,32.61034,Karabük,Correct
46CBA139-CC84-4B8B-B7CA-E8E10C91234D,KARABÜK ÜNİVERSİTESİ KARABÜK EĞİTİM VE ARAŞTIRMA HASTANESİ,Karabük,Merkez,41.19798,32.60936,Karabük,Correct
CCB26AC1-AB42-4DEC-AB63-E959FEE2B86E,KARABÜK SAFRANBOLU BAĞLAR AİLE SAĞLIĞI MERKEZİ,Karabük,Safranbolu,41.26445,32.67042,Karabük,Correct
45AE93EA-6375-4D62-A149-EB3F7B4B0275,BULUT ECZANESİ,Karabük,Merkez,41.20612,32.62668,Karabük,Correct
9C66D24D-8FEB-43E5-B5CF-ED461A12BC67,GÖKÇEN ECZANESİ,Karabük,Merkez,41.07359,32.91436,Karabük,Correct
DF82E912-D964-47DB-8171-EDD4E3428C78,İLKAY ECZANESİ,Karabük,Merkez,41.20777,32.6199,Karabük,Correct
A916BD61-5B8B-4C84-BEB3-EE9FB8F1A53D,ELİF ÇANKAYA ULUDAĞ KLİNİĞİ,Karabük,Merkez,41.19541,32.61857,Karabük,Correct
68C7B3B7-B433-4034-8EC0-F15C2F7457BB,YENİ ZÜMRÜT ECZANESİ,Karabük,Yenice,41.20961,32.30552,Karabük,Correct
17536905-5458-46D8-AE43-F2F5C4CB203E,KARABÜK EFLANİ AİLE SAĞLIĞI MERKEZİ,Karabük,Eflani,41.43003,32.95717,Karabük,Correct
9FD30C81-EB5B-41BF-8208-F5AE7D0B0107,NURCAN ECZANESİ,Karabük,Merkez,41.20871,32.62004,Karabük,Correct
0163E1BB-A8B6-41A2-BAFC-F6F7810E75AE,ÖZTÜRK ECZANESİ,Karabük,Merkez,41.20876,32.61997,Karabük,Correct
A5BBA058-DBC5-4659-A9C3-F7092A21C3DD,YAŞAM ECZANESİ,Karabük,Safranbolu,41.2522,32.68444,Karabük,Correct
3F8BCE54-85C1-493A-A98C-FBA68E222CE8,SEDA ŞAHİN ECZANESİ,Karabük,Safranbolu,41.25174,32.68422,Karabük,Correct
EE1AE7AE-AB19-4738-8D3D-FC1E96B76CCF,YENİ SAĞLIK ECZANESİ,Karabük,Merkez,41.20778,32.61988,Karabük,Correct
03A8FB65-7DD3-4746-A969-FEB0DC0BE616,YENİCE MERKEZ TSM,Karabük,Yenice,41.19948,32.32955,Karabük,Correct
AC854C15-36DF-47F9-BB5B-FEF311052BBE,MURAT ECZANESİ,Karabük,Safranbolu,41.26118,32.67695,Karabük,Correct
