UnitId,UnitName,CityName,DistrictName,Latitude,Longitude,DetectedCity,Match
E0897D04-2C5C-4307-BDCD-00B83BC12075,DENİZ ECZANESİ,Çankiri,Şabanözü,40.48271,33.28272,Çankırı,Correct
92177852-1B0F-41B0-A283-01AF1F5120D1,ÇANKIRI MERKEZ ZÜBEYDE HANIM AİLE SAĞLIĞI MERKEZİ,Çankiri,Merkez,40.60008,33.62951,Çankırı,Correct
DD446E73-9FC4-4627-AF33-0CADDEB11351,SEDA ECZANESİ,Çankiri,Merkez,40.60019,33.61469,Çankırı,Correct
03517337-40BF-450B-BA44-1132D23428BB,ÇANKIRI MERKEZ DR. REFİK SAYDAM AİLE SAĞLIĞI MERKEZİ,Çankiri,Merkez,40.60218,33.62466,Çankırı,Correct
300DA5C3-54B1-4929-8FCE-163643854BA4,MERKEZ ECZANESİ,Çankiri,Merkez,40.59991,33.61803,Çankırı,Correct
442B0142-47AA-4B04-AFD2-19647E427BAC,ÇANKIRI YAPRAKLI YAPRAKLI AİLE SAĞLIĞI MERKEZİ,Çankiri,Yaprakli,40.75535,33.78177,Çankırı,Correct
95CDC640-1D45-41D2-BB3A-19F8464CB92E,DERMAN ECZANESİ,Çankiri,Merkez,40.59885,33.61805,Çankırı,Correct
C02121E1-6AB7-493C-85FE-1C3494C27900,ÖZLEM ECZANESİ,Çankiri,Merkez,40.59953,33.61247,Çankırı,Correct
EEF08F05-8533-452E-A9D3-1FD2E4FB9BB2,ÇANKIRI ILGAZ DEVLET HASTANESİ,Çankiri,Ilgaz,40.93009,33.62267,Çankırı,Correct
20D7E2D9-6588-48D7-A7DA-1FE495D4BB68,ELİFÇE ECZANESİ,Çankiri,Merkez,40.60082,33.61454,Çankırı,Correct
713F36C1-E9D4-4FC4-B23F-2598B82C85DE,ELDİVAN ECZANESİ,Çankiri,Eldivan,40.5302,33.50173,Çankırı,Correct
D126A5F4-104C-40F2-ABE6-2827D9F8846A,HÜLYA ECZANESİ,Çankiri,Şabanözü,40.48414,33.28157,Çankırı,Correct
CC1E217E-718E-40EB-8FC3-294BD019915D,ÇANKIRI KIZILIRMAK HASTANESİ,Çankiri,Merkez,40.34813,33.98717,Çankırı,Correct
CB702170-1C41-4FBB-8F68-2998FEAE3F07,ÇANKIRI KURŞUNLU KURŞUNLU AİLE SAĞLIĞI MERKEZİ,Çankiri,Kurşunlu,40.84399,33.25566,Çankırı,Correct
94ECA86A-D676-4414-B341-2C5283323BB5,MERVE ECZANESI,Çankiri,Merkez,40.59915,33.62945,Çankırı,Correct
043E6BD3-1437-4BE4-9C89-3148055BE6A1,YALÇIN ECZANESİ,Çankiri,Merkez,40.63114,33.66505,Çankırı,Correct
D73E3FBC-EA41-4055-8CC0-31585BC7D6A3,BOZKURT ECZANESİ,Çankiri,Şabanözü,40.47527,33.27572,Çankırı,Correct
0B87EDB6-3021-4ECD-ADD8-321472370189,BAYRAMÖREN MERKEZ ASM,Çankiri,Bayramören,40.94434,33.1992,Çankırı,Correct
78EECE29-6920-44E6-8890-37798466EBFB,CAN ECZANESİ,Çankiri,Merkez,40.61833,33.60787,Çankırı,Correct
059936B5-F4CD-4C0A-BE62-395160968E98,HİKMET ECZANESİ,Çankiri,Merkez,40.62433,33.60781,Çankırı,Correct
2DCDBA9E-AEE3-4FB6-8C05-3A5C8AFAFC19,ŞİFA ECZANESİ,Çankiri,Şabanözü,40.62545,33.10844,Çankırı,Correct
F454DD08-9313-4870-A916-3AE04FED6EE1,ÇANKIRI ECZANESİ,Çankiri,Merkez,39.06677,-76.79676,No Info,No Info
DE9FA6B2-EF02-44A4-B9C2-410BA85C118D,ORTA ECZANESİ,Çankiri,Orta,40.62813,33.10585,Çankırı,Correct
464AA0D0-AC59-407B-B840-41CDB4EFE3BC,ÇANKIRI KIZILIRMAK KIZILIRMAK AİLE SAĞLIĞI MERKEZİ,Çankiri,Kizilirmak,40.34598,33.9851,Çankırı,Correct
39DB7FD7-F9FF-4E0A-8958-48DA7281F792,BİZİM ECZANESİ,Çankiri,Çerkeş,40.81187,32.891,Çankırı,Correct
82760EDE-B053-4765-A837-4F8144528E32,TUĞÇE BOZ ECZANESİ,Çankiri,Çerkeş,40.81997,32.89183,Çankırı,Correct
5FD705E2-1772-4D17-8A5F-519CA74D07D9,YAŞAM ECZANESİ,Çankiri,Merkez,40.59827,33.61827,Çankırı,Correct
5E3C524D-0C3C-46B7-A246-5590F176CAE1,ÖZEL KARATEKİN HASTANESİ,Çankiri,Merkez,40.60027,33.61484,Çankırı,Correct
2F874890-18B9-49BA-8575-5794B5D73AFF,ÇANKIRI KURŞUNLU DEVLET HASTANESİ,Çankiri,Kurşunlu,40.83767,33.26229,Çankırı,Correct
DFBC54DF-3B90-499C-9772-5DAB31504D60,KAYMAKÇI ECZANESİ,Çankiri,Korgun,40.73445,33.51608,Çankırı,Correct
F99272E8-D247-4E40-A3BA-5FF02F0ACE92,SENA ECZANESİ,Çankiri,Merkez,40.59754,33.61944,Çankırı,Correct
6B1D26B0-58A2-47DB-961C-627C39A095E2,ÇANKIRI ATKARACALAR ATKARACALAR AİLE SAĞLIĞI MERKEZİ,Çankiri,Atkaracalar,40.80043,33.08814,Çankırı,Correct
EAAA7EE1-3FA6-42EF-B56C-6332578F357D,NANE LİMON ECZANESİ,Çankiri,Merkez,40.59759,33.60921,Çankırı,Correct
6F30A949-F91F-46CF-93F3-64633AA1B69C,EDA ECZANESİ,Çankiri,Yaprakli,40.75626,33.77957,Çankırı,Correct
25534B0F-3AF2-4098-B939-64872280837B,KORGUN MERKEZ ASM,Çankiri,Korgun,40.73479,33.51781,Çankırı,Correct
D5FF446D-3516-4312-8F6D-65298D516DAA,ŞİFA ECZANESİ,Çankiri,Kizilirmak,40.34393,33.9851,Çankırı,Correct
0CF62D3D-8E29-4295-8895-65DF503F704F,SAYGI ECZANESİ,Çankiri,Merkez,40.59842,33.6193,Çankırı,Correct
1DC37EDB-2897-489F-A630-693A4ABDF180,OTOGAR ECZANESİ,Çankiri,Merkez,40.59973,33.61886,Çankırı,Correct
3AE4D534-7345-4886-9A0D-6AA954BC2137,ÇANKIRI MERKEZ TSM,Çankiri,Merkez,40.59921,33.6117,Çankırı,Correct
831C299D-4949-458F-AAF4-7136612A627F,ÇANKIRI ATKARACALAR İLÇE HASTANESİ,Çankiri,Atkaracalar,40.81183,33.07615,Çankırı,Correct
9CEF7933-A325-4F16-975A-7255F77283DA,AKİF ECZANESİ,Çankiri,Atkaracalar,40.81401,33.07546,Çankırı,Correct
03928EBA-4FE9-4916-837A-72A9E1A01070,ÇERKEŞ ECZANESİ,Çankiri,Çerkeş,40.81305,32.88685,Çankırı,Correct
0022A1A0-C5B6-4C5D-AB30-74AAB09F631D,ÇANKIRI ÇERKEŞ AİLE SAĞLIĞI MEKEZİ,Çankiri,Çerkeş,40.8113,32.89322,Çankırı,Correct
8F1F2EB6-9CC0-40EB-A3A1-768C664FE6DC,GÜRBEY ECZANESİ,Çankiri,Merkez,40.59891,33.61776,Çankırı,Correct
02D4DF28-CB82-45DF-AD8F-7E5E7AB15163,GÜNEY ECZANESİ,Çankiri,Merkez,40.59886,33.63015,Çankırı,Correct
3C2F2EE4-2168-49CF-B115-7F3ED8A940F5,BUĞRA ECZANESİ,Çankiri,Merkez,40.60317,33.60692,Çankırı,Correct
F28E8E00-999C-49A8-99BB-81569EF390F1,ÖZEL KARATEKİN DİYALİZ MERKEZİ,Çankiri,ÇANKIRI MERKEZ,40.60027,33.61507,Çankırı,Correct
D55F8778-9DE2-48BB-8C30-847BA420CAC9,FESLEĞEN DİYET,Çankiri,Merkez,41.05626,28.98232,İstanbul,Wrong
85F54A19-DCAC-4D6F-83F9-847D7C969913,KIZILIRMAK ECZANESİ,Çankiri,Kizilirmak,36.76687,28.80304,Muğla,Wrong
9DB67D49-6255-4A04-9136-850E0C33BAF5,EMNİYET ECZANESİ,Çankiri,Merkez,40.59992,33.6162,Çankırı,Correct
1203E029-F5A6-4D83-A507-8D3E0EC3A0B4,ÇANKIRI ILGAZ ILGAZ AİLE SAĞLIĞI MERKEZİ,Çankiri,Ilgaz,40.92942,33.6221,Çankırı,Correct
C96A54DC-6EBF-42C1-80AB-91CACFB64F0A,ÇANKIRI ORTA AİLE SAĞLIĞI MERKEZİ,Çankiri,Orta,40.62599,33.09846,Çankırı,Correct
56DAFD88-2967-4A56-808A-9440A496166C,KÜBRA ECZANESİ,Çankiri,Merkez,40.60088,33.61603,Çankırı,Correct
A2963C28-0AF0-4238-B754-94A7A42DFD88,ILGAZ ECZANESİ,Çankiri,Ilgaz,40.93075,33.62164,Çankırı,Correct
362AEB18-BD59-4438-9C6E-95498DAE4A8C,EKİN ECZANESİ,Çankiri,Merkez,40.60176,33.6163,Çankırı,Correct
5B640AAF-519C-4B52-AA9E-97AA554859C4,ÇANKIRI YAPRAKLI YÜKLÜ AİLE SAĞLIĞI MERKEZİ,Çankiri,Yaprakli,40.68128,33.79834,Çankırı,Correct
4321A0B5-DBF8-4B30-BA9E-986F704BE393,ÇANKIRI MERKEZ CUMHURİYET AİLE SAĞLIĞI MERKEZİ,Çankiri,Merkez,40.5999,33.61813,Çankırı,Correct
464E652C-F40A-4A39-9E2E-9C31573C7FC1,ÇANKIRI ORTA DEVLET HASTANESİ,Çankiri,Orta,40.62655,33.10187,Çankırı,Correct
C7D7BF50-8BC0-4620-932B-9EBCD32F4895,ÇANKIRI ŞABANÖZÜ DEVLET HASTANESİ,Çankiri,Şabanözü,40.60545,33.60988,Çankırı,Correct
D655BD0E-CFFD-4D0E-B0F9-9F0185AFEE78,HAKAN DEMİROK MUAYENEHANESİ,Çankiri,Merkez,40.5992,33.61522,Çankırı,Correct
F6C79829-C5F7-4B27-A6E2-A175D5CEEB27,ÇANKIRI ÇERKEŞ DEVLET HASTANESİ,Çankiri,Çerkeş,40.81873,32.89989,Çankırı,Correct
EB615831-C2D7-4A51-B121-A2D8636F4D07,DOĞA ECZANESİ,Çankiri,Merkez,40.59888,33.61791,Çankırı,Correct
E4C77309-FE11-4D06-9D4D-A4D3E011AED5,SEMİH ECZANESİ,Çankiri,Çerkeş,40.81177,32.89134,Çankırı,Correct
BBB2CCDA-024F-435D-B280-A5DC7E9D9FD3,DERMAN ECZANESİ,Çankiri,Ilgaz,40.9301,33.62267,Çankırı,Correct
CCC63BE6-178D-4AAB-AD5F-AF9CDD1C4B31,GÖKÇE ECZANESİ,Çankiri,Merkez,39.30347,-76.48116,No Info,No Info
F006E356-84A8-4E72-B1C8-B02E9A229D4E,USLU ECZANESİ,Çankiri,Merkez,40.34671,33.98838,Çankırı,Correct
33938ADD-1DB9-476A-9716-B115EC3472AF,FULYA ECZANESİ,Çankiri,Merkez,40.59954,33.61892,Çankırı,Correct
357C3D01-7D67-4B7F-BCC6-B816E630F2B8,ŞİFA ECZANESİ,Çankiri,Orta,40.62545,33.10844,Çankırı,Correct
593305E4-EAA0-4AF8-94D2-BA6EACCD2841,ÖZCAN ECZANESİ,Çankiri,Ilgaz,40.92525,33.62433,Çankırı,Correct
758F0E2B-0BA2-4BAA-BD25-BC44FF97F127,BAĞLAR ECZANESİ,Çankiri,Merkez,40.60069,33.61464,Çankırı,Correct
EFE0ADA6-3A27-4AA1-8E30-BC9E00C5C9F1,KENT ECZANESİ,Çankiri,Merkez,40.6006,33.61799,Çankırı,Correct
765F861B-35AD-4C3C-9002-BE4173979DA3,KARATEKİN ECZANESİ,Çankiri,Merkez,40.6007,33.61472,Çankırı,Correct
D0718486-ACA9-4381-813F-C720574897A1,ALİ OSMAN ATAKUL MUAYENEHANESİ,Çankiri,Merkez,40.59892,33.61771,Çankırı,Correct
9CA1F41F-92AA-4E2D-B3C0-C980829FC522,HAYAT ECZANESİ,Çankiri,Merkez,40.5996,33.61268,Çankırı,Correct
9F780C3B-D1D6-483B-A397-CC462CF92C18,ÇANKIRI MERKEZ TAŞMESCİT AİLE SAĞLIĞI MERKEZİ,Çankiri,Merkez,40.59969,33.61188,Çankırı,Correct
11FFCD3E-B09E-4AE9-BCB6-D1E3DAD5E22B,ÇANKIRI DEVLET HASTANESİ,Çankiri,Merkez,36.77719,28.80911,Muğla,Wrong
419C8B0F-8F4A-4544-ABB9-D5EA1C15E7E4,GÜNAY ECZANESİ,Çankiri,Orta,40.62732,33.10868,Çankırı,Correct
56135DE5-FA70-4F75-A184-D77B3425A313,ÇANKIRI ŞABANÖZÜ ŞABANÖZÜ AİLE SAĞLIĞI MERKEZİ,Çankiri,Şabanözü,40.48199,33.27765,Çankırı,Correct
ABC98A09-9F34-41E9-A29B-D7EFF26BD006,ÇANKIRI DEVLET HASTANESİ TOPLUM RUH SAĞLIĞI MERKEZİ,Çankiri,Merkez,40.60252,33.60721,Çankırı,Correct
436576D5-8ACC-450C-BB96-DD51E4291E6A,ÇANKIRI ELDİVAN ELDİVAN AİLE SAĞLIĞI MERKEZİ,Çankiri,Eldivan,40.52835,33.5005,Çankırı,Correct
F8B3D605-03AC-40E7-9A06-DEC6813F840E,ELİF ECZANESİ,Çankiri,Merkez,40.59972,33.62209,Çankırı,Correct
D04186BC-D9F6-4405-BE7E-DEF348EE94B5,ÇANKIRI KARATAŞ AİLE SAĞLIĞI MERKEZİ,Çankiri,ÇANKIRI MERKEZ,40.60649,33.6096,Çankırı,Correct
54AEF31C-CC1D-486C-9258-E25983FEB0B9,ÇANKIRI MERKEZ AKSU AİLE SAĞLIĞI MERKEZİ,Çankiri,Merkez,40.60707,33.60506,Çankırı,Correct
8A4609AD-BDCC-42C9-837D-E305685DF7CB,ALİ ÖMÜR ESKİ ÇAKIT MUAYENEHANESİ,Çankiri,Merkez,36.76705,28.80122,Muğla,Wrong
71453B12-CD26-4823-947D-EF0C8A8E368C,İNCEBAY ECZANESİ,Çankiri,Merkez,40.61743,33.60667,Çankırı,Correct
C3FB7297-60E0-4380-BA43-EF404C084229,ÇANKİRİ AĞİZ VE DIŞ SAĞLİĞİ MERKEZI,Çankiri,Merkez,40.60451,33.60421,Çankırı,Correct
3599858C-F259-49A2-9A79-F38C3D4F4027,ŞİFA ECZANESİ,Çankiri,Kurşunlu,40.62545,33.10844,Çankırı,Correct
6D4F4841-CC7A-4A3D-8D49-F519C181361F,KARAAĞAÇ ECZANESİ,Çankiri,Kurşunlu,40.8405,33.26308,Çankırı,Correct
081F4B3E-661C-4D57-BACF-F65DA6423327,YAĞMUR ECZANESİ,Çankiri,Merkez,40.59958,33.62278,Çankırı,Correct
