UnitId,UnitName,CityName,DistrictName,Latitude,Longitude,DetectedCity,Match
0DE87B82-24FC-4CB0-98E0-006C0BD27928,UFUK ECZANESİ,Mardin,Artuklu,37.32281,40.72511,Mardin,Correct
F1E293FD-E975-4016-A7B2-009F2BA4B729,TAYFAN ECZANESİ,Mardin,Kiziltepe,37.1936,40.58846,Mardin,Correct
3C6228DB-9D1F-4390-A249-00C9670387CA,ESMA ECZANESİ,Mardin,Nusaybin,37.09146,41.21646,Mardin,Correct
02C2520F-FF5C-42BB-99F5-02160B5785C5,MARDİN NUSAYBİN DEVLET HASTANESİ,Mardin,Nusaybin,37.08897,41.19581,Mardin,Correct
27913743-DDF1-4458-8E18-02F4ECB6E214,GÖKÇE ECZANESİ,Mardin,Artuklu,37.32129,40.71367,Mardin,Correct
66237847-8C66-4109-A136-042E8FA26A2E,ÖMER ECZANESİ,Mardin,Nusaybin,37.07016,41.21299,Mardin,Correct
E9A1299A-A504-42B3-83E7-04C1DE70179B,OZAN ECZANESİ,Mardin,Midyat,37.41641,41.37302,Mardin,Correct
E2A7E199-8BFA-48FC-8267-0531090DBA4C,MİDYAT 11 NOLU TELKARİ ASM,Mardin,Midyat,37.37367,40.27417,Mardin,Correct
43C1EF3F-645E-49EF-AD55-0563B66A2AAE,DİLAN ECZANESİ,Mardin,Midyat,37.41055,41.35077,Mardin,Correct
AF7B6BAC-1505-4C0B-9156-0667CB5E6F03,AYDOĞAN ECZANESİ,Mardin,Artuklu,37.31007,40.74098,Mardin,Correct
438F7B61-F27B-473F-86D0-068B1963B82A,KIZILTEPE BERÇEM ASM,Mardin,Kiziltepe,37.19983,40.58946,Mardin,Correct
87DA0476-31F0-42D3-871F-06DDDE2FEF82,ŞENKÖY ECZANESI,Mardin,Midyat,37.46589,41.18935,Mardin,Correct
BA69D723-F57E-49DF-B322-0783E6EB6AB0,RAMAZAN OLTAN MUAYENEHANESİ,Mardin,Artuklu,37.32032,40.72139,Mardin,Correct
4AE08E17-6379-4AE4-BD14-08940AA85B1C,BANU ECZANESİ,Mardin,Artuklu,37.32663,40.72165,Mardin,Correct
20896929-3CBE-4F1D-821F-0998E50BA755,KIZILTEPE KOÇHİSAR AİLE SAĞLIĞI MERKEZİ,Mardin,Kiziltepe,37.19493,40.58268,Mardin,Correct
432324F0-F5BF-4F31-8C73-09A225BB7E92,DİLAN ÖZGÜN BESLENME VE DİYET MERKEZİ,Mardin,MARDİN MERKEZ,40.8621,29.2069,İstanbul,Wrong
8B5E9DE8-992E-409B-BC73-09EA2B016900,ÇALIM ECZANESİ,Mardin,Artuklu,37.31657,40.75275,Mardin,Correct
14BA4535-46AB-44A1-8EA3-09FFFD10C236,DEĞER ECZANESİ,Mardin,Nusaybin,37.08549,41.22164,Mardin,Correct
88D8C5C7-9F74-4FE7-A015-0A9FB0DFC276,MARDİN KIZILTEPE 18 NOLU AİLE SAĞLIĞI MERKEZİ,Mardin,Kiziltepe,37.18788,40.58129,Mardin,Correct
F0630807-8967-4A79-8119-0AD7912218A6,YENİGÜN ECZANESİ,Mardin,Artuklu,37.33411,40.69095,Mardin,Correct
15B73BD0-F370-4B20-85A2-0AF33D02B5DF,ÖMERLİ ECZANESİ,Mardin,Ömerli,37.33504,40.70544,Mardin,Correct
7CAB091A-9020-4A98-BA2E-0B6C7DFAB32C,ASYA ECZANESİ,Mardin,Artuklu,37.31431,40.74365,Mardin,Correct
94FA57C5-1F7B-4AE1-B3D4-0C949CEEA09D,MARDİN MERKEZ 6 NOLU İSTASYON ASM,Mardin,Artuklu,37.28808,40.71125,Mardin,Correct
F41AA378-8CBC-47BD-92FB-0DAA428BD350,MARDİN NUSAYBİN AKARSU AİLE SAĞLIĞI MERKEZİ,Mardin,Nusaybin,37.23378,41.05713,Mardin,Correct
324426E7-57BD-4F27-BF2A-0E2400D0657B,DENİZ ECZANESİ,Mardin,Kiziltepe,37.1928,40.57984,Mardin,Correct
DEC4E9E7-2C4B-4239-97C3-0EEB69011C65,TEZCAN ÖZGÜN MUAYENEHANESİ,Mardin,Kiziltepe,37.18728,40.59564,Mardin,Correct
30D45834-4CDF-4CF1-9CA4-0F15E3B9FBD4,NAVDAR DOĞUŞ UZUN MUAYENEHANESİ,Mardin,Nusaybin,37.06984,41.21356,Mardin,Correct
F7B95C55-07A4-4A85-86E7-0F72CB93D6C4,SAMANCI ECZANESİ,Mardin,Kiziltepe,38.25992,36.20965,Adana,Wrong
46A345C0-6ED9-468F-8E03-0F97EAF219E8,MUHSİN GÜL MUAYENEHANESİ,Mardin,Midyat,37.41776,41.37288,Mardin,Correct
F3F734F3-11ED-430C-8B8B-0FBDB283A958,SERKAN ECZANESİ,Mardin,Artuklu,37.20732,40.69768,Mardin,Correct
F0B6DB61-9244-4EFC-9208-12408CC00520,AKBULUT ECZANESİ,Mardin,Kiziltepe,37.19743,40.58977,Mardin,Correct
86FCA55B-890A-4BA4-A1F6-12951204E56F,MARDİN NUSAYBİN BARIŞ AİLE SAĞLIĞI MERKEZİ,Mardin,Nusaybin,37.07895,41.2088,Mardin,Correct
2A85E260-B2F0-4221-B612-13541ADF9C26,DEMİR ECZANESİ,Mardin,Midyat,37.41762,41.35974,Mardin,Correct
D285026B-6480-4A35-A5F6-1373A48F33DD,KURTAY ECZANESİ,Mardin,Kiziltepe,37.21492,40.61509,Mardin,Correct
BFB52941-3044-4A43-B8F5-13BEDE2E3014,NEZİR DAMAR MUAYENEHANESİ,Mardin,MARDİN MERKEZ,41.1283,28.9313,İstanbul,Wrong
B018E830-2938-4733-B07D-14BC408C631D,NUSAYBİN ECZANESİ,Mardin,Nusaybin,37.09056,41.21526,Mardin,Correct
DBCBD5B4-8C23-459A-9C0E-151D007217F2,DERİK MERKEZ 1 NOLU ASM,Mardin,Derik,37.3641,40.2683,Mardin,Correct
62D59D06-CDDF-42A8-A130-161D001C7CAA,ŞAHİN ECZANESİ,Mardin,Savur,37.20847,40.69836,Mardin,Correct
9E016B80-0A00-40BF-83B3-166EBC352985,BAYRAK ECZANESİ,Mardin,Midyat,39.51767,-76.19556,No Info,No Info
58BFE46E-E149-49FD-ACF4-182816E1B72E,HAZAL ECZANESİ,Mardin,Derik,37.20707,40.609,Mardin,Correct
6C5F7B9C-A010-4228-AEAE-187674C9B3A6,MARDİN MİDYAT ŞENKÖY AİLE SAĞLIĞI MERKEZİ,Mardin,Midyat,37.46238,41.19167,Mardin,Correct
D472FA86-ECE3-43D7-A99D-188759685545,AYAZ ECZANESİ,Mardin,Midyat,37.41099,41.35062,Mardin,Correct
12F8CB93-E0BD-416B-B34A-18C74421B826,YÜNÇEK ECZANESİ,Mardin,Artuklu,37.31361,40.74121,Mardin,Correct
C15B1EF6-C25D-45AE-9FC5-18D84453977F,MARDİN KIZILTEPE MEDYA AİLE SAĞLIĞI MERKEZİ,Mardin,Kiziltepe,37.19957,40.6047,Mardin,Correct
C4B019F5-BD5F-4476-B098-18E7C4028944,MARDİN SEMT POLİKLİNİĞİ,Mardin,Artuklu,37.31143,40.72821,Mardin,Correct
E37CA22E-A85B-4B35-AE7A-1A09127B06A6,ROZA ECZANESİ,Mardin,Kiziltepe,37.19958,40.60475,Mardin,Correct
ACB391D6-AC78-4B66-B68C-1A1051D461E7,ÖLMEZ ECZANESİ,Mardin,Midyat,37.41678,41.36398,Mardin,Correct
86637E2D-634E-4F0C-89E0-1A26C2C3BE10,DERYA ECZANESİ,Mardin,Kiziltepe,37.18923,40.59593,Mardin,Correct
ACA106E7-AC03-4886-B047-1AEE2881DA6F,SERHAT ECZANESİ,Mardin,Derik,37.18694,40.59486,Mardin,Correct
FEC5CD0E-9AF6-43AA-96FC-1B507D535E02,NUSAYBİN KIŞLA AİLE SAĞLIK MERKEZİ,Mardin,Nusaybin,37.07302,41.20982,Mardin,Correct
9C0102B3-2FB3-41F4-84C4-1B7FE13AE195,ÜNAL ECZANESİ,Mardin,Midyat,37.45327,41.29896,Mardin,Correct
876FC2CC-537F-4416-884B-1B94FC00C329,HAYAT ECZANESİ,Mardin,Kiziltepe,37.19408,40.57283,Mardin,Correct
1F25216E-AB4F-4FFC-9529-1C510B991712,MARDİN ARTUKLU TOKİ AİLE SAĞLIĞI MERKEZİ,Mardin,Artuklu,37.33654,40.69794,Mardin,Correct
8B0CFE22-08F0-4CB5-83E0-1C9A9571FCB8,BEŞİRE ECZANESİ,Mardin,Kiziltepe,37.18593,40.57409,Mardin,Correct
C8C1D821-6B6D-415D-91BD-1CDF9853A113,MARDİN ARTUKLU SEVGİ AİLE SAĞLIĞI MERKEZİ,Mardin,Artuklu,37.33356,40.71175,Mardin,Correct
7666270A-20B8-4479-AAC4-1D2C8CA80569,NUR ECZANESİ,Mardin,Nusaybin,37.09442,41.20367,Mardin,Correct
F9085E95-85F6-4823-BF59-1D6E82AB3899,DERİK MERKEZ TSM,Mardin,Derik,37.37277,40.27297,Mardin,Correct
8E1E9207-6CDD-4632-9FB8-1E063D619F44,ŞİLAN ECZANESİ,Mardin,Derik,37.36482,40.26829,Mardin,Correct
16B3CFF4-A802-41F6-A2D6-1E2394EB7241,ŞAN ECZANESİ,Mardin,Kiziltepe,37.19765,40.59849,Mardin,Correct
507B6E99-1D21-4E33-BD45-1EC9AEFB3300,MİDYAT MERKEZ 10 NOLU ASM,Mardin,Midyat,37.4235,41.36658,Mardin,Correct
1EDE0962-9850-468E-8DB2-1F4F5838B07A,MARDİN ARTUKLU 9 NOLU ASM,Mardin,Artuklu,39.57527,-76.11876,No Info,No Info
BF26EE83-32C9-42AA-9C4A-1F7DABF1EC58,MİDYAT SANAYİ AİLE SAĞLIK MERKEZİ,Mardin,Midyat,37.40999,41.37247,Mardin,Correct
7769F920-7AFD-431D-A926-20623E2DB65B,CENG ECZANESİ,Mardin,Kiziltepe,37.19641,40.5624,Mardin,Correct
46A49007-591A-474C-A10E-20BD8301573E,TUBA ECZANESİ,Mardin,Artuklu,37.32015,40.72193,Mardin,Correct
D0C6F9B6-E14B-4DC0-A1B3-2196D2C1C47A,MARDIN MAZİDAĞİ İLÇE HASTANESI,Mardin,Mazidaği,37.47358,40.48902,Mardin,Correct
C87818ED-C145-4CD9-96C3-225D730FF342,ÜNAL ECZANESİ,Mardin,Kiziltepe,37.08179,40.64856,Mardin,Correct
5487B34D-3599-4FA0-8F2C-2284B614F312,NUSAYBIN YENISEHIR 31 NOLU ASM,Mardin,Nusaybin,37.07892,41.2271,Mardin,Correct
101F71B3-4E89-4A87-802E-22A989956DEC,ÇINARBAŞ ECZANESİ,Mardin,Yeşilli,37.34715,40.8373,Mardin,Correct
18764358-7AA9-4C0C-9263-2308F0C6DA6F,SAVUR İLÇE DEVLET HASTANESİ,Mardin,Savur,37.37187,40.27177,Mardin,Correct
EA310614-0C07-4516-8E61-23B3768AF206,ŞİRİN ECZANESİ,Mardin,Nusaybin,37.08966,41.21406,Mardin,Correct
3A98FD8B-83FC-493F-B149-23C13768B0F3,PAK ECZANESİ,Mardin,Midyat,37.41925,41.26868,Mardin,Correct
3A62BC57-9C5C-4031-9761-23DDF337BAEC,ARTUKLU NUR AİLE SAĞLIĞI MERKEZİ,Mardin,Artuklu,37.32114,40.72208,Mardin,Correct
9F4940FE-4A3F-45F9-B562-241382F899BF,CENG ECZANESİ,Mardin,Midyat,37.19641,40.5624,Mardin,Correct
C36BDDA4-E280-4206-8068-243CD3C340D8,SAĞLIK ECZANESİ,Mardin,Nusaybin,37.06931,41.21996,Mardin,Correct
C30B0C39-A5E9-4853-A08D-24B7CA0445C2,KUDRET ECZANESİ,Mardin,Kiziltepe,37.18809,40.57179,Mardin,Correct
D293850C-0922-4BB9-980B-251D51F74A1B,SERVET TEKİN BESLENME VE DİYET MERKEZİ,Mardin,MERKEZ,41.1612,28.6799,İstanbul,Wrong
16B2676E-3943-41C9-84CD-258FEC3B8985,DEVA ECZANESİ,Mardin,Midyat,37.42095,41.2673,Mardin,Correct
8EC77855-F500-4870-934C-25C07D612FDC,BABİL ECZANESİ,Mardin,Kiziltepe,37.1814,40.58041,Mardin,Correct
70AF797A-B164-4AE5-B7DB-25EF088DB677,ALTAY ECZANESİ,Mardin,Artuklu,37.31379,40.72601,Mardin,Correct
F4F995B4-335D-43A8-B7F5-27B96C1BFD2B,ARTUKLU MERKEZ TSM,Mardin,Artuklu,37.32669,40.72282,Mardin,Correct
E79CE4E5-9343-4A0F-A767-27D5C2AA7A6C,HABİB ÇETİN ECZANESİ,Mardin,Derik,37.19852,40.59992,Mardin,Correct
B9B8A171-C320-4378-91DD-283C431FDCD7,MARDİN MİDYAT ULUCAMİ AİLE SAĞLIĞI MERKEZİ,Mardin,Midyat,37.424,41.33051,Mardin,Correct
AE7CD53A-228A-4689-82F9-289D0BB431C5,KAVAK ECZANESİ,Mardin,Savur,37.2091,40.69868,Mardin,Correct
E7D4D043-7DED-4823-9D07-298EABDB6271,MARDİN KIZILTEPE ŞİFA AİLE SAĞLIĞI MERKEZİ,Mardin,Kiziltepe,37.20191,40.58484,Mardin,Correct
0C439480-890C-49A2-BBA3-2B1256D71BCB,ÖZTÜRK ECZANESİ,Mardin,Kiziltepe,37.23179,40.62786,Mardin,Correct
8147E9D2-08BD-42C1-897E-2BAC9D5669DD,MELİK ECZANESİ,Mardin,Kiziltepe,37.19395,40.58969,Mardin,Correct
D222D0E0-0610-4A2C-A8B5-2BF4118629E7,ÖZGEN ECZANESİ,Mardin,Nusaybin,37.0705,41.21279,Mardin,Correct
2B465FDE-9B5A-4FC2-9D33-2D49BBDDEA6B,MARDİN KIZILTEPE DİKMEN AİLE SAĞLIĞI MERKEZİ,Mardin,Kiziltepe,37.08906,40.41438,Mardin,Correct
5204F5D3-DE0D-4B97-8185-2DFB66A5AA6E,ÖZEL MARDİN PARK HASTANESİ,Mardin,Artuklu,37.32565,40.72043,Mardin,Correct
ECB6F7B4-AA78-4594-BDCF-2EC85AE3DFD1,TUÇE ECZANESİ,Mardin,Kiziltepe,37.19254,40.59284,Mardin,Correct
C99793A5-5A89-4E31-8FDD-2EF2DCB1D44E,YILMAZ ECZANESİ,Mardin,Midyat,37.42478,41.33851,Mardin,Correct
E675E447-FE20-4114-9E0F-2F9D20D11EFE,GÖKTÜRK ECZANESİ,Mardin,Kiziltepe,37.21402,40.61389,Mardin,Correct
64749B69-4109-481C-A097-302B5F790BB6,ÖZYILMAZ ECZANESİ,Mardin,Kiziltepe,37.19025,40.5962,Mardin,Correct
E4C6965F-2F94-4234-8110-30D51BCDFDD8,MARDİN KIZILTEPE TOPRAK AİLE SAĞLIĞI MERKEZİ,Mardin,Kiziltepe,37.18791,40.57005,Mardin,Correct
5B953309-6D34-4694-ACBD-30F5027063D5,NUSAYBİN MERKEZ 1 NOLU ASM,Mardin,Nusaybin,37.06977,41.21658,Mardin,Correct
1F35E231-2672-4A7F-BF2F-316A8EFAA725,SEVGİ ECZANESİ,Mardin,Dargeçit,37.54659,41.71715,Mardin,Correct
3204B998-4030-43DC-BABF-321DE0710ED4,MAHMUT ÖZKAN-MEHMET EMİN PARILTI MUAYENEHANESİ,Mardin,Kiziltepe,37.19588,40.59129,Mardin,Correct
81EEB4D2-9E94-40D7-9CEE-33419C822AFD,KARADENİZ ECZANESİ,Mardin,Kiziltepe,37.19257,40.59283,Mardin,Correct
FCA77557-2C72-4798-B216-337530133BCE,KIZILTEPE YENİKENT AİLE SAĞLIĞI MERKEZİ,Mardin,Kiziltepe,37.22661,40.62276,Mardin,Correct
76B3A8A9-B95C-4149-B00C-3381640D13E0,EMEL ECZANESİ,Mardin,Kiziltepe,37.08359,40.65096,Mardin,Correct
2BD842A2-DB89-4D99-A0B0-3396C7851F56,ŞEHNAZ ECZANESİ,Mardin,Kiziltepe,37.18245,40.57885,Mardin,Correct
2012CE0B-933D-4662-BA54-33CA87E835C1,SAYILIR ECZANESİ,Mardin,Derik,37.36487,40.26881,Mardin,Correct
6FF67E00-4D45-4ACA-9621-343CF9B60403,KARDELEN ECZANESİ,Mardin,Kiziltepe,37.18651,40.59826,Mardin,Correct
D880DF22-1F37-4723-A402-347D3E2A56FC,KIZILTEPE ECZANESİ,Mardin,Kiziltepe,38.26082,36.21085,Adana,Wrong
C624B870-105D-4AD8-9BEA-351CD604B80D,BAYRAM ECZANESI,Mardin,Midyat,37.41143,41.35046,Mardin,Correct
119E8045-5A96-49C1-921D-352744579F12,ÖZKAN ECZANESİ,Mardin,Artuklu,37.31433,40.74383,Mardin,Correct
AEDCADCC-7173-46BE-8BE6-3597F13CD3B2,DİLMEN ECZANESİ,Mardin,Nusaybin,39.65537,-76.01196,No Info,No Info
A18DD437-6985-4FD9-BB44-3630F43C85A7,EROL ECZANESİ,Mardin,Kiziltepe,37.19653,40.58857,Mardin,Correct
F22CCF88-2242-498C-96C2-36BD53348DB0,MARDIN AĞİZ VE DIŞ SAĞLİĞİ MERKEZI,Mardin,Artuklu,37.31602,40.75423,Mardin,Correct
7C82F997-B67F-48BF-A207-388CFA7D533B,MARDİN MERKEZ 10 NOLU ARTUKBEY ASM,Mardin,Artuklu,37.32404,40.71945,Mardin,Correct
BEB05820-2F51-4C11-84C5-38A7DB8B1C12,GUL ECZANESI,Mardin,Nusaybin,40.8111,28.7572,İstanbul,Wrong
6E100188-7CAA-4561-9002-390ECEABF849,SAROHAN ECZANESİ,Mardin,Derik,39.51497,-76.19916,No Info,No Info
2EF652C9-427F-4C70-9DF8-3935FEC0E1AA,MARDİN ARTUKLU GÜMÜŞ AİLE SAĞLIĞI MERKEZİ,Mardin,Artuklu,37.27631,40.68765,Mardin,Correct
5B472C17-FE95-4EA0-9D24-39400B64B356,İLİŞ ECZANESİ,Mardin,Kiziltepe,37.08449,40.65216,Mardin,Correct
91F18909-7D6F-4C6B-AC6C-39C722111A71,BAHÇELİEVLER ECZANESİ,Mardin,Derik,37.1882,40.55752,Mardin,Correct
76B52E43-E754-40EE-AD6C-3A15959A2F43,EMRE DURGAN DİŞ KLİNİĞİ,Mardin,Kiziltepe,37.19137,40.5862,Mardin,Correct
A918B46D-C843-4A4F-BD16-3B6F5103D127,YAŞAM ECZANESİ,Mardin,Midyat,37.42443,41.3655,Mardin,Correct
4F621010-597D-4F06-828A-3BDDD2CAC804,EDİBE ECZANESİ,Mardin,Kiziltepe,37.22532,40.61756,Mardin,Correct
678AC3A6-F06B-41CA-9253-3C57D1614FAB,BERHEM ECZANESİ,Mardin,Kiziltepe,37.19833,40.59097,Mardin,Correct
B93F4820-4035-4320-8017-3CA03E22C252,AKBURAK ECZANESİ,Mardin,Nusaybin,37.09506,41.22126,Mardin,Correct
EE2BC8FF-E4D8-4EF1-A91F-3F6B217EC872,SİNANOĞLU ECZANESİ,Mardin,Artuklu,37.32156,40.73279,Mardin,Correct
BB2CD46C-A947-45BC-88ED-405AC8A9BC8E,MARDİN EĞİTİM ARAŞTIRMA HASTANESİ,Mardin,Artuklu,37.32808,40.71263,Mardin,Correct
BBD334FB-829F-4E5E-A5D3-4074B12C9B50,MERAL ECZANESİ,Mardin,Kiziltepe,37.19142,40.58536,Mardin,Correct
474F1021-528F-482A-9F9D-412494FEFCAD,NARLIOĞLU ECZANESİ,Mardin,Nusaybin,37.09262,41.20127,Mardin,Correct
D1593A95-4E5F-4D17-A9E3-41D07F93B844,HALİS ÖKMEN MUAYENEHANESİ,Mardin,Artuklu,37.32821,40.73231,Mardin,Correct
761DE872-E586-43FC-A8FE-427A257E00DB,SARIYILDIZ ECZANESİ,Mardin,Artuklu,37.32433,40.72352,Mardin,Correct
A56D48D2-43F2-4729-BA0C-432637FEB3CC,ÖZEL CİHANPOL HASTANESİ KIZILTEPE,Mardin,Kiziltepe,37.2139,40.61411,Mardin,Correct
D440AAA0-F9C2-4EFF-B817-43F49B5DCDF2,HAYAT ECZANESİ,Mardin,Mazidaği,37.19408,40.57283,Mardin,Correct
C0885675-F934-44B9-8711-452FB69B2514,TOLAN ECZANESİ,Mardin,Midyat,37.45416,41.29611,Mardin,Correct
0C6F5F46-6E60-4C2A-A695-45639A6FAD5C,MARDİN ARTUKLU ZİNCİRİYE AİLE SAĞLIĞI MERKEZİ,Mardin,Artuklu,37.31332,40.73871,Mardin,Correct
1A1F0BB2-9CB3-4FF0-9B7C-4651CBAC701C,ÖMÜR ECZANESİ,Mardin,Artuklu,37.3139,40.7416,Mardin,Correct
DB3A837D-0A90-4CEA-ACC5-471BE9728239,ŞEYHAN ECZANESİ,Mardin,Artuklu,37.28102,40.70143,Mardin,Correct
F4DD7061-C7B7-4B93-A4D4-4759DD99EB84,BİLBEN ECZANESİ,Mardin,Derik,37.36497,40.26734,Mardin,Correct
586F3C3E-B218-4512-9CFF-47854FEE9FCE,DÜNDAR ECZANESİ,Mardin,Kiziltepe,37.20099,40.5845,Mardin,Correct
FAD97FB8-8374-4D66-A37B-47BC7B14AE71,ORAL ECZANESİ,Mardin,Kiziltepe,37.20601,40.61214,Mardin,Correct
FCF4FD1B-80F7-42F5-BECC-47EFC5F1E6A0,KESKİN ECZANESİ,Mardin,Midyat,37.54148,41.71449,Mardin,Correct
40B199E7-8CEC-4F83-879F-4804CAFE4114,DÜNYA ECZANESİ,Mardin,Nusaybin,37.09326,41.21886,Mardin,Correct
434A4831-8692-4549-AA42-48448F94C2F0,TEMEL ECZANESİ,Mardin,Kiziltepe,37.23433,40.63126,Mardin,Correct
C735C8B5-757B-45F3-AA13-4A07D1C26E32,UĞUR ECZANESİ,Mardin,Artuklu,37.32066,40.73159,Mardin,Correct
7A873874-D8D5-48BB-8BFF-4A0C2127D55E,MARDİN DERİK ATLI AİLE SAĞLIĞI MERKEZİ,Mardin,Derik,37.19081,40.14136,Mardin,Correct
BF23070F-822D-4B93-AC40-4B1FCFE12C98,EMİN ECZANESİ,Mardin,Kiziltepe,37.1931,40.59243,Mardin,Correct
0A557429-C2A0-4BCB-9B0C-4D7199E06E6F,UMUT ECZANESİ,Mardin,Artuklu,37.34058,40.79436,Mardin,Correct
18ADB612-FAF7-4537-A31C-4DE2E5805FDD,KAYA ECZANESİ,Mardin,Artuklu,37.32492,40.72438,Mardin,Correct
0DC6D407-BC97-4E08-B3ED-4E744AE4636C,DARA ECZANESI,Mardin,Artuklu,37.33767,40.70731,Mardin,Correct
2AA9C9B2-C520-494E-93D1-4F25DC577D6F,MAZIDAĞI ECZANESİ,Mardin,Mazidaği,37.47446,40.48832,Mardin,Correct
66EFFA45-F998-44AE-94C4-508A3BA7B38F,ERDEM ECZANESİ,Mardin,Kiziltepe,37.18802,40.5748,Mardin,Correct
BC366920-4020-4D1B-82EC-50BBEC5EADB7,NUSAYBİN 8 MART SAĞLIK MERKEZİ,Mardin,Nusaybin,37.08639,41.22284,Mardin,Correct
7098F299-E681-4451-8C40-50FF4081E410,MİTANNİ ECZANESİ,Mardin,Nusaybin,37.11625,41.42643,Mardin,Correct
5DCECA3B-26D6-4583-8181-51369D8CBB2A,KIZILTEPE ATATÜRK AİLE SAĞLIĞI MERKEZİ,Mardin,Kiziltepe,37.19721,40.60519,Mardin,Correct
53B80E1B-02F6-471E-BA1B-5194836915DC,KIZILTEPE ÖZEL SPİDENT AĞIZ VE DİŞ SAĞLIĞI MERKEZİ,Mardin,Kiziltepe,37.19419,40.58888,Mardin,Correct
1BABB938-F5C8-4ACC-B0D3-5225109123C9,EYLÜL ECZANESİ,Mardin,Kiziltepe,37.1953,40.58736,Mardin,Correct
A2AB2430-1957-4279-8327-5380EFF5E2EF,MEHMET ZEKİ TÜRE MUAYENEHANESİ,Mardin,Nusaybin,37.07757,41.22085,Mardin,Correct
7F43A6F2-4D2E-4203-B767-53D2941198C2,ÖZÜÇALIŞIR ECZANESİ,Mardin,Derik,37.36467,40.27039,Mardin,Correct
08B30863-A431-41C3-9117-5420D5EB0C09,KIZILTEPE AĞIZ VE DİŞ SAĞLIĞI MERKEZİ,Mardin,Kiziltepe,37.19086,40.59378,Mardin,Correct
A71E5BDB-0389-4C05-9C68-54BB5FCCE52C,KIZILTEPE 2 NOLU ASM,Mardin,Kiziltepe,37.19328,40.59117,Mardin,Correct
2A1FBC3E-6C23-4A26-B813-551AD3E0BB06,DARGEÇİT ECZANESİ,Mardin,Dargeçit,37.54067,41.71673,Mardin,Correct
B7A95151-21CE-4400-8D4E-55E8D472E414,MEVLANA ECZANESİ,Mardin,Midyat,37.42317,41.34224,Mardin,Correct
4601D408-A381-496F-B804-56FBE5F4431B,CİHAN ECZANESİ,Mardin,Nusaybin,37.07817,41.20934,Mardin,Correct
AC876F75-2EAD-468F-A930-57F056AABC03,KALE AİLE SAĞLIĞI MERKEZİ,Mardin,Artuklu,37.32707,40.7218,Mardin,Correct
91E7B35E-0C80-49AF-92A9-58CE544FC990,MARDİN DERİK AİLE SAĞLIĞI MERKEZİ,Mardin,Derik,37.3632,40.2671,Mardin,Correct
131608FB-7344-4F64-826C-597145FB6A89,MARDİN KIZILTEPE 14 MART AİLE SAĞLIK MERKEZİ,Mardin,Kiziltepe,37.19498,40.59009,Mardin,Correct
075AD878-79DF-496A-A6E9-59F9F5D1CC00,ZEYTİN ECZANESİ,Mardin,Kiziltepe,37.18077,40.57851,Mardin,Correct
21EDD8C1-8187-4F98-92BF-5AEBD4A84FF1,MUTLU ECZANESİ,Mardin,Nusaybin,37.09844,41.21631,Mardin,Correct
1DC08E09-0C50-417A-95CF-5B6E08CF9C68,ZELAL YILDIRIM MUAYENEHANESİ,Mardin,Artuklu,37.32709,40.72293,Mardin,Correct
5E4BC2C9-A5E0-44A7-979C-5BF9356BF21A,MARDİN DERİK RÜZGAR AİLE SAĞLIĞI MERKEZİ,Mardin,Derik,37.44531,40.63013,Mardin,Correct
D85B8B21-BDBE-4171-B4AA-5C5C5E4CB48C,ATAKAN ECZANESİ,Mardin,Dargeçit,37.54322,41.71294,Mardin,Correct
055C6C6E-53B1-4C29-BF97-5D23C809DEC1,KARTAL ECZANESİ,Mardin,Kiziltepe,37.19982,40.57536,Mardin,Correct
99030176-B2BE-47E1-A653-5D944B04CB4A,ROVER ECZANESİ,Mardin,Midyat,37.40477,41.38458,Mardin,Correct
9B700963-BFB1-4D91-8B89-5E1F5D12197D,GÜNDÜZ ECZANESİ,Mardin,Dargeçit,37.54076,41.7164,Mardin,Correct
0BF8E919-B2AF-4368-8E6C-5E6787875CB5,DENİZLER ECZANESİ,Mardin,Midyat,37.42397,41.34605,Mardin,Correct
2FBB25BA-E356-4701-9A86-5EDE2FB6D254,PAMUK AİLE SAĞLIK MERKEZİ,Mardin,Kiziltepe,37.18901,40.5885,Mardin,Correct
E7E96843-FCEB-46BF-955C-5F233952539F,CİHAN TÜRK MUAYENEHANESİ,Mardin,Kiziltepe,37.19329,40.58768,Mardin,Correct
E5C4AE2C-CFAE-4879-89C2-5FB3A83C61B4,SİDAR ECZANESİ,Mardin,Artuklu,37.32529,40.72053,Mardin,Correct
4B957AAA-1737-4DC1-8637-5FC248536690,MARDİN KIZILTEPE AKDOĞAN AİLE SAĞLIK MERKEZİ,Mardin,Kiziltepe,37.02362,40.41232,Mardin,Correct
F718F5EC-6B0F-4C73-9FDD-609BDC537246,DERYA YANIK TURGUT KLİNİĞİ,Mardin,Kiziltepe,37.19354,40.5886,Mardin,Correct
1307C84B-BBF7-40BE-B688-615D82371DD5,ÖZÇELİK ECZANESİ,Mardin,Artuklu,37.31357,40.75863,Mardin,Correct
8A9E84E0-0F2C-4BC9-8B7A-6271977B20DC,ÖZEL BEYAZ IŞIK AĞIZ VE DİŞ SAĞLIĞI,Mardin,MARDİN MERKEZ,41.0292,29.186,İstanbul,Wrong
28AC1212-5AA4-4E85-9A63-63B06B1F7B59,TUTAL ECZANESİ,Mardin,Kiziltepe,37.21561,40.61516,Mardin,Correct
3C3DD2D9-DA88-4824-8ABB-6696ED85853F,ŞİFA ECZANESİ,Mardin,Midyat,37.41864,41.35391,Mardin,Correct
F3EA8E40-7E76-424F-B943-673B8FD10C80,DOĞAN ECZANESİ,Mardin,Kiziltepe,37.19228,40.58649,Mardin,Correct
9C1D3985-2711-4DB2-BD24-680F14BFE258,YAŞAM ECZANESİ,Mardin,Kiziltepe,37.21582,40.61629,Mardin,Correct
84987B26-08AD-4F95-BE05-695A2B8C5687,MARDİN MAZIDAĞI FOSFAT AİLE SAĞLIĞI MERKEZİ,Mardin,Mazidaği,37.47907,40.49025,Mardin,Correct
0CCDB0FE-57EE-4EF2-A3A7-69F13AEA1A3D,PELŞİN ECZANESİ,Mardin,Kiziltepe,37.19353,40.58822,Mardin,Correct
4C954236-CC1D-47A3-A768-6AF60AE30AB3,DEMHAT ECZANESİ,Mardin,Mazidaği,39.11267,-76.73556,No Info,No Info
868FF009-7E4B-4D3D-B7E0-6AFEE7693443,MELİSA ECZANESİ,Mardin,Artuklu,37.33587,40.70491,Mardin,Correct
F0ABA759-0470-47D5-A503-6B690EF49D78,TURAN ECZANESİ,Mardin,Dargeçit,37.54199,41.71811,Mardin,Correct
4F5D2849-D2BA-4B26-8C6A-6BC0A462D54D,YILMAZ ECZANESİ,Mardin,Kiziltepe,37.08089,40.64736,Mardin,Correct
8DE7B609-C219-44BA-A8D6-6BDDC66F0257,KIZILTEPE MERKEZ TSM,Mardin,Kiziltepe,37.19267,40.5806,Mardin,Correct
5C890D1C-7511-4C93-989C-6CE6C6FB47AF,BARIŞ ECZANESİ,Mardin,Artuklu,37.32731,40.73111,Mardin,Correct
03D2DE6A-DD62-431B-88AA-6D8BA4575016,ŞAFAK ECZANESİ,Mardin,Kiziltepe,37.19315,40.58724,Mardin,Correct
CE378DEC-279A-45DB-AE67-6DC8984E644A,ABAK ECZANESİ,Mardin,Derik,37.36848,40.27004,Mardin,Correct
6917F774-53FD-4256-80E7-6E5FA8976E92,MARDİN ARTUKLU ORTAKÖY AİLE SAĞLIĞI MERKEZİ,Mardin,Artuklu,37.22366,40.78679,Mardin,Correct
E1930899-A6A6-4B7B-88C5-6E7118BBADC8,ZEKİM ECZANESİ,Mardin,Artuklu,37.32371,40.72631,Mardin,Correct
F61A323C-38C4-4615-8A38-6FF97793C1B3,ÖZMEN ECZANESİ,Mardin,Nusaybin,37.41687,41.34352,Mardin,Correct
43D06F66-E75D-485B-B900-70CF0A54B642,ZANA ECZANESİ,Mardin,Kiziltepe,37.19551,40.5612,Mardin,Correct
99B98668-4CF7-413E-B60D-715353FF4760,ARIKAN ECZANESİ,Mardin,Midyat,37.41156,41.37119,Mardin,Correct
1064185D-C164-4B75-9857-72E5F4504805,MARDİN DEVLET HASTANESİ,Mardin,Artuklu,37.33557,40.70481,Mardin,Correct
EA6F0E9E-78F7-406E-A337-72EEFAC9AF8A,ARTUKLU ZINAR ASM,Mardin,Artuklu,37.32579,40.72162,Mardin,Correct
97EC1A63-3E06-4847-A967-732431075CAA,GÜVEN ECZANESİ,Mardin,Kiziltepe,37.19413,40.57238,Mardin,Correct
E80AA5D1-EDB9-4C9B-8002-7351EA0D6AFF,SEYHAN ECZANESİ,Mardin,Savur,37.28102,40.70143,Mardin,Correct
C1B5B907-5CAF-49DD-93DF-7530DDE1185E,ARTUKLU 15 NOLU ASM,Mardin,Artuklu,37.44711,40.63253,Mardin,Correct
E130BB0F-44D6-470D-BDBF-75747FD535CC,ÇARE ECZANESİ,Mardin,Kiziltepe,37.08539,40.65336,Mardin,Correct
3A736BDA-FF8B-4E42-9EE3-7582E140A2D9,SEYİTLER ECZANESİ,Mardin,Midyat,37.18752,40.55758,Mardin,Correct
09F4F7F5-BB9E-4522-B4D2-77E2519A1A36,NUSAYBİN MERKEZ 2 NOLU ASM,Mardin,Nusaybin,37.09596,41.22246,Mardin,Correct
1DC13B25-E07F-4899-8930-77FECE4FFBFF,ÖLÇENOĞLU ECZANESİ,Mardin,Artuklu,37.32542,40.7265,Mardin,Correct
74DBDCDF-1BC1-43DE-9F69-7829F0785551,OKTAR ECZANESİ,Mardin,Kiziltepe,37.18881,40.58049,Mardin,Correct
403A27C6-0AC5-441F-B506-7917237FF33C,MARDİN KIZILTEPE BAHÇELİEVLER AİLE SAĞLIĞI MERKEZİ,Mardin,Kiziltepe,37.18806,40.57196,Mardin,Correct
DB94EAF2-C9F1-4C62-8583-796BD7BD5C68,ÖMER ECZANESİ,Mardin,Midyat,37.41233,41.35166,Mardin,Correct
1A419628-689C-4A40-AE1B-79C97D3A1DF2,ASLANLI ECZANESİ,Mardin,Kiziltepe,37.19305,40.5826,Mardin,Correct
2264E76B-FBB1-4514-968B-7A1062AAB910,MARDİN ARTUKLU KÖTEK AİLE SAĞLIĞI MERKEZİ,Mardin,Artuklu,37.30541,40.76418,Mardin,Correct
EA39F03A-054D-4367-A6AB-7AF325C20AB6,ARSLAN ECZANESİ,Mardin,Midyat,37.41648,41.36154,Mardin,Correct
80BED7D1-AB47-4604-A4A4-7B697936ABB5,MARDİN YEŞİLLİ AİLE SAĞLIĞI MERKEZİ,Mardin,Yeşilli,37.34397,40.82863,Mardin,Correct
E8BBD27E-C0BA-4047-BDAE-7CE484085E74,YILDIZ ECZANESİ,Mardin,Artuklu,37.27824,40.67665,Mardin,Correct
08237B3F-DA64-4A70-89EB-7DC15557AFA2,AHMET BÜYÜK MUAYENEHANESİ,Mardin,Midyat,39.46997,-76.25916,No Info,No Info
30320714-C40C-448E-A647-803CFAF803C7,UÇAR ECZANESİ,Mardin,Nusaybin,37.09153,41.19969,Mardin,Correct
4B1AD811-08FD-4C5F-BB05-80D25C404435,YENİ DERMAN ECZANESİ,Mardin,Artuklu,37.31975,40.71897,Mardin,Correct
2870F287-9F63-40FD-B1A1-81C89A101AAF,DURSUN ECZANESİ,Mardin,Dargeçit,37.54099,41.71562,Mardin,Correct
6A0CD305-AC51-4442-A684-83282E432CFF,MARDİN NUSAYBİN GİRMELİ AİLE SAĞLIĞI MERKEZİ,Mardin,Nusaybin,37.11519,41.43074,Mardin,Correct
3255F7A1-82AD-46D0-B620-83E0342E69DC,MARDİN ARTUKLU 8 NOLU EVREN KÖTEK ASM,Mardin,Savur,37.53545,40.88737,Mardin,Correct
C52F0149-B785-43B3-A90B-8464E97F7274,İLHAN ECZANESİ,Mardin,Artuklu,37.32993,40.72486,Mardin,Correct
C9476D77-57B0-4781-B214-849E959BFAD5,KEMAL TEK MUAYEHANEHESİ,Mardin,Nusaybin,37.06948,41.21987,Mardin,Correct
3038DE48-10B2-48CE-B180-85545D163A43,MEHMET EMİN AYAĞ MUAYENEHANESİ,Mardin,Artuklu,37.31976,40.73039,Mardin,Correct
60892DBF-AFDA-4697-949A-875E4248AFF0,KÜBRA ÇELİK MUAYENEHANESİ,Mardin,MARDİN MERKEZ,41.0836,28.6138,İstanbul,Wrong
00DD3707-BC7A-4705-82EE-87E9AF93768C,SEVGİ DİŞ KLİNİĞİ,Mardin,Midyat,37.42398,41.33854,Mardin,Correct
3EE7C1CB-0886-4963-86D0-87F23104B045,MEHMET HELVACIER MUAYENEHANESİ,Mardin,Artuklu,37.32396,40.72385,Mardin,Correct
C0D137C3-12DE-42F9-80E9-89C32C223F18,SEVLİM ECZANESİ,Mardin,Kiziltepe,37.19408,40.58889,Mardin,Correct
77A5F0F9-82C4-447B-86C0-8A2065A0C268,ŞİFA ECZANESİ,Mardin,Kiziltepe,36.96893,40.30832,Mardin,Correct
2CDD10E4-0247-4C54-A850-8AD80BA38C9F,MARDİN KIZILTEPE YENİ MAHALLE AİLE SAĞLIĞI MERKEZİ,Mardin,Kiziltepe,37.19318,40.58769,Mardin,Correct
00B19B2C-6575-405F-A10A-8B13EE96C0A2,KIZILTEPE 7 NOLU YENİ MAHALLE AİLE SAĞLIĞI MERKEZİ,Mardin,Kiziltepe,37.18887,40.57676,Mardin,Correct
1893D1DE-F94C-4985-AF23-8CCEC1AE7955,DELİL ECZANESİ,Mardin,Nusaybin,37.07022,41.21296,Mardin,Correct
22CBB38D-091B-4037-8E30-8DEAF951A601,HİLAL GÖKTEKİN MUAYENEHANESİ,Mardin,Nusaybin,37.06719,41.21672,Mardin,Correct
9DF06C6E-328C-44DA-887C-8EED2BE108CD,VEDAT ECZANESİ,Mardin,Kiziltepe,37.23097,40.62193,Mardin,Correct
919B8BED-E9D5-4DF5-A83A-8FE18B970F11,MARDİN KIZILTEPE SANAYİ AİLE SAĞLIĞI MERKEZİ,Mardin,Kiziltepe,39.32777,-76.44876,No Info,No Info
C6A95735-6B85-45C6-9977-900BABE9D7C8,TAHA ECZANESİ,Mardin,Midyat,37.42403,41.34648,Mardin,Correct
313CA14D-EF4C-4ABB-8004-904DA2A2F9BD,ÖZEL ARTUKLU AĞIZ VE DİŞ SAĞLIĞI MERKEZİ,Mardin,Midyat,37.43099,41.33694,Mardin,Correct
07D8F61C-0C77-4911-8040-90C7A93C62A2,CAN ECZANESİ,Mardin,Midyat,37.18315,40.59114,Mardin,Correct
A9CEAEA3-EAF8-42C6-B0BF-90D0294FB97C,HALİL ECZANESİ,Mardin,Artuklu,37.32343,40.72232,Mardin,Correct
56ABD4CC-618B-4F8F-AFF1-90E6F96243DD,OSMAN ERGÜN ESRİGÜN MUAYENEHANESİ,Mardin,Nusaybin,37.07366,41.22458,Mardin,Correct
658E7A46-544D-4BAB-94BD-91A39CE7E4F4,SEYHAN ECZANESİ,Mardin,Mazidaği,37.47663,40.48542,Mardin,Correct
1161F2FA-CDC5-40B5-AD19-93F2CDFE03A9,YILMAZ ECZANESİ,Mardin,Midyat,37.42478,41.33851,Mardin,Correct
761F2CF5-0617-482D-B9F4-93FF13870B09,MARDİN KIZILTEPE CUMHURİYET AİLE SAĞLIĞI MERKEZİ,Mardin,Kiziltepe,37.19294,40.59255,Mardin,Correct
D747211F-3852-47F3-9B25-949BED44203D,AKDENİZ AĞIZ VE DİŞ SAĞLIĞI POLİKLİNİĞİ MARDİN,Mardin,Artuklu,37.33367,40.70985,Mardin,Correct
B70FF67B-D234-432C-B7D8-96705E6CE2C0,ACET ECZANESİ,Mardin,Derik,37.35997,40.26484,Mardin,Correct
CFF9CA95-1DC9-4B5C-A995-971D26123C7A,MİDYAT 1 NOLU ESTEL ASM,Mardin,Midyat,37.42395,41.33872,Mardin,Correct
93F07A91-58BF-4D55-9657-9729FA39A56F,DOĞA ECZANESİ,Mardin,Artuklu,37.32671,40.72048,Mardin,Correct
E2A1F9D9-922B-4B32-A525-973FE3991A73,MİDYAT YENİ MAHALLE AİLE SAĞLIĞI MERKEZİ,Mardin,Midyat,39.97589,32.80712,Ankara,Wrong
A728CEBF-ABD5-44ED-9BA7-97A6B97187F5,HAVİN ECZANESİ,Mardin,Derik,37.1983,40.59979,Mardin,Correct
434C4DF8-3678-4164-ABBE-97A6CFC2A32B,MEHMET EMİN DEĞER MUAYENEHANESI,Mardin,Artuklu,37.32246,40.73399,Mardin,Correct
3E2CD342-DC2E-434B-83F4-97CA619A816A,GÜL ECZANESİ,Mardin,Midyat,37.43156,41.34161,Mardin,Correct
F2C71C9E-3E75-4B48-BDC9-98C2BA2A864B,ESRA POTA MUAYENEHANESİ,Mardin,Midyat,37.42067,41.34324,Mardin,Correct
06390270-46D0-4462-A9CB-98C48A6C142A,MİZGİN ECZANESİ,Mardin,Kiziltepe,37.18727,40.59561,Mardin,Correct
6809654E-6688-47EF-BA8D-98F932B43895,MARDİN ECZANESİ,Mardin,Artuklu,37.32191,40.72391,Mardin,Correct
F51561D5-0742-4DE3-8CE2-9985C9A78505,TEKİN ECZANESİ,Mardin,Artuklu,37.32338,40.72619,Mardin,Correct
E0BCE89A-1482-48A8-A26C-99FFC1BFE35C,MESUT ECZANESİ,Mardin,Nusaybin,37.09236,41.21766,Mardin,Correct
0AD97A5D-6EB8-4B95-BC74-9A251F56F80C,FURKAN ECZANESİ,Mardin,Midyat,37.42905,41.33853,Mardin,Correct
202EC405-0CF5-4B88-BA5B-9B579F39BB1E,MARDİN MERKEZ TSM,Mardin,Artuklu,37.33099,40.72665,Mardin,Correct
A09449E9-0855-4973-B552-9B6293802BF1,AURA DERMATOLOJİ KLİNİĞİ,Mardin,YENİŞEHİR,37.32267,40.71707,Mardin,Correct
04F1D53B-8BAB-41AD-930E-9C538A55A94C,ÖZEL EMİNE AL GETAT KLİNİK,Mardin,Artuklu,39.35747,-76.40916,No Info,No Info
860D8CDE-2DA8-4923-8A12-9D49EB52134F,HÜLYAM ECZANESİ,Mardin,Midyat,37.42324,41.34193,Mardin,Correct
7AE544DA-C3DF-4A89-B14C-9E4E46B7C862,BAL ECZANESİ,Mardin,Artuklu,37.32401,40.72398,Mardin,Correct
80C3A97B-0532-4C43-99C8-9EE69D42B5CF,ERGÜVEN ECZANESİ,Mardin,Kiziltepe,37.1959,40.58292,Mardin,Correct
C9F7D91C-A07D-493F-AC8E-9EFE1DBF271E,NUSAYBİN YENİŞEHİR AİLE SAĞLIĞI MERKEZİ,Mardin,Nusaybin,37.07729,41.22563,Mardin,Correct
A5BD7215-16BA-4AD2-8203-A06F2255AFB6,SU ECZANESİ,Mardin,Midyat,37.42005,41.2661,Mardin,Correct
217E3395-B031-4416-A24C-A10262E58EEE,ÖZEL DUNAYSIR AĞIZ VE DİŞ SAĞLIĞI MERKEZİ,Mardin,Kiziltepe,37.18748,40.59596,Mardin,Correct
E7442068-AD28-4216-8D2F-A1ED7A76662F,İBNİ SİNA ECZANESİ,Mardin,Kiziltepe,37.07909,40.64496,Mardin,Correct
74157008-487F-40FD-99AE-A21974244349,ŞEVVAL ÇALIM ECZANESİ,Mardin,Artuklu,37.31987,40.72278,Mardin,Correct
5B0CFE43-344A-4CFA-9712-A3723E19B826,AK ECZANESİ,Mardin,Midyat,41.13718,34.48005,Çorum,Wrong
C831FE69-D68D-4BA9-B03E-A3B9283611B3,ÖZEL MARDİN ARTUKLU AĞIZ VE DİŞ SAĞLIĞI POLİKLİNİĞİ,Mardin,MARDİN MERKEZ,41.0629,28.7542,İstanbul,Wrong
737F09FD-5506-404F-B5D8-A42EFC441880,NUSAYBİN ABDULKADİR PAŞA AİLE SAĞLIK MERKEZİ,Mardin,Nusaybin,37.07925,41.22478,Mardin,Correct
718B0150-1A09-4C18-806B-A46DBC846AD2,ATAN ECZANESİ,Mardin,Kiziltepe,37.186,40.57033,Mardin,Correct
E4044DAF-D865-4837-B2E3-A67875505B90,MARDİN ARTUKLU ÇİMENTO AİLE SAĞLIĞI MERKEZİ,Mardin,Artuklu,37.34302,40.79936,Mardin,Correct
0CE43241-B3D1-4987-BCB6-A6CDDB5A43DF,KOÇHAN ECZANESİ,Mardin,Kiziltepe,37.1997,40.5752,Mardin,Correct
A8B134BD-E2D3-43B6-88C6-A84A93ECF40F,MARDİN DERİK ZEYTİN AİLE SAĞLIĞI MERKEZİ,Mardin,Derik,37.35785,40.26644,Mardin,Correct
CE652C33-13E0-4D30-A3C9-A8A2CAC3CE66,ÖZKAN ECZANESİ,Mardin,Mazidaği,37.47197,40.49488,Mardin,Correct
10805D6E-C2A4-4B45-AA53-A8FCE9D24C3F,AKKUŞ ECZANESİ,Mardin,Kiziltepe,37.22915,40.62427,Mardin,Correct
16A75062-5D26-4F97-9FC6-A936994DB284,MEZOPOTAMYA ECZANESİ,Mardin,Artuklu,37.27677,40.68804,Mardin,Correct
C8B2FC74-99F4-4CA9-A19B-A95EA0D9AF69,MARDİN KIZILTEPE SÜREKLİ AİLE SAĞLIĞI MERKEZİ,Mardin,Kiziltepe,37.19659,40.3976,Mardin,Correct
82C37899-C6B9-447E-8A95-AA73BA2B2CE5,MARDİN KIZILTEPE ŞENYURT AİLE SAĞLIĞI MERKEZİ,Mardin,Kiziltepe,37.07976,40.64591,Mardin,Correct
4DA9436F-FB4A-4943-9D1A-AACB93383D11,BAHADIR ECZANESİ,Mardin,Kiziltepe,37.1936,40.59105,Mardin,Correct
D52E582D-FC25-4870-9083-AAFD5602DB5A,SELÇUK ECZANESİ,Mardin,Kiziltepe,37.08983,40.41642,Mardin,Correct
3A8DC6C7-538E-4268-9424-AB71878B0D1C,ÖZDEMİR ECZANESİ,Mardin,Ömerli,37.32604,40.72048,Mardin,Correct
C6074646-76DF-4230-BDE2-ABD3624A783B,BERFİN ECZANESİ,Mardin,Artuklu,37.32607,40.72329,Mardin,Correct
15CBBC29-46A9-4B5F-B5C5-ADDF30DC1456,KOVALI AİLE SAĞLIĞI MERKEZİ,Mardin,Derik,37.18641,40.59048,Mardin,Correct
0238AC69-6170-4AE6-8D6D-AE4DB8BA266B,PARK ECZANESİ,Mardin,Nusaybin,37.07068,41.21501,Mardin,Correct
C9F63E41-F495-4FDC-8A5D-B1E7FEDB6395,MİDYAT MERKEZ 2 NOLU YAŞAM ASM,Mardin,Midyat,37.41842,41.2978,Mardin,Correct
034D403D-40C5-4772-8E41-B29C74AF7FCC,MARDİN KIZILTEPE TOKİ AİLE SAĞLIĞI MERKEZİ,Mardin,Kiziltepe,37.19915,40.60021,Mardin,Correct
98B65E4F-8FCB-471A-A9C5-B3DA6AFB0EDE,MİDYAT TSM,Mardin,Midyat,37.4247,41.33439,Mardin,Correct
5F8D1AE4-8A32-4B7B-B93C-B41C9E1507FB,YENİ ECZANESİ,Mardin,Ömerli,37.33797,40.77256,Mardin,Correct
76E04E70-85C2-4F29-8620-B420A2EC9D40,LOKMAN HEKİM ECZANESİ,Mardin,Nusaybin,37.06922,41.21632,Mardin,Correct
6E7BC0BA-88D8-4CFF-8D03-B4D524854B2C,TEMO ECZANESİ,Mardin,Artuklu,37.31673,40.74937,Mardin,Correct
198BEA97-4559-42A1-9F70-B5ADB414863F,HÜSEYİN YILDIRIM MUAYENEHANESİ,Mardin,Artuklu,37.32175,40.72168,Mardin,Correct
BCC9BB9F-3C74-4886-9E31-B655E86BBE12,BIÇAKÇI ECZANESİ,Mardin,Kiziltepe,37.24008,40.64061,Mardin,Correct
4CF856D9-7115-47C4-94B5-B66965065FEA,İPEK ECZANESİ,Mardin,Kiziltepe,37.19127,40.60148,Mardin,Correct
0714CB5E-0828-450A-AC69-B78AF2E040CC,MARDİN ARTUKLU AKINCI AİLE SAĞLIĞI MERKEZİ,Mardin,Artuklu,37.17296,40.85263,Mardin,Correct
333D67AD-EAFE-4C95-8E15-B85363366ACB,AVA ECZANESİ,Mardin,Mazidaği,37.47614,40.48859,Mardin,Correct
D59A8006-DC26-47D4-9A89-B9359EC3DD68,DİNDAR ECZANESİ,Mardin,Artuklu,37.33857,40.70851,Mardin,Correct
3C6FAC18-9748-4A53-B74E-B9B010ECA6C3,ÇETİN ECZANESİ,Mardin,Nusaybin,37.08547,41.20831,Mardin,Correct
F12ECE4E-605E-4F14-90CB-BA2BE352884C,MARDİN KIZILTEPE REŞİT GÜNDOĞDU AİLE SAĞLIĞI MERKEZİ,Mardin,Kiziltepe,37.19343,40.57541,Mardin,Correct
3B3AE7AB-B00E-428A-9DC9-BB3F6593D7A7,ÖMERLİ MERKEZ 1 NOLU ASM,Mardin,Ömerli,38.96057,-76.93836,No Info,No Info
5F98EF78-BB03-4B17-9962-BBDC4235B381,MİDYAT 4 NOLU ASM,Mardin,Midyat,37.41726,41.3732,Mardin,Correct
0F3D5016-9C3B-4CE2-BC12-BC5DA92731C3,MARDİN MİDYAT DEVLET HASTANESİ,Mardin,Midyat,37.42157,41.34444,Mardin,Correct
E6C1EBCE-862F-4152-91E3-BCCDFC4E1253,MİDYAT ECZANESİ,Mardin,Midyat,37.41897,41.37299,Mardin,Correct
39E36808-9C1C-40E8-9688-BCD15F4FF551,SAİT ECZANESİ,Mardin,Kiziltepe,37.19723,40.60519,Mardin,Correct
91F8C980-B6B2-41F9-AD2F-BDB79529259B,SULTAN ECZANESİ,Mardin,Kiziltepe,37.19736,40.39485,Mardin,Correct
4CF54D09-2F70-418F-826B-BDCD3208D9EB,NUSAYBİN ÇATALÖZÜ AİLE SAĞLIĞI MERKEZİ,Mardin,Nusaybin,37.09991,41.21374,Mardin,Correct
83A30582-079D-4527-943D-BF49635AE0EF,AKAN ECZANESİ,Mardin,Midyat,37.43136,41.34359,Mardin,Correct
45438229-AA33-4320-9A89-BF9DFD4DD692,ALTUNKAYNAK ECZANESİ,Mardin,Nusaybin,37.09536,41.18636,Mardin,Correct
6C6AD61A-938C-4367-94A1-BFABB8C6334D,YILDIRIM ECZANESİ,Mardin,Nusaybin,37.07038,41.22107,Mardin,Correct
1738FB5B-B49D-45DE-BCD2-C072DDAEFC08,NERGİZ ECZANESİ,Mardin,Artuklu,37.32641,40.72991,Mardin,Correct
C8804BC1-DF7B-44FD-8195-C11B9FBA0199,ÖZEL MARDİN DİYALİZ MERKEZİ,Mardin,Artuklu,37.32306,40.72265,Mardin,Correct
0DC92B75-DEF9-432F-86C8-C13E3CF578FE,ARZÜM ECZANESİ,Mardin,Kiziltepe,37.23005,40.62547,Mardin,Correct
6A5EEFA1-5177-4651-88BE-C1E66DAE9086,GÜNDOĞDU ECZANESİ,Mardin,Kiziltepe,37.19308,40.59244,Mardin,Correct
74F7B691-DC3A-478B-96A7-C2024EF7E1EF,CEVHER ECZANESİ,Mardin,Kiziltepe,37.08269,40.64976,Mardin,Correct
C5892D84-9C9C-4C34-98F3-C203ACDEE1A4,GÖZÜ ECZANESİ,Mardin,Artuklu,37.32439,40.71933,Mardin,Correct
2ED5B51C-60C6-4A7D-B2AF-C25A42F34BAA,KARAKAYA ECZANESİ,Mardin,Derik,37.2723,40.69003,Mardin,Correct
3092551B-6662-4A92-91A5-C2C95C2F384B,BADILLI ECZANESİ,Mardin,Kiziltepe,37.19251,40.59287,Mardin,Correct
99550571-1433-47B4-95E3-C39510C17026,İPEK ECZANESİ,Mardin,Mazidaği,37.19127,40.60148,Mardin,Correct
3B03D879-6BBF-4076-8998-C4EACAE46B89,HALK ECZANESİ,Mardin,Kiziltepe,37.08629,40.65456,Mardin,Correct
D656EED0-0254-46DD-B4DF-C4EDE28B861A,ÖMERLİ İLÇE DEVLET HASTANESİ,Mardin,Ömerli,37.39935,40.94398,Mardin,Correct
DE8AFEB4-DDD6-46F1-8E10-C5134703C9F0,ÖZEL DARADENT AĞIZ VE DİŞ SAĞLIĞI POLİKLİNİĞİ,Mardin,Artuklu,37.32446,40.71882,Mardin,Correct
99A748E5-7FFC-432E-802B-C5666757AC58,TEMA ECZANESİ,Mardin,Kiziltepe,37.18489,40.60143,Mardin,Correct
7090DD33-EB7F-4668-88CD-C69D2EAFB5BA,DİLAN ECZANESİ,Mardin,Nusaybin,37.06899,41.21912,Mardin,Correct
09349F0F-D77C-44DA-8796-C814EBA9BB0E,RONİ ECZANESİ,Mardin,Kiziltepe,37.19313,40.59241,Mardin,Correct
22A9A0E1-A3B6-4831-96C1-C932018871E4,MARDİN KIZILTEPE DEVLET HASTANESİ,Mardin,Kiziltepe,37.22585,40.6256,Mardin,Correct
9F2B7D0D-17A8-4D3A-9E81-C9612CAD2832,KAYA ECZANESİ,Mardin,Midyat,37.42301,41.32768,Mardin,Correct
486DEA95-E419-4ECC-AA5A-C9F72E698392,MENAL ECZANESİ,Mardin,Nusaybin,37.0721,41.21582,Mardin,Correct
DE46A2E7-E998-44C6-A969-CA48AC3FB929,YENİ ŞİFA ECZANESİ,Mardin,Artuklu,37.32559,40.72041,Mardin,Correct
30F84659-6C30-43F1-BDF3-CAFC04ABFD35,BEHCET ECZANESİ,Mardin,Nusaybin,37.07694,41.21639,Mardin,Correct
E4C6DC99-3959-4104-AF55-CB3BA9A1F75F,ARTUKLU ECZANESİ,Mardin,Artuklu,37.22891,40.77882,Mardin,Correct
A6BE2C5C-7B1D-4BEC-A85E-CBC02F228F49,ARTUKLU RAVZA ASM,Mardin,Artuklu,37.32287,40.71639,Mardin,Correct
E41027F0-002C-4887-A7AD-CBC7242DA23E,YAŞİNLER ECZANESİ,Mardin,Kiziltepe,37.19185,40.58095,Mardin,Correct
AC7690D6-CEBE-4C09-AC77-CC95041EA2DB,YASEMİN ECZANESİ,Mardin,Artuklu,37.22667,40.77776,Mardin,Correct
D4CE5F8F-C5ED-4E36-BD78-CCDC85DC9B61,VİTAMİN ECZANESİ,Mardin,Kiziltepe,37.1849,40.60131,Mardin,Correct
B9BE4656-AFF1-4E81-9444-CE27938A466A,MARDİN MİDYAT BAĞLAR AİLE SAĞLIĞI MERKEZİ,Mardin,Midyat,37.43487,41.32524,Mardin,Correct
737484DD-FC3B-4DDC-A749-CE4AB2E72A7E,ÖZLEM ECZANESİ,Mardin,Kiziltepe,37.19406,40.57305,Mardin,Correct
498720E9-602F-4BCC-A977-CE80814C9C9B,SÖYLEMEZ ECZANESİ,Mardin,Derik,39.51587,-76.19796,No Info,No Info
855B2659-0564-4D9E-A3A1-CEB2CDB14A0D,ARTUKLU 13 MART AİLE SAĞLIK MERKEZİ,Mardin,Artuklu,37.32245,40.73321,Mardin,Correct
B69305E8-6813-4E81-8ABE-CEC12636C952,MARDİN ARTUKLU YENİŞEHİR AİLE SAĞLIĞI MERKEZİ,Mardin,Artuklu,37.32681,40.7242,Mardin,Correct
10F7B3A6-BB9F-4A14-8135-CEE1FBC37ABC,ZERDEŞT ECZANESİ,Mardin,Kiziltepe,37.22911,40.62599,Mardin,Correct
0EF11CA1-4A35-4E32-92CD-D035BA03C1D0,GÜNSEL ECZANESİ,Mardin,Kiziltepe,37.19503,40.57358,Mardin,Correct
AA3D2D81-A1AD-4D06-8100-D102760374CE,ARIN ECZANESİ,Mardin,Artuklu,37.32551,40.72871,Mardin,Correct
D8E1D78B-0D53-41CB-9E8D-D1949E71B3FA,NUSAYBİN MERKEZ 4 NOLU ASM,Mardin,Nusaybin,37.07802,41.2259,Mardin,Correct
3A049B4A-A6B0-4FB3-8AAE-D22C6BCE1828,ŞEYHMUS ECZANESİ,Mardin,Kiziltepe,39.58157,-76.11036,No Info,No Info
020139EF-3878-42B7-8D7F-D33DE4E29DFD,KÜBRA ECZANESİ,Mardin,Artuklu,37.32089,40.71857,Mardin,Correct
5713EC98-524C-49C2-AE93-D365D7C27A7E,FETHİ ECZANESİ,Mardin,Kiziltepe,37.184,40.58838,Mardin,Correct
154014EA-933A-49C3-A125-D37D466E45C3,MARDİN MERKEZ 1 NOLU ASM,Mardin,Artuklu,37.31019,40.73772,Mardin,Correct
DCF7A0F6-9A63-4A95-9FDF-D3B46A9AAB99,KOSAR ECZANESİ,Mardin,Kiziltepe,37.18272,40.58174,Mardin,Correct
E4284F6A-5649-4477-A26E-D4090E4309E3,DİLBER ECZANESİ,Mardin,Nusaybin,37.07038,41.21287,Mardin,Correct
1B314127-EEF7-4291-91B8-D48DA8B1EC91,RODENT MARDİN,Mardin,MARDİN MERKEZ,40.8765,28.927,İstanbul,Wrong
BCB1C14E-604F-4CDB-AC4C-D4A0ECED3B4F,MARDİN YEŞİLLİ BAHÇE BAŞI AİLE SAĞLIĞI MERKEZİ,Mardin,Yeşilli,37.34642,40.82313,Mardin,Correct
0AEC3961-781C-4F05-9429-D4A731183F70,MARDİN KIZILTEPE ZERGAN AİLE SAĞLIĞI MERKEZİ,Mardin,Kiziltepe,37.19128,40.58665,Mardin,Correct
02DA9E80-8BBF-4A42-9639-D51E5AEBFD88,YEŞİLLİ ECZANESİ,Mardin,Yeşilli,37.31374,40.74096,Mardin,Correct
D4E20BCA-E95D-4E11-807C-D60B3A568EE9,FULYA UZUN MUAYENEHANESİ,Mardin,Artuklu,37.32461,40.72751,Mardin,Correct
D9467906-7C41-492C-A79E-D6774A3E72BB,DEMİR ECZANESİ,Mardin,Nusaybin,37.09116,41.21265,Mardin,Correct
BAF7F13E-44A6-4ED3-B911-D77D026B9C60,DUYAN ECZANESİ,Mardin,Kiziltepe,37.23765,40.6308,Mardin,Correct
46E485A5-597E-4325-A414-D8A57B0F2BD2,HUZUR ECZANESİ,Mardin,Yeşilli,37.20637,40.69839,Mardin,Correct
25A4986C-8133-4516-BEC8-D9DC292A7477,DİLBER ECZANESİ,Mardin,Midyat,37.4168,41.36447,Mardin,Correct
B7B9B87B-1FEC-4F63-BA39-DBEAD2495318,MEHMET İKBAL AKSOY,Mardin,Nusaybin,37.06809,41.21792,Mardin,Correct
C8DD29BE-A94E-4266-BF71-DD7A26EBF786,MÜFTÜOĞLU ECZANESİ,Mardin,Kiziltepe,37.19288,40.5926,Mardin,Correct
91D7B85A-533F-44A6-8B73-DD7DAC11501B,NUSAYBİN MERKEZ 3 NOLU ASM,Mardin,Nusaybin,37.0712,41.21462,Mardin,Correct
036BC64F-BFCD-4C74-A0A0-DD9E6B161EDF,MARDİN SAVUR AİLE SAĞLIĞI MERKEZİ,Mardin,Savur,37.54679,40.86196,Mardin,Correct
3F731849-4B7B-4D60-BE6C-DDA3EFD5EEBE,ÖZEL KIZILTEPE İPEKYOLU HASTANESİ,Mardin,Kiziltepe,37.31538,40.75665,Mardin,Correct
9509D0CB-454B-4C18-A947-DDD7516B5124,ARTUKLU 15 NOLU AİLE SAĞLIĞI MERKEZİ,Mardin,Artuklu,37.44621,40.63133,Mardin,Correct
FD356E98-B5CA-40B4-B22C-DDEFA431F5AC,MARDİN ARTUKLU YALIMKÖY AİLE SAĞLIĞI MERKEZİ,Mardin,Artuklu,37.32389,40.73563,Mardin,Correct
10E1C435-BEC7-43D2-9155-DE7DAE3E268A,SERHANOĞLU ECZANESİ,Mardin,Nusaybin,37.06917,41.21935,Mardin,Correct
621E3FE9-B117-4B36-8FA7-DFF00952655E,MEYDAN ECZANESİ,Mardin,Artuklu,37.31279,40.72453,Mardin,Correct
CD67E153-4717-4875-B33B-E0442B811DEC,ENES ECZANESİ,Mardin,Nusaybin,37.07128,41.21407,Mardin,Correct
588DBB96-7F27-49EF-A66E-E07E1F5BE011,EYMEN ECZANESİ,Mardin,Mazidaği,37.24188,40.63217,Mardin,Correct
6B87C152-646D-4C13-86BE-E1976527F355,AVUKA ECZANESİ,Mardin,Artuklu,37.33677,40.70611,Mardin,Correct
A6A1879B-7448-4FED-8D6D-E3D6D37D5872,SEVDA İLHAN MUAYENEHANESİ,Mardin,Kiziltepe,37.19287,40.58508,Mardin,Correct
6976D7F9-DDA0-4A0E-98B6-E3DE573D760B,OKTAY ECZANESİ,Mardin,Derik,37.29446,40.63625,Mardin,Correct
41FCC18B-14FB-47EF-A30A-E45EC84AA597,YAVUZLAR ECZANESİ,Mardin,Midyat,37.45493,41.29816,Mardin,Correct
7099762C-B79E-4DB4-AD9C-E54F26EFDDBB,ŞAHİN ECZANESİ,Mardin,Artuklu,37.20847,40.69836,Mardin,Correct
01E5A5D8-0A73-4ADA-8E3F-E56B32D51002,KIZILTEPE MERKEZ BAŞAK ASM,Mardin,Kiziltepe,37.1903,40.59592,Mardin,Correct
038BBF75-49B8-46C0-A7E6-E60DF25BD126,TÜRKANCAN ÇETİN MUAYEHANEHESİ,Mardin,Nusaybin,37.07689,41.2255,Mardin,Correct
4A5510D5-1649-4DF5-A69D-E66D303A30EC,FARABİ ECZANESİ,Mardin,Artuklu,37.31814,40.72236,Mardin,Correct
07300E44-7BFE-4A3D-9E21-E76B0A006727,MARDİN ARTUKLU DİYARBAKIR KAPI AİLE SAĞLIĞI MERKEZİ,Mardin,Artuklu,37.31316,40.73053,Mardin,Correct
8F3D3BEB-9FEC-4371-B748-E7D9E51B7BE7,MARDİN ÖMERLİ AİLE SAĞLIĞI MERKEZİ,Mardin,Ömerli,37.40385,40.95551,Mardin,Correct
22D0EDC4-3561-48BA-A435-E7F515CD5F04,HASAN ECZANESİ,Mardin,Derik,37.23844,40.62485,Mardin,Correct
92E9A892-C775-4D5F-A1BC-E8EA7D53C855,BERRİN ECZANESİ,Mardin,Mazidaği,37.47465,40.49326,Mardin,Correct
83F4A38B-8C3B-4DE6-B52C-E949BCCB133A,MARDİN DERİK DEVLET HASTANESİ,Mardin,Derik,37.37457,40.27537,Mardin,Correct
6454E806-1394-4BDB-B7F6-EA3FAABE574D,KARABOĞA ECZANESİ,Mardin,Kiziltepe,37.19144,40.58593,Mardin,Correct
03AD1600-40E6-4716-9637-EA6B822C20C0,MARDIN DARGEÇIT İLÇE HASTANESI,Mardin,Dargeçit,38.99837,-76.88796,No Info,No Info
C669D876-58E2-4D58-B2DC-EAC1C2F2089F,URTEKİN ECZANESİ,Mardin,Kiziltepe,37.23142,40.62803,Mardin,Correct
EA73AD2B-0D49-4108-BFD8-ECEF7C70980D,KABUL ECZANESİ,Mardin,Artuklu,37.20745,40.69774,Mardin,Correct
2B1C28A8-91E6-449B-A7FD-ED0116CA228D,CENGİZ ÇEVİK ECZANESİ,Mardin,Nusaybin,37.06911,41.219,Mardin,Correct
86B45C00-1673-4F40-98EB-EE069D4F15B2,MURAD ECZANESİ,Mardin,Nusaybin,37.09416,41.22006,Mardin,Correct
67E4DD24-891E-4B81-BBA4-EE2451BF87E5,AKDAĞ ECZANESİ,Mardin,Kiziltepe,37.07999,40.64616,Mardin,Correct
73E0C925-07FD-4C5C-99C8-EEA99CAD39C7,DEĞER ECZANESİ,Mardin,Artuklu,37.30946,40.74314,Mardin,Correct
A60D1BAF-C576-4F30-9579-EF7535E67903,ÖZEL DENİZ AĞIZ VE DİŞ SAĞLIĞI POLİKLİNİĞİ,Mardin,Kiziltepe,37.21585,40.67726,Mardin,Correct
65E31A88-9883-4F79-ADAD-EFC13154DFFC,MARDİN ARTUKLU GÖKÇE AİLE SAĞLIĞI MERKEZİ,Mardin,Artuklu,37.20463,40.69777,Mardin,Correct
7B7CFB66-77B6-4F22-8FAA-F008349F19D9,AKCAN ECZANESİ,Mardin,Nusaybin,37.09352,41.20247,Mardin,Correct
244EC68B-737D-4E84-A0DF-F073B10C7BE1,TACAR ECZANESİ,Mardin,Derik,37.37191,40.26816,Mardin,Correct
551414F4-1D2F-4E15-97D5-F212C6E85CE6,SUKRAN ECZANESİ,Mardin,Midyat,37.425,41.33911,Mardin,Correct
C67B7F79-4496-4050-AAB4-F26E7C207EF8,KILIÇ ECZANESİ,Mardin,Artuklu,37.32523,40.72472,Mardin,Correct
23D8A14C-EACA-4616-9641-F27D8F7ED125,MARDİN DARGEÇİT AİLE SAĞLIĞI MERKEZİ,Mardin,Dargeçit,37.54595,41.71317,Mardin,Correct
613AE1E2-3102-4B42-8142-F46C31F68DB2,MARDİN ARTUKLU KABALA AİLE SAĞLIĞI MERKEZİ,Mardin,Artuklu,37.34721,40.802,Mardin,Correct
31924B5C-E034-424B-AA7C-F4EB1EA31B44,MARDİN KIZILTEPE OVA AİLE SAĞLIĞI MERKEZİ,Mardin,Kiziltepe,37.19173,40.56244,Mardin,Correct
E2648ED4-5EAB-4248-B8D0-F58970741469,MARDİN MAZIDAĞI AİLE SAĞLIĞI MERKEZİ,Mardin,Mazidaği,37.47164,40.4955,Mardin,Correct
5A4F8E33-2B03-4D71-A084-F627C9056A53,MARDİN KIZILTEPE FIRAT AİLE SAĞLIĞI MERKEZİ,Mardin,Kiziltepe,37.18401,40.57407,Mardin,Correct
67DD4345-6659-479F-B2EE-F630C312CF1E,DELAL ECZANESİ,Mardin,Artuklu,37.31194,40.74859,Mardin,Correct
7C132F5C-3EC2-4BB1-8470-F6CBF43C0D78,KIZILTEPE 14 MART AİLE SAĞLIK MERKEZİ,Mardin,Kiziltepe,37.22952,40.6278,Mardin,Correct
38200F2D-A5FB-4095-BCEC-F78B0BDC6F06,BİZİM ECZANESİ,Mardin,Nusaybin,37.09233,41.19521,Mardin,Correct
EF2E604A-8EC7-4C8D-A636-F823AFE8F7ED,YUSUF EMRE ECZANESİ,Mardin,Kiziltepe,37.18627,40.56954,Mardin,Correct
90D47D30-643E-4A87-BA7C-F8ABA953B3A7,HAYAT ECZANESİ,Mardin,Nusaybin,37.09172,41.20007,Mardin,Correct
0D86B883-08F7-499D-B5D0-F9D2E05AD799,47 DENT AĞIZ VE DİŞ SAĞLIĞI POLİKLİNİĞİ,Mardin,MERKEZ,40.9834,28.6305,İstanbul,Wrong
87609C8A-1E35-4849-BA67-FC1A88CA4ECE,BAYRAKDAR ECZANESİ,Mardin,Kiziltepe,37.07964,40.22651,Mardin,Correct
F7664233-4A5E-4FE0-A34E-FC1D2B20A34A,AYANOĞLU ECZANESİ,Mardin,Artuklu,37.32573,40.72045,Mardin,Correct
B300F693-D816-4761-A281-FC8C93A79669,DÜNYA ECZANESİ,Mardin,Artuklu,37.32619,40.72173,Mardin,Correct
91F4C0ED-43E1-4488-8B93-FD5FDA5DBEFF,AZİZOĞLU ECZANESİ,Mardin,Artuklu,37.33725,40.70476,Mardin,Correct
BFD90A31-D7E4-4BD0-B8C8-FD612037E43E,VEDAT TARI MUAYENEHANESİ,Mardin,Kiziltepe,37.1922,40.58398,Mardin,Correct
A576823A-6EDD-4111-B3FD-FD93EB32B70F,KARDAŞ ECZANESİ,Mardin,Midyat,37.18842,40.55878,Mardin,Correct
51707858-1B47-4B96-AE23-FE12B66E39D9,KIZILTEPE 19 NOLU ASM,Mardin,Kiziltepe,37.19217,40.60268,Mardin,Correct
F2B57E96-F3CC-4F07-B844-FF8D40E91C57,CİNDİOĞLU ECZANESİ,Mardin,Nusaybin,37.06927,41.21968,Mardin,Correct
AB63B787-C4A6-48F8-8AE1-FFD2ED6F60AB,YAVUZ ECZANESI,Mardin,Savur,37.20845,40.69835,Mardin,Correct
