UnitId,UnitName,CityName,DistrictName,Latitude,Longitude,DetectedCity,Match
586D1768-EB9A-4461-AC19-00C1CEC67CC3,BİLECİK MERKEZ 4 NOLU AİLE SAĞLIĞI MERKEZİ,Bilecik,Merkez,40.15705,29.97687,Bilecik,Correct
F6092936-B39E-4035-B2C7-00E3A03C32D3,BİLECİK YENİPAZAR İLÇE HASTANESİ,Bilecik,Yenipazar,41.20398,33.55496,Kastamonu,Wrong
7D3FFAD9-09A4-4806-B35E-0108A1547FC9,BETÜL ECZANESİ,Bilecik,Bozüyük,39.89341,30.03677,Bilecik,Correct
BBFC7940-1E75-4FDC-8E2B-048F0A0ABBCC,AKSU ECZANESİ,Bilecik,Bozüyük,39.9062,30.03878,Bilecik,Correct
F04285C6-99F5-4F71-AE22-065C697E7FA7,ARZU ECZANESİ,Bilecik,Bozüyük,39.90678,30.04808,Bilecik,Correct
BAFFC7FA-23C1-40AA-BE57-065F5877A04E,DİLAN ECZANESİ,Bilecik,Bozüyük,39.90517,30.03807,Bilecik,Correct
C4513CF4-A7DC-419D-AA3A-091A75BA1996,ARİF ECZANESİ,Bilecik,Merkez,40.13799,29.97845,Bilecik,Correct
998146A6-EBB7-40AE-BE3B-0DD5B13D1E2E,BİLECİK BOZÜYÜK 2 NOLU AİLE SAĞLIĞI MERKEZİ,Bilecik,Bozüyük,39.90734,30.04618,Bilecik,Correct
896FB7C6-37DC-4404-8937-0FBD02C960D1,BELER ECZANESİ,Bilecik,Merkez,40.1437,29.97958,Bilecik,Correct
BF7B4542-72C3-482A-823C-14FD9A971E2C,BİLECİK MERKEZ 3 NOLU AİLE SAĞLIĞI MERKEZİ,Bilecik,Merkez,40.15689,29.98119,Bilecik,Correct
79848F86-1790-481C-B686-196FB7C68B3B,İSTASYON ECZANESİ,Bilecik,Merkez,39.20807,-76.60836,No Info,No Info
581AC4E9-A70C-4DA8-8B70-1C11264D4341,MELEK ECZANESİ,Bilecik,Bozüyük,39.90604,30.03617,Bilecik,Correct
4B0D7A92-A2E6-4738-BBCE-1CE9724511F5,ALİHAN ECZANESİ,Bilecik,Bozüyük,39.91216,30.03622,Bilecik,Correct
D4B4394D-93AC-4794-A5D5-205F885E9285,GÖLPAZARI ECZANESİ,Bilecik,Gölpazari,40.28066,30.31195,Bilecik,Correct
05628B30-E263-4C81-B5FD-21CF6999D015,BİLECİK OSMANELİ 1 NOLU AİLE SAĞLIĞI MERKEZİ,Bilecik,Osmaneli,40.36145,29.99983,Bilecik,Correct
2170972C-DB47-4435-BEF8-22C6E1696A0B,KEVSER ECZANESİ,Bilecik,Merkez,40.16404,29.97326,Bilecik,Correct
75224E8B-61F1-4B6B-86DA-23810AB98605,ÇALIKUŞU ECZANESİ,Bilecik,Bozüyük,39.90382,30.05109,Bilecik,Correct
53284D5D-BCF5-4732-9214-23E4B6D7C9A1,BİLECİK ÖZEL ORHANGAZİ DİYALİZ MERKEZİ,Bilecik,Merkez,40.16088,29.97348,Bilecik,Correct
A6DA90A6-3E19-4B6C-ACEE-24176A218784,BILECIK AĞİZ VE DIŞ SAĞLİĞİ MERKEZI,Bilecik,Merkez,40.13903,29.97809,Bilecik,Correct
30B9A114-EE9F-4ED2-B9F3-24CFCE621B35,S.B. BİLECİK İNHİSAR İLÇE DEVLET HASTANESİ,Bilecik,İnhisar,40.13635,29.98011,Bilecik,Correct
BC0E7571-1235-4D88-A137-24EA3C7D68C5,BİLECİK MERKEZ 2 NOLU AİLE SAĞLIĞI MERKEZİ,Bilecik,Merkez,40.13727,29.97826,Bilecik,Correct
3D353F35-F520-4E94-B2DE-2535E00D05B7,EMEL TUNÇ MUAYENEHANESİ,Bilecik,Bozüyük,39.90612,30.0374,Bilecik,Correct
EA15C689-447A-43AC-AB86-273100705983,BİLECİK BOZÜYÜK 4 NOLU AİLE SAĞLIĞI MERKEZİ,Bilecik,Bozüyük,39.90219,30.06801,Bilecik,Correct
A2AA36F1-B5AE-4EED-82C9-2826434600D1,NAR ECZANESİ,Bilecik,İnhisar,40.04994,30.38535,Bilecik,Correct
D5DE6DBB-DE65-452E-958D-28AE1FE0FCF9,ÇINAR ECZANESİ,Bilecik,Osmaneli,40.35817,30.01554,Bilecik,Correct
66B5B52A-1705-4211-BF0D-2FB34AF0B643,İLKER ECZANESİ,Bilecik,Bozüyük,39.90225,30.04037,Bilecik,Correct
5C3E9A2F-37AA-4CFA-8900-2FFE5090DEA5,BOZÜYÜK DEVLET HASTANESİ B BLOK,Bilecik,Bozüyük,39.90775,30.07363,Bilecik,Correct
C7C3A7F6-253C-4659-90E1-3035C73F10A6,BİLECİK 2 NCİ JANDARMA ER EĞİTİM TUGAYI REVİRİ,Bilecik,BİLECİK,40.8901,28.9167,İstanbul,Wrong
D00614B4-B0AE-4B1F-9793-333A936B1F1C,ENDER ÜRKÜNÖZ MUAYENEHANESİ,Bilecik,Bozüyük,39.90633,30.03808,Bilecik,Correct
02FC9D6D-AF45-4264-B2CF-355B84BBB812,BİLECİK GÖLPAZARI 1 NOLU AİLE SAĞLIĞI MERKEZİ,Bilecik,Gölpazari,40.27976,30.31075,Bilecik,Correct
F9823FD3-242A-49E4-907A-357AACCEDC74,BİLECİK BOZÜYÜK 3 NOLU AİLE SAĞLIĞI MERKEZİ,Bilecik,Bozüyük,39.9028,30.06809,Bilecik,Correct
0A38C508-36BA-40AD-952E-3D0068F2928A,EDEBALİ ECZANESİ,Bilecik,Merkez,40.14069,29.98017,Bilecik,Correct
4FCBDC51-92CB-4689-A597-40441E0A487C,ITIR ECZANESİ,Bilecik,Bozüyük,39.90679,30.0725,Bilecik,Correct
647F6D1C-9345-4AC8-AE71-41237A464E64,BİLECİK BOZÜYÜK 7 NOLU AİLE SAĞLIĞI MERKEZİ,Bilecik,Bozüyük,39.89841,30.02537,Bilecik,Correct
A0674B3C-8AB8-4E00-8FB9-4766DD0BF98D,SEVİN ECZANESİ,Bilecik,Bozüyük,39.90585,30.0409,Bilecik,Correct
B920E76E-95E3-4B03-8430-48820B4C6634,BILECIK PAZARYERI İLÇE HASTANESI,Bilecik,Pazaryeri,39.99839,29.90471,Bilecik,Correct
351B33F7-FB64-4FBF-9254-4C274BA49789,BARIŞ BAĞUBEK MUAYENEHANESİ,Bilecik,Bozüyük,39.90612,30.03856,Bilecik,Correct
C9EB584E-D973-4514-BBA9-4FE88D2FA11E,BİLECİK BOZÜYÜK 8 NOLU AİLE SAĞLIĞI MERKEZİ,Bilecik,Bozüyük,39.91216,30.03636,Bilecik,Correct
FD5AC4BE-F95E-48AB-B03C-55A8D40D7A16,UTKU ECZANESİ,Bilecik,Bozüyük,39.90647,30.07244,Bilecik,Correct
AF12596F-3770-4F6A-B7D1-56DC8C4604B1,ESİN ECZANESİ,Bilecik,Söğüt,40.01384,30.1829,Bilecik,Correct
D3B60DBD-3C19-4FE5-BA92-5733EC03BD8B,BAKKALCIOĞLU ECZANESİ,Bilecik,Bozüyük,39.90614,30.03618,Bilecik,Correct
567C8B81-B384-41B4-972C-57A25DE2680F,PAPATYA ECZANESİ,Bilecik,Yenipazar,40.17731,30.51874,Bilecik,Correct
DFA98F31-6399-407E-BBE0-57BCAAF3DF3C,LOKA ECZANESİ,Bilecik,Bozüyük,39.90608,30.03617,Bilecik,Correct
E9250858-14F1-4134-9808-59248B4937CB,AKARKARASU ECZANESİ,Bilecik,Merkez,39.80023,29.61057,Kütahya,Wrong
EEC50981-5A29-4701-9CC7-5D47DBBCF6F9,KIRMACI ECZANESİ,Bilecik,Merkez,40.14255,29.98144,Bilecik,Correct
A846D565-3B3D-4AE0-B588-5E884AAFF570,EMRE ECZANESİ,Bilecik,Bozüyük,39.89147,30.06453,Bilecik,Correct
98DD3227-6D79-4C42-80D8-60C1C8FA1AFF,4 EYLÜL ECZANESİ,Bilecik,Bozüyük,39.90261,30.06806,Bilecik,Correct
1018FB91-1C7C-4424-A713-6B1AE34CF434,YENİ ECZANE,Bilecik,Merkez,40.1422,29.98091,Bilecik,Correct
3BD7FD76-5EE4-4556-8101-6C1987D06A50,ÇALIŞKAN ECZANESİ,Bilecik,Bozüyük,39.90232,30.06803,Bilecik,Correct
997B1115-B2EC-4D77-921A-71E564BAADF0,BİLECİK MERKEZ 9 NOLU BAYIRKÖY ASM,Bilecik,Merkez,40.28035,30.01876,Bilecik,Correct
83040A42-E47B-4FCB-BB70-75D5E9DE43D5,PAZARYERİ ÇİĞDEM ECZANESİ,Bilecik,Pazaryeri,39.16847,-76.66116,No Info,No Info
95A2E710-9DAD-4DAA-B10D-7880D92714D1,DOĞA ECZANESİ,Bilecik,Merkez,40.15533,29.98351,Bilecik,Correct
D628BD77-6DAA-46E4-8C25-7DC63301FF64,FATİH ECZANESİ,Bilecik,Söğüt,40.13338,29.98257,Bilecik,Correct
7A465315-8C29-4C44-BEAC-7E3DB5FBC3EF,BİLECİK YENİPAZAR TSM,Bilecik,Yenipazar,40.17651,30.5196,Bilecik,Correct
6974AC0B-181D-4D4A-84E0-7E6D3951C0E6,ATABAY ECZANESİ,Bilecik,Merkez,40.14376,29.97983,Bilecik,Correct
4E34BEFF-2AE4-403B-ABEF-7FDF036298C5,DERMAN ECZANESİ,Bilecik,Bozüyük,39.90567,30.03792,Bilecik,Correct
685EBAA1-33ED-40EC-BBB0-815256CBCBB0,KAAN ECZANESİ,Bilecik,Söğüt,40.01499,30.18206,Bilecik,Correct
6BBC729D-BD1E-48E0-A613-909D2A658B6C,BOZÜYÜK ECZANESİ,Bilecik,Bozüyük,39.90257,30.06806,Bilecik,Correct
105B0488-F133-4A9C-804D-9108ED677316,NURAN ECZANESİ,Bilecik,Bozüyük,39.90645,30.0379,Bilecik,Correct
F80F1DC0-D280-4C4B-BCEF-92A72396DA25,BİLECİK MERKEZ 10 NOLU AİLE SAĞLIĞI MERKEZİ,Bilecik,Merkez,40.19946,29.97518,Bilecik,Correct
9EC009C0-DC9B-4F2A-AEC5-95B8E02C9C55,İPEK ECZANESİ,Bilecik,Bozüyük,39.80109,29.91714,Bilecik,Correct
9A69D56B-DA4C-4EA4-B6D3-97AC62885082,TÜLAY ECZANESİ,Bilecik,Merkez,40.13621,29.97779,Bilecik,Correct
E81AB4E2-1AA0-486F-8EE3-97BD44107ADB,BİLECİK MERKEZ 7 NOLU ASM,Bilecik,Merkez,40.11586,29.99813,Bilecik,Correct
CAA31A1E-F98B-4245-BDEF-981862169118,MURAT ORNAĞ MUAYENEHANESİ,Bilecik,Merkez,40.14221,29.98072,Bilecik,Correct
24FFE29E-1EE3-49BF-AB76-99DBFA240ACA,BİLECİK MERKEZ 5 NOLU AİLE SAĞLIĞI MERKEZİ,Bilecik,Merkez,40.16431,29.97383,Bilecik,Correct
68157BD2-3CFE-401F-A9AF-9DE7FB5BF23A,ÖZLEM ECZANESİ,Bilecik,Bozüyük,39.90653,30.0364,Bilecik,Correct
9F920673-14BA-4C2D-8045-9F3269A8DB22,BİLECİK BOZÜYÜK 9 NOLU AİLE SAĞLIĞI MERKEZİ,Bilecik,Bozüyük,39.90302,30.04093,Bilecik,Correct
E6708E2C-3FBB-45A1-9896-A1C86BF5A062,BİLECİK MERKEZ 1 NOLU AİLE SAĞLIĞI MERKEZİ,Bilecik,Merkez,40.04853,30.38581,Bilecik,Correct
B6B1CA71-3C3B-4366-82EE-A2B8BD14EA05,YEŞİLKENT ECZANESİ,Bilecik,Bozüyük,39.89237,30.06573,Bilecik,Correct
DAE7E7DF-2A4A-43CE-A49E-A6F405F52C4D,SİNAN URHAL MUAYENEHANESİ,Bilecik,Bozüyük,40.01171,30.18511,Bilecik,Correct
F8D64DD3-F191-4190-B016-A72B2A4B2762,ECZACIBAŞI VİTRA YAPI GEREÇLERİ,Bilecik,Bozüyük,39.90635,30.03799,Bilecik,Correct
0C077ACD-15AE-442C-960C-A811061AF375,MERKEZ ECZANESİ,Bilecik,Merkez,40.1424,29.98081,Bilecik,Correct
041D1D13-4D32-48B7-BFB7-A8A4D6BE622F,ÜNSAL ECZANESİ,Bilecik,Merkez,40.14324,29.97915,Bilecik,Correct
B6939500-FDC6-4C32-B183-AB4483F5E97C,KARDEŞLER ECZANESİ,Bilecik,Söğüt,40.13248,29.98137,Bilecik,Correct
3FFEDBD2-C4C2-4EC1-89E2-AD2DC1EE1207,SENA ECZANESİ,Bilecik,Osmaneli,40.16111,29.97287,Bilecik,Correct
E0B2A2D8-F4EE-4ED1-9939-AF49C8F1DE79,BİLECİK SÖĞÜT 1 NOLU AİLE SAĞLIĞI MERKEZİ,Bilecik,Söğüt,40.04294,30.16431,Bilecik,Correct
82592C0F-C963-4884-8FB0-AFDFA8D49CCA,EDA ÖZEŞER MUAYENEHANESİ,Bilecik,Merkez,40.14333,29.97873,Bilecik,Correct
E4F87151-C55B-45D6-9889-B0E14C0E311B,SAĞLIK ECZANESİ,Bilecik,Merkez,40.14025,29.97938,Bilecik,Correct
2B51D4BF-69EE-490C-87D9-B2F951037CD6,ALPER SÖZER MUAYENEHANESİ,Bilecik,Bozüyük,39.9058,30.04071,Bilecik,Correct
E6D569B8-9D94-47FB-8C3C-B5810773674B,BILECIK GÖLPAZARİ İLÇE HASTANESI,Bilecik,Gölpazari,39.99749,29.90351,Bilecik,Correct
5BFA9362-F529-41E2-A4D8-BA2B5834F562,BILECIK SÖĞÜT DEVLET HASTANESI,Bilecik,Söğüt,40.02965,30.17644,Bilecik,Correct
BCF72FD5-7DCC-4843-B04B-BC3B5AFE3598,BILECIK BOZÜYÜK DEVLET HASTANESI,Bilecik,Bozüyük,39.90685,30.07243,Bilecik,Correct
7CD84272-15A8-4958-BBB9-C05E12B0E3D6,EMRE ECZANESİ,Bilecik,Merkez,40.14223,29.97994,Bilecik,Correct
D413C0CD-BFD3-4879-B2C3-C371B1CEEFD0,BİLECİK SÖĞÜT 2 NOLU AİLE SAĞLIĞI MERKEZİ,Bilecik,Söğüt,40.05583,30.25754,Bilecik,Correct
87F12128-0D55-4B41-BB7B-C6E383E665B0,ARSLAN ECZANESİ,Bilecik,Osmaneli,40.36174,30.02148,Bilecik,Correct
B034EB2A-FA23-438D-BDAB-CC953EB64B40,VARLIK ECZANESİ,Bilecik,Bozüyük,39.90486,30.03859,Bilecik,Correct
59D98CCC-9CA2-4FED-86C8-CDDDB9956B56,BİLECİK BOZÜYÜK 1 NOLU AİLE SAĞLIĞI MERKEZİ,Bilecik,Bozüyük,39.90508,30.0381,Bilecik,Correct
E9305F5E-9ADB-42E4-B103-D02D8E86BCBA,BİLECİK BOZÜYÜK 6 NOLU AİLE SAĞLIĞI MERKEZİ,Bilecik,Bozüyük,39.89595,30.03752,Bilecik,Correct
8750522B-44F4-4BA4-80FE-D2F5D9AF48A4,OLCAY ECZANESİ,Bilecik,Merkez,40.14363,29.97943,Bilecik,Correct
27E7426A-85F0-476D-A5C4-D3407A04B620,HAKAN ECZANESİ,Bilecik,Merkez,40.14272,29.97273,Bilecik,Correct
A871BEF9-B76A-4563-90B3-D419A267474C,GÜL ECZANESİ,Bilecik,Bozüyük,39.90502,30.03812,Bilecik,Correct
9036D4AE-364D-4B39-8071-D67EBDC887D2,BİLECİK EĞİTİM VE ARAŞTIRMA HASTANESİ,Bilecik,BİLECİK MERKEZ,40.95166,39.86824,Trabzon,Wrong
979D22A2-3565-4AA0-9016-D74DC1BD3BD0,KIRDAR ECZANESİ,Bilecik,Osmaneli,40.35907,30.01674,Bilecik,Correct
0D08D04B-89AD-434B-A17C-D935D247C903,HALİL BÜLENT BAHTİYAR MUAYENEHANESİ,Bilecik,Bozüyük,39.9059,30.04066,Bilecik,Correct
A201C82F-3A56-4A42-B496-DBF527770608,OSMANELİ MUSTAFA SELAHATTİN ÇETİNTAŞ İLÇE DEVLET HASTANESİ,Bilecik,Osmaneli,40.36214,30.00505,Bilecik,Correct
5842930A-835B-4374-9083-DC7A374EF765,SİNAN KARAOĞLU MUAYENEHANESİ,Bilecik,Merkez,40.14366,29.97856,Bilecik,Correct
F8BF1E42-6703-4700-ACA7-DE0799387906,MESUT ECZANESİ,Bilecik,Bozüyük,39.89817,30.02637,Bilecik,Correct
82461A13-5289-4AA8-980F-E158B1C7034D,SÖĞÜT ECZANESİ,Bilecik,Söğüt,40.01387,30.18289,Bilecik,Correct
347E60E1-A82B-4555-8C48-E1945314E77A,PAZARYERİ DEVLET HASTANESİ,Bilecik,Pazaryeri,41.0584,28.85491,İstanbul,Wrong
BD86C144-5924-432B-8A72-E1FC19AC11B1,UYGAR ECZANESİ,Bilecik,Merkez,40.28212,30.02028,Bilecik,Correct
36D1DC44-ADFA-449A-A3E4-E29378D37D97,BİLECİK MERKEZ 6 NOLU AİLE SAĞLIĞI MERKEZİ,Bilecik,Merkez,40.12681,30.00339,Bilecik,Correct
5B4A0950-94BF-411E-BC5A-E2B7940A84C9,DEMİSAŞ FABRİKASI SAĞLIK BİRİMİ,Bilecik,Merkez,40.24296,30.02365,Bilecik,Correct
3690E9D1-AB5A-4762-849E-E4D2D5483DA5,OSMANELİ ECZANESİ,Bilecik,Osmaneli,40.35803,30.0152,Bilecik,Correct
B500E3D1-B4EB-40DA-88F0-E615001A3620,UFUK ECZANESİ,Bilecik,Merkez,40.13781,29.9786,Bilecik,Correct
5D1E8072-AE04-4A84-94ED-E8986F459093,HAYAT ECZANESİ,Bilecik,Osmaneli,40.35981,30.01753,Bilecik,Correct
80E4BCE5-CF46-4986-9FB2-E9A61C3816C5,ONUR YILDIRIM MUAYENEHANESİ,Bilecik,Merkez,40.16119,29.97522,Bilecik,Correct
EC332C32-3FB5-4EFF-B491-EE430D16F992,DOLUNAY ECZANESİ,Bilecik,Merkez,40.15762,29.97704,Bilecik,Correct
EC828358-E7E6-492B-9868-F0366198C4AB,ELİF ECZANESİ,Bilecik,Merkez,38.30818,32.87182,Konya,Wrong
3233101D-DCAD-468F-A415-F073710719D4,T.C. S.B. BOZÜYÜK AĞIZ VE DİŞ SAĞLIĞI MERKEZİ,Bilecik,Bozüyük,39.90709,30.03604,Bilecik,Correct
E2D703D6-5413-4A8C-B435-F09AB0ED7C7C,BURCU ECZANESİ,Bilecik,Merkez,40.14367,29.97992,Bilecik,Correct
91F141A6-7933-4C46-9069-F1B5267D6F28,VEZİRHAN ECZANESİ,Bilecik,Merkez,40.24488,30.02059,Bilecik,Correct
5D1D2754-8B8A-4FAB-BA87-F274318434FE,BİLECİK MERKEZ 12 NOLU AİLE SAĞLIĞI MERKEZİ,Bilecik,Merkez,40.13772,29.96588,Bilecik,Correct
E29DAA9A-834A-4E1E-A9F9-F367F914C876,ŞEHİRLİ ECZANESİ,Bilecik,Söğüt,40.01524,30.18192,Bilecik,Correct
DFB8BA97-3A30-4120-B65F-F51651676752,HAYAT ECZANESİ,Bilecik,Pazaryeri,39.99555,29.90335,Bilecik,Correct
175CEDB9-8498-4E8E-AA93-FCB14382095E,CEBECİ ECZANESİ,Bilecik,Gölpazari,40.28218,30.31419,Bilecik,Correct
E61C718C-17D2-4F2C-B057-FCE507291CC3,BİLECİK MERKEZ 11 NOLU AİLE SAĞLIĞI MERKEZİ,Bilecik,Merkez,40.14413,29.98011,Bilecik,Correct
