UnitId,UnitName,CityName,DistrictName,Latitude,Longitude,DetectedCity,Match
3CACA9C9-681C-4FFD-A6A8-024AE2C7F263,DİGOR MERKEZ TSM,Kars,Digor,40.37058,43.42136,Kars,Correct
E966CFAD-E6E5-4473-A644-057E272D40D8,KARS MERKEZ ORTAKAPI AİLE SAĞLIĞI MERKEZİ,Kars,Merkez,40.60177,43.09294,Kars,Correct
A557B4F7-07A6-4A2D-A3AF-062E859DD83F,ÖZGE ECZANESI,Kars,Merkez,40.60048,43.11048,Kars,Correct
9F25753E-1AFB-4262-A232-0680CEB63676,TAZEGÜL ECZANESİ,Kars,Merkez,39.39167,-76.36356,No Info,No Info
DE4A121D-54DF-4B54-BE35-06BD86D74B04,BESTE İDİL ECZANESİ,Kars,Merkez,40.60803,43.09621,Kars,Correct
B5E04612-961E-487B-BD6E-07103C829706,KARS SELIM ABDULHADİ CİHANGİR İLÇE HASTANESI,Kars,Selim,40.46722,42.78864,Kars,Correct
22646F2D-036D-4B3F-9046-07BC677473B8,KARS HARAKANİ DEVLET HASTANESİ,Kars,Merkez,40.57515,43.08947,Kars,Correct
D380FA12-066A-4CAA-B515-07DBD5134C0C,ARPAÇAY ECZANESİ,Kars,Arpaçay,40.84735,43.32921,Kars,Correct
690A8E2F-201B-4668-87A9-0A2909AF4B73,ÖZLEM SERAP ECZANESİ,Kars,Merkez,40.60689,43.09681,Kars,Correct
EF79F57C-E961-40B3-ADC4-0A51D2DA4619,KARS MERKEZ KARADAĞ AİLE SAĞLIĞI MERKEZİ,Kars,Merkez,40.61263,43.09732,Kars,Correct
CFAB7C7E-FB21-4D2F-9305-0C054223FF68,KARS SUSUZ AİLE SAĞLIĞI MERKEZİ,Kars,Susuz,40.77858,43.12752,Kars,Correct
85BDC6EA-518C-4844-B988-0C3F809D073D,KARS SELİM AİLE SAĞLIĞI MERKEZİ,Kars,Selim,40.46405,42.78262,Kars,Correct
76A14ECB-06A5-48DF-A635-128686CC0148,CEVDET ERTAŞ MUAYENEHANESİ,Kars,Merkez,40.6049,43.09654,Kars,Correct
0F2F90DE-E594-4C3D-B2BA-12E16B1909C5,MERKEZ ECZANESİ,Kars,Merkez,40.6088,43.09728,Kars,Correct
D049FFB6-DA60-4F27-B681-148AFE1158EF,SAĞLIK ECZANESİ,Kars,Merkez,40.58419,43.07802,Kars,Correct
310FB70E-B70D-4FE7-ABAD-152D86F195A8,SAĞLIK ECZANESİ,Kars,Sarikamiş,40.33399,42.58981,Kars,Correct
012DFB9A-67AF-468E-BDAB-1ACE3FF4F67C,YUNUS YILMAZ MUAYENEHANESI,Kars,KARS MERKEZ,40.60293,43.09937,Kars,Correct
B4A3098E-D261-4A92-A7B7-1EC1EF6A538A,ÇAĞDAŞ AĞIZ VE DİŞ SAĞLIĞI POLİKLİNİĞİ,Kars,KARS MERKEZ,40.59934,43.09531,Kars,Correct
7C0F8041-242B-46DF-B0AC-1F58582B94AE,KARABAĞ ECZANESİ,Kars,Sarikamiş,40.33323,42.58875,Kars,Correct
D34AE86C-C3FE-4215-A20F-2383298735D7,YAŞAM ECZANESİ,Kars,Merkez,41.39132,41.4249,Artvin,Wrong
BFF734AE-CD3D-4906-8FE0-2748270F6B7D,YENİ CİVAN ECZANESİ,Kars,Sarikamiş,40.33413,42.58995,Kars,Correct
2DFD28C9-794D-46B1-B4AE-293878A03602,YETİMOĞLU ECZANESİ,Kars,Merkez,40.61063,43.0997,Kars,Correct
9277B4B2-E174-4BB3-B813-2956E4B60C69,ARTAÇ ECZANESİ,Kars,Sarikamiş,40.33271,42.59196,Kars,Correct
60DDDC86-6C15-47A4-AEB4-2E27FE486CB1,ALTUN ECZANESİ,Kars,Kağizman,40.14348,43.12026,Kars,Correct
DC280E3A-F4C6-41D1-9974-2FA43A435580,SARIKAMIS ECZANESİ,Kars,Sarikamiş,40.13393,43.117,Kars,Correct
DD2EE6E3-24C9-45DF-A313-315EF02A0440,KARS KAĞIZMAN ŞAHİNDERE 1. AİLE SAĞLIĞI MERKEZİ,Kars,Kağizman,40.13981,43.11791,Kars,Correct
06541FE5-0D71-4751-A153-324285F20F9C,ELİF SAKİNE GÜNGÖREN BESLENME VE DİYET KLİNİĞİ,Kars,Merkez,38.99927,-76.88676,No Info,No Info
64773934-6E12-47E2-B21B-37472207EC70,MURAT ECZANESİ,Kars,Merkez,39.43307,-76.30836,No Info,No Info
0454F55B-2727-4F47-8651-3840F39C997F,DAĞPINAR ECZANESİ,Kars,Digor,40.14577,43.11803,Kars,Correct
F3F4F3F6-413B-4EDE-A782-3DADD61AD35B,HACER PAŞAOĞLU MUAYENEHANESİ,Kars,Merkez,40.85548,29.37262,Kocaeli,Wrong
630CC665-2F9C-4128-925F-4458DDB1A7A1,ESRA ECZANESİ,Kars,Arpaçay,40.14062,43.1199,Kars,Correct
F7692551-93F0-4AE7-B5A2-467515AF8791,SULTAN ECZANESİ,Kars,Merkez,40.60697,43.09694,Kars,Correct
6CDDB758-8A7A-4BC5-AE76-46A090AA8F44,KARS ECZANESİ,Kars,Merkez,40.6049,43.0967,Kars,Correct
83BAEFC9-0D97-4EAB-8916-485B89CC1615,HAYAT ECZANESİ,Kars,Merkez,40.60851,43.09688,Kars,Correct
9721D1C5-C5A7-4349-94BF-48AD276D9DA4,ATAŞ ECZANESİ,Kars,Kağizman,40.14116,43.12073,Kars,Correct
320439E2-2A29-4A03-96EB-4B9F354A030D,KARS KAĞIZMAN ŞAHİNDERE 2. AİLE SAĞLIĞI MERKEZİ,Kars,Kağizman,40.23186,43.16281,Kars,Correct
09FAD479-3257-4EA2-81F0-4EF929D257C1,CAN ECZANESİ,Kars,Susuz,39.7367,43.05566,Ağrı,Wrong
EB585179-4BBA-4EEB-97F0-4F0E9930544A,KERİME YENİCE ECZANESİ,Kars,Merkez,40.57798,43.10311,Kars,Correct
C33D0A12-5491-473C-B32C-4F23FA38B7C9,KAFKAS UNV. TIP FAK. HASTANESİ,Kars,Merkez,40.61153,43.1009,Kars,Correct
7707A4F4-243D-46F7-9B99-50AF7E1D9DDD,KARS MERKEZ HAFIZPAŞA AİLE SAĞLIĞI MERKEZİ,Kars,Merkez,40.60344,43.10812,Kars,Correct
AD0A1B3D-ACE3-4554-81B6-520784E9D4A5,HASAN ARSLAN GENEL CERRAHİ UZMANI,Kars,KARS MERKEZ,40.60378,43.09672,Kars,Correct
5D412C59-DB4D-43EC-B992-56F94D15E41F,KARS MERKEZ YUSUFPAŞA AİLE SAĞLIĞI MERKEZİ,Kars,Merkez,40.6067,43.0951,Kars,Correct
45022FEE-15B0-4588-8568-570158F0D1D3,CİVAN ECZANESİ,Kars,Merkez,40.60608,43.0979,Kars,Correct
744E7DBA-36A4-480A-B585-5B204E62C9F8,BÜŞRA ECZANESİ,Kars,Selim,40.46789,42.78608,Kars,Correct
3A1F0F9B-53FE-48A5-B402-5D554A8D8988,ŞİFA ECZANESİ,Kars,Akyaka,39.23417,-76.57356,No Info,No Info
623238CC-D57D-4B7A-A6AF-5DBA5BAA60EB,DİLBER ECZANESİ,Kars,Merkez,40.61001,43.09349,Kars,Correct
DFED4C6D-57DD-4EDC-9E71-631BB033C508,KARS MERKEZ ŞEHİTLER AİLE SAĞLIĞI MERKEZİ,Kars,Merkez,40.59826,43.10074,Kars,Correct
611AA27F-DAA0-4ACE-90EA-646056E431F6,ENBİYA ECZANESİ,Kars,Merkez,40.61066,43.09758,Kars,Correct
A07CA921-2CA8-42B5-99C5-6569C26CA393,DEMİR ECZANESİ,Kars,Merkez,39.22607,-76.58436,No Info,No Info
668376C8-02D9-482F-B309-6A7618049C94,SAFFET ECZANESİ,Kars,Arpaçay,40.84865,43.32889,Kars,Correct
1C0CCB57-C440-42A2-B8D3-6BC9685CCD66,KARS KAĞIZMAN ŞAHİNDERE 3.AİLE SAĞLIĞI MERKEZİ,Kars,Kağizman,40.16038,43.1353,Kars,Correct
9BD62C57-679B-422D-87C6-6D848E54666A,DİYAR ECZANESİ,Kars,Selim,40.60839,43.09305,Kars,Correct
3CB259B2-EBBB-42BC-AF24-6E09DB1A42FC,HAVVANUR AKTAŞ MUAYENEHANESİ,Kars,Merkez,38.63943,26.51219,İzmir,Wrong
1EFAA56E-AB1A-4639-B984-714EC4BBE94A,ŞİFA ECZANESİ,Kars,Kağizman,39.23417,-76.57356,No Info,No Info
E44F346A-FE74-492C-8D47-7974966085A3,TAHA ECZANESİ,Kars,Merkez,37.91833,40.23165,Diyarbakır,Wrong
F0D53409-8679-4A91-B76A-7E60F93D402B,MERYEM ECZANESİ,Kars,Merkez,40.59697,43.09097,Kars,Correct
8DDCA9EF-10E3-4D65-823B-7E8EF3955C29,MANSUR KAZAK MUAYENEHANESİ,Kars,Merkez,40.60572,43.0954,Kars,Correct
37FD81E2-4EBA-4FDA-BE06-825CFA9FC426,KAFKAS ECZANESİ,Kars,Merkez,40.61224,43.10535,Kars,Correct
300D5C85-D238-4008-83E5-879BBEFB2DD0,MERVE BİNGÖL MUAYENEHANESİ,Kars,Merkez,40.604,43.0955,Kars,Correct
C11EADFD-7E05-4559-AC27-8FCEB2961D8F,ARPAÇAY İLÇE DEVLET HASTANESİ,Kars,Arpaçay,40.8499,43.32683,Kars,Correct
8C13988B-95C7-48F7-9233-9182458675F1,KARS MERKEZ BÜLBÜL AİLE SAĞLIĞI MERKEZİ,Kars,Merkez,40.59506,43.08959,Kars,Correct
31166A5B-A101-45DD-AB3F-92DCC161C99C,NAKİ ECZANESİ,Kars,Merkez,40.46414,42.79052,Kars,Correct
C4E75360-014A-4B1C-81F0-934CDAA66585,SERPİL KORKMAZ PEDİATRİ KLİNİĞİ,Kars,Merkez,40.60932,43.09904,Kars,Correct
0D15001D-F9C9-4896-BFB0-94077A29C133,NİDA ECZANESİ,Kars,Merkez,40.59679,43.09259,Kars,Correct
4A459F16-D92D-4F89-932C-97B13D703AE3,İLAY ECZANESİ,Kars,Merkez,40.60778,43.09987,Kars,Correct
C01E8D32-DA55-442A-A5FA-991B50932805,KARS DİGOR AİLE SAĞLIĞI MERKEZİ,Kars,Digor,40.37466,43.4139,Kars,Correct
D7E50716-13FB-4A43-A826-995C068D7750,KARS AKYAKA AİLE SAĞLIĞI MERKEZİ,Kars,Akyaka,40.741,43.62294,Kars,Correct
B237DE0D-92C9-49E8-A98F-A038E01A0512,KARS MERKEZ YENİŞEHİR AİLE SAĞLIĞI MERKEZİ,Kars,Merkez,40.59563,43.09995,Kars,Correct
9933256B-3B73-4B7B-ADAC-A57A7F9E80D6,KARS MERKEZ İSTASYON AİLE SAĞLIĞI MERKEZİ,Kars,Merkez,40.60747,43.10396,Kars,Correct
8EB53348-20E6-4278-87B9-AAC65212915C,CEREN ECZANESİ,Kars,Merkez,40.60463,43.09623,Kars,Correct
E587461C-2EEF-4EE9-A301-ABFC0C22635C,ARAS ECZANESİ,Kars,Kağizman,40.14224,43.12041,Kars,Correct
650079D0-3036-49F6-9042-AE2A886E12A4,KARS AĞİZ VE DIŞ SAĞLİĞİ MERKEZI,Kars,Merkez,40.58807,43.08687,Kars,Correct
ED0A8B72-9243-40C8-8A96-B0971B8CE7AF,CANAN ECZANESİ,Kars,Merkez,40.60203,43.09817,Kars,Correct
532BD0CB-C426-4461-A2A9-B1EEDB827E1C,KARS KAĞIZMAN DEVLET HASTANESİ,Kars,Kağizman,40.15554,43.11724,Kars,Correct
4804348E-6E65-4FCA-A120-B6F788062848,KAĞIZMAN ECZANESİ,Kars,Kağizman,40.14203,43.1164,Kars,Correct
540A5888-6472-4275-8C4B-BB54E3DFA695,FURKAN ECZANESİ,Kars,Merkez,40.60758,43.10408,Kars,Correct
0CFA544D-82D1-46D5-BB72-BCC4AFB1BDE0,TANRIVERDİ ECZANESİ,Kars,Merkez,39.03617,-76.83756,No Info,No Info
B2406363-8F30-463F-AB12-BD5B98298517,ŞİFA ECZANESİ,Kars,Merkez,40.60787,43.09814,Kars,Correct
83010AB3-D2C3-409E-BD5F-C0AD38A35061,BARAN ECZANESİ,Kars,Digor,40.3765,43.41242,Kars,Correct
07B905A4-D00D-4191-B36A-C0E77F557093,KÜBRA ECZANESİ,Kars,Merkez,37.08139,44.31185,Hakkâri,Wrong
3AF63ADE-BECC-4522-BFC9-C170401C0DD8,NUR ECZANESİ,Kars,Kağizman,40.1438,43.12038,Kars,Correct
A7AEE90A-DA0B-493B-95F8-C37244A79E50,AKIN ECZANESİ,Kars,Selim,40.46433,42.79068,Kars,Correct
237BF224-E5E2-48C8-AE9B-C426DE60681B,TAMER ECZANESİ,Kars,Kağizman,40.14286,43.1204,Kars,Correct
D5D16944-27C6-485A-BFB9-C9A0DB31B5EB,KARS SARIKAMIŞ İNÖNÜ AİLE SAĞLIĞI MERKEZİ,Kars,Sarikamiş,40.33298,42.58464,Kars,Correct
ABEBE4C7-D271-41D1-BA2E-CCED4BFD122A,CAN ECZANESİ,Kars,Kağizman,39.7367,43.05566,Ağrı,Wrong
62DE4570-665D-4DFB-807C-CE54D6100C31,RÜMEYSA ECZANESİ,Kars,Arpaçay,40.84712,43.32924,Kars,Correct
11C822C9-84F3-4A7F-8131-CF0AA328061D,PROFDENT AĞIZ VE DİŞ SAĞLIĞI POLİKLİNİĞİ KARS,Kars,Merkez,40.60779,43.09222,Kars,Correct
2693B2CA-0392-4EE5-BA9C-D3E39B2D0FDA,KARS SARIKAMIŞ DEVLET HASTANESİ,Kars,Sarikamiş,40.32595,42.59319,Kars,Correct
169D9792-722D-4F3F-A23E-D79B70D995B6,ÇELEBİ ECZANESİ,Kars,Merkez,40.61237,43.10556,Kars,Correct
A476CC86-39CE-430A-A74E-D7B64E0ACC8B,KARS ARPAÇAY AİLE SAĞLIĞI MERKEZİ,Kars,Arpaçay,40.84479,43.3201,Kars,Correct
F766EF06-9D54-443D-A3AB-DA5C27A33646,DİGOR İLÇE HASTANESİ,Kars,Digor,40.38037,43.41716,Kars,Correct
B37FD442-0212-40C6-A6EE-E45D7947902F,ŞAHİN ECZANESİ,Kars,Digor,40.14667,43.11923,Kars,Correct
D1141403-369A-41FF-A9DF-E68DD01CF22D,ÜMİT YAŞAR DEMİRCİ MUAYENEHANESİ,Kars,Merkez,40.6078,43.09989,Kars,Correct
5E7C966E-087B-4260-A7A6-F838AB14D4EB,YALÇIN ECZANESİ,Kars,Merkez,39.03707,-76.83636,No Info,No Info
D9F663E7-0249-43BC-B04D-F9644239A8A3,MUSTAFA YARGIÇ MUAYENEHANESİ,Kars,Merkez,40.34288,26.68238,Çanakkale,Wrong
5D3007EA-E3E9-4C70-9BAB-F96772DFAB45,FAİKBEY ECZANESİ,Kars,Merkez,40.60758,43.09963,Kars,Correct
F401B249-C34C-47A0-8266-FC76ED579718,ŞEHİR ECZANESİ,Kars,Merkez,36.79482,34.58174,Mersin,Wrong
42D177F1-10D5-4161-9A84-FE1337D23752,DEVA ECZANESİ,Kars,Merkez,40.60724,43.09924,Kars,Correct
73942F4F-A3D4-4F09-8C3D-FF6B2C8EFCAA,İREM ECZANESİ,Kars,Merkez,39.16397,-76.66716,No Info,No Info
