UnitId,UnitName,CityName,DistrictName,Latitude,Longitude,DetectedCity,Match
6EFA9B8D-4F8C-4AEC-B1AE-004B2104A9A9,ŞİMŞEK ECZANESİ,Bayburt,Demirözü,40.16412,39.89322,Bayburt,Correct
D1A2C546-EF12-4801-A3C3-045C58769CDF,DEFNE ECZANESİ,Bayburt,Merkez,40.24923,40.23339,Bayburt,Correct
BF947397-1F01-4D73-9438-12D33ED1636E,BÜŞRA ECZANESİ,Bayburt,Merkez,40.2541,40.22374,Bayburt,Correct
2D754D26-3B1C-4E26-AB1D-14599BE7A9A5,DERMAN ECZANESİ,Bayburt,Merkez,40.25621,40.22048,Bayburt,Correct
6CB75C5D-C6F9-4D76-8DF3-17A70CFC1A4E,AYDINTEPE MERKEZ TSM,Bayburt,Aydintepe,40.38698,40.15774,Bayburt,Correct
93249481-4735-4472-8AE8-2261987D5EC2,GÜLŞAH KOCABEY MUAYENEHANESİ,Bayburt,Merkez,40.26122,40.22647,Bayburt,Correct
91CCF8E3-8CED-4C9D-A74E-40487274B5D0,BAYBURT MERKEZ ARPALI AİLE SAĞLIĞI MERKEZİ,Bayburt,Merkez,40.36225,40.09991,Bayburt,Correct
729AAAD7-E675-4995-88B1-412BFE2CA0B5,LOKMAN ECZANESİ,Bayburt,Merkez,40.26108,40.2265,Bayburt,Correct
CC443DA6-CDA3-4DAE-9037-474F2DB3DFA7,ALİ ÖZNUR MUAYENEHANESİ,Bayburt,Merkez,38.10755,30.55002,Isparta,Wrong
B510D605-CC7F-4A3B-BE3E-5375FB3E3E0B,T.C. S.B. BAYBURT DEVLET HASTANESİ,Bayburt,Merkez,41.05718,28.94112,İstanbul,Wrong
201E404A-07C5-47E4-915B-5888FDDD5CA6,BAYBURT MERKEZ TSM,Bayburt,Merkez,40.25461,40.22727,Bayburt,Correct
596F82EE-FBD0-41B9-8185-58CE67E90E53,FATİH ECZANESİ,Bayburt,Merkez,39.12707,-76.71636,Maryland,Wrong
4635547F-1380-48EA-AA8D-5ABC5B162566,İBNİ SİNA ECZANESİ,Bayburt,Aydintepe,39.15317,-76.68156,Glen Burnie,Wrong
67942B18-701E-4E49-A81F-60BF5A200E3D,MEYDAN ECZANESİ,Bayburt,Merkez,40.26068,40.2273,Bayburt,Correct
1D275AA2-8FE7-468F-9566-71C97B0E9C03,IHLAMUR ECZANESİ,Bayburt,Merkez,40.25626,40.22037,Bayburt,Correct
369A579B-0057-46E5-9F28-7826EF452920,ENES ECZANESİ,Bayburt,Merkez,40.25346,40.22538,Bayburt,Correct
524D1F26-81CA-40C5-BF14-7AC931C752C2,TÜRKER ECZANESİ,Bayburt,Merkez,39.58427,-76.10676,Maryland,Wrong
3EB71FAD-246E-4E2A-97B0-7B9FDAA253BF,KÖROĞLU ECZANESİ,Bayburt,Merkez,40.25782,40.22505,Bayburt,Correct
F1CDB38D-BBBA-4396-B179-7BAADBC49DD3,IŞIK ECZANESİ,Bayburt,Merkez,40.26036,40.22644,Bayburt,Correct
EB014403-037C-4CE2-BA12-7D8523CD69EC,BAYBURT DEMİRÖZÜ AİLE SAĞLIĞI MERKEZİ,Bayburt,Demirözü,40.16359,39.88928,Bayburt,Correct
5712FA04-7879-45BC-92ED-7EB4DD176182,GÜNEŞ ECZANESİ,Bayburt,Merkez,40.26178,40.22522,Bayburt,Correct
3C35D812-D966-4D93-86FB-849F2D5949A1,MERKEZ ECZANESİ,Bayburt,Merkez,40.25984,40.22592,Bayburt,Correct
105197CF-9416-4919-ADFB-8ADE97587580,T.C. S.B. BAYBURT AĞIZ VE DİŞ SAĞLIĞI MERKEZİ,Bayburt,Merkez,40.25444,40.22464,Bayburt,Correct
E31E4645-99AF-40E7-B9FD-8E0E9D9C6675,BAYBURT ECZANESİ,Bayburt,Merkez,39.61667,-76.06356,Maryland,Wrong
3470A022-EF14-4740-97C5-907833036AF4,PELİT ECZANESİ,Bayburt,Aydintepe,40.38922,40.14489,Bayburt,Correct
FCA15EA3-0345-4534-9207-9878A1BC9527,BAYBURT İL SAĞLIK MÜDÜRLÜĞÜ,Bayburt,Merkez,40.25649,40.22206,Bayburt,Correct
6D3A11B7-9B3D-4D96-90FD-B164D2B88D87,HANECİOĞLU ECZANESİ,Bayburt,Merkez,40.04309,32.89405,Ankara,Wrong
74507B97-60A1-4678-B6AD-B238CE4CC18E,CEMRE ECZANESİ,Bayburt,Merkez,40.26694,40.2095,Bayburt,Correct
A6B27FD8-ED3E-4893-A0F1-B7E41EEED704,HAYAT ECZANESİ,Bayburt,Demirözü,40.16411,39.89224,Bayburt,Correct
8BF5EB48-263B-4C11-A243-B8EB7EB09E8D,BAYBURT MERKEZ 3 NOLU AİLE SAĞLIĞI MERKEZİ,Bayburt,Merkez,40.25866,40.22354,Bayburt,Correct
A108A19E-5668-4187-9C6D-BC7423CC28E8,PURUT ECZANESİ,Bayburt,Merkez,40.25907,40.22674,Bayburt,Correct
8B33C18E-D4F6-4B75-BD98-C6A2CE97899B,BAYBURT MERKEZ 2 NOLU AİLE SAĞLIĞI MERKEZİ,Bayburt,Merkez,40.26355,40.22482,Bayburt,Correct
E119B866-7315-47A1-931B-C871AECF94CE,BAYBURT MERKEZ MADEN ASM,Bayburt,Merkez,40.18315,40.39833,Bayburt,Correct
08120FF9-E408-4CA8-AF2D-CC404DD2B690,BAYBURT MERKEZ 4 NOLU AİLE SAĞLIĞI MERKEZİ,Bayburt,Merkez,40.24913,40.23588,Bayburt,Correct
020A3E05-874F-4A21-A136-D10E1C3D593A,TANRIKULU ECZANESİ,Bayburt,Merkez,40.26244,40.22504,Bayburt,Correct
9CB0BD2A-DA4B-4AB2-BA83-D1C61690653F,DOĞA ECZANESİ,Bayburt,Merkez,40.25433,40.22334,Bayburt,Correct
FA0D096C-FADB-4B6A-BDD2-D1F07AC9BC3C,BÜYÜK ECZANESİ,Bayburt,Merkez,40.26691,40.2094,Bayburt,Correct
27519D80-77D1-4A6D-95E4-D9E0149A5557,UZUNLAR ECZANESİ,Bayburt,Merkez,40.25802,40.22422,Bayburt,Correct
4694243F-F738-4338-9FFC-E61B462A7B75,BAYBURT MERKEZ 1 NOLU AİLE SAĞLIĞI MERKEZİ,Bayburt,Merkez,40.25465,40.2229,Bayburt,Correct
