UnitId,UnitName,CityName,DistrictName,Latitude,Longitude,DetectedCity,Match
C0E28A8F-295B-4DAF-8DF0-00280E54A1D8,ONUR ECZANESİ,Aydin,Didim,37.84445,27.84149,Aydın,Correct
BF96901A-68A4-4404-B183-00BCC9A47DE6,FAHRETTİN TIRKAZ MUAYENEHANESİ,Aydin,Kuyucak,37.90826,28.47444,Aydın,Correct
302DE624-E26A-43D0-9F0C-018430BEBD98,GONCA POLAT BALCI MUAYENEHANESİ,Aydin,Kuşadasi,37.86282,27.27066,Aydın,Correct
82C0EF24-25FA-42A6-9D4E-01C83DD2F999,YASEMİN ECZANESİ,Aydin,Didim,37.35441,27.26841,Aydın,Correct
A4D46334-96E7-4326-81F6-01E141D75BD4,AYDIN SULTANHİSAR İLÇE HASTANESİ,Aydin,Sultanhisar,37.88721,28.21428,Aydın,Correct
8D794502-BDD5-4413-B1EA-021B6BA3B265,MUSTAFA KOZALAN MUAYENEHANESİ,Aydin,İncirliova,37.85394,27.72048,Aydın,Correct
8CFDDC19-8C27-4263-A5A8-02893275271D,BAŞÇAYIR ECZANESİ,Aydin,Köşk,37.95765,28.07295,Aydın,Correct
780D4005-66B4-485A-B56C-0299D3868B4F,GÜZEL BOZDOĞAN ECZANESİ,Aydin,Bozdoğan,37.6725,28.31082,Aydın,Correct
000B97EF-44AF-425D-BE1D-02C7EDCB7F0B,HİSAR ECZANESİ,Aydin,Efeler,37.85131,27.81643,Aydın,Correct
2EF85ED6-693E-475A-961F-039B6AC7BED2,ÇAĞRI ECZANESİ,Aydin,Kuşadasi,37.85882,27.25808,Aydın,Correct
F72094EE-21D9-4DFE-9CE7-03CBE760C6F4,AYDIN NAZİLLİ ÖZEL İNCİ AĞIZ VE DİŞ SAĞLIĞI MERKEZİ,Aydin,Nazilli,37.9182,28.32968,Aydın,Correct
4C5C30F1-0600-43A5-B743-03E485960D31,GÜRSES ECZANESİ,Aydin,Kuyucak,37.92287,28.53657,Aydın,Correct
B8223266-F2D7-4AD5-91E3-04749968319A,İREM ECZANESİ,Aydin,Nazilli,37.9179,28.3277,Aydın,Correct
73D3A0BA-1057-4BD4-89C8-049B3F8BDB28,PROF.DR.GÖKSUN KARAMAN MUAYENEHANESİ,Aydin,Efeler,37.84064,27.83472,Aydın,Correct
B5404946-C6C8-4283-8EFF-04E556211FFD,ÜLKÜ ECZANESİ,Aydin,Efeler,37.84875,27.83649,Aydın,Correct
56440098-5EEA-43AF-BD44-057187920003,NATUREL ECZANESİ,Aydin,Didim,37.37627,27.26515,Aydın,Correct
7794517D-BDB0-416C-A3A4-05A4737CCEAB,SERDAR BAYRAMOĞLU MUAYENEHANESİ,Aydin,Kuşadasi,37.86124,27.26105,Aydın,Correct
6142E237-A9B6-4230-8F23-05D34CF9AF9C,SÜLEYMAN BAY MUAYENEHANESİ,Aydin,Efeler,37.84681,27.84328,Aydın,Correct
AD051738-4AFA-4B39-9A22-0609F1DF2BC6,ÖYKÜ CAN ECZANESİ,Aydin,Nazilli,37.91655,28.31731,Aydın,Correct
8722B6C9-D11D-4B03-99D3-062262934187,AYDIN NAZİLLİ 5 NOLU AİLE SAĞLIĞI MERKEZİ,Aydin,Nazilli,37.91955,28.3468,Aydın,Correct
71D9E317-E9B8-4CCB-9339-0632109F41F5,SAĞLIK ECZANESİ,Aydin,Kuşadasi,37.85287,27.25633,Aydın,Correct
06A461DC-B5C3-4533-AFCA-06446FC1F62C,SADİYE GAMZE DEMİRSOY TAVİL MUAYENEHANESİ,Aydin,Efeler,37.84672,27.83532,Aydın,Correct
BB9D309F-2F06-4F21-B1A2-072D91D125AD,AYDIN DEVLET HASTANESİ KURUM ECZANESİ,Aydin,merkez,37.84991,27.83832,Aydın,Correct
9823DDD4-B420-4E30-8235-0795E24E2C23,BAŞAK ECZANESİ,Aydin,Efeler,37.85207,27.83947,Aydın,Correct
8CBBFB74-20E8-457E-8F79-07F80D10984B,PSİKOTERAPİ VE AİLE DANIŞMANLIĞI MERKEZİ,Aydin,Nazilli,37.91581,28.32432,Aydın,Correct
7741978D-5413-4875-9424-0888D4C81720,ÖZDEN ECZANESİ,Aydin,Didim,37.41187,27.22711,Aydın,Correct
8C87B56D-34FF-4039-AC40-0891EE01CA6C,ZAFER ECZANESİ,Aydin,Efeler,37.84574,27.84386,Aydın,Correct
B06DBF11-C740-4E85-9667-08D529AC6401,YUSUF AYÇİÇEK MUAYENEHANESİ,Aydin,Nazilli,37.9182,28.32829,Aydın,Correct
D1871583-5615-47A9-A569-08DE9A983310,ÜLGEN KALELİOĞLU TUĞAN MUAYENEHANESİ,Aydin,Nazilli,37.83097,28.24353,Aydın,Correct
F5057551-AF8E-48FB-BF3C-09939FD7BE35,COŞKUN ECZANESİ,Aydin,Efeler,37.84267,27.84194,Aydın,Correct
39486572-0FE6-40AF-B7AE-09BEE5A9F2F8,HAYAT ECZANESİ,Aydin,Nazilli,37.91737,28.32764,Aydın,Correct
995E4983-B0B7-445C-B13D-09F4CF4C1447,KORAY ECZANESİ,Aydin,Nazilli,37.92036,28.33655,Aydın,Correct
A86B8C0E-1C94-42E3-94C9-0A1990434E4D,AYDIN KOÇARLI ÇAKIRBEYLİ AİLE SAĞLIĞI MERKEZİ,Aydin,Koçarli,37.73514,27.82397,Aydın,Correct
2205D2C1-FBF3-48F7-A1D9-0A4B49F5F469,ADİL COŞKUN MUAYENEHANESİ,Aydin,Efeler,37.83668,27.84684,Aydın,Correct
470A5B99-04D9-4C08-BC64-0AAC05B5A44E,RABİA ALAY MUAYENEHANESİ,Aydin,Efeler,37.84425,27.82533,Aydın,Correct
BD7EEC99-E581-4841-B65E-0B8A030FEE05,SAĞLIK ECZANESİ,Aydin,Koçarli,37.76009,27.70627,Aydın,Correct
68689A24-CD6C-48D9-A8D8-0B99FFE19195,AYDIN ÇİNE 3 NOLU AİLE SAĞLIĞI MERKEZİ,Aydin,Çine,37.61349,28.06124,Aydın,Correct
B4C2E48E-E7AC-45BC-9555-0B9EC2C4F2A8,LEVENT ATEŞ MUAYENEHANESİ,Aydin,Efeler,37.85126,27.81051,Aydın,Correct
1FD75FA8-67A0-4E9D-AB64-0BDBCAAA7598,AYDIN KUYUCAK HORSUNLU AİLE SAĞLIĞI MERKEZİ,Aydin,Kuyucak,37.9199,28.58923,Aydın,Correct
D2DE6D25-AE6E-4A07-86D6-0C72EA384F28,HİKMET DÖĞÜCÜ MUAYENEHANESİ,Aydin,Nazilli,37.91809,28.32873,Aydın,Correct
A828E72A-79E6-487B-BC1C-0C80C96301F9,FÜSUN ESKİCİOĞLU-GÜNHAN ESKİCİOĞLU MUAYENEHANESİ,Aydin,Efeler,37.82799,27.85073,Aydın,Correct
82E3BB77-3376-4127-9BC6-0CB1BDADD9C2,TOKSÖZLÜ ECZANESİ,Aydin,Germencik,37.87019,27.59924,Aydın,Correct
31F02BAA-2E37-42C1-9E3D-0D08E562EE6A,ÇETİN ECZANESİ,Aydin,Söke,37.76427,27.4022,Aydın,Correct
C6120381-BF0C-4A0F-9F9F-0DFE62EA5A01,ZENCİRCİ ECZANESİ,Aydin,Germencik,37.87016,27.59983,Aydın,Correct
20032677-9B3E-4A17-9D14-0E31463F3912,SUDE ECZANESİ,Aydin,Efeler,37.83986,27.81954,Aydın,Correct
9F483EF3-E550-4E37-9ACC-0E4030795E6A,ŞENER ECZANESİ,Aydin,Efeler,37.84969,27.83843,Aydın,Correct
87C9DD07-17D0-4ABE-8657-0F027E3FAEA0,AYDIN SÖKE 2 NOLU AİLE SAĞLIĞI MERKEZİ,Aydin,Söke,37.74122,27.40051,Aydın,Correct
E26D6E5B-5DDB-40D3-A3CD-0FB54C87B392,HASAN YALÇIN EROĞLU MUAYENEHANES,Aydin,Efeler,37.84355,27.83538,Aydın,Correct
7FAD94DE-BB42-4480-B9C0-0FD5F303A5C7,BURAK KÖSEOĞLU MUAYENEHANESİ,Aydin,Efeler,37.85692,27.82699,Aydın,Correct
F2417087-16C3-4F7A-80D3-0FD8CBD0EA5F,SÖKE ECZANESİ,Aydin,Söke,37.76443,27.40216,Aydın,Correct
3D558CB1-FE76-4193-98E5-101E0A4C8F22,DİYET İX,Aydin,Efeler,37.85145,27.82638,Aydın,Correct
F4F2F0F3-E587-45AF-8665-10B648C04744,AYDIN ÇİNE 2 NOLU AİLE SAĞLIĞI MERKEZİ,Aydin,Çine,37.61886,28.05996,Aydın,Correct
C02C4974-DF3E-4A2D-9932-10FCE4D2589C,ATÇA ECZANESİ,Aydin,Sultanhisar,37.82375,28.19889,Aydın,Correct
DA0728BB-2764-4B95-9D71-112E5D9A8E38,BETÜL AKÇANAL MUAYENEHANESİ,Aydin,Efeler,37.84175,27.83298,Aydın,Correct
EE078C0C-D8C8-4B90-9AE6-11D4A257D19F,EFES ECZANESİ,Aydin,Kuşadasi,37.86013,27.26221,Aydın,Correct
EB509D8D-77F9-40FB-AD80-11DABCF255B0,ÖZEL EMRE DİŞ POLİKLİNİĞİ,Aydin,Kuşadasi,37.80811,27.27416,Aydın,Correct
D79555D1-CAFE-4153-A543-131E73048A6A,CEYHAN ECZANESİ,Aydin,Nazilli,37.91943,28.34393,Aydın,Correct
9981A7C4-1B50-4267-9519-133DF35B7F56,VERESELİ YAVAŞ ECZANESİ,Aydin,Çine,37.69264,28.38747,Aydın,Correct
9E6CA4B0-E56C-4EBD-BD7D-135405044DAB,AYDIN KUŞADASI DEVLET HASTANESİ,Aydin,Kuşadasi,37.83924,27.25059,Aydın,Correct
3CC127F4-101D-4E54-9C84-13F9ACBB76C2,DERMAN ECZANESİ,Aydin,Nazilli,37.90231,28.3225,Aydın,Correct
EBB25023-47CC-4639-97FB-148C4A3628D0,TURUNCU ECZANESİ,Aydin,Söke,37.75459,27.40902,Aydın,Correct
746AF706-B620-47BC-88D7-148D95EA8D9C,YALÇIN ECZANESİ,Aydin,Nazilli,37.91889,28.33783,Aydın,Correct
E7D61D17-0C38-4A41-A7DE-14992BF528E5,GÖKÇEN ECZANESİ,Aydin,Kuyucak,37.90984,28.45717,Aydın,Correct
6CAF43BE-C608-49D8-84E6-149CB638431B,AVCI ECZANESİ,Aydin,Koçarli,37.75866,27.70606,Aydın,Correct
101B1A35-DD0C-4694-AFA7-14B0E3B58D67,MAVİŞEHİR ECZANESİ,Aydin,Didim,37.41706,27.22218,Aydın,Correct
3AD7D531-AED8-45A3-8A75-15D38781D691,YONCA ECZANESİ,Aydin,Söke,37.74714,27.41566,Aydın,Correct
B3592712-2CD1-4E2C-A31E-16B2D48BF46A,AYDIN SÖKE SAVUCA AİLE SAĞLIĞI MERKEZİ,Aydin,Söke,37.73699,27.3953,Aydın,Correct
D38CA92A-E5A1-4760-B67F-1783C8DA302B,AYDIN KÖŞK İLÇE HASTANESİ,Aydin,Köşk,37.85383,28.05287,Aydın,Correct
04210821-0439-4BDD-92CE-17C2A3A6006C,AYDIN ATATÜRK DEVLET HASTANESİ,Aydin,Efeler,37.83975,27.84049,Aydın,Correct
19619A45-55EB-4C9E-8492-17D85569A9A1,AYDIN EFELER 3 NOLU AİLE SAĞLIĞI MERKEZİ,Aydin,Efeler,37.83317,27.83356,Aydın,Correct
D0BF0454-8B47-498C-BD5D-17E63A90BD16,AYDIN KADIN DOĞUM VE ÇOCUK HASTALIKLARI HASTANESİ,Aydin,merkez,37.84183,27.8329,Aydın,Correct
9895D3B7-8685-4EED-B99C-181E5334D449,AYDIN GERMENCİK HIDIRBEYLİ AİLE SAĞLIĞI MERKEZİ,Aydin,Germencik,37.8848,27.58703,Aydın,Correct
7F0F91C9-B064-4B8C-B485-1844EA1F339F,BURCUM ECZANESİ,Aydin,Efeler,37.8428,27.84044,Aydın,Correct
DE8D95F5-9A81-4568-95A1-185BAC814921,ADNAN ÖZKUTUCU MUAYENEHANESİ,Aydin,merkez,40.8345,28.8284,İstanbul,Wrong
C84763F8-9DB7-4C84-BA4C-19173EEE2A2A,KEMAL ECZANESİ,Aydin,Söke,37.75663,27.40928,Aydın,Correct
83D96C3A-36C8-4789-94D7-1976DF24ACA5,AYSAN ECZANESİ,Aydin,Nazilli,37.91743,28.32016,Aydın,Correct
C3D47FE7-0BC2-4369-A007-1A5BCF30777F,AYDIN EFELER 1 NOLU AİLE SAĞLIĞI MERKEZİ,Aydin,Efeler,37.84687,27.84647,Aydın,Correct
D1029529-80A4-4A57-A8EC-1A95C8893BD2,ATLAS ECZANESİ,Aydin,Kuşadasi,37.73332,27.28527,Aydın,Correct
B6311B41-EA3F-4A1B-9A9A-1B62A54A49A9,BAŞAK ECZANESİ,Aydin,Nazilli,37.91729,28.31889,Aydın,Correct
D944C61F-7B1F-4C4E-998A-1B91E6E6D7B4,AYDIN BOZDOĞAN SIRMA AİLE SAĞLIĞI MERKEZİ,Aydin,Bozdoğan,37.60689,28.46484,Aydın,Correct
03680D26-5D01-487B-A9FE-1C1300D7611A,DEMİRCİLER ECZANESİ,Aydin,Nazilli,37.04344,31.7933,Antalya,Wrong
ED95FCD0-6B44-4330-9AA1-1C196A56B404,AYDIN ADNAN MENDERES ÜNİVERSİTESİ UYGULAMA VE ARAŞTIRMA HASTANESİ,Aydin,Efeler,37.85637,27.85656,Aydın,Correct
7217E382-7A9F-4F0B-9010-1C57BCA0C4D7,AYDIN ÖZEL DERİMER DERMATOLOJİ DAL MERKEZİ,Aydin,Efeler,37.84766,27.82861,Aydın,Correct
C4A1ED8B-455D-4F55-B5EC-1C590B759699,VOLAKA DİYALİZ MERKEZİ,Aydin,Nazilli,37.90052,28.28557,Aydın,Correct
B32D2AD7-63E2-4FFA-833C-1C97FEAA1900,AYDIN SÖKE BAĞARASI AİLE SAĞLIĞI MERKEZİ,Aydin,Söke,37.71279,27.55323,Aydın,Correct
570AB594-D9F7-4DD2-99AE-1CBDDB56B8FA,KAVRUK ECZANESİ,Aydin,İncirliova,37.85384,27.71967,Aydın,Correct
109FC161-68F8-41C9-A7D6-1CD4F2E66003,PARK AĞIZ VE DİŞ SAĞLIĞI POLİKLİNİĞİ,Aydin,Kuşadasi,37.85709,27.26393,Aydın,Correct
D72E55C2-8BFF-4ED9-9125-1CD757C72AED,AYTUN ECZANESİ,Aydin,Buharkent,37.96955,28.74158,Aydın,Correct
7D6C0B38-30F8-4509-A36E-1CDD285F42FB,AYDIN KARPUZLU AİLE SAĞLIĞI MERKEZİ,Aydin,Karpuzlu,37.55856,27.83723,Aydın,Correct
B398D492-B747-4FE0-8213-1D442E3769FF,YENİ HAYAT ECZANESİ,Aydin,Söke,37.74304,27.40111,Aydın,Correct
B6E35B45-F3F1-45EA-834B-1D6E39E17ABE,GÜLLÜBAHÇE ECZANESİ,Aydin,Söke,37.66788,27.32528,Aydın,Correct
6EE0A8F0-B42A-4BB6-8C31-1D7C1455187A,AYDIN EFELER 7 NOLU AİLE SAĞLIĞI MERKEZİ,Aydin,Efeler,37.84479,27.84082,Aydın,Correct
DC475B2C-8A5A-45B3-8344-1D7C45278736,AYDIN SÖKE 3 NOLU AYTEN CANDAL AİLE SAĞLIĞI MERKEZİ,Aydin,Söke,37.74816,27.40597,Aydın,Correct
D708D77B-E5AA-40A9-8F28-1D87EAC964BE,ÖZÇELİK ECZANESİ,Aydin,Söke,37.74801,27.41461,Aydın,Correct
F3A9D1F5-2A81-4A02-822E-1DAEF2223B59,ELİT ECZANESİ,Aydin,Çine,37.61461,28.06021,Aydın,Correct
98CAEEFB-4B21-456F-BA99-1DB88866A0CD,AYDIN KUYUCAK PAMUKÖREN AİLE SAĞLIĞI MERKEZİ,Aydin,Kuyucak,37.92582,28.53944,Aydın,Correct
DC742103-6B00-4AD1-AF96-1DFFF5DC4C2C,ÜNAL ECZANESİ,Aydin,Efeler,37.83242,27.83377,Aydın,Correct
DDB6D747-9AE8-471D-BD88-1E5524750D65,SENEM ECZANESİ,Aydin,Nazilli,37.92199,28.33809,Aydın,Correct
C502F694-ED19-468C-800D-1EFC4B07C9BD,YAMAN ECZANESİ,Aydin,Efeler,37.84278,27.84131,Aydın,Correct
63BF2A6D-6B64-4D54-A00C-1F193B01818C,YENİ BORA ECZANESİ,Aydin,Çine,37.61621,28.0563,Aydın,Correct
BCBD6197-B3F3-4A90-BA34-1F2109A4D19C,ÖZGÜREL ECZANESİ,Aydin,Söke,37.75667,27.40858,Aydın,Correct
CB2F7F7B-484A-4916-9868-1F930294973A,FERİDUN SOĞANCI MUAYENEHANESİ,Aydin,Nazilli,37.91681,28.32708,Aydın,Correct
C485F888-22AC-4E40-BDCD-200E4AFB3356,AYDIN ÖZEL DİDİM BATI TIP MERKEZİ,Aydin,Didim,37.38307,27.26051,Aydın,Correct
89BFB08A-A2F3-469A-9DE0-208C170A039E,EŞİYOK ECZANESİ,Aydin,Efeler,37.84935,27.83811,Aydın,Correct
17F410B5-8817-4280-87A5-20EA8150EAFF,PAKER ECZANESİ,Aydin,Kuşadasi,37.85815,27.26483,Aydın,Correct
7CF14498-EDC9-4098-AC9C-2148296B7A03,BUSE ECZANESİ,Aydin,Kuşadasi,37.85809,27.26107,Aydın,Correct
7334A5C7-7AF7-40D1-824B-21B18651A398,AYDIN EFELER 18 NOLU AİLE SAĞLIĞI MERKEZİ,Aydin,Efeler,37.83289,27.85027,Aydın,Correct
52B4E66E-BA5D-4DA6-A4B4-21DA237893BD,AYDIN KARACASU AİLE SAĞLIĞI MERKEZİ,Aydin,Karacasu,37.73133,28.61374,Aydın,Correct
D5BADB03-7AEB-47F0-9D29-21EEF55C2B98,YENİ AKAY ECZANESİ,Aydin,Kuyucak,37.90518,28.62511,Aydın,Correct
A3852059-68D0-476D-BDA5-22116D40BCC4,KURTULMUŞ ECZANESİ,Aydin,Efeler,37.84164,27.83946,Aydın,Correct
A2C909DB-0E2C-4D68-A5DE-221316FDCCC0,EFE TORUNBALCI MUAYENEHANESİ,Aydin,Kuşadasi,37.8684,27.26431,Aydın,Correct
6045C037-2473-4856-9BE9-2221E3508841,MELTEM ECZANESİ,Aydin,Germencik,37.87479,27.59658,Aydın,Correct
3389AD81-19E2-4456-8490-223D0D99689E,EMEL ECZANESİ,Aydin,Kuyucak,37.91367,28.46439,Aydın,Correct
0BBBEFD6-D07E-4CDB-89A1-226626BE8625,MURAT ECZANESİ,Aydin,Söke,37.7645,27.40527,Aydın,Correct
F205271E-7DB6-4F4C-A7C3-22A1C822850E,CENGİZ SAMANTIR MUAYENEHANESİ,Aydin,Kuyucak,37.83915,27.84511,Aydın,Correct
076B1D1C-0AC6-41A0-9C18-22BC9F1D8E73,ESAT ÇALIK MUAYENEHANESİ,Aydin,Söke,37.76389,27.406,Aydın,Correct
40195CCA-2265-4787-B4B1-234A9678772C,TUNCER ECZANESİ,Aydin,Çine,37.60867,28.0614,Aydın,Correct
5E616E33-AB4D-43C2-B232-23726F9A6204,AYDIN SÖKE ATBURGAZI AİLE SAĞLIĞI MERKEZİ,Aydin,Söke,37.63559,27.24743,Aydın,Correct
506AA61C-3623-443A-A39B-2376D7D59D57,HAZAL ECZANESİ,Aydin,Efeler,37.86184,27.81553,Aydın,Correct
BA60B246-5FE4-4AE8-B5F8-23DFEFFF1037,VURAL ECZANESİ,Aydin,Söke,37.74802,27.40528,Aydın,Correct
386C1336-2AE2-4133-B38F-2475EB72657D,AKSOY ECZANESİ,Aydin,Efeler,37.84455,27.84429,Aydın,Correct
3A822310-5AC8-423B-84AD-2566148EE4EA,VERESELİ AKIN ECZANESİ,Aydin,Kuşadasi,37.7334,27.29407,Aydın,Correct
1D639633-F00D-4D73-A35C-25B2A1D7F9F5,MEHMET ALTINBAŞAK MUAYENEHANESİ,Aydin,Efeler,37.84313,27.84709,Aydın,Correct
1827CE5C-BB8D-455E-B73B-25C68CEA8AC5,TOPÇUOĞLU ECZANESİ,Aydin,Efeler,37.83222,27.83459,Aydın,Correct
1864AA46-9354-4F86-A900-25CF906F5807,MEYDAN ECZANESİ,Aydin,Söke,37.75312,27.40703,Aydın,Correct
59FD5542-15CD-4181-88EF-26DE6CBA4139,DR.SELİM PIRPANLAR MUAYENEHANESİ,Aydin,Efeler,37.85466,27.80896,Aydın,Correct
FDCC4F3C-1D0E-4AAA-83D2-271A81A52644,ÖZBEN ECZANESİ,Aydin,Efeler,37.85043,27.83938,Aydın,Correct
FFC7DDA6-3051-4032-A16E-27427436163F,OZAN ECZANESİ,Aydin,Efeler,37.84755,27.83365,Aydın,Correct
4AD5D1A5-48B7-4C4B-962E-279CC48FFD87,GÜNEŞ ECZANESİ,Aydin,Kuşadasi,37.85242,27.25853,Aydın,Correct
7985161B-EA04-4D6F-8921-27BDC10B31AD,ÖZLEM ECZANESİ,Aydin,Nazilli,37.91874,28.33644,Aydın,Correct
C962F8AB-E464-4500-9EE9-290D658FDD2E,HAYAT ECZANESİ,Aydin,Kuşadasi,37.8553,27.24901,Aydın,Correct
E44C958B-5CFD-4C45-ADE3-29CE547A90F4,ALEV YILMAZ MUAYENESİ,Aydin,Efeler,37.84264,27.84464,Aydın,Correct
38EB34B2-FC4D-4C0F-9D83-29FBB1F9C85F,TÜLAY TUNCER MUAYENEHANESİ,Aydin,Efeler,37.83609,27.8449,Aydın,Correct
E4AFBA79-64F4-4484-B79C-2A2D5916358E,SAHİL ECZANESİ,Aydin,Kuşadasi,37.85963,27.25904,Aydın,Correct
F728EAC2-8915-4543-8FBE-2AFE43F90F41,SEALİGHT DENT,Aydin,Kuşadasi,37.87815,27.26883,Aydın,Correct
26C9B503-3472-421F-9995-2BC746444C7F,AYDIN DİDİM DEVLET HASTANESİ,Aydin,Didim,37.75015,27.40231,Aydın,Correct
D1CE3866-51DE-42E5-B3E2-2BCEE377E918,ÖZEL EFES DİŞ KLİNİĞİ,Aydin,Kuşadasi,37.8599,27.25936,Aydın,Correct
32825426-CBCF-485F-A276-2BE264BC5D0B,AYDIN GERMENCİK 2 NOLU AİLE SAĞLIĞI MERKEZİ,Aydin,Germencik,37.87796,27.60002,Aydın,Correct
7F5810C4-1283-40A4-A011-2C799D47830A,ŞULE ECZANESİ,Aydin,Köşk,37.85243,28.05237,Aydın,Correct
950D7E24-952C-4111-B14A-2C911F9A0A12,AKDAM ECZANESİ,Aydin,Çine,37.61182,28.06144,Aydın,Correct
37A787DA-9EEE-440E-A493-2C9748F38350,POLAT MAKİNA SAĞLIK BİRİMİ,Aydin,Efeler,37.84309,27.88296,Aydın,Correct
4EE59CE6-8253-474B-A6DA-2DC520197888,ÖZEL ATLAS AĞIZ VE DİŞ SAĞLIĞI MERKEZİ,Aydin,Söke,37.74804,27.41686,Aydın,Correct
56371D8A-B77B-4054-8215-2DE83FFE63F7,YENİ ECZANE,Aydin,Nazilli,39.68687,-75.96996,No Info,No Info
A100BAA6-BCC7-4260-B2C4-2E116A049A0E,AYDIN NAZİLLİ 7 NOLU AİLE SAĞLIĞI MERKEZİ,Aydin,Nazilli,37.91326,28.32403,Aydın,Correct
872DEAF1-E2CD-4E39-B3A0-2E1F66233860,EGE ECZANESİ,Aydin,Bozdoğan,37.67499,28.31394,Aydın,Correct
ECF98EEC-10A0-4EC1-AEBF-2E731AB1DEF0,ULUÇAY ECZANESİ,Aydin,Kuşadasi,37.73337,27.28476,Aydın,Correct
4727F98A-ECFB-4C27-B291-2E875E511886,LOKMAN ECZANESİ,Aydin,Efeler,37.82387,27.87373,Aydın,Correct
0779CD42-BA4F-4C6B-98F7-2EBE5BA15264,YÜCEL ORUÇ MUAYENEHANESİ,Aydin,Nazilli,37.91801,28.32603,Aydın,Correct
28D65333-90DE-47FA-BFE1-2EC70837544A,İLAYDA ECZANESİ,Aydin,Söke,37.76356,27.40109,Aydın,Correct
2F911CB3-C409-4E26-96F2-2ED8DFBE43A5,HALİL TUNA YÜKSEL MUAYENEHANESİ,Aydin,Kuşadasi,37.85587,27.26631,Aydın,Correct
B54E882C-0EDE-423F-A918-2EF179D33C57,AYDIN EFELER KARDEŞKÖY AİLE SAĞLIĞI MERKEZİ,Aydin,Efeler,37.84453,27.77065,Aydın,Correct
5E2E1648-43A2-472D-8D5F-2F05E79BF1AF,ARAL ECZANESİ,Aydin,Didim,37.37663,27.26606,Aydın,Correct
5A69B45B-6C0A-4626-A359-2F22B25998B7,AYDIN EFELER OVAEYMİR AİLE SAĞLIĞI MERKEZİ,Aydin,Efeler,37.8193,27.83369,Aydın,Correct
7DCA82CD-0A67-452B-B0AC-2F3ADE3CB79D,BEKİR AHMET POLAT MUAYENEHANESİ,Aydin,Kuşadasi,37.87661,27.26921,Aydın,Correct
2FE1E17A-3945-419A-96F6-2FB0134AD822,KUŞADASI MERKEZ TSM,Aydin,Kuşadasi,37.86245,27.26027,Aydın,Correct
E10246A7-572E-4831-BF18-3086F2748471,LEVENT TUNCEL MUAYENEHANESİ,Aydin,Söke,37.75232,27.40612,Aydın,Correct
CFA657FA-A402-4D11-A308-30A66AF1F5F5,SERTTAŞ ECZANESİ,Aydin,Çine,39.12437,-76.71996,No Info,No Info
9ACFFAFB-859B-442E-8B92-31104ECF77B5,AYDIN NAZİLLİ 8 NOLU AİLE SAĞLIĞI MERKEZİ,Aydin,Nazilli,37.92272,28.31906,Aydın,Correct
570DBBE2-667C-47E9-9294-313E232B0574,ASLIGÜL ECZANESİ,Aydin,Efeler,37.8292,27.82737,Aydın,Correct
611F3BB5-98B4-4EC1-9C84-318BA3E134CB,MEHMET ŞAHİN MUAYENEHANE,Aydin,Kuşadasi,37.87401,27.27412,Aydın,Correct
8F0E86C0-BD67-4EC4-8D8E-31B6EAB49276,AYDIN SÖKE YENİDOĞAN SEFA-SEVİN BALCIOĞLU AİLE SAĞLIĞI MERKEZİ,Aydin,Söke,37.72619,27.39216,Aydın,Correct
F5740803-F6AD-4A29-A756-31D27E6C9C0B,MENTEŞ ECZANESİ,Aydin,Efeler,37.84767,27.84663,Aydın,Correct
79F459C8-D2AD-463B-9ED3-31F63A9A6A14,LAL ECZANESİ,Aydin,Efeler,37.85399,27.8337,Aydın,Correct
BBC7E62F-68C6-4623-862B-320F984D8B53,YASİN BULUT MUAYENEHANESİ,Aydin,Efeler,37.84314,27.83173,Aydın,Correct
B2D1E447-B603-4E38-92B3-326B612CA287,EGE ECZANESİ,Aydin,Didim,37.37697,27.26682,Aydın,Correct
828AAB6B-FB7C-4288-9C07-329BEA19AE3E,AYSUN YERLİKAYA MUAYENEHANESİ,Aydin,Söke,37.75448,27.40778,Aydın,Correct
E8FADFDE-446F-44DB-9150-3370C54409AE,NİLAY EKİMCİ MUAYENEHANESİ,Aydin,Kuşadasi,37.85905,27.25835,Aydın,Correct
665585F0-771B-4A7A-B940-33D54E27DD10,AHMET KIRBAŞOĞLU MUAYENEHANESİ,Aydin,Nazilli,37.91779,28.32709,Aydın,Correct
45E45369-F80F-4013-8B34-3457AE0A558D,AYDIN ÖZEL MEDİNOVA HASTANESİ,Aydin,Efeler,37.84327,27.82843,Aydın,Correct
72323C18-E471-46C9-AC95-347707B4DD24,AYDIN KUŞADASI KADIKALESİ AİLE SAĞLIĞI MERKEZİ,Aydin,Kuşadasi,37.78535,27.27381,Aydın,Correct
9D4EC2CC-EB03-4854-93C4-350C3A4E05B2,MUZAFFER CANBAKAN MUAYENEHANESİ,Aydin,Kuşadasi,37.85788,27.26226,Aydın,Correct
110F7672-C376-4E5B-A0DE-3556CD4E8285,CENK TAN KADIN HASTALIKLARI VE DOĞUM MUAYENEHANESİ,Aydin,Efeler,37.84265,27.83418,Aydın,Correct
0C38071D-BAEF-4F5F-8170-3580AAD4E70A,GÜZELHİSAR ECZANESİ,Aydin,Germencik,37.8743,27.59283,Aydın,Correct
72F7AB36-EECF-4259-9B4D-36374A7F7F2E,ULAŞ ACAR MUAYENEHANESİ,Aydin,Nazilli,37.92014,28.33577,Aydın,Correct
30576829-C7F9-428C-8132-365D8927302E,AYDIN ÇİNE MERKEZ 4 NOLU AİLE SAĞLIĞI MERKEZİ,Aydin,Çine,37.60524,28.05976,Aydın,Correct
B9155BB5-1D6A-4A2E-8912-366029BB8787,DİDİM ECZANESİ,Aydin,Didim,37.37658,27.26577,Aydın,Correct
47D2ADE9-7681-4FC7-9BAB-37501840A617,AYDIN POLİS MESLEK YÜKSEK OKULU EĞİTİM MERKEZİ REVİRİ,Aydin,Efeler,37.852,27.79416,Aydın,Correct
30EEE960-AD12-42A5-8F92-385B183A32B8,NEVZAT AKAR ECZANESİ,Aydin,Nazilli,37.91973,28.3357,Aydın,Correct
B7B4B4FA-DA01-410B-8CAE-38D4387B97B8,YONCA ECZANESİ,Aydin,Efeler,37.78985,28.07612,Aydın,Correct
6CAA68F8-7E40-4A26-9925-3901177A1479,AYDIN NAZİLLİ DEMİRCİLER AİLE SAĞLIĞI MERKEZİ,Aydin,Nazilli,37.97832,28.44022,Aydın,Correct
1E642DDD-7C88-4878-A9AA-393F5B4A7C62,ATİLLA SAYGIN MUAYENEHANESİ,Aydin,Nazilli,37.91791,28.32736,Aydın,Correct
7EF07BA0-E7B1-4034-B4BA-396E38392390,AYDIN DİDİM 2 NOLU AİLE SAĞLIĞI MERKEZİ,Aydin,Didim,37.38031,27.26957,Aydın,Correct
CD6F8A3A-268E-4B27-A20A-39916AE23432,BAŞAK ECZANESİ,Aydin,Yenipazar,41.18095,41.82088,Artvin,Wrong
B2520C58-A037-4C5A-A83E-39C5461A5656,EMİN TAMER MOLLA MUAYENEHANESİ,Aydin,Nazilli,37.91772,28.32738,Aydın,Correct
D8B44DE9-7C5B-4ED0-A4B7-3A231DBC9E1E,AYDIN ÇİNE DEVLET HASTANESİ,Aydin,Çine,37.8405,27.83898,Aydın,Correct
6EE5A3A3-170C-4B81-91EF-3A64C0AD2A2D,AYSUN ECZANESİ,Aydin,Kuşadasi,37.87791,27.26876,Aydın,Correct
CAEF64C0-5A4A-4F29-8338-3A79A2AFED3A,AYDIN ECZANESİ,Aydin,Efeler,37.8459,27.84322,Aydın,Correct
87676583-FDB2-4065-9F86-3B2D00BD8638,FİKRET DEMİRCİ MUAYENEHANESİ,Aydin,Efeler,37.84564,27.84403,Aydın,Correct
7EECC59F-D0CE-455B-9C81-3BAD970D7198,AYDIN KOÇARLI AİLE SAĞLIĞI MERKEZİ,Aydin,Koçarli,37.75625,27.70012,Aydın,Correct
EF19AC77-CF82-4F5B-A410-3BF29AA3DD01,ELİF ECZANESİ,Aydin,Köşk,37.85451,28.05696,Aydın,Correct
BF748282-C2BA-48E3-A1CB-3C1316B1F27C,ERDEM ECZANESİ,Aydin,Nazilli,38.03569,28.38526,Aydın,Correct
A2F3C51D-2386-4000-9975-3C47966B6A8E,TOPRAK ECZANESİ,Aydin,Nazilli,37.91811,28.32883,Aydın,Correct
8E4A5DCD-E0F8-478B-8962-3C588A21683B,ŞİRİNEVLER ECZANESİ,Aydin,Nazilli,37.90858,28.32869,Aydın,Correct
BA8BCB5F-F1AF-4A83-98DB-3C63DEB4865E,KARACASU YENİCE ASM,Aydin,Karacasu,37.82804,28.56954,Aydın,Correct
86F5C465-DB4A-45E1-943E-3C8FC826DA25,AYDIN KARPUZLU İLÇE HASTANESİ,Aydin,Karpuzlu,37.55808,27.83506,Aydın,Correct
8B5E3636-E10C-4315-9D36-3C95BD23FA20,AYDIN EFELER UMURLU AİLE SAĞLIĞI MERKEZİ,Aydin,Efeler,37.85027,27.95994,Aydın,Correct
3E44369C-8155-400E-905C-3CAA63E2DC93,SENA ECZANESİ,Aydin,Nazilli,37.9105,28.32722,Aydın,Correct
5748D562-DA2E-44A9-B2D3-3D3F606E6A67,BAYRAM MERT MUAYENEHANESİ,Aydin,Nazilli,37.9173,28.32848,Aydın,Correct
1259DDBF-97C5-44D4-BE27-3D9C2AAABBA0,AYDIN ECZANESİ,Aydin,Nazilli,37.91069,28.32753,Aydın,Correct
9FF78B58-4C5D-48AA-8458-3E02E7974FB8,KEMAL DEMİRTAŞ MUAYENEHANESİ,Aydin,Söke,37.74952,27.40486,Aydın,Correct
80664240-7666-449E-9C49-3E234EEE9CED,MİRAY PAZAR MUAYENEHANESİ,Aydin,Kuşadasi,37.85677,27.26465,Aydın,Correct
4F559A59-D760-457A-A5FD-3E6F96B9F895,KERAMİ METİN MUAYENEHANESİ,Aydin,Bozdoğan,37.67409,28.31274,Aydın,Correct
9C1A0E6D-196E-4AC2-943D-3E81FEAF1B0B,AFACAN ECZANESİ,Aydin,Çine,37.60581,28.05722,Aydın,Correct
BB908302-AA62-4A93-BFDE-3E86469E095B,LEYLANT OVA DEMİRTAŞ MUAYENEHANESİ,Aydin,Efeler,37.85098,27.78063,Aydın,Correct
C935391A-8A2B-45A6-B935-3E9865EC9B95,AYDIN ÖZEL KUŞADASI GÖZDE HASTANESİ,Aydin,Kuşadasi,37.86632,27.26497,Aydın,Correct
1F650E01-BE34-495D-BD65-3ED5A2D4B5A0,DAVUTLAR ECZANESİ,Aydin,Kuşadasi,37.73371,27.29443,Aydın,Correct
FC183031-7644-4823-A4D2-3EF3A79848D9,KALIPÇI ECZANESİ,Aydin,Efeler,37.84903,27.83799,Aydın,Correct
0B9C2313-3495-40DB-8FF2-3F5B9FBEDBD4,YAZIKENT ECZANESİ,Aydin,Bozdoğan,37.69214,28.38763,Aydın,Correct
1EF97F8D-1049-4F6F-BC05-3F7A90BDE58B,ÇONDUR ECZANESİ,Aydin,Efeler,37.84685,27.84679,Aydın,Correct
49D5C60E-2EED-49C1-83AC-3FEBF84BB3A4,BİRSU ECZANESİ,Aydin,Kuşadasi,37.86121,27.26111,Aydın,Correct
BFE07412-D64D-405D-A5CF-40687AE2376E,PEHLİVAN ECZANESİ,Aydin,Efeler,37.85164,27.83009,Aydın,Correct
9F96651B-B3DE-464E-A96C-4071C33DC929,ABDULLAH SALİH ONAY MUAYENEHANESİ,Aydin,İncirliova,37.85352,27.72271,Aydın,Correct
A6207DB8-4E1F-4BCF-8C67-408B9C98F206,TURAN ECZANESİ,Aydin,İncirliova,37.84873,27.72728,Aydın,Correct
04288C0D-B3C3-4899-AC1B-409156E81E24,AYDIN NAZİLLİ 12 NOLU AİLE SAĞLIĞI MERKEZİ,Aydin,Nazilli,37.90034,28.31443,Aydın,Correct
3A0A00CD-87C0-4D03-AA4B-40ADE510A270,KAYAKIRAN ECZANESI,Aydin,Kuşadasi,37.84324,27.24277,Aydın,Correct
8EA708AF-5F5A-49F7-9BFD-40BBCCA27137,AYDIN NAZİLLİ İSABEYLİ AİLE SAĞLIĞI MERKEZİ,Aydin,Nazilli,37.90589,28.26377,Aydın,Correct
171C33D7-A199-4776-B49C-40D7A9948703,TAVUS ECZANESİ,Aydin,Kuyucak,37.91335,28.4654,Aydın,Correct
D9687EA7-286B-4623-99AA-40D7DA1461B3,KERİM ERTÜRK MUAYENEHANESİ,Aydin,Efeler,37.83915,27.84601,Aydın,Correct
80794BAF-381B-4582-B11C-4109223A3473,EMNİYET ECZANESİ,Aydin,Efeler,37.84512,27.84402,Aydın,Correct
49622506-B51C-4A76-9763-41355A0CF006,HAKAN ECZANESİ,Aydin,Buharkent,37.96949,28.74185,Aydın,Correct
A3FF8F2C-A4DA-4C6D-85A9-416685B4BA73,CİNALİ ECZANESİ,Aydin,Efeler,37.84764,27.83365,Aydın,Correct
AFB70CB5-2FFF-492B-BB1F-42177BC75449,AYDIN SÖKE SARIKEMER AİLE SAĞLIĞI MERKEZİ,Aydin,Söke,37.5637,27.36559,Aydın,Correct
2EC68E10-01FB-43E0-86B7-42B98FBB04F5,NİHAN ECZANESİ,Aydin,Kuşadasi,37.78777,27.2751,Aydın,Correct
6A3774BE-A2CC-4616-89AD-42E15CDEE60B,BUSRA ECZANESI,Aydin,Nazilli,37.91059,28.32722,Aydın,Correct
854B1E78-059B-4298-93B2-4382077241D4,SEVTAP YALEM MUAYENEHANESİ,Aydin,Söke,37.84442,27.82232,Aydın,Correct
63792B0E-5A9C-46FB-A2C8-43BC9509C01C,GÜNEŞ ECZANESİ,Aydin,Efeler,37.83934,27.84551,Aydın,Correct
BECBBFFF-0917-40D9-9930-43CEA334DCB2,GÜVEN ECZANESİ,Aydin,Nazilli,37.91047,28.32443,Aydın,Correct
17A8ED25-2C0A-4FC6-94B9-43D651E3D25E,AYDIN ÖZEL REFERANS HASTANESİ,Aydin,Nazilli,37.90884,28.31771,Aydın,Correct
0462D563-BD04-4E06-9749-442532B85F21,AYDIN ÖZEL KUŞADASI EGEMED HASTANESİ,Aydin,Kuşadasi,37.79773,27.27634,Aydın,Correct
713F6229-8B70-442E-9208-442C07AE4EB2,ERDEM ECZANESİ,Aydin,Kuşadasi,37.8533,27.27104,Aydın,Correct
72D1BBAC-8D25-4E2F-9033-4497606754F5,MİMAR SİNAN ECZANESİ,Aydin,Efeler,37.85336,27.81365,Aydın,Correct
35D43C89-C9C1-48FF-8E06-44D2183F7299,AYDIN SÖKE SAZLI AİLE SAĞLIĞI MERKEZİ,Aydin,Söke,37.78204,27.45909,Aydın,Correct
CD5AF1FD-80BA-4E81-81C0-4517F2C99A7F,AYDIN KOÇARLI BIYIKLI AİLE SAĞLIĞI MERKEZİ,Aydin,Koçarli,37.75796,27.58525,Aydın,Correct
2E7CDC02-0D32-4635-B1C9-453F22D8B7EC,DOĞA ECZANESİ,Aydin,Nazilli,37.91742,28.31991,Aydın,Correct
F4A66066-7EBF-4D14-B983-457B8660D535,SÜLEYMAN AYVAZ AYDOĞDU-FERRİN AYDOĞDU MUAYENEHANESİ,Aydin,Efeler,37.8405,27.83296,Aydın,Correct
C529B3D7-A730-42EF-BCEB-461E889F531E,ÜNAL KIRTOSUN MUAYENEHANESİ,Aydin,Nazilli,37.91818,28.32923,Aydın,Correct
A9DFC8DE-FA88-4054-81CC-484B9CD0AD63,İLKAY EROL GÖNÜL MUAYENEHANESİ,Aydin,Didim,37.37381,27.26506,Aydın,Correct
361DC2DC-8082-425C-B522-484EF1F2481E,AYDIN EFELER 16 NOLU T.O.K.İ. AİLE SAĞLIĞI MERKEZİ,Aydin,Efeler,37.83682,27.81582,Aydın,Correct
FA86957D-C4D9-480C-9688-485F1E3477A2,ÖZGÜN ECZANESİ,Aydin,Yenipazar,37.66769,28.31187,Aydın,Correct
912EE11C-650E-4D6B-A086-4868246F146E,AYDIN NAZİLLİ 1 NOLU AİLE SAĞLIĞI MERKEZİ,Aydin,Nazilli,37.91666,28.31749,Aydın,Correct
175472D4-4ABF-42EB-961A-486AB9574286,MEYDAN ECZANESİ,Aydin,Efeler,37.84966,27.84724,Aydın,Correct
072EBE72-35B8-4B09-A440-492EEB13A6B2,ŞÜKRÜ ERDEN ERDEM MUAYENEHANESİ,Aydin,Nazilli,37.91822,28.32943,Aydın,Correct
5C75B156-1C67-416B-9E1A-4933733007DF,MELTEM ECZANESİ,Aydin,Söke,37.76214,27.41443,Aydın,Correct
E1C38FA1-0F2B-41DA-85D2-498E75AA92B2,BÜLENT OKTAY MUAYENEHANESİ,Aydin,Nazilli,37.91785,28.32776,Aydın,Correct
A627DA89-1777-4203-87D0-4A2D88CDA4BC,KAYA ECZANESİ,Aydin,Köşk,37.85254,28.05235,Aydın,Correct
53B6EC3D-AF8F-480B-AF11-4AB7D9C18209,GALEN ECZANESİ,Aydin,Kuşadasi,37.8617,27.2594,Aydın,Correct
D39F1167-7490-4F8C-B82E-4ADBF39074BC,MELTEM ÖZDEMİR MUAYENESİ,Aydin,Kuşadasi,37.8614,27.26088,Aydın,Correct
0E955280-75A9-4B79-BFA4-4B3152D6110D,AYDIN ÇİNE AKÇAOVA AİLE SAĞLIĞI MERKEZİ,Aydin,Çine,37.50625,28.02336,Aydın,Correct
7D123488-9346-4FD5-BBFA-4BA19F7D6831,ÖZCAN ECZANESİ,Aydin,Germencik,37.88727,27.58763,Aydın,Correct
86688AAE-47DB-4207-80CD-4C45FFA588C3,EKER ECZANESİ,Aydin,Sultanhisar,37.88771,28.15485,Aydın,Correct
FAFF26A2-6775-4A4D-A296-4D07AC26CD19,VERESELİ İLKE ECZANESİ,Aydin,Efeler,37.83214,27.84504,Aydın,Correct
62D77E85-190A-4203-AEB5-4DB16EA94C74,DEVA ECZANESİ,Aydin,Çine,37.61866,28.05964,Aydın,Correct
EAD13A46-C9C3-4113-B9A5-4DE1C03A3D5E,OĞUZ ECZANESİ,Aydin,Bozdoğan,37.67247,28.31012,Aydın,Correct
D58A51B8-5AB4-42BC-9F4E-4EC3F52840DB,AYDIN EFELER 21 NOLU AİLE SAĞLIĞI MERKEZİ,Aydin,Efeler,37.84895,27.83928,Aydın,Correct
6E5DE0A0-DF61-487F-8F71-4EC57D0D567A,NİLGÜN ECZANESİ,Aydin,Efeler,37.849,27.83798,Aydın,Correct
522C1CB3-334C-4177-A2A4-4ED5B6B1591B,ACET ECZANESİ,Aydin,Karacasu,37.67196,28.31227,Aydın,Correct
46563075-AD93-49FB-9ED3-4F1B760616D8,NURDAN ECZANESİ,Aydin,Söke,37.74944,27.40577,Aydın,Correct
70CC8016-65D6-48A5-93CB-4F474A47DAD4,LEVENT ATMAN MUAYENEHANESİ,Aydin,Kuşadasi,37.73476,27.29381,Aydın,Correct
92ABE335-ED8A-4998-897D-4F8EBF6611F7,MİNE ECZANESİ,Aydin,Söke,37.74927,27.40606,Aydın,Correct
8574B18C-E327-4DBC-A1F2-50167BC27E09,TOLAN ECZANESİ,Aydin,Efeler,37.84174,27.83298,Aydın,Correct
527D0F70-EAAA-4DDE-A792-503FB17725F0,ARSLANLI ECZANESI,Aydin,Nazilli,37.92967,28.37157,Aydın,Correct
97E63859-243F-4A5D-A1F6-5076CF59F912,SİNAN AKGÜN MUAYENEHANESİ,Aydin,Nazilli,37.91822,28.32947,Aydın,Correct
1D1431BF-B5DE-4A77-8C19-50A78D7857D5,ÖMÜR ECZANESİ,Aydin,Kuşadasi,37.86215,27.26145,Aydın,Correct
ACF9BC95-5C10-475D-B421-50E4398F14FE,DERYA ECZANESİ,Aydin,Kuşadasi,37.85621,27.27487,Aydın,Correct
5074588D-27F4-4F09-8C51-5102E6273F71,ALİNDA ECZANESİ,Aydin,Karpuzlu,37.55811,27.83603,Aydın,Correct
53FA4729-26C1-4862-B3B6-51039056060A,AYDIN EFELER DALAMA AİLE SAĞLIĞI MERKEZİ,Aydin,Efeler,37.79177,28.06563,Aydın,Correct
47FB830C-248E-4960-A7AF-513113C9271E,YENİ SEMA ECZANESİ,Aydin,Germencik,37.88545,27.50455,Aydın,Correct
AA6CA284-08AE-4607-94BA-516C8D5A4B7B,BAHAR ECZANESİ,Aydin,Kuşadasi,37.86234,27.26108,Aydın,Correct
591B828C-F9B6-4CB3-B046-518E84F2DDAA,AYDIN SÖKE AĞIZ VE DİŞ SAĞLIĞI MERKEZİ KUŞADASI SEMT POLİKLİNİĞİ,Aydin,Kuşadasi,37.85317,27.26317,Aydın,Correct
1701170F-6C7B-421B-9BDB-51B1D282CFA9,NURETTİN GÜRSOY MUAYENEHANESİ,Aydin,Nazilli,37.91801,28.32829,Aydın,Correct
0796C65E-CF6E-4550-83D1-51EE37C0D3BB,ÖZEL FİZİREM FİZİK TEDAVİ DAL MERKEZİ,Aydin,Efeler,37.8348,27.84328,Aydın,Correct
2DB4A33E-FC85-4535-A8FD-5202FC48292D,ERDEM KAYA-TÜLAY KAYA-GÜLCAN ÜNSAL MUAYENEHANESİ,Aydin,Kuşadasi,37.87449,27.2759,Aydın,Correct
3D4BC02C-9CEF-4730-BBC2-5251063904E5,MEHMET KEÇELİOĞLU MUAYENEHANESİ,Aydin,Kuşadasi,37.85698,27.26106,Aydın,Correct
E0192B05-D99D-4980-9EE2-52D7F3B237B0,GÜZELÇAMLI ECZANESİ,Aydin,Kuşadasi,37.71446,27.22136,Aydın,Correct
0B316802-8852-45E1-A2DF-52F0F1E934DB,HAYAT ECZANESİ,Aydin,Efeler,37.8497,27.8384,Aydın,Correct
66FCC275-B4CA-41AB-89BC-5330C5467A60,PELİN ECZANESİ,Aydin,Çine,37.61361,28.06212,Aydın,Correct
1DFF14CE-6BCE-429D-930A-5345D674018C,AFRODİT ECZANESİ,Aydin,Kuşadasi,37.88032,27.2698,Aydın,Correct
8DF0F5A5-54C1-4236-AA3F-541AADDA6DEC,AYDIN EFELER 19 NOLU AİLE SAĞLIĞI MERKEZİ,Aydin,Efeler,37.8498,27.81368,Aydın,Correct
FEDEE18B-F649-417C-8B18-548EA96FC59F,UMUT ECZANESİ,Aydin,Nazilli,37.92201,28.33803,Aydın,Correct
31ECCE26-7E7F-4BB1-8CE0-54A70B6B1EBD,CENGİZ ECZANESİ,Aydin,Efeler,37.84933,27.84001,Aydın,Correct
6199427B-6179-475E-94C5-551CF15F4654,AYDIN KARAYOLLARI 2 NCİ BÖLGE 28 NCİ ŞUBE ŞEFLİĞİ,Aydin,Efeler,37.84649,27.8678,Aydın,Correct
BD9A9885-4CA0-404E-9CCD-5550AD7D19CC,TRALLES ECZANESİ,Aydin,Efeler,37.84308,27.83231,Aydın,Correct
29AB172E-704F-407A-98A3-5572B0618D19,BERK ECZANESİ,Aydin,Söke,37.76383,27.40269,Aydın,Correct
5DF94931-9EE2-4850-ADBF-55B2BB961CF7,CAN ECZANESİ,Aydin,Efeler,37.85153,27.82368,Aydın,Correct
7C8E2632-FE56-4E78-AC54-55B825BA8D10,FATİH ECZANESİ,Aydin,Efeler,37.83636,27.83207,Aydın,Correct
08B0882E-D2C0-4A43-A34E-55F22EBDABB4,YAĞMUR ECZANESİ,Aydin,Didim,37.3544,27.26824,Aydın,Correct
5A496DCA-E07B-43E6-9865-562C84C6069B,KORKMAZ ECZANESİ,Aydin,Germencik,37.86769,27.59697,Aydın,Correct
F8FCACCA-929D-44CE-BC6A-56353D004A70,CİHAN ECZANESİ,Aydin,Nazilli,37.91737,28.31929,Aydın,Correct
53ADB59D-FF72-4962-9CF3-5668EA11E2EC,ER ECZANESİ,Aydin,İncirliova,37.85401,27.72894,Aydın,Correct
ED3F8D5C-CF45-4520-9B4B-57770CB60359,GÜN ECZANESİ,Aydin,Bozdoğan,37.61721,28.40541,Aydın,Correct
173669A7-5D71-4591-B8F3-57988EBBAB08,ERGİN ECZANESİ,Aydin,Söke,37.75699,27.40877,Aydın,Correct
AAEEBF9E-4003-4555-998F-57F9692CA528,ÜLKÜM ECZANESİ,Aydin,Efeler,37.9295,27.79291,Aydın,Correct
52ECB760-9CD7-4882-AFCD-58409EC36998,ÖZDEN OKÇU MUAYENEHANESİ,Aydin,Söke,37.75261,27.40635,Aydın,Correct
5A5965E3-8270-49D0-A93A-589C4F1A8EB4,ŞİFA ECZANESİ,Aydin,Didim,37.37998,27.27891,Aydın,Correct
06EF26D1-8618-471A-8E29-58EC7A958534,AYDIN ADNAN MENDERES ÜNİVERSİTESİ DİŞ HEKİMLİĞİ FAKÜLTESİ,Aydin,Efeler,37.84762,27.83475,Aydın,Correct
DAFBFDB7-49AC-412F-9C80-5900D9B80F5A,OLUKBAŞI AİLE SAĞLIĞI MERKEZİ,Aydin,Bozdoğan,37.66534,28.48619,Aydın,Correct
3DA20737-7353-4032-B2E2-59097AD4470B,HEKİMOĞLU ECZANESİ,Aydin,Karpuzlu,37.76126,27.70951,Aydın,Correct
EEB4534C-2C99-47E7-9DC8-59257D4494FB,ZAFER GÜNER MUAYENEHANESİ,Aydin,Kuşadasi,37.86245,27.2611,Aydın,Correct
160F105A-052D-4E9E-857E-592C9E3C1794,EGE ECZANESİ,Aydin,Efeler,37.85667,27.82693,Aydın,Correct
BB7F5480-F25C-429E-9065-59975FEACCCA,SIHHAT ECZANESİ,Aydin,Efeler,37.84887,27.84504,Aydın,Correct
7BC8D1DE-7590-40B6-8CFC-5A86ED637F1A,SİNEM ECZANESİ,Aydin,Söke,37.75032,27.40382,Aydın,Correct
C749863D-FE84-40DC-9937-5AA9F7B6F9C1,ÜNLÜ ECZANESİ,Aydin,Didim,37.37205,27.27397,Aydın,Correct
2FC995C4-CD63-4B79-BBFF-5ABE1AF1A44C,YILMAZ ECZANESİ,Aydin,Efeler,37.84306,27.84435,Aydın,Correct
007E24FC-D55D-45AB-9EB1-5AF35B9287B4,ELELE ECZANESİ,Aydin,Karacasu,37.73158,28.60636,Aydın,Correct
993B7041-344E-44B8-A0D9-5B61DA0B2D9F,MURAT MURATOĞLU MUAYENEHANESİ,Aydin,Söke,37.75063,27.40462,Aydın,Correct
C6B444CD-AC0A-4235-865B-5BA27F541FA2,EFE ECZANESİ,Aydin,Nazilli,37.91941,28.34376,Aydın,Correct
5E7A281E-3123-49DB-A670-5BF3F976E7EF,AYDIN KUŞADASI GÜZELÇAMLI HÜSEYİN ARSLAN AİLE SAĞLIĞI MERKEZİ,Aydin,Kuşadasi,37.71405,27.21769,Aydın,Correct
56768FA6-EA6E-4F16-8978-5C0547C8FE34,YİĞİT ECZANESİ,Aydin,Söke,37.7566,27.40951,Aydın,Correct
83B75B5F-D4EC-4E2C-BEA6-5C52878613B7,ATİLLA BULUR MUAYENEHANESİ,Aydin,Nazilli,37.91883,28.32894,Aydın,Correct
E5340A7A-85F8-4F40-AE0F-5C766D6A1A50,AYDIN YENİPAZAR AİLE SAĞLIĞI MERKEZİ,Aydin,Yenipazar,37.82277,28.19252,Aydın,Correct
FFAB4C90-88EE-48F9-A6D9-5CAC898F9954,ÇETİNTAŞ ECZANESİ,Aydin,Nazilli,37.91806,28.32856,Aydın,Correct
A285AD47-8E7A-4165-8785-5CE781D09D18,AYDIN BOZDOĞAN YAZIKENT AİLE SAĞLIĞI MERKEZİ,Aydin,Bozdoğan,37.69578,28.38574,Aydın,Correct
F751EA96-02C9-4AF7-9FC5-5D229F047527,AYDIN EFELER ÇEŞTEPE AİLE SAĞLIĞI MERKEZİ,Aydin,Efeler,37.82599,27.85195,Aydın,Correct
DAD8A2C8-88D4-4A46-997C-5D643F7920E6,NİLÜFER ECZANESİ,Aydin,Kuşadasi,37.86088,27.26059,Aydın,Correct
A9269545-441B-4F32-98B7-5D7CE3B9891A,ÇETİN ECZANESİ,Aydin,Çine,37.61515,28.06225,Aydın,Correct
8F7CC0C3-67DE-4592-B790-5DC4499B222D,DEVA ECZANESİ,Aydin,Didim,37.37456,27.27198,Aydın,Correct
0D094680-D529-4454-BB76-5E17892E6D91,AYDIN NAZİLLİ PİRLİBEY AİLE SAĞLIĞI MERKEZİ,Aydin,Nazilli,37.86698,28.43621,Aydın,Correct
D2766923-1BCA-4BAB-A0C4-5E1A9C6378B9,KOÇAK ECZANESİ,Aydin,Köşk,37.91413,28.01765,Aydın,Correct
6C7AB27E-1053-4E0A-A6E8-5EB36C33A18A,FARUK DEMİR MUAYENEHANESİ AYDIN ÇOCUK ALERJİ MERKEZİ,Aydin,Efeler,37.85436,27.80817,Aydın,Correct
D80AE3B7-7840-4745-A304-5F4FAD46561F,DORUK ECZANESI,Aydin,Efeler,37.84795,27.85838,Aydın,Correct
AFBF7E6A-B95D-44F5-BD7E-5F62128C4018,MEHMET ALİ APAK MUAYENEHANESİ,Aydin,Efeler,37.85032,27.84386,Aydın,Correct
E8E481B8-9E81-4CF2-8F26-5F9ABCFE46B0,AYDIN İNCİRLİOVA 2 NOLU SÜLEYMAN ÖZÜTEMİZ AİLE SAĞLIĞI MERKEZİ,Aydin,İncirliova,37.84936,27.72794,Aydın,Correct
8425AE0F-BD90-4F34-BD45-5FCEB42C6D91,YİĞİT ECZANESİ,Aydin,Nazilli,37.61835,28.05485,Aydın,Correct
F53DEFFC-F1AF-4DC7-A7D5-60977EE06BBF,EKREM DOĞAN-HAKKI MURAT BİNBAŞ MUAYENEHANESİ,Aydin,Didim,37.3805,27.26222,Aydın,Correct
FF3B57E4-46E0-4859-AC8E-612E5C565192,ÇEŞTEPE ECZANESİ,Aydin,Efeler,37.78871,28.06654,Aydın,Correct
616C8055-70C7-4BBB-B0C7-61417A91CB20,AYDIN EFELER 13 NOLU AİLE SAĞLIĞI MERKEZİ,Aydin,Efeler,37.84428,27.82929,Aydın,Correct
D12B0289-5E87-4491-A202-61793E5711C1,DEVA ECZANESİ,Aydin,Söke,37.76455,27.40543,Aydın,Correct
27B0D495-A103-4841-A4B1-61B32166AC5F,KARATAŞ ECZANESİ,Aydin,Efeler,37.848,27.83707,Aydın,Correct
DF6041A7-6CAB-445C-B4C8-620CCBEE90C1,TÜMAY ECZANESİ,Aydin,Efeler,37.83453,27.80436,Aydın,Correct
C19838BD-24F8-4A6A-8BA8-625FC03F6D4B,EFELER ECZANESI,Aydin,Efeler,37.84793,27.85262,Aydın,Correct
8B142295-857B-40E3-9535-6292753BD8A9,AYDIN HUZUREVİ YAŞLI BAKIM VE REHABİLİTASYON MERKEZİ,Aydin,Efeler,37.8482,27.82544,Aydın,Correct
11CFE7F9-C69B-4F1F-BFE8-62C910FDD58A,TUNCAY ERDEMİR MUAYENEHANESİ,Aydin,AYDIN MERKEZ,41.1306,29.2602,İstanbul,Wrong
52AC287A-4D7E-4DC7-9692-62D80A9C1F38,AYDIN KUŞADASI 1 NOLU AİLE SAĞLIĞI MERKEZİ,Aydin,Kuşadasi,37.86212,27.26103,Aydın,Correct
DC80DCC6-4A23-48A6-BCA5-62EEB6BC5EAA,KAYNAR ECZANESİ,Aydin,Nazilli,37.91794,28.32788,Aydın,Correct
443288F7-0D12-478E-BB88-637E9C514ACA,KULAKOĞLU ECZANESİ,Aydin,Nazilli,37.91417,28.3252,Aydın,Correct
16645370-A318-408E-8015-637F2254200B,ADA PSİKİYATRİ KLİNİĞİ,Aydin,Kuşadasi,37.86556,27.27195,Aydın,Correct
534C6941-986B-49EA-B720-639A57010811,AYDIN SÖKE GÜLLÜBAHÇE AİLE SAĞLIĞI MERKEZİ,Aydin,Söke,37.66697,27.32398,Aydın,Correct
A641A02C-10D1-446D-88AC-63A25039F404,SEDA ECZANESİ,Aydin,Didim,37.3805,27.27916,Aydın,Correct
852A378D-28E2-43AE-965D-63EE9AD8AE15,AYDIN BOZDOĞAN MERKEZ AİLE SAĞLIĞI MERKEZİ,Aydin,Bozdoğan,37.67138,28.31185,Aydın,Correct
35AA1477-41CF-455A-A825-64323961CEF0,GÖZDE ECZANESİ,Aydin,Söke,37.75251,27.40326,Aydın,Correct
AEF8C36F-72B0-4E5E-9845-64739AEAC097,AYDIN EFELER 14 NOLU AİLE SAĞLIĞI MERKEZİ,Aydin,Efeler,37.84286,27.84212,Aydın,Correct
318D39DD-5B65-480B-B66E-65165ECAA8B8,TOLGA BERK MUAYENEHANESİ,Aydin,Nazilli,37.91838,28.32763,Aydın,Correct
758EDC81-1EAE-4258-8304-65552615822A,DR. ZER CLİNİC,Aydin,Kuşadasi,37.86586,27.2709,Aydın,Correct
8B160B1E-0948-4FA1-AC72-65CA6E950712,NUR ECZANESİ,Aydin,Nazilli,37.92039,28.33668,Aydın,Correct
39E03487-5C71-482F-9830-65E95E79C880,YILDIRIM ECZANESİ,Aydin,Didim,37.37384,27.25884,Aydın,Correct
E44A5535-A39D-4D99-8C85-66528F26ACAC,AYDIN GÖRÜNTÜLEME MERKEZİ,Aydin,Efeler,37.84541,27.84329,Aydın,Correct
17A9E193-09B9-40F5-A657-666D2E5740DB,İNCİRLİOVA MERKEZ TSM,Aydin,İncirliova,37.85396,27.71784,Aydın,Correct
E95D5699-EBB2-4F21-827E-668540FEF8C6,HİLMİ YILDIRIM DİŞ KLİNİĞİ,Aydin,Didim,37.37781,27.26372,Aydın,Correct
40F9B38E-763D-4D1B-A2FE-66FD9D667AD0,ESEN ECZANESİ,Aydin,Didim,37.37953,27.26908,Aydın,Correct
28926614-CF82-4D92-B258-671F008507B7,AKAY ECZANESİ,Aydin,Kuyucak,37.91888,28.58815,Aydın,Correct
D59B6F5F-1736-491C-9139-6734BAAA6812,DEMETER ECZANESİ,Aydin,Kuşadasi,37.86021,27.26805,Aydın,Correct
CC550033-2E5F-4265-AC15-6735582037E3,ŞİFA ECZANESİ,Aydin,Söke,37.74216,27.4011,Aydın,Correct
DC633A79-5092-488E-BACE-67B13153C387,YALÇIN ECZANESİ,Aydin,Didim,37.41173,27.22668,Aydın,Correct
1505C496-729D-450A-BCC9-67C9335A4D61,MELİSA ECZANESİ,Aydin,Nazilli,37.91079,28.30992,Aydın,Correct
E9AFC070-CDDB-40C2-8AB2-684995720F3F,PAMUKÖREN ECZANESİ,Aydin,Kuyucak,37.91789,28.53458,Aydın,Correct
87EBD45E-135C-4187-B100-6861EADE33C3,ERGÜL ECZANESİ,Aydin,Kuşadasi,37.8548,27.25337,Aydın,Correct
AF8C57F3-3514-48E9-B5D0-688001300DC9,FAHRETTİN ÜLKEROĞLU MUAYENEHANESİ,Aydin,Nazilli,37.91745,28.32042,Aydın,Correct
C59C04FC-78B7-463D-BB5F-68D247F66D4A,İSTANBUL ECZANESİ,Aydin,Efeler,37.85132,27.82335,Aydın,Correct
3C4DE155-97DB-42C0-9984-692E05D21E3E,MELTEM ECZANESİ,Aydin,Nazilli,37.91943,28.34402,Aydın,Correct
6A2865C6-2CE5-453D-B314-694CA34CE3E9,SEVDE ESRA SERT MUAYENEHANESİ,Aydin,AYDIN MERKEZ,41.1946,28.9297,İstanbul,Wrong
1BEF8B1E-3EF7-41ED-A5D0-6973BC93D945,ACARLAR ECZANESİ,Aydin,İncirliova,37.82751,27.74308,Aydın,Correct
B12286C6-742B-4C16-80EB-69FDB02685D2,ÖZEL AYFİZ AYDIN FİZİK TEDAVİ VE REHABİLİTASYON DAL MERKEZİ,Aydin,Efeler,37.84552,27.83204,Aydın,Correct
CBDFDA41-3570-4428-BDFA-6A599BE3D88E,MELİKE ELİTAŞ ERTUĞRUL MUAYENEHANESİ,Aydin,Efeler,37.84908,27.84107,Aydın,Correct
106FB9D2-5FCB-481A-9420-6BBDA3356E2C,AYDIN KUŞADASI 3 NOLU FERİT DEMİREL ALİ ÇALLI AİLE SAĞLIĞI MERKEZİ,Aydin,Kuşadasi,37.85249,27.25876,Aydın,Correct
1123622C-D13D-4944-9671-6C5DB94C7A9C,ÖZEL KLİNİK AYDIN AĞIZ VE DİŞ SAĞLIĞI MERKEZİ,Aydin,Efeler,37.83833,27.84053,Aydın,Correct
3C81286D-D902-40C8-9355-6D57D1B88C4E,DERMAN ECZANESİ,Aydin,Efeler,37.84586,27.84297,Aydın,Correct
C8273F9D-AD4A-4F34-87B7-6D6AB9799D30,KEMER ECZANESİ,Aydin,Efeler,37.85154,27.8305,Aydın,Correct
46691CEC-93A3-4F49-8BDA-6DD2A1828CCF,ÜLGEN ECZANESİ,Aydin,Nazilli,37.91742,28.31992,Aydın,Correct
72BC4621-7C51-4786-837E-6E1586237E55,AYDIN KOÇARLI DEVLET HASTANESİ,Aydin,Koçarli,37.83834,27.24939,Aydın,Correct
E9124D55-4573-4CA7-9DD5-6E1DEB4E114A,GİRAY ECZANESİ,Aydin,Efeler,37.84195,27.83959,Aydın,Correct
7433F1F8-5E90-4E30-B3A9-6E769F42DB3D,ÖNDER CAN MUAYENEHANESİ,Aydin,Efeler,37.84625,27.83898,Aydın,Correct
04EA9F2E-2C6F-4CCF-B56B-6E8E8209ECEB,ŞAHİNCİ ECZANESİ,Aydin,Efeler,37.85235,27.82324,Aydın,Correct
04006796-0354-41ED-9192-6EA3DABBD8EF,BÜLENT BURGAÇ MUAYENEHANESİ,Aydin,Kuşadasi,37.86474,27.26274,Aydın,Correct
AC2A37EC-D864-4D5C-B97B-6EB4669A832D,ÖZDEMİR ECZANESİ,Aydin,İncirliova,37.85334,27.72188,Aydın,Correct
E7848895-88A2-418A-B0D8-6EBFA6C106EF,AYDIN EFELER BALTAKÖY AİLE SAĞLIĞI MERKEZİ,Aydin,Efeler,37.78167,27.88451,Aydın,Correct
A0684E0D-DE1B-4D24-8FF3-6FAFD75363EC,SAĞLIK ECZANESİ,Aydin,Nazilli,37.90768,28.32749,Aydın,Correct
DBBF6DEF-4797-40CF-A47A-6FF7E151BFA6,ÖZEL EMİN YAŞAR AĞIZ VE DİŞ SAĞLIĞI POLİKLİNİĞİ,Aydin,Efeler,37.84587,27.84383,Aydın,Correct
FF430F4F-FF5D-4FC9-BC5B-70B776F0F3F9,AYDIN AĞIZ VE DİŞ SAĞLIĞI MERKEZİ,Aydin,Efeler,37.86061,27.82148,Aydın,Correct
00F689CA-2582-4555-940F-71298EBF5D38,HAKAN UĞUR MUAYENEHANESİ,Aydin,Didim,37.38048,27.26223,Aydın,Correct
4F615673-DA34-46F4-80E7-714E0714CB4C,YENİ CAN ECZANESİ,Aydin,İncirliova,37.8552,27.72389,Aydın,Correct
7A2BAEF5-BCB7-4521-8C81-717F422D1D47,ŞİRİN YAYLALI ALTUNTAŞ MUAYENEHANESİ,Aydin,Efeler,37.8574,27.82709,Aydın,Correct
FE1AE1D3-6DFF-489D-9DE9-71ECF867BCCD,AYDIN SULTANHİSAR AİLE SAĞLIĞI MERKEZİ,Aydin,Sultanhisar,37.88576,28.15084,Aydın,Correct
6285B114-BE2F-40B9-8C99-724880693338,ASİL ECZANESİ,Aydin,Nazilli,37.92506,28.32448,Aydın,Correct
D102891F-4265-42D2-AC0F-72790D3DFBFA,DİKİCİ ECZANESİ,Aydin,Nazilli,37.91887,28.32925,Aydın,Correct
C00CD585-BDD4-43D5-A614-72E685F33CF5,SEYHAN BAHAR ÖZKAN MUAYENEHANESİ,Aydin,Efeler,37.84612,27.84456,Aydın,Correct
B444F199-DC53-4285-B612-72FC1C4B3F03,SİBEL ECZANESİ,Aydin,Efeler,37.84271,27.84217,Aydın,Correct
12749F80-E076-4713-B830-734AF6D5C5EF,AKAY ECZANESİ,Aydin,Köşk,37.85397,28.05439,Aydın,Correct
4730F9F2-5988-4015-9A84-73C6CFE61822,KOZDİBİ ECZANESİ,Aydin,Efeler,37.84347,27.84067,Aydın,Correct
E78C55CD-43A9-4BDC-8CCF-7430C8A7671F,SANAYİ ECZANESİ,Aydin,Efeler,37.83988,27.85121,Aydın,Correct
A9AD5BFD-5155-455B-BB73-748D60C7D9E7,CAN ECZANESİ,Aydin,Didim,37.37364,27.26551,Aydın,Correct
14D3A638-BD43-45EF-8070-750CB219A0F5,AYDIN EFELER 10 NOLU AİLE SAĞLIĞI MERKEZİ,Aydin,Efeler,37.85847,27.83013,Aydın,Correct
5C76A6BA-5E86-4FDA-AD21-757BE77FE8BF,KAYA ECZANESİ,Aydin,Efeler,37.83929,27.82403,Aydın,Correct
E80ACC40-54FF-41AD-B9AF-75957B7F8ECB,GÖKÇE ECZANESİ,Aydin,Efeler,37.83788,27.85542,Aydın,Correct
3A492EB5-51BD-4514-9D40-76B37F8986DF,İNCİ ECZANESİ,Aydin,Efeler,37.83056,27.83614,Aydın,Correct
8CD9D337-1021-4B2E-B9C8-76BFDEB6AE31,ÖZDEN ECZANESİ,Aydin,Sultanhisar,37.85454,28.01392,Aydın,Correct
7CF8844F-7EEA-40C7-A71E-77ED9736A148,ESRA ECZANESİ,Aydin,Nazilli,37.91874,28.33653,Aydın,Correct
36077F12-D908-4092-A95A-7946619EFDB7,AYDIN GERMENCİK MURSALLI AİLE SAĞLIĞI MERKEZİ,Aydin,Germencik,37.85126,27.5665,Aydın,Correct
3B0908C1-BF4B-4130-9C3C-796E63771326,KEVSER ECZANESİ,Aydin,Buharkent,37.96915,28.74154,Aydın,Correct
4887AA37-620B-497F-A87A-79A00D7423ED,ÖZEL MUSTAFA RÜŞTÜ BAŞKORU AĞIZ VE DİŞ SAĞLIĞI POLİKLİNİĞİ,Aydin,Efeler,37.85266,27.8353,Aydın,Correct
A74A65B7-0365-42E2-A7B9-79F56618D16A,AYÇA ECZANESİ,Aydin,Kuşadasi,37.73341,27.28461,Aydın,Correct
4566EB4F-C05A-41EC-8A1B-7A30672B6956,ÖZEL AĞAN AĞIZ VE DİŞ SAĞLIĞI POLİKLİNİĞİ,Aydin,Efeler,37.84569,27.84388,Aydın,Correct
0E1BD1B0-9185-492D-A192-7A4E1BF172E2,BEYZA ECZANESİ,Aydin,Efeler,37.84303,27.83279,Aydın,Correct
CCBC2064-327F-4169-957C-7A75ADCC642C,GÜLDEN GÜLTEKİN EGE MUAYENEHANESİ,Aydin,Didim,37.37755,27.26852,Aydın,Correct
02B61506-EB4E-4B0B-B04D-7AB4DD284395,AYDIN EFELER 12 NOLU AİLE SAĞLIĞI MERKEZİ,Aydin,Efeler,37.85161,27.83021,Aydın,Correct
A0E40DBC-040B-4EF2-9575-7B554B66B7E3,AYDIN KARACASU YAYKIN AİLE SAĞLIĞI MERKEZİ,Aydin,Karacasu,37.60454,28.58383,Aydın,Correct
EFED23F7-ACFC-481C-9143-7B69E1BCCD79,NAZ ECZANESİ,Aydin,Efeler,37.84285,27.82415,Aydın,Correct
437B0D00-02AF-47C2-8494-7BC9992B02D8,MURAT YARENOĞLU MUAYENEHANESİ,Aydin,Kuşadasi,37.86128,27.26086,Aydın,Correct
D75AEA20-EA6E-450C-B26A-7C0DF7FB24F4,AYDIN BUHARKENT AİLE SAĞLIĞI MERKEZİ,Aydin,Buharkent,37.96959,28.74137,Aydın,Correct
188D22CB-D6AE-417F-8E96-7C33E5174CD5,ADNAN MENDERES ÜNİVERSİTESİ KURUM ECZANESİ,Aydin,Efeler,37.85538,27.84991,Aydın,Correct
4FBE14AE-5FF8-4FD7-ACBF-7C8F1318A8A2,ÇARE ECZANESİ,Aydin,İncirliova,37.85356,27.72333,Aydın,Correct
0FD2CC75-CADC-4EC1-993F-7CA192E5D1DA,CALAYIR ECZANESİ,Aydin,İncirliova,37.85393,27.71705,Aydın,Correct
00EEDA49-5627-4E41-9944-7CBFDC1750A6,BUKET ECZANESİ,Aydin,Kuşadasi,37.85649,27.26508,Aydın,Correct
5F8EFCD4-7CA8-4195-93BA-7CEA52395DA5,BAYRAKDAR ECZANESİ,Aydin,Nazilli,37.91292,28.30963,Aydın,Correct
E6D792DC-EF7F-4F32-BA38-7D1B01663F55,SEVGİ ÜNAL MUAYENEHANESİ,Aydin,Efeler,37.85087,27.81054,Aydın,Correct
D78FE480-4EC6-4616-BC3C-7D371A286F6E,EMİN ECZANESİ,Aydin,Nazilli,37.91613,28.32822,Aydın,Correct
DDE5BF33-DF1F-48CB-8D2F-7D4605AAF384,DOĞAN AKINCI DENTAL CLİNİK,Aydin,Kuşadasi,37.84718,27.24437,Aydın,Correct
CCD68774-3F5C-47E9-BD90-7D8CECE0FA81,EBRU YALTI MUAYENEHANESİ,Aydin,Efeler,37.85061,27.82089,Aydın,Correct
EA4FF999-7F0E-497D-B0CF-7DC76F580DA5,ÇAĞLAYAN ECZANESİ,Aydin,Söke,37.74923,27.41988,Aydın,Correct
70FA4AD4-6A7A-48D9-A254-7DD66981BF40,MELEK ECZANESİ,Aydin,Efeler,37.82375,27.8524,Aydın,Correct
C1CC4027-DA6A-4713-9B94-7E7D5F6F987E,CEM ECZANESİ,Aydin,İncirliova,37.85033,27.72737,Aydın,Correct
03E4A287-7BA6-4BCD-B528-7E9825359A8C,BÜLENT AZMAN MUAYENEHANESİ,Aydin,Efeler,37.85376,27.80776,Aydın,Correct
5D36A101-DA44-4B38-A899-7F21BF1E95D2,ZEYNEP ECZANESİ,Aydin,Efeler,37.84753,27.84541,Aydın,Correct
767A0ED2-FC4F-4536-8BEC-7F43D7F51BA5,SÜMER ECZANESİ,Aydin,Nazilli,37.90534,28.3269,Aydın,Correct
34BEEDE3-1042-4142-A389-7F84D280DF88,YILDIZ ECZANESİ,Aydin,Çine,37.60897,28.06142,Aydın,Correct
2E4BA01C-6A36-4BDD-803A-7F8CCCF7A722,BENGÜL ÇAKMAK MUAYENEHANESİ,Aydin,Kuşadasi,37.87532,27.26926,Aydın,Correct
9D077E50-6E02-4535-9320-7FD5FAAEA530,YILMAZ ECZANESİ,Aydin,Kuyucak,37.91385,28.46139,Aydın,Correct
F07E74D9-FF6D-4674-8C9D-803A5EF3B2B6,AYDIN EFELER 22 NOLU AİLE SAĞLIĞI MERKEZİ,Aydin,Efeler,37.84707,27.84812,Aydın,Correct
D26B5566-F60B-42F9-9A48-813243FDD04D,NİSAN ECZANESİ,Aydin,Kuşadasi,37.85992,27.26072,Aydın,Correct
30FF4739-2F8E-46E6-90CA-8140C3768D93,TÜLİN ECZANESİ,Aydin,Kuşadasi,37.82254,27.264,Aydın,Correct
DAE6F75B-4783-4847-9FD1-81A245048905,ÇOLAKOĞLU ECZANESİ,Aydin,Efeler,37.84171,27.83949,Aydın,Correct
7A029D58-E1E2-408D-9E4F-8205123EDEAF,SİBEL TOLGAY KLİNİK,Aydin,Kuşadasi,37.85907,27.2655,Aydın,Correct
8E24DA32-ED72-4343-9CA6-820DA7331D6F,DOĞA ECZANESİ,Aydin,Söke,37.74301,27.40111,Aydın,Correct
FEACF99F-C9B7-4B9A-B6C5-828DC8DB85D7,TOLGA ATAKUL MUAYENEHANESİ,Aydin,Efeler,37.83912,27.84952,Aydın,Correct
A0434A7A-2622-413C-9829-82F97B05C199,AYDIN SÖKE 1 NOLU AİLE SAĞLIĞI MERKEZİ,Aydin,Söke,37.76312,27.41578,Aydın,Correct
C0D2A958-057D-4F89-B7C7-8313224495D1,PELİNSU ECZANESİ,Aydin,Efeler,37.83766,27.8551,Aydın,Correct
31C3F1CB-3824-41F3-827B-8336167BA2D0,YAŞAM ECZANESİ,Aydin,Nazilli,37.82511,29.66828,Denizli,Wrong
D24024E6-84C8-4E60-A95F-834930F33689,ELİFNUR ECZANESİ,Aydin,Nazilli,37.92631,28.32448,Aydın,Correct
CAEEA244-EA1F-4E04-A9E2-839080A80BA5,ÇINAR ECZANESİ,Aydin,Söke,37.75649,27.41008,Aydın,Correct
6BF93105-3CEC-45A1-9648-83C4A2484AF5,AYDIN GERMENCİK DEVLET HASTANESİ,Aydin,Germencik,37.84014,27.25179,Aydın,Correct
2AAA0737-7520-4325-9400-83FFB7371162,AYDIN KARACASU İLÇE ENTEGRE HASTANESİ,Aydin,Karacasu,37.72931,28.60643,Aydın,Correct
0011BCDA-8687-4CC7-AA36-846847A884D5,ŞİFA ECZANESİ,Aydin,Sultanhisar,39.34937,-76.41996,No Info,No Info
BF8CD752-53B3-4D14-8E11-851B24995812,AYDIN ÖZEL EGE LIVA HASTANESİ,Aydin,Efeler,37.83232,27.84526,Aydın,Correct
E031F728-8A6D-4F99-86C5-85388A688891,SAFA ECZANESİ,Aydin,Efeler,37.85172,27.81024,Aydın,Correct
F70D30CF-A9B1-4048-AF6B-85CEF45036BD,CANVER ECZANESİ,Aydin,Efeler,37.84929,27.83809,Aydın,Correct
B884C887-FF97-4037-A2B2-86D7777A6749,ÜNVEREN ECZANESİ,Aydin,Germencik,37.89217,27.50197,Aydın,Correct
2C555329-C00E-436A-86F4-876396733F84,REFİK KUNT MUAYENEHANESİ,Aydin,Efeler,37.84335,27.82413,Aydın,Correct
77767785-F905-4302-A370-87A09FEEAE41,NEVA ECZANESI,Aydin,Efeler,37.85155,27.81617,Aydın,Correct
81691A0E-6D45-4922-97EC-87A99C68D5C1,ÖZEL AYDIN GÖZ HASTANESİ,Aydin,Efeler,37.82982,27.84352,Aydın,Correct
50FF4FF0-DFD7-4367-A15B-885D5AFEFFAD,AYDIN KÖŞK AKÇAKÖY AİLE SAĞLIĞI MERKEZİ,Aydin,Köşk,37.97803,28.02914,Aydın,Correct
032812ED-C7E5-4EE4-9C10-88D212127B40,ALİCAN RİŞVAN MUAYENEHANESİ,Aydin,Efeler,37.84607,27.84534,Aydın,Correct
54FB673E-028C-4281-BC17-88E3BFB92B9A,GÜRAY DEĞİRMENCİ MUAYENEHANESİ,Aydin,Söke,37.73668,27.39488,Aydın,Correct
14981486-5B7F-411C-A24B-89059EF22AA7,AYDIN KUŞADASI 5 NOLU AİLE SAĞLIĞI MERKEZİ,Aydin,Kuşadasi,37.86711,27.26462,Aydın,Correct
E7A79A83-5223-4C4D-BA27-890D5430BCE9,AYDIN KUŞADASI 7 NOLU AİLE SAĞLIĞI MERKEZİ,Aydin,Kuşadasi,37.84235,27.24719,Aydın,Correct
441178FF-BE08-4790-A47E-89324ECD84FC,SERHAN İZER MUAYENEHANESİ,Aydin,Kuşadasi,37.86183,27.25918,Aydın,Correct
DAC3D255-4728-4361-A8AB-89386AEFD97B,PERA ECZANESİ,Aydin,Kuşadasi,37.71318,27.22526,Aydın,Correct
7B257F5A-6ABC-48EE-8838-8A5853927904,HÜRRİYET ECZANESİ,Aydin,Nazilli,37.92001,28.3371,Aydın,Correct
F1D5C1FC-F05F-4C01-9F0F-8A7C49FF21A2,MEHMET AŞÇI MUAYENEHANESİ,Aydin,Nazilli,37.91473,28.32777,Aydın,Correct
DB699816-C98B-43B2-9F40-8B49907B4777,AYDIN GERMENCİK ORTAKLAR AİLE SAĞLIĞI MERKEZİ,Aydin,Germencik,37.88702,27.5029,Aydın,Correct
CD3094F1-442D-4C1C-9C4A-8B777C6EF121,DENİZ ECZANESİ,Aydin,Didim,37.35374,27.27508,Aydın,Correct
CC399FE0-8191-43AA-93FA-8BFBE68EB1A0,MURAT DOĞAN MUAYENEHANESİ,Aydin,AYDIN MERKEZ,41.1675,28.9637,İstanbul,Wrong
B19F66F4-F0E9-4201-9B58-8C2CE440341F,YURT ECZANESİ,Aydin,Nazilli,37.91176,28.34552,Aydın,Correct
CF882F92-AF7D-459A-96CE-8C34A5EF3545,AYDINCAN DİYALİZ MERKEZİ,Aydin,Efeler,37.82967,27.82177,Aydın,Correct
738BBBE9-5A95-42DE-872D-8CDAE7487DB8,BARIŞ ECZANESİ,Aydin,Nazilli,37.91835,28.326,Aydın,Correct
3EE15F96-79BD-4AFA-82F2-8CEF077E99C6,YENİKENT ECZANESİ,Aydin,Söke,37.7619,27.39178,Aydın,Correct
CCF75CA6-46EA-480A-816B-8E6176B3A788,AYDIN SÖKE 6 NOLU AİLE SAĞLIĞI MERKEZİ,Aydin,Söke,37.75098,27.41349,Aydın,Correct
2A6C73DA-CFC3-4A05-B7C1-8EF57C25A597,AYDIN BUHARKENT İLÇE DEVLET HASTANESİ,Aydin,Buharkent,37.84869,27.83785,Aydın,Correct
11F5E510-8BC8-4E09-8676-8F3B652E23BB,SAMET KAFKAS MUAYENEHANESİ,Aydin,Efeler,37.83304,27.84624,Aydın,Correct
AEC08627-B731-40BC-A3C2-8F4B65FABC88,DEFNE ECZANESİ,Aydin,Didim,37.37262,27.2747,Aydın,Correct
7F8A9054-D2CB-4627-A27F-8F55125520BC,AYDIN YENİPAZAR İLÇE DEVLET HASTANESİ,Aydin,Yenipazar,38.69955,30.77539,Afyonkarahisar,Wrong
F722B6A2-564F-41AF-9391-8F5CA8053CFF,FERAH DERİCİ BAYAV MUAYENEHANESİ,Aydin,Nazilli,37.91872,28.33519,Aydın,Correct
7232D2EF-E318-4212-B51C-8F9C8DA4854D,ÖZEL KUŞADASI HASTANESİ,Aydin,Kuşadasi,37.73298,27.29221,Aydın,Correct
BF389B72-554A-4BE5-B83C-8FA9A44B92DE,PAMUKKALE ECZANESİ,Aydin,Kuşadasi,37.86171,27.25939,Aydın,Correct
73419949-1EF7-4938-A303-8FEB838183F5,ESRA GÜZEL MUAYENEHANESİ,Aydin,Efeler,37.85008,27.77943,Aydın,Correct
88FB43AF-81F0-4D7C-88E4-8FF7A47E6FE4,SÖKTAŞ ANONİM ŞİRKETİ SAĞLIK BİRİMİ,Aydin,Söke,37.73932,27.40771,Aydın,Correct
C119B428-1DB2-45FB-A48C-9056F2A7DE9B,GÜVEN ECZANESİ,Aydin,Efeler,37.84482,27.84182,Aydın,Correct
D01238DA-3743-4207-9FD9-908C1EA6D893,ÖZGE YILMAZOĞLU MUAYENEHANESİ,Aydin,Kuşadasi,37.85787,27.25963,Aydın,Correct
03AEDC70-51C1-4574-B357-908DA807DBAC,ER ECZANESİ,Aydin,Efeler,37.85388,27.83379,Aydın,Correct
78EE2387-5E61-4B73-A8A0-90DB5C4BEE22,PINAR TİMER MUAYENEHANESİ,Aydin,Efeler,37.84715,27.84018,Aydın,Correct
D41EE726-0DF7-4DCC-9522-916139F80C59,BİRCAN ECZANESİ,Aydin,Germencik,37.86986,27.59937,Aydın,Correct
5036AC90-22DA-4FD7-B081-9171A5A87372,ÖZGÜR GEL MUAYENEHANESİ,Aydin,Efeler,37.85152,27.81624,Aydın,Correct
7E075673-1802-4C4C-BE4F-91B9887B329D,ÖZIRMAK ECZANESİ,Aydin,Nazilli,37.92365,28.33921,Aydın,Correct
97A49CF9-DA63-48A5-8E48-91E9583F40C3,AYDIN EFELER 9 NOLU AİLE SAĞLIĞI MERKEZİ,Aydin,Efeler,37.85133,27.82271,Aydın,Correct
AC2E6531-B87E-461A-A755-921EE6A1D047,LALE ECZANESİ,Aydin,Kuşadasi,37.84236,27.24171,Aydın,Correct
D5AF4C73-CD63-4337-ACE0-923477760FC9,KAĞAN LOSTUVALI MUAYENEHANESİ,Aydin,Efeler,37.84513,27.84437,Aydın,Correct
9539FFF7-CF16-426F-A60C-929C754C74B7,ŞİFA ECZANESİ,Aydin,Nazilli,37.91782,28.33399,Aydın,Correct
94CF75FA-3F64-445D-A43F-930266EF6718,ÜNLÜ ECZANESİ,Aydin,Nazilli,37.91876,28.33615,Aydın,Correct
4B2C9482-E5D7-42E2-AC69-93576EA2AA96,FİLİZ ECZANESİ,Aydin,Nazilli,37.91452,28.32536,Aydın,Correct
CE872F77-AFB2-4873-BF29-94AB95AD160B,AYDIN DİDİM 1 NOLU AİLE SAĞLIĞI MERKEZİ,Aydin,Didim,37.37062,27.26086,Aydın,Correct
1989191C-6165-4B2B-B4AC-95020D33DAAC,İSMAİL YASİR KIRTIL MUAYENEHANESİ,Aydin,AYDIN MERKEZ,41.0691,29.0031,İstanbul,Wrong
C15C914E-7DF0-49CF-84DD-953411A997A3,ÖNAL DİŞ KLİNİĞİ,Aydin,Efeler,37.84189,27.84482,Aydın,Correct
B0CE58DA-BE25-4DDF-A395-953BF0364CA7,ÜMAY DAL MUAYENEHANESİ,Aydin,Didim,37.36377,27.27192,Aydın,Correct
AFD9DD0B-1F51-4FD6-B833-95606BF15BD9,ATA ECZANESİ,Aydin,Didim,37.36267,27.27244,Aydın,Correct
085DB5CB-0EAF-4E36-B832-958DEC721424,EMEL FERMANCI KILCI MUAYENEHANESİ,Aydin,Efeler,37.8426,27.83039,Aydın,Correct
6F61B460-A879-44C2-99CE-95BBFA2C426C,AKBAY ECZANESİ,Aydin,Çine,37.61425,28.06105,Aydın,Correct
4EBB05C5-F140-4D70-8F7A-960C256D3142,İNCİ ECZANESİ,Aydin,Didim,37.84276,27.82821,Aydın,Correct
E1F27386-8006-45F5-82B6-96BA28F34A79,GÖKHAN BÜYÜKÇOBAN MUAYENEHANESİ,Aydin,Nazilli,37.91797,28.32805,Aydın,Correct
D7C97430-98BD-4684-BB64-9824DAF9D5AF,BARLAS ECZANESİ,Aydin,Söke,37.73679,27.39634,Aydın,Correct
0ADE2E56-E47C-49E5-A696-9909C92EDF3F,AHMET ŞENSES MUAYENEHANESİ,Aydin,Efeler,39.02987,-76.84596,No Info,No Info
C75630C8-F32C-407D-85A3-993B248263D9,İNCİRLİOVA ACARLAR ASM,Aydin,İncirliova,36.20293,36.15305,Hatay,Wrong
22EE9D95-C7AC-4F2D-BAF1-9986AEE49B9A,İLHAN TONOZ MUAYENEHANESİ,Aydin,Nazilli,37.91382,28.31083,Aydın,Correct
0003FE35-E4E2-425F-9D7C-99BAD217A1B6,DOĞUŞ ECZANESİ,Aydin,Söke,37.76223,27.40977,Aydın,Correct
325E8B07-39CA-4DF5-B28B-9ABA6DAAC898,AYDIN İNCİRLİOVA ERBEYLİ AİLE SAĞLIĞI MERKEZİ,Aydin,İncirliova,37.86676,27.68,Aydın,Correct
8395AADF-7BE1-43AA-8EBE-9ABE45F1C7A7,ÖZEL EUROMED CLINICS,Aydin,Kuşadasi,37.87408,27.26595,Aydın,Correct
91D53DDC-D443-4875-9898-9AFAAEBEB7AB,UMAY ECZANESİ,Aydin,Efeler,37.85764,27.82355,Aydın,Correct
8B2B1DEF-6771-4BAD-A972-9B1A29CE60F9,İREM ECZANESİ,Aydin,Efeler,37.84493,27.84095,Aydın,Correct
5C4576D8-7702-444C-9F26-9B277483A4F9,PELİN ECZANESİ,Aydin,Efeler,37.84784,27.83629,Aydın,Correct
E144E63D-8B7D-455C-ABB2-9B29EFCBE06A,HASAN ATİLLA MUAYENEHANESİ,Aydin,Kuşadasi,37.85542,27.26733,Aydın,Correct
BF39F275-33C1-4F02-ADFD-9B52972D4919,ZEYNEL ERDOĞAN MUAYENEHANESİ,Aydin,Didim,39.93173,32.87635,Ankara,Wrong
FE0673C8-68E2-4C38-B2B2-9BA22707D71A,AYDIN KÖŞK ÇİFTLİK AİLE SAĞLIĞI MERKEZİ,Aydin,Köşk,37.83361,28.01456,Aydın,Correct
652CC364-E747-4666-B5AA-9BBD63DF0D6B,ÇETİNBAŞ ECZANESİ,Aydin,Efeler,37.84909,27.84539,Aydın,Correct
C7109069-A217-4E38-9AA1-9C1656F01C14,ANIT ECZANESİ,Aydin,Nazilli,37.91486,28.32764,Aydın,Correct
CC6EE477-6656-4896-BBAC-9C384C1F2721,BAŞKAN ECZANESİ,Aydin,Nazilli,37.9176,28.32501,Aydın,Correct
EF2E4A21-358E-45A9-B6C1-9C9D01275746,OLCAY ULUSOY MUAYENEHANESİ,Aydin,Kuşadasi,37.86264,27.26115,Aydın,Correct
C3072C56-5783-4BB7-9EDE-9D0170D4FF73,FERAY ECZANESI,Aydin,Nazilli,37.91463,28.33375,Aydın,Correct
22137EE0-5310-4FDE-8866-9D233071D0A5,ONUR ECZANESİ,Aydin,Nazilli,37.92624,28.34062,Aydın,Correct
41FFB8E1-8FA8-4440-BE8F-9E2B3D66ECF5,ERDOĞAN KILIÇ MUAYENEHANESİ,Aydin,Efeler,37.84033,27.8389,Aydın,Correct
F782CBDE-B4B7-4E1A-BD4F-9E3443057D1D,SEVİL PEKMEZCİ MUAYENEHANESİ,Aydin,Didim,37.35598,27.2732,Aydın,Correct
997BCF02-7D75-4D6D-813A-9E3DED5451F4,ERAY ECZANESİ,Aydin,Didim,37.38121,27.27077,Aydın,Correct
C0DC2A20-3526-467D-9790-9E6A817AA0D4,AYDIN EFELER KOZALAKLI AİLE SAĞLIĞI MERKEZİ,Aydin,Efeler,37.80378,27.98881,Aydın,Correct
B93213BA-C855-4C33-9060-9E870386BCC7,BELEN ECZANESİ,Aydin,Koçarli,37.76118,27.70484,Aydın,Correct
476C73FC-974E-4511-95D7-9EB3EE15C7FA,ANKARA ECZANESİ,Aydin,Didim,37.37768,27.26887,Aydın,Correct
416BF217-73F4-46AD-95CE-9F0F8F09C2E9,ESTETİK AĞIZ VE DİŞ SAĞLIĞI MERKEZİ,Aydin,Kuşadasi,37.87711,27.2722,Aydın,Correct
28325917-5FFD-4698-8441-9FA64CD435D7,MELİH SÜRMELİ MUAYENEHANESİ,Aydin,Didim,37.35867,27.27388,Aydın,Correct
9CE03A6E-4704-4429-B826-9FC899FC74DB,YAĞCI ECZANESİ,Aydin,Karacasu,37.73034,28.60618,Aydın,Correct
7F67A402-3F6A-4C5F-A97F-9FDBFEDDABE5,GONCA TATLI ÇARDAK MUAYENEHANESİ,Aydin,Efeler,37.84664,27.8434,Aydın,Correct
D2C7A2B2-4F87-4937-9C3D-A0676D64EF9D,KAFTAN ECZANESİ,Aydin,Nazilli,37.80256,28.34616,Aydın,Correct
7E46005D-C3B8-49A8-9F90-A08420B3FCC8,BURHAN ÇABUK MUAYENEHANESİ,Aydin,Didim,37.37172,27.27269,Aydın,Correct
30B8C82F-0BF8-4474-9665-A0C4722B8824,CANSU ECZANESİ,Aydin,Efeler,37.85025,27.95888,Aydın,Correct
7C7196F4-B967-4339-81E9-A127B568C8BB,KÖŞK ECZANESİ,Aydin,Köşk,37.85188,28.05242,Aydın,Correct
DC919949-2B29-447B-AEAE-A12A802F1785,HANDE ECZANESİ,Aydin,Efeler,37.84543,27.77185,Aydın,Correct
ECAC66B4-3180-479B-ABF5-A1369F5B2EB9,ELİT NAZİLLİ AĞIZ DİŞ SAĞLIĞI POLİKLİNİĞİ,Aydin,Nazilli,37.9146,28.31483,Aydın,Correct
18B37DFF-0E08-48CE-8265-A15B8BBA71AF,AHMET GİRAY MUAYENEHANESİ,Aydin,Efeler,37.84247,27.84367,Aydın,Correct
F4060EDC-871C-49F6-B491-A1C9D001CC55,GARAJ ECZANESİ,Aydin,Söke,37.7506,27.41129,Aydın,Correct
C682F3C0-44F8-4186-8E20-A2BD69AA0B02,EMEL DİNÇER MUAYENEHANESİ,Aydin,Kuşadasi,37.87588,27.26835,Aydın,Correct
819D4AC4-DF96-4BCA-BC29-A2ED8801B8CD,AYDIN EFELER 8 NOLU AİLE SAĞLIĞI MERKEZİ,Aydin,Efeler,37.82993,27.83646,Aydın,Correct
060F2157-FA7F-4E26-9A2A-A34DA70A3E07,KARDELEN ECZANESİ,Aydin,Nazilli,37.91676,28.31767,Aydın,Correct
CDD0A82E-31B3-4C24-B313-A35214DA3E82,FORM AĞIZ VE DİŞ SAĞLIĞI POLİKLİNİĞİ,Aydin,Kuşadasi,37.86176,27.26096,Aydın,Correct
5DA0D92E-5C47-47BB-BC53-A458F9CD14D6,AYDIN EFELER 15 NOLU AİLE SAĞLIĞI MERKEZİ,Aydin,Efeler,37.82906,27.82802,Aydın,Correct
AA4D2C7A-7323-4BEF-8BE8-A4693D895EE4,ÖZEL EFELER AĞIZ VE DİŞ SAĞLIĞI MERKEZİ,Aydin,Efeler,37.8461,27.84444,Aydın,Correct
459276A8-18C6-45B3-AD8F-A4885E82C5F5,NURSEL ANIL MUAYENEHANESİ,Aydin,Söke,37.75461,27.40904,Aydın,Correct
253E3A6B-BBB4-44E0-B0E0-A490D47950DE,DERYA KURU MUAYENEHANESİ,Aydin,Söke,37.7531,27.40701,Aydın,Correct
5B88B865-DD3F-4487-8FD4-A59D838CFCDB,AKKÖY ECZANESİ,Aydin,Didim,37.49486,27.30094,Aydın,Correct
BA71F26F-C069-4FB3-8E87-A5A029FE338F,ECE BOZTEPE BESLENME VE DANIŞMANLIĞI,Aydin,AYDIN MERKEZ,40.8145,29.0181,İstanbul,Wrong
E8E3C504-13A8-423B-BE70-A666B2622E7F,İBN-İ SİNA ECZANESİ,Aydin,Efeler,37.84484,27.84183,Aydın,Correct
42455619-0FBE-4627-89B0-A67DE450CCBF,YETKİN ECZANESİ,Aydin,Efeler,37.85056,27.84281,Aydın,Correct
B5121E1E-413B-4C83-AA1F-A6A39CA9BE10,DOĞA ECZANESİ,Aydin,Germencik,37.86985,27.59954,Aydın,Correct
128A1FD6-0864-4FCA-BCCB-A6E19A84E9A0,ÖZEL DİŞADASI AĞIZ VE DİŞ SAĞLIĞI POLİKLİNİĞİ,Aydin,Kuşadasi,37.85993,27.26272,Aydın,Correct
1C4AE7A2-0E80-4B79-869B-A6E9572AFCA2,AYDIN KUYUCAK BAŞARAN AİLE SAĞLIĞI MERKEZİ,Aydin,Kuyucak,37.86317,28.54039,Aydın,Correct
CBD75C94-9E95-4AFF-9C57-A7136DF3FDC3,ELİT ECZANESİ,Aydin,Nazilli,37.90355,28.32211,Aydın,Correct
848A8D64-1CD6-4272-AD37-A7231D70D2DB,DENİZ SÖNMEZ MUAYENEHANESİ,Aydin,Efeler,37.84497,27.84406,Aydın,Correct
D3B5BD12-2AA6-4F35-8397-A73B11FBC33F,AYDIN BOZDOĞAN İLÇE HASTANESİ,Aydin,Bozdoğan,37.67301,28.31108,Aydın,Correct
015424D1-99BF-4E67-B6D5-A796C8819B38,BİYOFREKANS SİSTEMLERİ EĞİTİM VE ARAŞTIRMA HİZMET,Aydin,Kuşadasi,37.87318,27.26475,Aydın,Correct
3D723B0B-CC68-4912-A0D4-A7C4E07CB61A,ECE ECZANESİ,Aydin,Söke,37.7371,27.39866,Aydın,Correct
9F644253-2B1E-4FAE-B86F-A82202A00936,AYDIN EFELER 23 NOLU AİLE SAĞLIĞI MERKEZİ,Aydin,Efeler,37.82818,27.83207,Aydın,Correct
225A4688-5D92-43FC-BADD-A875068FA5DD,İBRAHİM ÇETİNEL MUAYENEHANESİ,Aydin,Didim,37.37589,27.26499,Aydın,Correct
0356E426-5A04-47A8-AA8C-A9002FB206B9,TÜVER ECZANESİ,Aydin,Nazilli,37.91788,28.32758,Aydın,Correct
3AA67F2B-F454-4733-A14B-A917FAF2F4F5,BÜŞRA ECZANESİ,Aydin,Efeler,37.83316,27.85744,Aydın,Correct
2506DD71-7CF1-42C0-8CC6-A995F3EE8468,ÖZLÜ ECZANESİ,Aydin,Kuşadasi,37.861,27.26051,Aydın,Correct
E6692D5A-4E15-4DF9-9DD4-A9F153282A81,NİLGÜN ECZANESİ,Aydin,Bozdoğan,37.67229,28.31034,Aydın,Correct
B5685F3B-CA84-47F5-AF82-AA89F0B1A49A,OLCAY AKALIN MUAYENEHANESİ,Aydin,Efeler,37.83918,27.84567,Aydın,Correct
5433526F-2A0B-489E-B267-AA9C1B7D9924,MERİH ECZANESİ,Aydin,Kuşadasi,37.80226,27.27637,Aydın,Correct
D3398C12-5480-46F0-8005-AAD77F7AAFBE,AYDIN YILDIZ ECZANESİ,Aydin,Efeler,37.83391,27.85215,Aydın,Correct
31AADAB0-7996-4919-AA07-AB24E9BC1B50,MESUT YİĞİT MUAYENEHANESİ,Aydin,Nazilli,37.91812,28.3289,Aydın,Correct
2429F172-C9B4-4CE5-8C47-AB44944CEDAD,GAMZE KAYA MUAYENEHANESİ DİYETİSYEN,Aydin,Kuşadasi,37.86193,27.25859,Aydın,Correct
9F3EA1E1-5827-4DD3-AD84-AB4887234B99,UĞUR ECZANESİ,Aydin,Söke,37.66482,27.32112,Aydın,Correct
DEBE1964-6A7A-45D6-BBCC-ABA6838AEAFF,MERT ECZANESİ,Aydin,Bozdoğan,37.69217,28.38778,Aydın,Correct
A81A8CB7-07BD-4815-8076-AC4ABDFAFEDC,ÖZEL AYDIN DÜNYA DİŞ AĞIZ VE DİŞ SAĞLIĞI POLİKLİNİĞİ,Aydin,Efeler,37.84414,27.84605,Aydın,Correct
DF2FCAC9-A9BB-4B83-A267-ACD225AA41B2,KEREM ECZANESI,Aydin,Nazilli,38.03659,28.38646,Aydın,Correct
637E1B80-F8B5-4F86-9119-AD323F585C3E,YENİ PAZAR ECZANESİ,Aydin,Yenipazar,37.82459,28.19672,Aydın,Correct
3B704BDF-61E3-44D2-BBEA-AD37A03E9A50,MEHMET AKŞEN MUAYENEHANESİ,Aydin,Kuşadasi,37.86054,27.25811,Aydın,Correct
34FDBF23-B5A7-447D-A216-AD5135D515E4,PINAR ECZANESİ,Aydin,Karacasu,37.73075,28.6064,Aydın,Correct
6998C502-6110-47E1-B188-ADD4C019E7C3,KOÇARLI MERKEZ TSM,Aydin,Koçarli,37.75715,27.70132,Aydın,Correct
DD1C0FF0-A606-4B90-9873-AE773FC55F55,LİMON ECZANESİ,Aydin,İncirliova,37.85009,27.73309,Aydın,Correct
94C7C8EE-DF24-4C63-BF06-AEA8BE9F6B8B,ÖZLEM ECZANESİ,Aydin,Efeler,37.84427,27.82929,Aydın,Correct
BCA24129-4300-44EC-9DB8-AECB1381EFB7,UMUT ECZANESİ,Aydin,Efeler,37.81862,27.83153,Aydın,Correct
6CD0B4BF-6281-4E0A-A130-AEE4759B3E7F,SERPİL ÇAKIR KOCAEVLİ MUAYENEHANESİ,Aydin,Efeler,37.8478,27.84622,Aydın,Correct
CC41B2D8-855B-470C-9B6A-AEEC9CF3BC01,TELLİDEDE ECZANESİ,Aydin,Efeler,37.83105,27.83564,Aydın,Correct
279C9195-FFBF-4B90-918D-AEEE8607300B,AZRAK ECZANESİ,Aydin,Söke,37.74375,27.4009,Aydın,Correct
0AD6D2EF-AC9A-4479-ACD8-AF1E3D63F0BD,VOLGA TUVAN SERİN MUAYENEHANESİ,Aydin,Söke,37.75296,27.40395,Aydın,Correct
2A6607A6-F8E6-4679-8CB6-AF246E2F1955,PAŞA ECZANESİ,Aydin,Efeler,37.84177,27.82329,Aydın,Correct
11F27A67-F205-4B55-A4CA-AF41EA26ECBA,İLKE ECZANESİ,Aydin,Nazilli,37.92066,28.33684,Aydın,Correct
693AFFFC-E5B8-4C2C-9A90-AF69BBE55DE9,KÖKER ECZANESİ,Aydin,Kuşadasi,37.8576,27.2622,Aydın,Correct
8D44F995-70D5-4317-AEC8-AF80DC1527AC,ALTIN ECZANESİ,Aydin,Didim,37.37337,27.26481,Aydın,Correct
66C6490E-BAFB-49EE-8AC0-AF9D00903D41,DEFNE ECZANESİ,Aydin,Söke,37.75316,27.40415,Aydın,Correct
D55CE1BA-3FCE-4636-A82C-AFD0209B5F6A,TEMİZER ECZANESİ,Aydin,Efeler,37.84021,27.84536,Aydın,Correct
F63FAE6B-9F8D-417E-A6A5-AFE0D6F91764,GAYE ECZANESİ,Aydin,Çine,37.61137,28.06142,Aydın,Correct
CFBC852D-856A-416B-A69A-AFFB2BE28087,ARDIÇ ECZANESİ,Aydin,Efeler,37.85034,27.95887,Aydın,Correct
AEB27E0C-CAC8-4C2C-A5FA-B059E0D8FCA8,SAMYELİ ECZANESİ,Aydin,Kuşadasi,37.86125,27.26025,Aydın,Correct
3D60A47A-9B8A-40AA-977C-B0DFEFB83B0F,AYDIN EFELER 4 NOLU AİLE SAĞLIĞI MERKEZİ,Aydin,Efeler,37.83772,27.85553,Aydın,Correct
E5C64C4A-1D46-4B0D-911F-B0E025745F83,DALAMA ECZANESİ,Aydin,Efeler,37.82211,28.1923,Aydın,Correct
0527C082-EC4C-4798-97C1-B115FAF724D0,AYDIN NAZİLLİ 10 NOLU ARSLANLI AİLE SAĞLIĞI MERKEZİ,Aydin,Nazilli,37.9293,28.3718,Aydın,Correct
A6CC6DCD-ED0E-4FE9-9F2B-B1877DB96217,AYDIN ÖZEL SÖKE EGEMED HASTANESİ,Aydin,Söke,37.74809,27.41618,Aydın,Correct
E4B1C2E0-5D73-49C5-A7D1-B2097B01D10D,CANAN ECZANESİ,Aydin,Nazilli,37.90499,28.26257,Aydın,Correct
60CF91BD-B497-48B2-AE6B-B23CD71C29C6,HAYAT ECZANESİ,Aydin,Nazilli,40.9682,29.1114,İstanbul,Wrong
9EA8A538-6F77-4CCE-8CB8-B26CDF14E1F9,ALGAN ECZANESİ,Aydin,Nazilli,37.924,28.33943,Aydın,Correct
5037E757-3E8E-4204-8E34-B2B4223B3CCF,ARİF CANPOLAT MUAYENEHANESİ,Aydin,Didim,37.42255,27.2299,Aydın,Correct
17CFBFFE-7FEB-4BE5-B831-B43428079E31,ALİ ÇETİNKAYA MUAYENEHANESİ,Aydin,Efeler,37.84918,27.77823,Aydın,Correct
262C6A41-433F-4F31-8975-B4B66915DC2E,GÜRSOY ECZANESİ,Aydin,Nazilli,37.92014,28.33685,Aydın,Correct
C1575732-33C3-4C53-B587-B51583E592F8,SÜLEYMAN DEMİRCİ MUAYENEHANESİ,Aydin,Efeler,37.84712,27.84366,Aydın,Correct
C49693A5-A2C1-4167-9ACF-B53EE80CB5AE,AYDIN SULTANHİSAR ATÇA AİLE SAĞLIĞI MERKEZİ,Aydin,Sultanhisar,37.88608,28.21445,Aydın,Correct
7A3D22BF-7970-4C80-8844-B55DECF6E5E0,ÖZEL EGE AĞIZ VE DİŞ SAĞLIĞI MERKEZİ,Aydin,Söke,37.75468,27.40911,Aydın,Correct
89057911-E8DE-4C6B-A2DC-B5885BAAC2A6,RÜŞTÜ KİRMAN MUAYENEHANESİ,Aydin,Kuşadasi,37.86398,27.26225,Aydın,Correct
D10F33AB-64BB-4E77-98B4-B5F35D8102A9,ÇANKIR ECZANESİ,Aydin,Nazilli,37.92499,28.31821,Aydın,Correct
4523D0F1-1153-4A1A-8E85-B61F6930CC29,ELİT DİŞ KLİNİĞİ,Aydin,Kuşadasi,37.85902,27.25952,Aydın,Correct
FB190030-BC32-4DA3-BE5D-B642C6876A00,TUNÇ ECZANESİ,Aydin,Didim,37.37079,27.2624,Aydın,Correct
C7647F90-8F1C-46A3-A48B-B65B65BA121F,TUĞÇE ÖZKARA DUMAN MUAYEHANESİ,Aydin,Nazilli,37.91809,28.32872,Aydın,Correct
EF00BF05-ABD3-407B-AB28-B6E922DFD0E7,ÖZEL ADAGÖZ CERRAHİ DAL MERKEZİ,Aydin,Kuşadasi,37.85826,27.26491,Aydın,Correct
27122EAC-2F16-414F-B587-B7436B02F16A,AYDIN ÇİNE 1 NOLU AİLE SAĞLIĞI MERKEZİ,Aydin,Çine,37.60553,28.05722,Aydın,Correct
09077D12-D2C6-4148-B83B-B774A332E593,YENİCAMİ ECZANESİ,Aydin,Söke,37.75134,27.41302,Aydın,Correct
FCF34F85-48EB-406B-9196-B7AE76CDFBBE,AYDIN ADNAN MENDERES ÜNİVERSİTESİ PSİKİYATRİ EK BİNASI,Aydin,Efeler,39.39707,-76.35636,No Info,No Info
4ACDF50B-79B0-4520-B2E7-B809C52D1058,OZAN ECZANESİ,Aydin,Kuşadasi,37.81206,27.26983,Aydın,Correct
B9615EC5-070C-477E-B0B5-B88B3F1F249D,ŞANLI ECZANESİ,Aydin,Nazilli,37.91757,28.3274,Aydın,Correct
D80538B2-96B9-4117-8C9F-B9B0F05C141A,ÖZEL ÖZTAŞ AĞIZ VE DİŞ SAĞLIĞI POLİKLİNİĞİ,Aydin,Kuşadasi,37.86274,27.26217,Aydın,Correct
942C3C35-CA33-47DA-A0D7-BA295D08219E,AYDIN KARACASU GEYRE AİLE SAĞLIĞI MERKEZİ,Aydin,Karacasu,37.71155,28.71263,Aydın,Correct
ED05AA35-2DF6-4A4B-9223-BA35983CBB71,BİLGİN ECZANESİ,Aydin,Efeler,37.84505,27.84384,Aydın,Correct
9E99A2E5-ED24-4CC0-A61A-BA536CF0D266,ADA ECZANESİ,Aydin,İncirliova,37.8251,27.7495,Aydın,Correct
C0C8466C-DEB7-4205-BA2A-BA56BED9FCFF,MESUT GÜNGÖR MUAYENEHANESİ,Aydin,Nazilli,37.91821,28.32939,Aydın,Correct
7FF2BE46-9095-4CD4-9086-BA587EBA2FA2,YENER BAYRAM KLİNİĞİ,Aydin,Söke,37.75531,27.40808,Aydın,Correct
E3AA1CBF-9D72-437F-B029-BADCD606AED4,HEDEF ÖZGÜN MUAYENEHANESİ,Aydin,merkez,40.9213,28.9461,İstanbul,Wrong
7A23377E-EDB3-4495-9D6E-BBBA96FE8051,GÜNAL ECZANESİ,Aydin,Söke,37.7644,27.40217,Aydın,Correct
9C7121C5-2381-417C-9E1D-BBC3F5864AC7,ÖZGE ECZANESI,Aydin,Efeler,37.82824,27.83246,Aydın,Correct
C5816203-FBE3-4E20-AAB0-BBC85BFDB8C2,BAŞKENT ECZANESİ,Aydin,Kuşadasi,37.85992,27.26276,Aydın,Correct
3A87E42A-5B7F-4E7A-A3F2-BBE2EE39B230,ŞİFA ECZANESİ,Aydin,Çine,37.61439,28.06244,Aydın,Correct
2E1676F3-8ACC-4F0C-9CBC-BCDB65AEB829,SAMET ARDA ALTINYÜREK MUAYENEHANESİ,Aydin,Efeler,37.84445,27.83658,Aydın,Correct
F7A4E5CD-70CC-43C0-8BC7-BD0209A410C9,BURHANİYE ECZANESİ,Aydin,Buharkent,37.96445,28.74413,Aydın,Correct
367A8CC7-3D44-4F6D-BFFC-BD0FB4F8BCA0,METİN ECZANESİ,Aydin,Efeler,37.84676,27.84684,Aydın,Correct
813896D8-2873-4E24-93FB-BDD0D9463DBE,EYYÜP AKARCA MUAYENEHANESİ,Aydin,Nazilli,37.91862,28.32858,Aydın,Correct
DC06DE1E-04EF-4442-A127-BDDE8E71E7BE,OKSİJEN ECZANESİ,Aydin,Kuşadasi,37.73877,27.29415,Aydın,Correct
A76D6C3C-F179-43D6-9E49-BE244BDAEED1,ERGÜL ECZANESİ,Aydin,Nazilli,37.92068,28.33683,Aydın,Correct
7DE19377-6E03-4862-A9A7-BEDC6F4471A0,ÖZCAN ECZANESİ,Aydin,Germencik,37.88727,27.58763,Aydın,Correct
68A2756E-EE7F-4ABD-B628-BF218587FE93,ŞENİZ ECZANESİ,Aydin,Nazilli,37.91742,28.31998,Aydın,Correct
5492AC49-5773-489D-A160-BF7EF4817D30,İLKAY ECZANESİ,Aydin,Kuşadasi,37.84162,27.24734,Aydın,Correct
2DECF613-819B-4A06-8A1E-BF81BEED51EB,YILMAZ ECZANESİ,Aydin,Kuyucak,37.91385,28.46139,Aydın,Correct
5F686171-D2F1-4192-A0BB-BF9794649A5B,ÖZEL HAYAT DİYALİZ MERKEZİ,Aydin,Efeler,37.85471,27.81298,Aydın,Correct
8C58D5CB-9CEC-44A1-B323-BFA72B1E30E8,CLİNİC EGE,Aydin,Nazilli,37.91081,28.3258,Aydın,Correct
E1113EFF-DA18-4F62-A033-BFD3E03B579C,YENİ MAHALLE ECZANESİ,Aydin,Kuşadasi,37.86093,27.26055,Aydın,Correct
8CEF9DCD-D579-4FC7-AF6C-BFD8C226A8AF,ÖZDEN ATASOY MUAYENEHANESİ,Aydin,Kuşadasi,37.85749,27.26423,Aydın,Correct
E7A72D75-BDAD-4520-8377-C0023EF9669C,KÜÇÜKPARK ECZANESİ,Aydin,Efeler,37.79759,28.05005,Aydın,Correct
49F545B6-5606-47C7-88ED-C0402F2227CF,AYDIN EFELER 2 NOLU AİLE SAĞLIĞI MERKEZİ,Aydin,Efeler,37.85436,27.83329,Aydın,Correct
2A47289A-36F5-4754-A812-C06F2C3502FA,MUSLU ECZANESİ,Aydin,Söke,37.75386,27.40515,Aydın,Correct
6C0AB7DF-5FE4-48CD-A432-C07F85A4BDA0,MUTLU ÇOBAN DERMATOLOJİ KLİNİĞİ,Aydin,Didim,37.36554,27.27113,Aydın,Correct
A168B1C1-FD46-4461-AF6F-C16480F4E598,MUHTEREM GÖĞÜSOĞLU MUAYENEHANESİ,Aydin,İncirliova,37.85197,27.72327,Aydın,Correct
C08025E8-8325-49C4-A8EA-C19292676372,KOÇARLI ÇALLAK ECZANESİ,Aydin,Efeler,37.84793,27.85799,Aydın,Correct
709566EB-CF3C-4A20-888F-C1C9E3B6B96C,AYDIN SÖKE 4 NOLU AİLE SAĞLIĞI MERKEZİ,Aydin,Söke,37.76319,27.39083,Aydın,Correct
029D2FFE-46C9-4A28-AA59-C1EB1569CEFE,UMUT ECZANESİ,Aydin,Efeler,37.82368,27.85589,Aydın,Correct
27B81DE3-16EB-4943-905F-C20CA6D10EEF,ÖZGÜR ECZANESİ,Aydin,Kuşadasi,37.73329,27.28542,Aydın,Correct
2E2F43D2-DA37-4110-9B0D-C29158190CB0,GÖKKUŞAĞI ECZANESİ,Aydin,Didim,37.37998,27.27889,Aydın,Correct
4C0D40AB-3C00-4006-9BCD-C295057C3C83,OKYANUS ECZANESİ,Aydin,Kuşadasi,37.86422,27.26729,Aydın,Correct
9DF47B63-0D29-45D9-BCEA-C2C0C36A5A18,AYDIN NAZİLLİ 4 NOLU AİLE SAĞLIĞI MERKEZİ,Aydin,Nazilli,37.91009,28.34517,Aydın,Correct
0E52FDF1-9FF1-4432-90EE-C2C217AAF063,NAZİLLİ ECZANESİ,Aydin,Nazilli,37.92621,28.32451,Aydın,Correct
7D814CEA-F585-4006-BDA3-C3025D38C800,SÖKE TSM,Aydin,Söke,37.75556,27.40932,Aydın,Correct
28822D2B-B89B-41FA-BA7D-C322E91B7D4F,YENİ ECZANE,Aydin,Efeler,37.83619,27.83776,Aydın,Correct
0F7867B9-7CEE-43A9-8826-C3CCD767420D,HAZAL ECZANESİ,Aydin,Didim,37.37427,27.26708,Aydın,Correct
56743FCC-6888-4E20-BD8F-C413DA0A6497,AYDIN EFELER 24 NOLU AİLE SAĞLIĞI MERKEZİ,Aydin,Efeler,37.83531,27.84092,Aydın,Correct
C7DB6C4C-B51E-4892-8F8E-C41613626284,ARPAZ ECZANESİ,Aydin,Nazilli,37.91792,28.3278,Aydın,Correct
47738F50-2538-47DF-BE4D-C437A58BA3FC,DOĞA ECZANESİ,Aydin,Kuşadasi,37.85802,27.25854,Aydın,Correct
B9FF8DB2-E318-46A8-8036-C439A6DE5316,AYDIN KUYUCAK İLÇE HASTANESİ,Aydin,Kuyucak,37.91145,28.46487,Aydın,Correct
AEDEE1C8-B24E-411D-A53C-C43F69548EFF,RAİF KONAKÇI MUAYENEHANESİ,Aydin,Kuşadasi,37.84214,27.24249,Aydın,Correct
ABA38EF5-E55C-4D52-A4E8-C444811A7E1A,AYDIN EFELER 6 NOLU AİLE SAĞLIĞI MERKEZİ,Aydin,Efeler,37.84741,27.8665,Aydın,Correct
E5BC47FF-006B-4F2C-9F29-C44D8CEF6665,ACAR ECZANESİ,Aydin,Çine,37.60918,28.06142,Aydın,Correct
6E03022D-7507-4DDA-82AD-C461F6981C95,AYDIN KUYUCAK YAMALAK AİLE SAĞLIĞI MERKEZİ,Aydin,Kuyucak,37.89813,28.63024,Aydın,Correct
F03F38A9-7D05-4649-A46B-C476B626AD4F,NAFİ ŞANLI MUAYENEHANESİ,Aydin,Efeler,37.84516,27.84401,Aydın,Correct
7F654759-5AE9-4A28-99FE-C47E32295913,ÖZGE ECZANESI,Aydin,Nazilli,37.9176,28.32607,Aydın,Correct
FF0AAC94-4C8E-42D1-B23F-C4FA437C4D02,AYDIN KUŞADASI 6 NOLU AİLE SAĞLIĞI MERKEZİ,Aydin,Kuşadasi,37.8583,27.25804,Aydın,Correct
2E0DCFBB-113B-4E90-A33E-C5188609A7ED,GÜNEY ECZANESİ,Aydin,Efeler,37.83918,27.84057,Aydın,Correct
EA363112-2AF7-4E5A-8A62-C53701F802A6,BANU ÖZTÜRK CEYHAN MUAYEHANESİ,Aydin,Efeler,37.85547,27.85536,Aydın,Correct
42D9EF5A-D836-45E7-9B73-C57BDBD99169,ORHAN AÇIKGÖZ MUAYENEHANESİ,Aydin,Efeler,37.83512,27.8466,Aydın,Correct
318C58F3-8AD7-454D-8B9A-C6940F34647A,DOĞA ECZANESİ,Aydin,Efeler,37.849,27.81578,Aydın,Correct
835A7658-17FA-4B1D-8CBC-C6F07A013799,AYŞEN ECZANESİ,Aydin,Efeler,37.8489,27.83392,Aydın,Correct
0CF9F67C-46EC-47E3-A46C-C82ADCBF2693,BÜLENT KENİR MUAYENEHANESİ,Aydin,Kuşadasi,37.87498,27.26715,Aydın,Correct
075FC22B-7B66-4D8D-8B80-C8354EBF8C89,PAMUK ECZANESİ,Aydin,Kuyucak,37.91295,28.46668,Aydın,Correct
1B72FBC6-CE5B-4D62-89E8-C84599A11E1A,ÇAPAKÇIOĞLU ECZANESİ,Aydin,Germencik,37.86958,27.60057,Aydın,Correct
18A770A3-3F7F-4875-81B6-C856AA05AD29,HAYAT ECZANESİ,Aydin,Germencik,39.13247,-76.70916,No Info,No Info
A20E7D1B-F469-4A10-BE2A-C8961F4454D3,MURAT ECZANESİ,Aydin,Nazilli,37.92009,28.33666,Aydın,Correct
DAFF46AC-118E-4631-B7BC-C8BC06544B34,UTKU ECZANESİ,Aydin,Nazilli,37.90842,28.31813,Aydın,Correct
2C01C311-730E-4D7F-8AE8-C9466CE5FB28,AYDIN ÖZEL DİDİM EGEMED TIP MERKEZİ,Aydin,Didim,37.37954,27.2794,Aydın,Correct
B367F637-78FF-4FC2-A782-C969B3B4F41C,PAMUK ECZANESİ,Aydin,Koçarli,37.76064,27.70558,Aydın,Correct
2E17D4F2-6344-439C-8042-C97400F72ECD,AYDIN KUŞADASI 4 NOLU MEHMET-FUAT AKKUŞ AİLE SAĞLIĞI MERKEZİ,Aydin,Kuşadasi,37.86218,27.2775,Aydın,Correct
5384E7BC-46B8-43FE-94F9-CA1C133FF075,RAUF DEĞİRMENCİ MUAYENEHANESİ,Aydin,Efeler,37.84517,27.84414,Aydın,Correct
09A6F214-9301-4ED8-B876-CB1374E1E019,BIYIKLI ECZANESİ,Aydin,Koçarli,37.73351,27.29058,Aydın,Correct
FBC143D5-3FBC-4359-85CC-CB3D79803E7B,İPEK ECZANESİ,Aydin,İncirliova,37.85051,27.72647,Aydın,Correct
AB70AA15-0372-4406-BA82-CB9E1BEB215F,AYDIN KUŞADASI 2 NOLU AİLE SAĞLIĞI MERKEZİ,Aydin,Kuşadasi,37.85377,27.26886,Aydın,Correct
107556E5-9672-41ED-95EF-CC3F0AC0E44C,YAŞAR ÖZGE ECZANESİ,Aydin,Köşk,37.92291,28.53578,Aydın,Correct
1A7D99EB-3B15-4862-B3D9-CC54458971A8,MÜŞERREF ÖZ DİYET KLİNİK,Aydin,Söke,37.76378,27.4025,Aydın,Correct
CCE0B895-AB72-4A03-93FF-CCA2FF4E798E,YÜKSEL ECZANESİ,Aydin,Yenipazar,37.66947,28.32415,Aydın,Correct
9FB223D6-56D9-4B76-851E-CCB967697564,DİNÇER ECZANESİ,Aydin,Çine,37.61385,28.05943,Aydın,Correct
8A45C699-DD03-469E-BBED-CCD5BC5DF8A3,GENÇ ECZANESİ,Aydin,Söke,37.72522,27.39182,Aydın,Correct
2BC6E297-E898-404B-8383-CD6629BCB02E,ZEYNEP CÖMERT MUAYENEHANESİ,Aydin,Efeler,37.84353,27.84393,Aydın,Correct
4FF482E6-EBB0-4E42-A7BC-CE4132C85F4C,ERTAŞ ECZANESİ,Aydin,Efeler,37.8497,27.83838,Aydın,Correct
DD7DF28F-2C06-4368-AB9A-CEB8276C8270,ALİ RIZA ODABAŞI MUAYENEHANESİ,Aydin,Efeler,37.84629,27.84578,Aydın,Correct
2AE71692-2CE9-4CC3-A1FF-CF81BA394272,ÖZEL ADA AĞIZ VE DİŞ SAĞLIĞI POLİKLİNİĞİ,Aydin,Kuşadasi,37.8693,27.26551,Aydın,Correct
76E2B8AB-7982-4D76-8E49-CFBBCC4854FA,MERİÇLİ ECZANESİ,Aydin,Efeler,37.85233,27.81696,Aydın,Correct
8602475D-B3D9-4A22-9542-CFFA10CB2E6D,SAĞLIK ECZANESİ,Aydin,Efeler,37.84984,27.84492,Aydın,Correct
0683C001-F7CF-4CD0-9B78-D01ADD9B21BC,AYDIN NAZİLLİ 3 NOLU AİLE SAĞLIĞI MERKEZİ,Aydin,Nazilli,37.92965,28.32423,Aydın,Correct
0B1E30CB-CC3C-4EA9-AC96-D035985A0558,AYDIN 1-10 JANDARMA EĞİTİM TABUR KOMUTA REVİRİ,Aydin,Efeler,37.85483,27.84276,Aydın,Correct
CCEF70E2-3F7C-4138-9F2B-D04170CB5B15,ALTINKUM ECZANESİ,Aydin,Didim,37.35861,27.28425,Aydın,Correct
1CB18140-65F5-43FC-9973-D0A51B585C5D,İSA YILDIZ MUAYENEHANE,Aydin,AYDIN MERKEZ,41.072,29.0641,İstanbul,Wrong
922D5BCB-063D-4E3F-BE65-D10A7BFBA8FA,AYDIN DİDİM ALTINKUM AİLE SAĞLIĞI MERKEZİ,Aydin,Didim,37.35367,27.26407,Aydın,Correct
F2FAFF53-0CD3-44DA-A91D-D1A200E8A179,ÖZEL SÖKE DİYALİZ MERKEZİ,Aydin,Söke,37.75402,27.40823,Aydın,Correct
A1581592-D997-4D3C-88B0-D1A4C323038B,AYDIN NAZİLLİ 11 NOLU AİLE SAĞLIĞI MERKEZİ,Aydin,Nazilli,37.90855,28.30871,Aydın,Correct
F89DA0B5-A7CE-47E1-A14D-D213C5617CB1,ABACI ECZANESİ,Aydin,Efeler,37.8435,27.82631,Aydın,Correct
59F84E3A-033E-4F7B-ACB4-D264F63CB6E0,SERTER ECZANESİ,Aydin,Çine,37.61345,28.06259,Aydın,Correct
F18996F7-5DCC-4D83-B1D5-D2876165A4A1,AYDIN SÖKE FEHİME FAİK KOCAGÖZ DEVLET HASTANESİ,Aydin,Söke,37.75933,27.40137,Aydın,Correct
1D06798C-1420-4F8B-A5F2-D2A3E9C6AD29,KUŞADASI LOTUS DENTAL CLİNİC,Aydin,Kuşadasi,37.87359,27.2747,Aydın,Correct
F97BAA6D-77E4-4268-9CCA-D2EE52DFA178,AKGÜL ECZANESİ,Aydin,Efeler,37.83267,27.83474,Aydın,Correct
D362240A-2BE1-4215-8AC2-D37541B05598,AYDIN KUŞADASI DAVUTLAR AİLE SAĞLIĞI MERKEZİ,Aydin,Kuşadasi,37.73304,27.28543,Aydın,Correct
37499496-054A-42F3-B8C6-D3B96A6B9C42,CAN ECZANESİ,Aydin,Nazilli,37.9093,28.32425,Aydın,Correct
3AE56AEE-A3C6-4E04-87AC-D425F6FE2FFB,YEDİ EYLÜL ECZANESİ,Aydin,Kuşadasi,37.85751,27.25953,Aydın,Correct
53D95420-7F67-4AC7-8AB5-D51BBD87BC1B,AYDIN SÖKE AĞIZ VE DİŞ SAĞLIĞI MERKEZİ,Aydin,Söke,37.85407,27.26437,Aydın,Correct
B3682BA5-A00F-4621-B8E0-D574B6554DD8,MADEN ECZANESİ,Aydin,Sultanhisar,37.88888,28.15452,Aydın,Correct
B375CBEE-47ED-40FD-B475-D575EB3F8715,LİMON ECZANESİ,Aydin,Nazilli,37.91054,28.32722,Aydın,Correct
E1325BC5-0BAD-4895-A457-D5B316F5448B,AYDIN EFELER 11 NOLU AİLE SAĞLIĞI MERKEZİ,Aydin,Efeler,37.85368,27.81749,Aydın,Correct
D0F99DE8-F085-4D19-9948-D5E6C2FD654C,SEVDA UNUTMAZ-SEREN DOKUZLU MUAYENEHANESİ,Aydin,Didim,37.39997,27.43245,Aydın,Correct
56040D6B-DB66-4966-B47E-D60078D808BB,AYDIN DİDİM AKBÜK AİLE SAĞLIĞI MERKEZİ,Aydin,Didim,37.39229,27.43756,Aydın,Correct
AEB273F6-D59B-4C72-B3E3-D60DCF55493E,DİYETSEN,Aydin,AYDIN MERKEZ,40.9872,28.9718,İstanbul,Wrong
70E1B8BD-BC36-4CEA-A6AF-D635B8CBB79F,BARIŞ YİĞİT MUAYENEHANESİ,Aydin,AYDIN MERKEZ,40.956,29.3503,İstanbul,Wrong
5204E7A4-DC9B-47BA-8039-D705D3A3370E,MEHMET ÖZDEMİR MUAYENEHANESİ,Aydin,Nazilli,37.91781,28.32719,Aydın,Correct
1FCE1B08-BC68-462C-8424-D72A781A5FCA,ŞAHİN ECZANESİ,Aydin,Efeler,37.84272,27.8422,Aydın,Correct
26301946-23B0-4868-B40F-D74797362A14,AYDIN NAZİLLİ KIZILDERE AİLE SAĞLIĞI MERKEZİ,Aydin,Nazilli,38.03423,28.38487,Aydın,Correct
B4A71273-2CFA-4324-9FE4-D74AD14B2EFC,ÖZTÜRK ECZANESİ,Aydin,Söke,37.63392,27.24207,Aydın,Correct
563A6FE4-145D-4E3C-86D5-D76AF2494C5E,TUBA ECZANESİ,Aydin,Çine,37.61255,28.06146,Aydın,Correct
6E61F64A-C784-4A9B-8588-D7E2389490C6,OSMAN YILDIZ KLİNİĞİ,Aydin,Efeler,37.84423,27.82467,Aydın,Correct
7D0947C0-7C25-4D30-B929-D7FF068D4A66,YÜCE ECZANESİ,Aydin,Kuşadasi,39.8126,26.61154,Çanakkale,Wrong
7F03DA20-D059-4AB6-B602-D89B3F311604,HATİCE İRİK MUAYENEHANESİ,Aydin,Efeler,37.84335,27.84586,Aydın,Correct
F0637C9B-D2FC-42F4-B36F-D90B6588AD77,AYDIN EFELER 20 NOLU AİLE SAĞLIĞI MERKEZİ,Aydin,Efeler,37.84423,27.84481,Aydın,Correct
2E7BB48F-44FC-449B-A12A-D96CC7A0F645,AYDIN DEVLET HASTANESİ,Aydin,Efeler,37.84871,27.83786,Aydın,Correct
FAD10B7D-034C-4B11-B040-D9BF5AB2DE2C,AYŞE TOSUN - AYKKUT ÇAĞLAR MUAYENEHANESİ,Aydin,Efeler,37.84273,27.82992,Aydın,Correct
3860ED60-D28D-47A4-BEB2-DA4E0B381162,DEMİR ECZANESİ,Aydin,Efeler,37.84492,27.8419,Aydın,Correct
5D114AC7-28FB-4F13-8254-DA7F9378B7D2,VELİ TOSUNER MUAYENEHANESİ,Aydin,Kuşadasi,37.86082,27.26192,Aydın,Correct
0C77F96E-8A44-4972-A2B1-DAE46566E583,MÜMTAZ SONER GÜÇLÜ MUAYEHANESİ,Aydin,Nazilli,37.91782,28.32841,Aydın,Correct
21FCDDED-A679-4868-91EF-DAFE5529051C,ÖZEL AYDIN GÖZ HASTANESİ SÖKE ŞUBESİ,Aydin,Söke,37.73838,27.3995,Aydın,Correct
45279554-98C6-4CC1-A6D6-DB0B5964508B,ÇILGA ECZANESİ,Aydin,Didim,37.3766,27.26855,Aydın,Correct
8E89E3D7-8195-4A0C-B3F2-DB0CB208B2DE,TÜLAY ECZANESİ,Aydin,Efeler,37.84856,27.83779,Aydın,Correct
F65D9E21-287C-4B2B-A010-DB2C56F14193,BUSRA ECZANESI,Aydin,Köşk,37.85551,28.06182,Aydın,Correct
95C9F508-A967-4580-A00E-DBE417EC3D09,MUSTAFA ÜNÜBOL MUAYENEHANESİ,Aydin,Efeler,37.83864,27.83952,Aydın,Correct
922E5B00-6F61-4BD1-9DB7-DC5BE588989C,GÜZİN ECZANESİ,Aydin,Efeler,37.85101,27.96083,Aydın,Correct
BA115C93-FC12-4ABC-95FC-DC5F69606DB9,SEVGİ ECZANESİ,Aydin,merkez,37.84711,27.84801,Aydın,Correct
2FF234CA-0C3D-4B8A-B049-DC87B2D17D57,AKŞİT ECZANESİ,Aydin,Buharkent,37.90994,28.45799,Aydın,Correct
B684056A-162B-4E44-BD95-DCE28A28F6E5,BAŞAK ECZANESİ,Aydin,Didim,37.37908,27.26934,Aydın,Correct
DE26762A-1123-4C1E-A35A-DD0EB6188A17,DUYGU ASLAN KUNT MUAYENEHANESİ,Aydin,Efeler,37.84402,27.82417,Aydın,Correct
A58F822F-0204-4EAB-83FF-DD3FC284115E,ESLEM ECZANESI,Aydin,Kuşadasi,37.84492,27.26375,Aydın,Correct
21E707E2-E66B-47FE-82DC-DDD717EE0D8B,ERAYDIN ECZANESİ,Aydin,Efeler,37.84797,27.83694,Aydın,Correct
721332AC-2382-4162-AB41-DDF67C106653,ŞULE SİREK MUAYENEHANESİ,Aydin,Efeler,37.85063,27.8441,Aydın,Correct
AB878C5B-1E86-4D36-9764-DE1EF7D4F5BB,İDİL ECZANESİ,Aydin,Efeler,37.85542,27.82983,Aydın,Correct
D62E8474-8585-4990-A358-DED04A855FEB,AYDIN EFELER TEPECİK AİLE SAĞLIĞI MERKEZİ,Aydin,Efeler,37.82583,27.86927,Aydın,Correct
8AAD3351-9EB4-4210-8692-DF21280EFE33,ADA ECZANESİ,Aydin,Kuşadasi,37.85754,27.2644,Aydın,Correct
8B74D702-89A0-45A1-85EF-DF26F43D50D3,YILDIRIM ECZANESİ,Aydin,Kuyucak,37.91333,28.46548,Aydın,Correct
0A6B7392-41FD-456A-BA91-DF453AE05078,BİLGE KAĞAN ECZANESİ,Aydin,Kuşadasi,37.71423,27.22061,Aydın,Correct
F210439C-AF46-4036-A8C2-DF6E67DEDF04,AYDIN GERMENCİK 1 NOLU AİLE SAĞLIĞI MERKEZİ,Aydin,Germencik,37.86863,27.59493,Aydın,Correct
C69CBA58-5079-4B3A-8DD3-DF93F7EF6B27,AHMET ZEKAİ ALGEÇ MUAYENEHANESİ,Aydin,Kuşadasi,37.85953,27.25893,Aydın,Correct
7C0190EB-293F-4A34-965B-E02BF3756CE7,YÜKSEL ÖZTÜRK MUAYENEHANESİ,Aydin,Efeler,37.84864,27.84379,Aydın,Correct
C63F3778-7B81-4192-84EA-E047FB9A4FF4,AYDIN NAZİLLİ DEVLET HASTANESİ,Aydin,Nazilli,37.77441,27.76552,Aydın,Correct
D43BBE55-F603-43BD-B35B-E0B2D4F2D038,ONUR YÜCE ECZANESİ,Aydin,Söke,37.76447,27.40215,Aydın,Correct
2418DC09-755C-4886-98A3-E0F0F431C9B3,ATİLLA ÇAĞIRICI MUAYENEHANESİ,Aydin,Efeler,37.83963,27.84546,Aydın,Correct
A82FB8A5-0F40-4216-B4C3-E13720BBBA3E,SERÇİN ECZANESİ,Aydin,Efeler,37.83809,27.85528,Aydın,Correct
A527E627-87E6-4719-A7C9-E172B1E75E52,AKBÜK ECZANESİ,Aydin,Didim,37.35835,27.27498,Aydın,Correct
4613EA8D-82EE-4C1A-B559-E199E241BE9C,MELTEM ECZANESİ,Aydin,Efeler,37.84206,27.8147,Aydın,Correct
1FE70B3A-56EC-475D-8C88-E19BE8AE06FA,KUŞADASI ECZANESİ,Aydin,Kuşadasi,37.87467,27.26762,Aydın,Correct
37E965B0-4FEB-4668-B2CB-E1D3FE592701,RAMAZAN ÖZTÜRK MUAYENEHANESİ,Aydin,Efeler,37.84493,27.84322,Aydın,Correct
73A09E60-7C8D-4EE4-B60B-E30085A35784,EKİN ECZANESİ,Aydin,Kuşadasi,37.78761,27.27541,Aydın,Correct
F832BA30-FA0B-4141-B188-E301C11DFDC7,ATASOY ECZANESİ,Aydin,Efeler,37.84256,27.82941,Aydın,Correct
433DDA93-7C61-4F63-BF10-E3253B7BBB8A,BİNGÖL BARUT MUAYENEHANESİ,Aydin,Kuyucak,37.84583,27.84442,Aydın,Correct
C8B9884E-6374-4BE8-A039-E4651C3C6C4F,AYDIN ÖZEL EGEMED SAYDAM TIP MERKEZİ,Aydin,Kuşadasi,37.85984,27.26806,Aydın,Correct
6612DB3F-DDF0-49E7-83E2-E46AB5060AAC,KOÇ ECZANESİ,Aydin,Köşk,37.85292,28.05122,Aydın,Correct
7A68E4C6-FBD2-47A8-8B83-E4B475F0BD20,ÖZGÜR MERİÇ ALICI MUAYENEHANESİ,Aydin,Didim,37.37018,27.26826,Aydın,Correct
7E26B6CE-48D7-42BB-A001-E4C6BC766ADE,ÇATALKAYA ECZANESİ,Aydin,Buharkent,37.96364,28.74197,Aydın,Correct
387F96C2-9AA8-4716-96D4-E5BE15900D58,SEFAGÜL ECZANESİ,Aydin,Köşk,37.8539,28.05208,Aydın,Correct
327987B0-DFC0-45A5-A220-E627ACA0A1E8,VERESELİ HALK ECZANESİ,Aydin,Bozdoğan,37.67319,28.31154,Aydın,Correct
220E4D78-4831-45CF-B8D7-E64D460E8C51,ACAR ECZANESİ,Aydin,Efeler,37.85429,27.83325,Aydın,Correct
D2CC24F6-EC39-4A6A-8385-E689EF3FCFE3,İDE ECZANESİ,Aydin,Çine,37.61551,28.06141,Aydın,Correct
DF4796CA-4E81-4125-A39C-E6904ED1E2A4,MEHMET OZAN YÜCEL MUAYENEHANESİ,Aydin,Didim,37.37241,27.27364,Aydın,Correct
12312021-AF4D-4D11-B2CD-E6DE3B29FC07,AYDIN THSK - TOPLUM SAĞLIĞI MERKEZİ,Aydin,Germencik,37.86881,27.60147,Aydın,Correct
FA37BCC7-C379-4EB8-825A-E6EF4BE46F74,DERMAN ECZANESİ,Aydin,İncirliova,37.85105,27.72234,Aydın,Correct
3918A79A-4246-47CC-9DAE-E75903935F83,AYDIN EFELER 5 NOLU AİLE SAĞLIĞI MERKEZİ,Aydin,Efeler,37.84214,27.8239,Aydın,Correct
A1DE1C12-DD33-401B-8EA5-E7DF7C681B2C,AYDIN İNCİRLİOVA 1 NOLU AİLE SAĞLIĞI MERKEZİ,Aydin,İncirliova,37.85397,27.71832,Aydın,Correct
1AE9D49A-CE4D-4D29-91F3-E7F5C23ADF6F,KIR ECZANESİ,Aydin,Efeler,37.85029,27.8342,Aydın,Correct
25525A9E-0806-4460-BC98-E8AA8C2310FD,NİLÜFER ECZANESİ,Aydin,Efeler,37.78895,28.07492,Aydın,Correct
3639C139-A5F3-40C6-B784-E8F37091EDDE,BARIŞ ECZANESİ,Aydin,Efeler,37.83217,27.83564,Aydın,Correct
128ED301-BBEF-4540-AF6E-E9494A1E7B9C,YAĞMUR ECZANESİ,Aydin,Efeler,37.84248,27.84079,Aydın,Correct
4E7D2D1C-598D-41AF-9236-E95290D8B881,NESRİN ECZANESİ,Aydin,İncirliova,37.85397,27.71805,Aydın,Correct
DA48BD18-5E0C-46FC-8DD0-E958FC9C5ED2,ZEYTİN ECZANESİ,Aydin,Karpuzlu,37.55823,27.83597,Aydın,Correct
C41844E2-074A-4C4E-84ED-E96D5478E64A,ÖZTÜRK ECZANESİ,Aydin,Efeler,37.84862,27.83387,Aydın,Correct
0AB88CB2-ABB3-4F9D-8390-E9A2DAFFCE48,ÇINAR ECZANESİ,Aydin,Koçarli,40.76078,29.8789,Kocaeli,Wrong
EA6104FA-C21C-43AC-9A91-EA022CDC447B,MENDERES ECZANESİ,Aydin,Nazilli,37.92138,28.32065,Aydın,Correct
5DCF34B0-BAF7-49D4-A8D0-EA027C9D54D5,ÖZGE YAŞAR ECZANESİ,Aydin,Efeler,37.84704,27.84822,Aydın,Correct
BD65882C-DE16-4B15-952B-EAAB45034440,GAZI ECZANESİ,Aydin,Efeler,37.84946,27.83815,Aydın,Correct
713EDBF4-FF0F-4FF8-8207-EAB47F89D4EB,UĞUR ECZANESİ,Aydin,İncirliova,37.82467,27.75789,Aydın,Correct
CD8B21B4-FC21-4808-8713-EABDD79F2AC4,AKÇAAL ECZANESİ,Aydin,Söke,37.76126,27.41338,Aydın,Correct
0B25CD4C-7B86-4B70-97AD-EAF8E5E2EDDB,ULUSOY ECZANESİ,Aydin,Kuşadasi,37.85767,27.26107,Aydın,Correct
6B759940-9EB8-4202-8DD7-EBFAEE86F311,AYGÜN ECZANESİ,Aydin,Söke,37.75437,27.40876,Aydın,Correct
A665CA01-6F99-435E-826D-EBFE6E5FD987,AYDIN YENİPAZAR HAMZABALİ AİLE SAĞLIĞI MERKEZİ,Aydin,Yenipazar,37.80192,28.12059,Aydın,Correct
ED779731-D610-4647-B896-EC43C3912382,ALMİLA ECZANESİ,Aydin,Didim,37.37172,27.2735,Aydın,Correct
9BC63BD2-C25B-4274-A496-EC5F4B2D70AC,CEREN ECZANESİ,Aydin,Kuşadasi,37.85351,27.27022,Aydın,Correct
6C9DD7EE-6D2A-4402-AFF8-ED119455EC8F,BORA ECZANESİ,Aydin,Çine,37.61268,28.05932,Aydın,Correct
8AFB8985-01F8-43E2-BE2A-EDBF3C9DFA05,ÇOBANOĞLU ECZANESİ,Aydin,Efeler,37.8489,27.83794,Aydın,Correct
2B996406-0DCC-4E5E-8ABF-EDD2A64D9330,ÖZGÜR DENİZ TURAN MUAYENEHANESİ,Aydin,Efeler,37.84468,27.82481,Aydın,Correct
C05C7B93-CF21-4B95-8D3A-EDE09E1634BA,SEBAT ECZANESİ,Aydin,Germencik,37.87005,27.60376,Aydın,Correct
027B9708-BD6D-4CC9-ACB8-EE1614A79B37,BATUHAN DEĞİRMENCİ MUAYENEHANESİ,Aydin,Germencik,37.86978,27.604,Aydın,Correct
B61865E2-E31B-43F0-99CB-EE28EB7D44CB,KOÇARLI ECZANESİ,Aydin,Koçarli,37.76099,27.70614,Aydın,Correct
86B929B1-C2E1-466E-A7C6-EE3566E731E6,AYDIN EFELER KUYULU AİLE SAĞLIĞI MERKEZİ,Aydin,Efeler,37.83919,27.79309,Aydın,Correct
0F6B98E4-CBAA-45D2-A2CD-EE5FCD9227F2,ESİN ECZANESİ,Aydin,Bozdoğan,37.56785,28.47439,Aydın,Correct
3C05EB9E-D4B9-48B1-AB92-EE68B362E8C2,DOLUNAY ECZANESİ,Aydin,Efeler,37.84304,27.84426,Aydın,Correct
972CD400-E3F6-4526-A02E-EEEE6EF72337,JALE ÖZÇİFTÇİ MUAYENEHANESİ,Aydin,Kuşadasi,37.71534,27.22752,Aydın,Correct
9D803C76-0CAD-4913-A8E7-EF53135AEEAD,ARİF KÜÇÜKOĞLU MUAYENEHANESİ,Aydin,Köşk,37.85241,28.05415,Aydın,Correct
A8646007-9CB6-4315-8384-EF58A6A20C24,ÖZEL REFERANS FTR DAL MERKEZİ,Aydin,Nazilli,37.92066,28.32801,Aydın,Correct
72900869-D98A-4738-B49D-EF98E4DEC1FC,HASAN AKALIN MUAYENEHANESİ,Aydin,Efeler,37.84535,27.83778,Aydın,Correct
78C3613C-E843-4910-94C9-EFABE930FBD6,BERK ECZANESİ,Aydin,Efeler,37.84953,27.83818,Aydın,Correct
CA672985-5100-4D65-B486-EFB2F01917C3,DEMET KEBAPÇILAR MUAYENEHANESİ,Aydin,Kuşadasi,37.73351,27.29073,Aydın,Correct
F469FD6A-9F8B-43EF-9B78-EFEE8850F6B1,EZGİ ECZANESİ,Aydin,Kuşadasi,37.85247,27.25865,Aydın,Correct
9DD4472E-8934-4CEA-AF85-F11948459DF1,HANİFE ERGÜL MUAYENEHANESİ,Aydin,Sultanhisar,37.8873,28.21433,Aydın,Correct
53A36FFF-75DA-4E9A-9EB3-F172D96F0402,ÜNİVERSİTE ECZANESİ,Aydin,Efeler,37.84794,27.85807,Aydın,Correct
57DF6551-079D-4642-A31A-F1E2605E1A73,İHSAN DURUKAN MUAYENEHANESİ,Aydin,Söke,37.75314,27.40706,Aydın,Correct
C6EFB30B-D7F8-4E4D-B80F-F1F7B7C187E6,AYDIN SÖKE 5 NOLU ATİLLA SAVCI BURÇ AİLE SAĞLIĞI MERKEZİ,Aydin,Söke,37.7562,27.40925,Aydın,Correct
18A8D2D1-B776-4012-BE69-F2C3FE474B27,YILMAZ ECZANESİ,Aydin,Germencik,37.87048,27.59942,Aydın,Correct
7FC07C06-6E2F-4D9A-88EC-F30DFA7713BF,BENGİ ECZANESİ,Aydin,Nazilli,37.91742,28.32489,Aydın,Correct
B075FC1F-436C-41AA-A63B-F323833CC1D1,HASAN YÜKSEL MUAYENEHANESİ(KADIN HASTALIKLARI AYDIN),Aydin,Efeler,37.84059,27.83384,Aydın,Correct
49E09EAF-4EBF-4B17-A98C-F32ABE9AD172,GÜLİSTAN ECZANESİ,Aydin,Efeler,37.81843,27.83464,Aydın,Correct
801C9F7D-26F0-4778-ADDE-F35564329BF2,AKA ECZANESİ,Aydin,Efeler,37.79051,28.06261,Aydın,Correct
995757DC-654F-413C-AEFF-F36CFF2D22E5,AYDIN KÖŞK 1 NOLU AİLE SAĞLIĞI MERKEZİ,Aydin,Köşk,37.85664,28.04993,Aydın,Correct
6BAD21EB-5A3B-4242-94CB-F38D2BC4865C,DENİZ ECZANESİ,Aydin,Kuşadasi,37.85889,27.25816,Aydın,Correct
D80CF299-1427-4F7B-B7A2-F407F08C0A1F,EZGİ AYDIN KADIN HASTALIKLARI VE DOĞUM MUAYENEHANESİ,Aydin,Efeler,37.84819,27.8259,Aydın,Correct
D30FAA13-7BE5-491C-8C48-F426A08653A6,ZEYNEP ECZANESİ,Aydin,Nazilli,37.92096,28.33683,Aydın,Correct
524F002B-0279-4078-955D-F4F8FBA1DCD0,MUSTAFA LEVENT BAYSOYLU MUAYENEHANESİ,Aydin,Kuşadasi,37.86144,27.25988,Aydın,Correct
0359719C-E52C-4D68-9592-F590F8C6CD1F,HALE ECZANESİ,Aydin,Koçarli,37.73604,27.82517,Aydın,Correct
BEDD9F70-0DF9-4C5C-871E-F5B959F4AD98,ÖZEL DİLEK ŞEN ŞİPAR DİŞ POLİKLİNİĞİ,Aydin,Efeler,37.82983,27.84365,Aydın,Correct
39E0CD22-A3EE-4C56-960F-F5DA5BCC0A9C,ŞENAY UYSAL CANBAZ MUAYENEHANESİ,Aydin,Kuşadasi,37.86184,27.26097,Aydın,Correct
DEAF55AA-7189-4B52-BD28-F64B4B876B04,ÜMİT ECZANESİ,Aydin,Kuyucak,37.91223,28.46905,Aydın,Correct
E11DE723-A689-4976-9179-F683999BE80D,ŞENSOY ECZANESİ,Aydin,Efeler,37.85245,27.82962,Aydın,Correct
2945141C-72A5-43F2-9C5A-F6B4CC98F6EF,AYDIN NAZİLLİ ESENKÖY AİLE SAĞLIĞI MERKEZİ,Aydin,Nazilli,37.80712,28.34687,Aydın,Correct
8706DD97-9633-4B78-BA7B-F6C056407FC1,NAZLI ECZANESİ,Aydin,Germencik,37.87354,27.60706,Aydın,Correct
4C675BBD-BBDA-40F2-9EA7-F6D0E610A1DC,KADRİYE UĞURLU-ELİF PELİN ÖZÜN ÖZBAY MUAYENEHANESİ,Aydin,Efeler,37.85261,27.81031,Aydın,Correct
6CD8C9C8-01DF-4ABE-8F7A-F6E640C72ED6,ÖNDEŞ ECZANESİ,Aydin,Germencik,39.17207,-76.65636,No Info,No Info
1C702341-61FD-41D2-8D7C-F727FB265620,GAZİBEĞENDİ ECZANESİ,Aydin,Kuşadasi,37.87571,27.26801,Aydın,Correct
E598D959-8725-4FB3-BFAD-F78A281D5D4C,YAMANLAR ECZANESİ,Aydin,Kuşadasi,37.85663,27.26383,Aydın,Correct
A09F9E69-E5C8-45A0-9689-F7B8926A0F0A,MENDERES ECZANESİ,Aydin,Efeler,37.84803,27.83721,Aydın,Correct
3B8EAF59-0180-442E-9562-F7ECF599468C,AYDIN NAZİLLİ 2 NOLU AİLE SAĞLIĞI MERKEZİ,Aydin,Nazilli,37.905,28.32717,Aydın,Correct
F062F514-2340-4173-A829-F80F3E37A320,KARABULUT ECZANESİ,Aydin,Efeler,37.84232,27.83973,Aydın,Correct
B2F2A59C-D513-4E1B-9A8F-F85136639CA9,ŞEBNEM ECZANESİ,Aydin,Bozdoğan,37.6712,28.31013,Aydın,Correct
9C2827CB-8A08-4CEF-B9CF-F88EB70C862B,GÜMÜŞ ECZANESİ,Aydin,Söke,37.74989,27.4189,Aydın,Correct
0D74A145-B072-430E-9D3E-F8B2255FBF86,SARIKEMER ECZANESİ,Aydin,Söke,37.56346,27.35617,Aydın,Correct
149F91E7-D0A1-446F-9444-F91AF19578E7,ALTUĞ ECZANESİ,Aydin,Efeler,37.84429,27.84519,Aydın,Correct
4BBF003E-E546-4845-9EF2-F9B574D73F98,AYDIN KÖŞK BAŞÇAYIR AİLE SAĞLIĞI MERKEZİ,Aydin,Köşk,37.95614,28.07182,Aydın,Correct
1A40FA1A-6DF0-4FDD-A542-F9F3F377B223,AYDIN NAZİLLİ AĞIZ VE DİŞ SAĞLIĞI MERKEZİ,Aydin,Nazilli,37.91034,28.30948,Aydın,Correct
0692E6D3-75D2-46EC-AAB1-FA20E9C04E29,METİN TAŞ ECZANESİ,Aydin,Efeler,37.85022,27.84316,Aydın,Correct
8CE9DEB2-CFAA-4499-A5A6-FAA2670AEDC4,ZEREN ECZANESİ,Aydin,Kuşadasi,37.71199,27.21386,Aydın,Correct
42E7365A-78BF-4DEA-97D1-FB2F6C14A1CA,ESİN ECZANESİ,Aydin,Efeler,37.85133,27.82327,Aydın,Correct
9ECBAB35-273F-48B9-82D4-FC469904BBD4,LODOS ECZANESİ,Aydin,Didim,37.37318,27.26428,Aydın,Correct
7ACBC154-F220-44F5-81E1-FC7A3835E6CB,GÜLER ECZANESİ,Aydin,Efeler,37.835,27.8407,Aydın,Correct
BA484DD1-DD3D-4C14-BA49-FC7F25B35D95,BUĞRA ECZANESİ,Aydin,Nazilli,37.91752,28.32209,Aydın,Correct
7A880B59-82B8-485B-8FE2-FCC9AD669CDB,YENİCE ECZANESİ,Aydin,Karacasu,37.66886,28.31313,Aydın,Correct
3FC0D631-A583-4880-B2D8-FCDFC97644A0,ÇİĞDEM ECZANESİ,Aydin,Söke,37.76208,27.41006,Aydın,Correct
D5A8DA10-5599-4050-A35D-FDE5C281C1D2,AYDOĞAN ECZANESİ,Aydin,Nazilli,37.9175,28.32091,Aydın,Correct
7A559C68-D10B-42FD-9D5E-FE23989FA465,AİLE ECZANESİ,Aydin,Efeler,37.85168,27.82333,Aydın,Correct
38F4342F-E9C5-40E5-8312-FE39FCFC3D61,PINAR ECZANESİ,Aydin,Efeler,37.84894,27.83795,Aydın,Correct
0CB28C25-1B5D-4824-8357-FE4A267B6470,MERVE TAŞGIN SEVİNDİK MUAYANESİ,Aydin,Kuşadasi,37.71404,27.22822,Aydın,Correct
C4F0B222-81CA-4579-AB21-FE8062B2AADE,CUMHURİYET ECZANESİ,Aydin,Nazilli,37.91752,28.32652,Aydın,Correct
7F063C9E-F364-47F6-A69D-FEB2E2268A5E,ÖMER FARUK ASLANTÜRK MUYANEHANESİ,Aydin,Kuşadasi,37.86452,27.2721,Aydın,Correct
363801FE-1CD7-4305-86D4-FEEABB12B3D3,NURŞEN DURUKAN MUAYANEHANESİ,Aydin,Efeler,37.85171,27.80911,Aydın,Correct
A3EA06BF-8204-4925-87B1-FFFC1E3B69B6,BİLGEHAN YILMAZ MUAYEHANE,Aydin,Efeler,37.83914,27.84606,Aydın,Correct
