UnitId,UnitName,CityName,DistrictName,Latitude,Longitude,DetectedCity,Match
CBF204C4-7F84-465C-BFFD-021BD424AD0F,AKİF KARLIDAĞ MUAYENEHANESİ,Elaziğ,Merkez,38.67404,39.22226,Elâzığ,Correct
20AD7D7C-2905-46C0-9FDE-023A899F4B3D,NURCAN ECZANESİ,Elaziğ,Merkez,38.6832,39.2218,Elâzığ,Correct
EF4F8FC4-3297-4C3C-A098-029C229432CA,ŞİFA ECZANESİ,Elaziğ,Karakoçan,38.95512,40.03902,Elâzığ,Correct
D2D7E3B6-722B-48F9-ADB7-032277076C97,ESRA ECZANESİ,Elaziğ,Kovancilar,38.72364,39.85888,Elâzığ,Correct
E4999A20-7568-48F7-B616-034E26EFD1FA,AHMET KAPAR MUAYENEHANESİ,Elaziğ,Merkez,38.68185,39.22019,Elâzığ,Correct
9E3B78C5-ABDD-45BB-8E48-03FB4F7D4D6C,ELAZIĞ ÖZEL ÇAĞRI AĞIZ VE DİŞ SAĞLIĞI KLİNİĞİ,Elaziğ,Merkez,38.67642,39.22086,Elâzığ,Correct
07DF64A0-6CDF-43BA-97E8-047935C9B526,HARPUT ECZANESİ,Elaziğ,Merkez,38.66195,39.17094,Elâzığ,Correct
A35BE398-3118-4684-8B70-0577492604B9,AKSARAY ECZANESİ,Elaziğ,Merkez,38.66058,39.23044,Elâzığ,Correct
3CFEAA0A-924A-4ABB-A6F1-068184CAE2B3,ÇİÇEK ECZANESİ,Elaziğ,Merkez,38.68153,39.22524,Elâzığ,Correct
2E2FD4D4-610F-4768-86FC-06A1C506F74E,SIHHAT ECZANESİ,Elaziğ,Merkez,38.67986,39.208,Elâzığ,Correct
632078CC-CB8B-4FC4-A8F1-070F2AAB0191,ELAZIĞ MERKEZ RÜSTEMPAŞA 1 NOLU AİLE SAĞLIĞI MERKEZİ,Elaziğ,Merkez,38.6683,39.23442,Elâzığ,Correct
C37C1DEF-3D62-452E-ABC7-080B9B2B584D,BİHTER ECZANESİ,Elaziğ,Merkez,38.67676,39.2227,Elâzığ,Correct
2F1FC456-95B6-4AB7-874A-09C8E373C07F,ELAZİĞ MADEN ŞEHİT CENGİZ ERDUR İLÇE DEVLET HASTANESI,Elaziğ,Maden,38.39211,39.66865,Elâzığ,Correct
D4A07D70-A115-4686-B301-09C9711E676C,ELAZIĞ MERKEZ AKSARAY AİLE SAĞLIĞI MERKEZİ,Elaziğ,Merkez,38.6593,39.22984,Elâzığ,Correct
FC71BABF-004F-4BA8-A144-09CA6D89DA1B,ÇELİK ECZANESİ,Elaziğ,Merkez,38.66875,39.22218,Elâzığ,Correct
5AAFE4BF-B942-4258-96B9-0B467E4CAFCF,ATAGÜN ECZANESİ,Elaziğ,Merkez,38.67998,39.20715,Elâzığ,Correct
8C42122B-BCC1-41E4-AFFF-0C893F66A7BE,ŞENGÜL ECZANESİ,Elaziğ,Merkez,38.67455,39.22417,Elâzığ,Correct
C3543AEA-1F81-4938-A2E5-0C9E42590AF2,AKGÜL ECZANESİ,Elaziğ,Merkez,38.67601,39.22632,Elâzığ,Correct
20CBDC71-2351-4AEA-95DB-0CA14D097843,TURGUT PAPİLA MUAYENEHANESİ,Elaziğ,Merkez,38.67619,39.22533,Elâzığ,Correct
07802CA8-0285-4461-AD1D-0CDD0B8D84C4,ELAZIĞ MERKEZ BAHÇEKAPI ASM,Elaziğ,Merkez,38.56509,39.26904,Elâzığ,Correct
E98D1B51-B6AD-4A6F-BAF6-0CE70F312268,PALU ECZANESI,Elaziğ,Palu,38.69304,39.92792,Elâzığ,Correct
C154881B-90FE-4DBD-AAD0-0D6580B0763C,DEVA ECZANESİ,Elaziğ,Merkez,38.66832,39.23842,Elâzığ,Correct
DA33380B-349E-47A0-87E0-0EB5615CE547,AKPINAR ECZANESİ,Elaziğ,Merkez,38.67049,39.22019,Elâzığ,Correct
64BD5482-3955-4D5E-8C8E-0EC67BBBEE97,TUFAN ATASÖNMEZ MUAYENEHANESİ,Elaziğ,Merkez,38.67512,39.22475,Elâzığ,Correct
BB342989-297B-4F41-8651-100A66DD581D,HÜRRİYET ECZANESİ,Elaziğ,Merkez,38.68614,39.27188,Elâzığ,Correct
B0E8BCFD-EBCB-4C3B-8D10-1099E57AC518,YILDIRIM ECZANESİ,Elaziğ,Kovancilar,38.72004,39.86733,Elâzığ,Correct
C643A806-238D-4E1D-B496-1129AE5D44DF,KOVANCILAR ECZANESİ,Elaziğ,Merkez,38.68094,39.22535,Elâzığ,Correct
DAEE3E17-AF79-40A7-BBBF-128B30000EA1,ELAZIĞ KOVANCILAR YARIMCA AİLE SAĞLIĞI MERKEZİ,Elaziğ,Kovancilar,38.66216,39.77461,Elâzığ,Correct
C9F3BA70-0F89-44FA-BB68-13E788942F6C,DOĞAN ECZANESİ,Elaziğ,Merkez,37.22749,32.95867,Karaman,Wrong
958DAA63-70C5-49F4-8939-1462BFFACC34,HÜSEYİN TAŞKAN MUAYENEHANESİ,Elaziğ,Merkez,38.67434,39.22613,Elâzığ,Correct
118E0467-AC22-41A9-95A0-17190C4D0F7D,KURTOĞLU ECZANESİ,Elaziğ,Merkez,38.68129,39.22528,Elâzığ,Correct
30B5B55A-B970-4122-88C0-171B9F1FFE09,MEDİKAL HOSPITAL ELAZIĞ,Elaziğ,Merkez,38.66731,39.21684,Elâzığ,Correct
BBAD46D1-DEA8-49CA-9882-18088D0F874E,AĞIN ECZANESI,Elaziğ,Ağin,38.71724,39.86778,Elâzığ,Correct
9981D4FE-E75B-4469-8FC1-1979820F42AC,AKPINAR ECZANESİ,Elaziğ,Kovancilar,38.71392,39.86106,Elâzığ,Correct
7E9A0D6D-3F19-4A29-BD10-1B47D6CB56E0,ELAZIĞ MERKEZ ŞHT. DR. YÜKSEL DEMİR 1 NOLU AİLE SAĞLIĞI MERKEZİ,Elaziğ,Merkez,38.65781,39.17331,Elâzığ,Correct
96A7C8FE-F94A-45A8-A18F-1B4963C8FD20,ELAZIĞ MERKEZ HİLALKENT AİLE SAĞLIĞI MERKEZİ,Elaziğ,Merkez,38.63304,39.12138,Elâzığ,Correct
DF834F4A-6F42-4E02-A9C6-1BFDFC7B12A0,ELAZIĞ CUMHURİYET 4 NOLU AİLE SAĞLIĞI MERKEZİ,Elaziğ,Merkez,38.66912,39.17627,Elâzığ,Correct
1D44FA9D-515C-4035-A886-1D68B1375E84,YEŞİLKENT ECZANESİ,Elaziğ,Merkez,38.67521,39.16288,Elâzığ,Correct
FA38D522-2C4F-4DF7-B7A1-1D83006CDB29,ELAZIĞ SİVRİCE MERKEZ AİLE SAĞLIĞI MERKEZİ,Elaziğ,Sivrice,38.44916,39.30438,Elâzığ,Correct
75C45093-58E7-4954-93BB-1D8C068D2082,MEDILINE HOSPİTAL,Elaziğ,Merkez,38.94525,38.7133,Elâzığ,Correct
938EA3A8-E5AD-4DDB-BFFE-1DFA78B90D01,EBRU ÇELİK KAVAK MUAYENEHANESİ,Elaziğ,Merkez,38.66247,39.18413,Elâzığ,Correct
D92B86F9-3EC0-4594-A3A2-1E12459CBE7B,GEÇGEL ECZANESİ,Elaziğ,Merkez,38.66916,39.23383,Elâzığ,Correct
C05BC747-53DF-4C87-AAB6-1E351362AE2D,ŞARK ECZANESİ,Elaziğ,Merkez,38.679,39.20732,Elâzığ,Correct
7FED196B-7A5D-44E4-B851-1E6385B49C64,DUYGU ECZANESİ,Elaziğ,Merkez,38.6736,39.21941,Elâzığ,Correct
7B6C838A-AB98-4857-807F-1E8FFFEFD2D1,LEYLA ECZANESİ,Elaziğ,Merkez,39.27467,-76.51956,No Info,No Info
8455CC51-961B-4D3A-907F-1F19434267EE,ELAZIĞ KOVANCILAR DEVLET HASTANESI,Elaziğ,Kovancilar,38.72227,39.85735,Elâzığ,Correct
246A0288-69EC-45B1-8692-2015B224BBD1,DÖRTYOL ECZANESİ,Elaziğ,Maden,38.71231,39.87195,Elâzığ,Correct
25698BF2-3D3E-40E3-867A-2075669ABD28,YÜKSEL ECZANESİ,Elaziğ,Merkez,38.65993,39.17174,Elâzığ,Correct
D62C763C-9E3D-4CD1-A81B-209D74F01B65,AKSIN ECZANESİ,Elaziğ,Merkez,38.67501,39.22052,Elâzığ,Correct
7110C52A-64DE-46DE-9C82-2153C8B315D9,ELAZIĞ PALU BALTAŞI AİLE SAĞLIĞI MERKEZİ,Elaziğ,Palu,38.59079,39.78062,Elâzığ,Correct
87C33C0E-E5D2-4BC4-AFB0-2159792F8B96,ELAZIĞ MERKEZ YAZIKONAK AİLE SAĞLIĞI MERKEZİ,Elaziğ,Merkez,38.60963,39.30157,Elâzığ,Correct
6EDAF3FA-5073-4EF0-865F-21805D853E1B,ELAZİĞ RUH SAĞLİGİ VE HASTALİKLARİ HASTANESI,Elaziğ,Merkez,38.68137,39.22857,Elâzığ,Correct
2F99A987-3F6A-4EED-9D8E-21C58DF002B9,BİLGE ECZANESİ,Elaziğ,Merkez,38.67888,39.22958,Elâzığ,Correct
764DE479-40B3-4FC4-BE41-2217A8D72859,IŞIK ECZANESİ,Elaziğ,Merkez,38.67418,39.22668,Elâzığ,Correct
E86C7CFC-AA58-4C00-A363-22281EF7A09C,ELAZIĞ MERKEZ CİP AİLE SAĞLIĞI MERKEZİ,Elaziğ,Merkez,38.68896,39.07852,Elâzığ,Correct
760AF3CC-A9F1-4091-9FEB-2366AB20A96A,BİNGÖL ECZANESİ,Elaziğ,Merkez,38.68095,39.22535,Elâzığ,Correct
D0D020A3-0F9F-4EE3-8464-260AF971C176,YENİ KOVANCILAR ECZANESİ,Elaziğ,Kovancilar,38.71633,39.86341,Elâzığ,Correct
EDC01799-5AF9-4466-BDBC-269A5308A9A0,ELAZIĞ KOVANCILAR MERKEZ AİLE SAĞLIĞI MERKEZİ,Elaziğ,Kovancilar,38.72017,39.86589,Elâzığ,Correct
8C12B459-7C54-4E88-A971-270C75674022,OĞUZHAN YILDIZ MUAYENEHANESİ,Elaziğ,Merkez,38.67002,39.23254,Elâzığ,Correct
666BB8EA-6162-4097-B3AB-27712E6935E1,ELAZIĞ MERKEZ ABDULLAHPAŞA AİLE SAĞLIĞI MERKEZİ,Elaziğ,Merkez,38.65746,39.14371,Elâzığ,Correct
69ABC65E-CAC7-4C8A-B1EE-2853B7BD89FA,ELAZIĞ BASKİL KUŞSARAYI AİLE SAĞLIĞI MERKEZİ,Elaziğ,Baskil,38.45727,38.68713,Elâzığ,Correct
E3FF1A97-51CC-486C-9B25-28BB7A9AC4E1,ÇAĞRI ECZANESİ,Elaziğ,Merkez,38.66715,39.21339,Elâzığ,Correct
95329E8A-A1B1-4959-AB5C-28E9B9EE29F0,FIRAT ECZANESİ,Elaziğ,Merkez,38.68354,39.22428,Elâzığ,Correct
B26EE5FB-4C3B-4585-98B2-290B48373993,SARA ECZANESİ,Elaziğ,Karakoçan,38.72112,39.87324,Elâzığ,Correct
EC9675E7-10CC-43C2-B2B7-29F336432370,ELAZIĞ BASKİL MERKEZ AİLE SAĞLIĞI MERKEZİ,Elaziğ,Baskil,38.57482,38.81792,Elâzığ,Correct
5C61E854-77A7-402D-942B-2A5F275AE47B,ELAZIĞ MERKEZ KÜLTÜR 1 NOLU AİLE SAĞLIĞI MERKEZİ,Elaziğ,Merkez,38.67244,39.20802,Elâzığ,Correct
D994E526-8100-4D70-B8FB-2BAB4F68EC34,ELAZIĞ FETHİ SEKİN ŞEHİR HASTANESİ,Elaziğ,Merkez,38.67971,39.25971,Elâzığ,Correct
2E16F612-E543-482A-9FB7-2C384DA3CFBB,ELAZIĞ ARICAK MERKEZ AİLE SAĞLIĞI MERKEZİ,Elaziğ,Aricak,38.56306,40.1334,Elâzığ,Correct
05370AFF-EA52-4E59-8AD2-2C9452D2CBE4,SENA ECZANESİ,Elaziğ,Merkez,39.66527,-75.99876,No Info,No Info
BFF7AB3D-9758-4BB5-9697-2CF4592C3144,ELAZIĞ SEVGİ AĞIZ VE DİŞ SAĞLIĞI POLİKLİNİĞİ,Elaziğ,Merkez,38.67417,39.22623,Elâzığ,Correct
4057E048-B07C-4207-94E5-2E29EF7D162C,TC S.B. ELAZIĞ AĞIZ VE DİŞ SAĞLIĞI HASTANESİ,Elaziğ,Merkez,38.69736,39.26434,Elâzığ,Correct
1657CBE2-33C1-493D-94D2-2E9E48617087,ÖZEL MEDİLİNE HOSPİTAL,Elaziğ,Merkez,40.98101,28.72133,İstanbul,Wrong
36AF11AA-365A-4834-8084-319931D0A581,İLKBAHAR ECZANESİ,Elaziğ,Merkez,38.6795,39.23017,Elâzığ,Correct
AB62957F-0421-440A-A1DC-357776C59450,HAYAT ECZANESİ,Elaziğ,Karakoçan,38.72202,39.87444,Elâzığ,Correct
B2EBF812-DDD0-4CF9-97F7-36E71306CE7A,YILMAZ ECZANESİ,Elaziğ,Kovancilar,38.72198,39.85645,Elâzığ,Correct
5E22F8D4-DF98-4BA7-9D50-374E658D374D,AKDEMİR ECZANESİ,Elaziğ,Merkez,38.6689,39.22228,Elâzığ,Correct
92770E2A-4EC8-44D9-A6B7-37F61A73B173,ÜNİVERSAL GÖZ HASTANESİ ELAZIĞ,Elaziğ,Merkez,41.03101,29.17138,İstanbul,Wrong
29333D65-2D2B-43BB-936F-398091D2687B,ONUR ECZANESİ,Elaziğ,Merkez,38.68139,39.20692,Elâzığ,Correct
42DB50D6-C82B-4C16-8005-3A35E84826EB,SİVRİCE ECZANESİ,Elaziğ,Sivrice,39.44027,-76.29876,No Info,No Info
E728BE53-28EC-4B4B-95DD-3A3D62A40D34,TANRIVERDİ ECZANESİ,Elaziğ,Merkez,38.67537,39.22588,Elâzığ,Correct
64ED9877-8E80-43CC-8AB9-3A5A6D50A8A3,ELAZIĞ MERKEZ ULUKENT 2 NOLU AİLE SAĞLIĞI MERKEZİ,Elaziğ,Merkez,38.68107,39.25559,Elâzığ,Correct
1466B351-97A0-4B23-BCFD-3AAE9C4ABEDD,ESRA TOSUN MUAYENEHANESİ,Elaziğ,Merkez,38.67628,39.22176,Elâzığ,Correct
F81A265F-DD07-40C7-9567-3C380064D321,NURAN OKUR MUAYENEHANESİ,Elaziğ,Merkez,38.67486,39.22211,Elâzığ,Correct
76B520E5-B145-494A-9156-3C688421CBD4,ETEM ECZANESI,Elaziğ,Merkez,38.6735,39.23508,Elâzığ,Correct
E71A7B50-56DB-4C14-831A-3D0965F4709B,DEFNE ECZANESİ,Elaziğ,Merkez,38.68521,39.26772,Elâzığ,Correct
0112B630-1EE1-4358-9DAA-3D53C58316A8,KEREM ECZANESI,Elaziğ,Merkez,38.68359,39.25043,Elâzığ,Correct
DCC22631-0CB2-4C33-8402-3EB10A6C7997,ULAŞ ECZANESİ,Elaziğ,Merkez,38.67036,39.17724,Elâzığ,Correct
E5E87FB3-3735-44B7-B3FA-3F253B0C3353,ŞİFA ECZANESİ,Elaziğ,Merkez,38.95512,40.03902,Elâzığ,Correct
245E7B89-5CD9-4D34-B107-413D4B284949,ELAZIĞ MERKEZ DOĞUKENT AİLE SAĞLIĞI MERKEZİ,Elaziğ,Merkez,38.68323,39.25779,Elâzığ,Correct
B386C078-7B5C-4739-8F56-415716563217,YENİ MUNZUR ECZANESİ,Elaziğ,Merkez,38.68584,39.21807,Elâzığ,Correct
EF7B018D-C2E4-4489-80B1-41B783059EB3,SAĞLIK ECZANESİ,Elaziğ,Merkez,39.16937,-76.65996,No Info,No Info
CD4358D2-517F-46A1-BEC7-41D95F8DCA15,TATAROĞLU ECZANESİ,Elaziğ,Merkez,38.66689,39.21334,Elâzığ,Correct
CC2D23FE-5A1E-4E94-8F5B-4227DAB9912C,ELAZIĞ MERKEZ YILDIZBAĞLARI AİLE SAĞLIĞI MERKEZİ,Elaziğ,Merkez,38.68659,39.22665,Elâzığ,Correct
24D98E45-C585-44B5-A284-42AE1C92C35B,AKÇİÇEK ECZANESİ,Elaziğ,Merkez,38.68125,39.22307,Elâzığ,Correct
1AC32FD2-3C91-4E6E-B1F2-43BF6EDECE4F,ASAF NABİ İPEK MUAYENEHANESİ,Elaziğ,Merkez,38.6747,39.22081,Elâzığ,Correct
E7B98A26-4D84-4597-98E2-45D8666E5BBB,PAPATYA ECZANESİ,Elaziğ,Merkez,38.66998,39.19291,Elâzığ,Correct
32A7F603-8191-415B-A157-487D5B80908A,ELAZIĞ MERKEZ İZZETPAŞA 1 NOLU AİLE SAĞLIĞI MERKEZİ,Elaziğ,Merkez,38.68125,39.22688,Elâzığ,Correct
E7C63896-6407-431A-8A57-48BC3C8570AB,ELAZIĞ MERKEZ SÜRSÜRÜ 3 NOLU AİLE SAĞLIĞI MERKEZİ,Elaziğ,Merkez,36.82571,28.77607,Muğla,Wrong
D94BB1D5-A070-48E1-BDCC-48C76A261878,ELİF ECZANESİ,Elaziğ,Merkez,38.67871,39.2074,Elâzığ,Correct
53613F1D-F0C0-4332-8266-48D068665373,ÖZEL ATAKAYA AĞIZ VE DİŞ SAĞLIĞI POLİKLİNİĞİ,Elaziğ,Merkez,38.6756,39.22279,Elâzığ,Correct
38047B15-7C0D-4149-8A9E-48E8D657BE27,BİLİM ECZANESİ,Elaziğ,Merkez,38.6733,39.22947,Elâzığ,Correct
48CD1473-48F2-4C8B-90F7-4D5D72C7BB73,KARDELEN ECZANESİ,Elaziğ,Merkez,38.68234,39.22645,Elâzığ,Correct
AB522744-6B3E-4445-B4B5-4DF8756667E2,ELAZIĞ MERKEZ MUSTAFAPAŞA AİLE SAĞLIĞI MERKEZİ,Elaziğ,Merkez,38.67179,39.2363,Elâzığ,Correct
FAA9E797-B8A6-46BF-9562-4E6CF7C3DDCC,CANBAY ECZANESİ,Elaziğ,Merkez,38.6822,39.22512,Elâzığ,Correct
F44D7544-5F79-4F60-9899-4F8AE442E4A5,Özel Medilines Hospital Eczanesi,Elaziğ,Merkez,41.0936,29.1724,İstanbul,Wrong
9007B35D-2E8E-48B7-B942-51E14044CCD4,UFUK ECZANESİ,Elaziğ,Merkez,38.67619,39.22426,Elâzığ,Correct
1597C559-A318-43ED-A6C7-51E17ADB6F12,SERAP ECZANESİ,Elaziğ,Merkez,39.23597,-76.57116,No Info,No Info
ADD63A11-F49A-4034-97C2-529127B28294,KENT ECZANESİ,Elaziğ,Merkez,38.67457,39.21436,Elâzığ,Correct
07DD5936-115A-461A-9752-53B953093A80,SELÇUK ECZANESİ,Elaziğ,Merkez,38.67202,39.20837,Elâzığ,Correct
F30169EA-B24A-4C8D-8406-53DF3335A8C2,ŞİFA ECZANESİ,Elaziğ,Merkez,40.85295,30.95115,Düzce,Wrong
40E3FE2A-1D22-4A6E-9795-57441963D18D,LAVANTA ECZANESİ,Elaziğ,Merkez,38.66983,39.20651,Elâzığ,Correct
9128027E-ABF7-4B50-8D42-58C6BA9B7189,BASKİL ŞAFAK ECZANE,Elaziğ,Baskil,38.57572,38.81912,Elâzığ,Correct
430FE7A0-988E-4345-AA9F-58FE9F624B01,SEPTİOĞLU ECZANESİ,Elaziğ,Merkez,38.66864,39.23459,Elâzığ,Correct
A0830BB1-9F4A-4F9E-AEF1-59858160C858,KAYA DEMİRDAŞ MUAYENEHANESİ,Elaziğ,Merkez,38.67616,39.22515,Elâzığ,Correct
DA6D8D35-A31B-431C-AB60-5AAD41C0CD49,ELAZIĞ MERKEZ İÇME AİLE SAĞLIĞI MERKEZİ,Elaziğ,Merkez,38.61307,39.55236,Elâzığ,Correct
3C98EE1F-10BA-4757-95FF-5ACD87EDEC9D,ELAZIĞ MERKEZ ATAŞEHİR 2 NOLU AİLE SAĞLIĞI MERKEZİ,Elaziğ,Merkez,38.65997,39.17675,Elâzığ,Correct
CD069F6B-CA7F-49ED-885D-5B62F8DC381F,ERHAN ÇELİK MUAYENEHANESİ,Elaziğ,Merkez,41.83896,26.73266,Edirne,Wrong
D8AE809E-4AAE-4E4F-BB3F-5C3504A8111C,İLKER ECZANESİ,Elaziğ,Merkez,38.67797,39.20763,Elâzığ,Correct
71E79092-0457-4D83-8A44-5CEB0C9BAF5D,ELAZIĞ KARAKOÇAN 2 NOLU AİLE SAĞLIĞI MERKEZİ,Elaziğ,Karakoçan,38.95536,40.04031,Elâzığ,Correct
C5B1E6D3-59CF-49E7-BA66-5D2F6F2C3E17,ÖZGÜ ECZANESİ,Elaziğ,Merkez,38.67181,39.17091,Elâzığ,Correct
99E838C1-4807-4C43-BD5C-5E7322122FE0,DİLŞAD ECZANESİ,Elaziğ,Merkez,38.66893,39.20531,Elâzığ,Correct
B0BD3BFC-7B11-419E-AB7E-5EF4708871B4,ELAZIĞ MERKEZ HİCRET AİLE SAĞLIĞI MERKEZİ,Elaziğ,Merkez,38.66214,39.21601,Elâzığ,Correct
1C386AEC-F20F-4334-8287-5F0671DD2069,SAĞLAM ECZANESİ,Elaziğ,Merkez,38.6679,39.21661,Elâzığ,Correct
E558054E-01C8-4760-A32E-60630E76DF3C,ELAZIĞ MERKEZ M. GÖKTAYOĞLU AİLE SAĞLIĞI MERKEZİ,Elaziğ,Merkez,38.67011,39.25507,Elâzığ,Correct
126A16D9-FE64-4D50-8618-6239ACAC96AF,ELAZIĞ MERKEZ FEVZİ ÇAKMAK ASM,Elaziğ,Merkez,38.68734,39.21665,Elâzığ,Correct
D629C33B-5CF2-4A72-B0B5-6245781A0095,ELAZİĞ KARAKOÇAN DEVLET HASTANESI,Elaziğ,Karakoçan,38.94756,40.04911,Elâzığ,Correct
3AFCCC14-78CB-40F5-8179-625A6E7D1C19,BANU ECZANESİ,Elaziğ,Merkez,38.66762,39.17107,Elâzığ,Correct
8F83ADF4-A005-49C5-87B1-62B465B5805B,ELAZIĞ ALACAKAYA MERKEZ AİLE SAĞLIĞI MERKEZİ,Elaziğ,Alacakaya,38.46235,39.86255,Elâzığ,Correct
FBB59C88-CF31-4D76-A560-648683A5F750,YAŞAM ECZANESİ,Elaziğ,Merkez,38.67906,39.2298,Elâzığ,Correct
8B064AB0-82AA-4275-8657-6702102A1AFA,ÖZEL DOĞU ANADOLU HASTANESİ,Elaziğ,Merkez,38.66481,39.17556,Elâzığ,Correct
987971AD-BC36-4FD4-AE75-672FB891DFBB,BERİTAN ECZANESİ,Elaziğ,Merkez,36.56228,31.99451,Antalya,Wrong
98E8DDE8-8AA9-4B53-AE57-6872FDBFF16E,GÖKLER ECZANESİ,Elaziğ,Merkez,38.68144,39.22525,Elâzığ,Correct
C5073246-E04D-41D7-8684-6908D6ABC62E,ÖZEL ELAZIĞ HAYAT HASTANESİ,Elaziğ,Merkez,38.67625,39.22407,Elâzığ,Correct
A1BCBB63-47B7-443B-A485-69853B9E8DDB,İLKERCÖMERT ECZANESİ,Elaziğ,Merkez,38.67486,39.22204,Elâzığ,Correct
5AD29032-306C-43AA-AE4D-69D002EA182B,HAZAR ECZANESİ,Elaziğ,Merkez,38.68045,39.22544,Elâzığ,Correct
A3174143-BD6E-4C80-A1AF-69D416D2BB18,ÇAYDAÇIRA ECZANESİ,Elaziğ,Merkez,38.68946,39.17278,Elâzığ,Correct
7E0045FB-3A70-4FDF-8F8B-6ABA39889AD8,ELAZIĞ YENİMAHALLE 2 NOLU AİLE SAĞLIĞI MERKEZİ,Elaziğ,Merkez,38.68178,39.21425,Elâzığ,Correct
15946FF9-0A13-47DD-9405-6B751D11C3ED,KÜBRA ECZANESİ,Elaziğ,Merkez,38.67426,39.21975,Elâzığ,Correct
A8BA2938-B6D3-44D6-B417-6BA8921A48D7,AYTURAN ECZANESİ,Elaziğ,Baskil,39.15227,-76.68276,No Info,No Info
252504C7-5181-44FE-A6BF-6BF6AF87D1CF,ELAZIĞ FETHİ SEKİN ŞEHİR HASTANESİ,Elaziğ,Merkez,38.67971,39.25971,Elâzığ,Correct
6ED69C11-339B-4A2D-86B1-6D0EFFF1EED7,ELAZIĞ ECZANESİ,Elaziğ,Merkez,38.67439,39.22416,Elâzığ,Correct
4C8F990A-E587-45DA-8783-6D7687B97649,ABALI ECZANESİ,Elaziğ,Alacakaya,38.71745,39.86023,Elâzığ,Correct
3B0EF421-C3C1-4092-8168-6DFD98467BD4,ÖZEL PEDATEM PSİKİYATRİ DAL MERKEZİ,Elaziğ,Merkez,38.67615,39.22513,Elâzığ,Correct
537540A9-49C3-42D9-AC01-6F7A14FA85B7,FURKAN ECZANESİ,Elaziğ,Kovancilar,38.72146,39.86502,Elâzığ,Correct
292BA801-597C-42FE-9801-7070348C188E,REYYAN ECZANESİ,Elaziğ,Merkez,38.66887,39.18474,Elâzığ,Correct
BD0062CE-4099-45E7-9C52-7140114C8BEA,DENİZ ECZANESİ,Elaziğ,Merkez,38.68115,39.20694,Elâzığ,Correct
4443136E-2D33-48F1-994A-715C6F476591,DEMET ECZANESİ,Elaziğ,Merkez,38.67779,39.16662,Elâzığ,Correct
4C508248-1C3A-4B6F-BFBB-724FA76BA726,MESUT ECZANESİ,Elaziğ,Merkez,38.68112,39.22907,Elâzığ,Correct
C0E4715F-5955-4A16-B620-726A9545CC28,ÖZLEM ECZANESİ,Elaziğ,Merkez,38.68233,39.25659,Elâzığ,Correct
936DC474-A54D-430A-84C4-733370CACE29,TATARLAR ECZANESİ,Elaziğ,Merkez,38.68117,39.22531,Elâzığ,Correct
BB9FA908-5ACD-42B7-A347-734D66A4A9CE,AKSA ECZANESİ,Elaziğ,Merkez,38.65514,39.25186,Elâzığ,Correct
B724A70C-7248-4315-B445-73F14499620E,ERGİN ECZANESİ,Elaziğ,Merkez,38.67406,39.222,Elâzığ,Correct
FAB7BB67-D481-48DA-90F8-74F3B42650F8,BAYTOP ECZANESİ,Elaziğ,Merkez,38.66055,39.23023,Elâzığ,Correct
20FEC65A-4C6A-4317-A74A-762C60AEA68F,YAĞMUR ECZANESİ,Elaziğ,Kovancilar,38.71801,39.86627,Elâzığ,Correct
40BB856A-1759-437B-B48D-76369706838F,NAZLI ECZANESİ,Elaziğ,Karakoçan,38.65823,39.76488,Elâzığ,Correct
46942995-10C3-4860-8315-7701F960C9E7,HİLAL KİZİRGİL DİŞ KLİNİĞİ,Elaziğ,ELAZIĞ MERKEZ,40.98716,29.08845,İstanbul,Wrong
E5B77D13-909D-4A4E-B306-7762F7F73409,KAYMAZ ECZANESİ,Elaziğ,Merkez,38.68124,39.2268,Elâzığ,Correct
A2FA892F-B6B5-4764-8D77-79664C18BFB3,ELAZIĞ MERKEZ ŞHT. DR. YÜKSEL DEMİR 2 NOLU AİLE SAĞLIĞI MERKEZİ,Elaziğ,Merkez,38.65776,39.14507,Elâzığ,Correct
74D9F081-0897-49BC-90CA-7C03CCDB6CEF,KULOĞLU ECZANESİ,Elaziğ,Merkez,38.67757,39.22517,Elâzığ,Correct
44B1252F-19B7-480B-8DF0-7F0251B88878,DEMİR ECZANESİ,Elaziğ,Merkez,38.66713,39.18653,Elâzığ,Correct
4AF2BF42-64A0-4238-95FF-804EC37C4D0C,YURTBAŞI ECZANESİ,Elaziğ,Merkez,38.63864,39.34416,Elâzığ,Correct
75B4B921-E02F-4D2A-9BCA-8063675430CA,ELAZIĞ MERKEZ ÇAYDAÇIRA TOKİ AİLE SAĞLIĞI MERKEZİ,Elaziğ,Merkez,38.69312,39.14211,Elâzığ,Correct
360AA5E5-1D7B-4BD7-932A-811B338AEA60,SAĞLIK ECZANESİ,Elaziğ,Karakoçan,38.72293,39.8573,Elâzığ,Correct
DEF132A3-6FDA-41A3-87B9-81E40DC9D378,ELAZIĞ ALTINÇEVRE AİLE SAĞLIĞI MERKEZİ,Elaziğ,Merkez,39.24227,-76.56276,No Info,No Info
2F62E298-1A21-4B5B-BA98-8259C39487A9,TAŞKIN ECZANESİ,Elaziğ,Keban,38.70825,39.848,Elâzığ,Correct
A9AA53A8-7713-42BC-83BF-829E28B08AA9,OKUBAY ECZANESİ,Elaziğ,Merkez,38.68119,39.2261,Elâzığ,Correct
4E4C8A68-EA65-45D1-A28D-86AF23ACB0BF,ARICAK DEVLET HASTANESİ,Elaziğ,Aricak,38.68314,39.22557,Elâzığ,Correct
CB0D1FF2-B90C-4070-9541-87B3F688B172,YILDIZ ECZANESİ,Elaziğ,Merkez,38.67972,39.20731,Elâzığ,Correct
8155ECE2-5BEB-4831-B107-87C296F8D4CE,ELAZIĞ MERKEZ VALİ FAHRİ BEY ASM,Elaziğ,Merkez,38.67445,39.21756,Elâzığ,Correct
74416BE5-9D1B-411D-BC72-885960DD74DD,DENT TURKUAZ,Elaziğ,Merkez,38.65477,39.151,Elâzığ,Correct
98C4C503-A997-4E08-9C40-89AF6D9FCA47,LOKMAN ECZANESİ,Elaziğ,Merkez,38.67738,39.22597,Elâzığ,Correct
1404447E-07C3-40BD-90CD-8B3BD93DAAA6,BARAN ECZANESİ,Elaziğ,Merkez,38.67549,39.21534,Elâzığ,Correct
802D14F5-81EB-41B3-A350-8C286C92DFF0,ELAZIĞ MERKEZ CUMHURİYET 3 NOLU AİLE SAĞLIĞI MERKEZİ,Elaziğ,Merkez,38.65866,39.14627,Elâzığ,Correct
42ABAE48-0F57-4191-9404-8CB39DB104BE,ELAZIĞ ARICAK ERİMLİ AİLE SAĞLIĞI MERKEZİ,Elaziğ,Aricak,38.52095,40.02056,Elâzığ,Correct
1A6CC4E2-8887-45C4-90B6-8CC44478A1B8,SAĞLIK ECZANESİ,Elaziğ,Kovancilar,38.72293,39.8573,Elâzığ,Correct
2380F958-784B-4109-85F7-8DDF22D341AD,NACİ DERELİ MUAYENEHANESİ,Elaziğ,Merkez,38.67838,39.22366,Elâzığ,Correct
493846B2-FEA6-4EB0-AE93-8E045BFE7C56,ELAZIĞ MERKEZ YURTBAŞI AİLE SAĞLIĞI MERKEZİ,Elaziğ,Merkez,38.63669,39.3502,Elâzığ,Correct
670A5344-3C77-4258-B67A-8FDE05429A8E,ELAZIĞ MERKEZ BALAKGAZİ 1 NOLU AİLE SAĞLIĞI MERKEZİ,Elaziğ,Merkez,38.67879,39.24508,Elâzığ,Correct
21436B2D-34FB-41B0-8E0A-9064EF70CCA9,KADİR ECZANESİ,Elaziğ,Merkez,38.67974,39.22812,Elâzığ,Correct
096B4ECB-C8B8-4044-915A-90C0261AA1DF,İSHAK TANOĞLU MUAYENEHANESİ,Elaziğ,Merkez,38.68054,39.23087,Elâzığ,Correct
4CABEBD4-DF1D-458E-878F-918156A47F28,CİHAN ECZANESİ,Elaziğ,Merkez,38.67908,39.2073,Elâzığ,Correct
90665F6C-CEE3-49C2-A4B3-923463F004E7,MEHMET İĞNECİ MUAYENEHANESİ,Elaziğ,Kovancilar,38.71803,39.86624,Elâzığ,Correct
F1D77D1F-03B3-4124-AD0C-93116A86D846,GÜL ECZANESİ,Elaziğ,Merkez,38.66616,39.21559,Elâzığ,Correct
664381DC-5833-4704-9D66-93E8FCC4F8B4,GÜLENYÜZ ECZANESİ,Elaziğ,Merkez,38.68081,39.22538,Elâzığ,Correct
222A8C0D-592B-4090-A52F-93F2C8356ECA,ELAZIĞ MERKEZ ATAŞEHİR 1 NOLU AİLE SAĞLIĞI MERKEZİ,Elaziğ,Merkez,38.65592,39.16304,Elâzığ,Correct
857A0608-33A1-416F-BB34-943AE7C1CBC0,MAKFİRE ECZANESİ,Elaziğ,Merkez,38.68404,39.16985,Elâzığ,Correct
4E396D63-70C2-4EC3-B6CB-9469EC9997E6,DERMAN ECZANESİ,Elaziğ,Kovancilar,38.71916,39.86618,Elâzığ,Correct
6AB22E56-F2DF-41B0-B9C9-94D0E074F4A6,BİNNUR ECZANESİ,Elaziğ,Merkez,38.66767,39.18434,Elâzığ,Correct
DF7D5D4B-B57B-4360-9E68-976A2FB0A54E,BAHÇECİ ECZANESİ,Elaziğ,Merkez,39.12347,-76.72116,No Info,No Info
16F2C544-C2FA-4667-9BB2-980636736EFA,ÖZYIL ECZANESİ,Elaziğ,Kovancilar,38.71914,39.86613,Elâzığ,Correct
32075F3E-B532-4D89-AA41-9C5CCF089DA2,YUNUS EMRE YÜKSEL MUAYENEHANESİ,Elaziğ,Merkez,39.55637,-76.14396,No Info,No Info
2D790587-8008-4753-9D57-9E13688A2A93,ALTUNBAŞ ECZANESİ,Elaziğ,Merkez,38.6657,39.2075,Elâzığ,Correct
63DCF978-436B-4909-8161-9E44D4728F23,ELAZIĞ GÜNEYKENT AİLE SAĞLIĞI MERKEZİ,Elaziğ,ELAZIĞ MERKEZ,39.24677,-76.55676,No Info,No Info
61D7577F-7017-4A63-A1D1-9E8C07401783,NEVAL SAYILGAN DİLDEŞ MUAYENEHANESİ,Elaziğ,Merkez,38.67515,39.21907,Elâzığ,Correct
9EB4D059-94EA-401D-B220-9EB01A111981,SEZGİN ECZANESİ,Elaziğ,Merkez,38.67511,39.22512,Elâzığ,Correct
AABBB839-812C-446C-9B4D-9F87BDDCDAEA,ELAZIĞ MERKEZ AKÇAKİRAZ AİLE SAĞLIĞI MERKEZİ,Elaziğ,Merkez,38.6113,39.2565,Elâzığ,Correct
77BF9348-75E8-4248-92A0-9FA89229DE50,KOÇ ECZANESİ,Elaziğ,Merkez,38.68121,39.22033,Elâzığ,Correct
577EE110-E0F3-425C-803C-9FFB081CA301,SEVGİ ECZANESİ,Elaziğ,Merkez,38.67215,39.20825,Elâzığ,Correct
DF67B814-4C67-43F2-A800-A1EEEF4289D0,PAN PSİKOLOJİ,Elaziğ,Merkez,38.66785,39.23577,Elâzığ,Correct
424991DB-FA21-4960-8D57-A28BB808BF3D,MUSTAFA GÜNEŞ MUAYENEHANESİ,Elaziğ,Merkez,38.67422,39.22653,Elâzığ,Correct
3219A6BD-7384-4EB3-B19D-A4A4D4DBFFFB,ELAZIĞ KARAKOÇAN 1 NOLU AİLE SAĞLIĞI MERKEZİ,Elaziğ,Karakoçan,38.95608,40.04454,Elâzığ,Correct
801B73FD-251E-48A0-A905-A50D073FD5BE,ALBAYRAK ECZANESİ,Elaziğ,Merkez,37.423,37.69591,Gaziantep,Wrong
25FC001B-5D91-46A8-BFC3-A5185F97A17B,EZGİ ECZANESİ,Elaziğ,Merkez,38.66591,39.21594,Elâzığ,Correct
89827D5D-A44F-46DE-B8BA-A5746235A08A,ÖZEL FETHİ HANAY MUAYENEHANE,Elaziğ,ELAZIĞ MERKEZ,38.67302,39.19804,Elâzığ,Correct
162ACCAF-C543-4D62-9E81-A5ACA12F3917,FIRAT ÜNİVERSİTESİ TIP FAK. HASTANESİ,Elaziğ,Merkez,38.45635,27.2115,İzmir,Wrong
D3725145-7E7C-4F5B-93A6-A6366600A058,ÇATALÇEŞME ECZANESİ,Elaziğ,Merkez,38.70296,39.31844,Elâzığ,Correct
0DB10940-1A5C-4382-9097-A84DB90FCF78,GİZEM CANPOLAT DİYET MERKEZİ,Elaziğ,Merkez,38.6705,39.18457,Elâzığ,Correct
9A626BBD-B0D2-413C-BBAF-A90A56CF3B86,YÜZGEÇ ECZANESİ,Elaziğ,Merkez,38.6798,39.20772,Elâzığ,Correct
F5865442-6F99-4E3B-9924-AB0AFFD222E6,MİRAY ECZANESİ,Elaziğ,Merkez,38.68367,39.22544,Elâzığ,Correct
EA9A2192-C223-4915-9992-AD34B627D53A,SERDAR ALTUN MUAYENEHANESİ,Elaziğ,Merkez,38.66199,39.18503,Elâzığ,Correct
1B4BF9A7-1617-4A86-A21D-AD822349550A,BÜŞRA ECZANESİ,Elaziğ,Merkez,38.66479,39.1936,Elâzığ,Correct
A394958F-4CE3-467E-B056-AD8AA61D8B5B,VEFA ECZANESİ,Elaziğ,Merkez,38.65462,39.14306,Elâzığ,Correct
31395D4F-F1DC-4CC4-A1AE-ADEA344F7B38,DUHA ECZANESİ,Elaziğ,Merkez,38.67437,39.2348,Elâzığ,Correct
473CC79B-29A1-4FA8-98FD-AE6E5D917280,ELAZIĞ MERKEZ SARAYATİK 1 NOLU AİLE SAĞLIĞI MERKEZİ,Elaziğ,Merkez,38.66875,39.22266,Elâzığ,Correct
E138D556-173D-40A9-85E0-AE71066CBA5A,ELAZIĞ MERKEZ İCADİYE ASM,Elaziğ,Merkez,38.67667,39.22844,Elâzığ,Correct
68EA3BC3-80E6-4455-98D7-AED2E7FF7735,ZEKİ YARAN MUAYENEHANESİ,Elaziğ,Merkez,38.67506,39.22505,Elâzığ,Correct
2DD0D46C-B917-43C2-B863-B04C5264EB45,KARACA ECZANESİ,Elaziğ,Merkez,38.67584,39.22441,Elâzığ,Correct
1B167BAD-17E5-44BC-BA96-B05C84DAB97D,ÖZKESER ECZANESİ,Elaziğ,Kovancilar,38.72274,39.85768,Elâzığ,Correct
5DC444F3-9810-4713-A7CA-B063D5A398D0,AKIN PEKİNCE MUAYENEHANESİ,Elaziğ,Merkez,39.38987,-76.36596,No Info,No Info
7EA7524A-7E22-4C51-9739-B06E496C0381,EYLÜL ECZANESİ,Elaziğ,Merkez,39.33317,-76.44156,No Info,No Info
97967E41-9769-495D-94F4-B2F9B9D51B11,SİBEL ECZANESİ,Elaziğ,Merkez,40.03873,32.89526,Ankara,Wrong
57A18B8D-3E66-4FB1-A595-B44002CBEC06,BULUTOĞLU ECZANESİ,Elaziğ,Karakoçan,39.10277,-76.74876,No Info,No Info
D3F42BB9-3145-4973-BEDC-B468BFF75F81,BERAY ECZANESİ,Elaziğ,Merkez,38.67697,39.2079,Elâzığ,Correct
58C4560B-42A9-4690-AA07-B635C399C956,SAĞLIK ECZANESİ,Elaziğ,Merkez,38.09299,37.87828,Malatya,Wrong
7A130D45-CF44-48BF-9754-B81AF31D0ED3,TATAR ECZANESİ,Elaziğ,Merkez,38.68193,39.21473,Elâzığ,Correct
DBD9BD90-3607-4F97-AF54-B82122968B52,KARŞIYAKA ECZANESİ,Elaziğ,Merkez,38.66012,39.25295,Elâzığ,Correct
B0BF70F6-5817-427B-8594-B996878EDF2B,AKÇAKİRAZ ECZANESİ,Elaziğ,Merkez,39.16757,-76.66236,No Info,No Info
CEEED37B-8FBC-48B5-B60A-B9A0E577EE4F,ELAZIĞ MERKEZ CUMHURİYET 1 NOLU AİLE SAĞLIĞI MERKEZİ,Elaziğ,Merkez,38.66822,39.17507,Elâzığ,Correct
89660F16-3297-4AD7-B188-BA5F517F80F9,ELAZIĞ FIRAT ÜNİVERSİTESİ HASTANE ECZANESİ,Elaziğ,Merkez,38.67969,39.20695,Elâzığ,Correct
1067F4DE-7C0C-42C3-9D28-BAA7EE111E04,ATAŞ ECZANESİ,Elaziğ,Kovancilar,38.72128,39.86363,Elâzığ,Correct
651B2050-B97F-4CAD-B4F0-BAFE26C7262F,İSTANBUL ECZANESİ,Elaziğ,Merkez,38.67926,39.20725,Elâzığ,Correct
C3E3A456-D51F-46CB-BF57-BC517D965A42,IHLAMUR ECZANESİ,Elaziğ,Merkez,38.6808,39.23105,Elâzığ,Correct
3167575C-0067-4793-861D-BC7B10AB241F,LÜTFÜ KOCALMIŞ MUAYENEHANESİ,Elaziğ,Merkez,38.99117,-76.89756,No Info,No Info
56ABA991-8924-4AB2-85EC-BD6FAE656F60,SELMANOĞLU ECZANESİ,Elaziğ,Merkez,38.67954,39.20939,Elâzığ,Correct
D62357C0-7350-4A81-B580-BEDEBD916C70,ELAZIĞ MERKEZ İZZETPAŞA 2 NOLU AİLE SAĞLIĞI MERKEZİ,Elaziğ,Merkez,38.67977,39.2215,Elâzığ,Correct
D7DCACF9-6531-48B4-BF20-BFB8B567CEAA,ŞAFAK ECZANESİ,Elaziğ,Merkez,38.67548,39.22558,Elâzığ,Correct
D3641BD8-4839-4282-989C-C04413BA03A1,ÇATALÇEŞME TOKİ AİLE SAĞLIĞI MERKEZİ,Elaziğ,ELAZIĞ MERKEZ,38.66889,39.26491,Elâzığ,Correct
95E034ED-93F2-443F-AE79-C0E0955BA021,DÜNYA DİYALİZ MERKEZİ,Elaziğ,Merkez,38.66994,39.176,Elâzığ,Correct
8FEE4EA7-C9B1-43F7-9F49-C55B00CDA8D3,MELİH ECZANESİ,Elaziğ,Merkez,38.68371,39.22578,Elâzığ,Correct
68D4EF37-7A78-43A9-BE4A-C61E648BF76F,NAZIM ERDEM-SEDA POYRAZ MUAYENEHANESİ,Elaziğ,Merkez,38.67541,39.22176,Elâzığ,Correct
87E0FBEC-321C-4D2A-AB72-C88DC31B920B,ÖZEL ELAZIĞ DİYALİZ MERKEZİ,Elaziğ,ELAZIĞ MERKEZ,38.67682,39.21006,Elâzığ,Correct
445B7EBD-9829-4433-8E7E-C8A9AE122564,TAŞKAN ECZANESİ,Elaziğ,Merkez,38.67408,39.22183,Elâzığ,Correct
E38A3C68-4FFA-40DC-B00A-C9231EFE91E8,KIZILAY ECZANESİ,Elaziğ,Merkez,38.66471,39.19047,Elâzığ,Correct
7B2280AB-39A2-4EB6-80F3-C984A7BD88A5,ONUR ECZANESİ,Elaziğ,Palu,39.42857,-76.31436,No Info,No Info
53F98A50-E458-4B2E-BD1D-CA87EA616EE1,ELAZIĞ MERKEZ YENİMAHALLE 1 NOLU AİLE SAĞLIĞI MERKEZİ,Elaziğ,Merkez,38.67936,39.20814,Elâzığ,Correct
FE2D3E1D-60F1-429A-9536-CBACE3E78F3D,SİNAN ATEŞ MUAYENEHANESİ,Elaziğ,Karakoçan,38.95499,40.03861,Elâzığ,Correct
BC3E76CA-FC6D-417A-B860-CCDF8ECA903D,GÖKTUĞ ECZANESİ,Elaziğ,Merkez,38.69112,39.25753,Elâzığ,Correct
EB48D71B-B083-48F2-8628-CD6BE7E29B18,ELAZIĞ MERKEZ BATIKENT AİLE SAĞLIĞI MERKEZİ,Elaziğ,Merkez,38.65568,39.15028,Elâzığ,Correct
1155526A-8388-4584-82E6-CE2142431707,BAHADIR ECZANESİ,Elaziğ,Merkez,38.6838,39.22544,Elâzığ,Correct
C8F4E4FD-0918-41BE-A0B3-CEA99F4F07BB,HİLAL ECZANESI,Elaziğ,Merkez,38.66906,39.20543,Elâzığ,Correct
4ECAF6E7-E26A-40CB-8691-D0EBD5B1260D,İSMİHAN KAYHAN ÇİLESİZ MUAYENEHANESİ,Elaziğ,Merkez,38.66677,39.17727,Elâzığ,Correct
B728ADAF-7966-4947-A102-D16A08570F85,TUBA ECZANESİ,Elaziğ,Merkez,38.68102,39.22534,Elâzığ,Correct
CCEFC895-C67F-4DB3-A569-D1BE330AE2D9,ÖZEL ELAZIĞ ŞİFA AĞIZ VE DİŞ SAĞLIĞI POLİKLİNİĞİ,Elaziğ,Merkez,38.67665,39.22191,Elâzığ,Correct
262D8B4F-16F9-4DC9-B668-D20AD794A581,ÖZEL DİLARA TURGUT DERMOTOLOJİ KLİNİĞİ,Elaziğ,Merkez,38.67446,39.21737,Elâzığ,Correct
E0F951E5-5790-4335-B244-D2262D926444,CANNUR ECZANESİ,Elaziğ,Karakoçan,37.57261,29.07075,Denizli,Wrong
04EEEB67-7E62-46E7-9912-D2581BE8659C,TANYOLU ECZANESİ,Elaziğ,Merkez,38.67827,39.21365,Elâzığ,Correct
5045D5B1-B9BF-4D45-9567-D3B56A9AD6E5,ELAZIĞ MERKEZ KIZILAY AİLE SAĞLIĞI MERKEZİ,Elaziğ,Merkez,38.65528,39.25149,Elâzığ,Correct
5EEAC8C3-4696-4747-9C6D-D3D8599F9349,ELAZIĞ MERKEZ ÇAYDAÇIRA AİLE SAĞLIĞI MERKEZİ,Elaziğ,ELAZIĞ MERKEZ,38.68413,39.1695,Elâzığ,Correct
9D528B13-9B3A-4C69-AE8F-D41E2CB3E949,ELAZIĞ MERKEZ CUMHURİYET 2 AİLE SAĞLIĞI MERKEZİ,Elaziğ,Merkez,38.6706,39.18026,Elâzığ,Correct
A270A580-12C1-4F8B-AD52-D553BF4C1116,KÜÇÜK ECZANESİ,Elaziğ,Merkez,38.67922,39.20726,Elâzığ,Correct
7748C885-51C4-4F8B-9D31-D5C4B8851409,DOĞU ECZANESİ,Elaziğ,Merkez,38.68194,39.21516,Elâzığ,Correct
3F99875E-10AB-4A08-A901-D62B10C7FB6F,ELAZIĞ MERKEZ KÜLTÜR 4 NOLU AİLE SAĞLIĞI MERKEZİ,Elaziğ,Merkez,38.67475,39.2142,Elâzığ,Correct
89C08ED2-EDBE-4140-93DA-D63E6C5D785B,ELAZIĞ THSK - TOPLUM SAĞLIĞI MERKEZİ,Elaziğ,Merkez,38.67597,39.22934,Elâzığ,Correct
165DBE7F-8494-439D-9C3B-D7468209481B,ELAZİĞ PALU DEVLET HASTANESI,Elaziğ,Palu,38.6939,39.92905,Elâzığ,Correct
3872A052-211D-408F-A601-D774052FB058,MAVİ EGE ECZANESİ,Elaziğ,Merkez,38.67874,39.22956,Elâzığ,Correct
9A097D0E-C6B4-49D0-B01B-D881538532C8,ELAZIĞ MERKEZ ULUKENT 1 NOLU AİLE SAĞLIĞI MERKEZİ,Elaziğ,Merkez,38.69048,39.2568,Elâzığ,Correct
AB870E55-A88D-4CE5-8612-DA17BD0292A2,ÖZEN ECZANESİ,Elaziğ,Merkez,38.65637,39.1564,Elâzığ,Correct
49D810CA-00E5-407B-9C9E-DA2FA9F302D7,ELAZIĞ MADEN MERKEZ AİLE SAĞLIĞI MERKEZİ,Elaziğ,Maden,38.39182,39.66817,Elâzığ,Correct
FFB92258-1C37-406B-B49D-DA95CA3D28F4,AYŞE ECZANESİ,Elaziğ,Merkez,38.67611,39.21795,Elâzığ,Correct
E41C4E30-6250-4D80-9A87-DAC10C6D4E7C,IRMAK ECZANESİ,Elaziğ,Merkez,38.66846,39.18516,Elâzığ,Correct
F8252580-4155-4120-AB9D-DB919C00F2F5,UĞUR ECZANESİ,Elaziğ,Merkez,38.67427,39.24516,Elâzığ,Correct
880AA862-65EE-4A1B-A499-DC1733572DBC,TUĞRUL ECZANESİ,Elaziğ,Merkez,38.65553,39.14459,Elâzığ,Correct
74B9D77B-5E16-43F7-8F04-DE60F7959BB3,DF EL-AZİZ AĞIZ VE DİŞ SAĞLIĞI POLİKLİNİĞİ,Elaziğ,Merkez,38.66891,39.18326,Elâzığ,Correct
66C38AD7-C744-4289-86B8-DEA8FB3DD12E,ELAZIĞ MERKEZ HANKENDİ ASM,Elaziğ,Merkez,38.31403,32.86899,Konya,Wrong
CE256AFF-3031-487E-8C98-DEADE3F55001,MB DENTWAY DİŞ KLİNİĞİ,Elaziğ,Merkez,39.42677,-76.31676,No Info,No Info
95ED462B-0CDD-493F-9020-DEB568213CDB,ÖZKAN ECZANESİ,Elaziğ,Merkez,38.57833,39.33794,Elâzığ,Correct
99512B40-A7A0-470E-A318-DED80234C816,ELAZIĞ ÖZEL ÇAĞRI DİYALİZ MERKEZİ,Elaziğ,Merkez,38.6566,39.1546,Elâzığ,Correct
43195D31-2C22-403B-8A8F-E111613FB361,ELAZIĞ MERKEZ BALAKGAZİ 4 NOLU AİLE SAĞLIĞI MERKEZİ,Elaziğ,Merkez,38.66835,39.23774,Elâzığ,Correct
AA64A184-F33E-44CA-9861-E3DCED457324,ATAŞEHİR ECZANESİ,Elaziğ,Merkez,38.65617,39.1536,Elâzığ,Correct
E713FE76-0947-45E7-8324-E3DEB6E4B6D6,ELAZIĞ MERKEZ SÜRSÜRÜ 1 NOLU AİLE SAĞLIĞI MERKEZİ,Elaziğ,Merkez,38.66762,39.19488,Elâzığ,Correct
F2A836A1-0389-4353-A71E-E4E82E194C85,SARIÇİÇEK ECZANESİ,Elaziğ,Merkez,38.68121,39.2253,Elâzığ,Correct
FD35F762-505E-44BF-81CA-E604616A0A55,AYTİMUR ECZANESİ,Elaziğ,Merkez,38.67406,39.21404,Elâzığ,Correct
84DE6F34-4A6D-42C9-80EA-E94275434FF4,FİDAN ECZANESİ,Elaziğ,Merkez,38.6806,39.25648,Elâzığ,Correct
5302D634-BEED-434A-88F0-EBC9FBD037C5,HANDE ECZANESİ,Elaziğ,Merkez,38.68096,39.20696,Elâzığ,Correct
9C6E0FC1-0368-4AFF-AB55-EDBB4DACF753,ELAZIĞ MERKEZ SÜRSÜRÜ 2 NOLU AİLE SAĞLIĞI MERKEZİ,Elaziğ,Merkez,38.66571,39.20815,Elâzığ,Correct
7DD6E266-32DE-4B3D-ADFE-EFAC269F7679,MERKEZ ECZANESİ,Elaziğ,Merkez,38.68062,39.20851,Elâzığ,Correct
1D506A41-D051-465A-A50A-F039D37CE577,ELAZIĞ KEBAN MERKEZ AİLE SAĞLIĞI MERKEZİ,Elaziğ,Keban,38.78466,38.75505,Elâzığ,Correct
1B3C528F-670A-4022-8688-F15E852772B9,YAVUZ KÜRÜM MUAYENEHANESİ,Elaziğ,Merkez,38.67066,39.1756,Elâzığ,Correct
9DC618F1-63E6-45E2-89AB-F21E35665C64,OSMANLI ECZANESİ,Elaziğ,Merkez,38.66908,39.19171,Elâzığ,Correct
6F3F7BA1-2895-4CC6-A750-F235EA58D535,ELAZIĞ KOVANCILAR İSMETPAŞA AİLE SAĞLIĞI MERKEZİ,Elaziğ,Kovancilar,38.725,39.88058,Elâzığ,Correct
8252BD12-532D-4ADB-A744-F2A8AF1D6AAE,NUR ECZANESİ,Elaziğ,Merkez,38.92907,-76.98036,No Info,No Info
E046B4BC-3061-47AC-BA04-F2C1F8856F35,YENİ HAYAT ECZANESİ,Elaziğ,Merkez,38.68154,39.22524,Elâzığ,Correct
BD0AC31A-B574-4FFC-A8D7-F332A5569D16,FATİH SÜLEYMAN KAYA MUAYENEHANESİ,Elaziğ,Merkez,38.63693,39.33804,Elâzığ,Correct
9340ECC4-C1AD-4720-9EB5-F3C957D9AC39,DEMİRBAŞ ECZANESİ,Elaziğ,Merkez,38.67509,39.2251,Elâzığ,Correct
B04346C7-4680-4119-AA9F-F49DD1499180,ELAZIĞ FETHİ SEKİN ŞEHİR HASTANE ECZANESİ,Elaziğ,Merkez,38.69168,39.26393,Elâzığ,Correct
E18C9036-419D-45D2-92C5-F512367A6496,ÇAKILCIOĞLU ECZANESİ,Elaziğ,Merkez,38.66869,39.23452,Elâzığ,Correct
4C89CCCC-01D4-4570-980B-F774A201511C,ABDULLAHPAŞA ECZANESİ,Elaziğ,Merkez,38.65565,39.14734,Elâzığ,Correct
5FF11375-72B2-43F1-AD9A-F83280B2C609,DİLAN ECZANESİ,Elaziğ,Aricak,38.71592,39.85723,Elâzığ,Correct
D17EE78A-4E62-48CB-9CA8-F8D3CF67A609,FIRAT ÜNİVERSİTESİ DİŞ HEKİMLİĞİ UYGULAMA VE ARAŞTIRMA MERKEZİ,Elaziğ,Merkez,38.45892,27.223,İzmir,Wrong
2F6E662E-6227-415C-9D90-F8E1D3D12101,ELAZIĞ MERKEZ TSM,Elaziğ,Merkez,38.68089,39.23111,Elâzığ,Correct
9592A3AE-F9E1-418F-A078-F9224139BEE6,YILDIRIM ECZANESİ,Elaziğ,Merkez,38.68611,39.26892,Elâzığ,Correct
56EDACC6-512A-476C-BB3C-FD0E77029BA3,KARAKOÇAN ECZANESİ,Elaziğ,Karakoçan,38.7192,39.86346,Elâzığ,Correct
73EDEF4C-8A5A-4593-A304-FD3609FCE908,ARICAK ECZANESİ,Elaziğ,Aricak,38.71577,39.85763,Elâzığ,Correct
F02F0106-D683-4E43-BEB9-FDAAC6111158,MURAT ECZANESİ,Elaziğ,Merkez,39.37817,-76.38156,No Info,No Info
111D5634-A782-4B40-BCB5-FEA6E9B0CACE,SELMA TANELİ MUAYENEHANESİ,Elaziğ,Merkez,38.67512,39.22773,Elâzığ,Correct
305E582B-DCAC-4020-9B6F-FEE9C5CAAA6A,TANYILDIZI ECZANESİ,Elaziğ,Merkez,38.67178,39.23626,Elâzığ,Correct
E3247D51-9A84-4F0E-9B77-FF3AAED02910,ELAZIĞ PALU MERKEZ AİLE SAĞLIĞI MERKEZİ,Elaziğ,Palu,38.69238,39.93512,Elâzığ,Correct
D4E63703-E669-437B-9344-FFC4F0AE39AD,İZGİ ECZANESİ,Elaziğ,Merkez,38.68019,39.25548,Elâzığ,Correct
