UnitId,UnitName,CityName,DistrictName,Latitude,Longitude,DetectedCity,Match
2663A6BE-67D2-43AF-8523-03553C168C96,YILDIRIM ECZANESİ,Kirikkale,Merkez,39.8434,33.50564,Kırıkkale,Correct
1B472A79-2771-4685-A95E-03E26181714C,SEYMEN ECZANESİ,Kirikkale,YAHŞİYAN,39.86615,33.45869,Kırıkkale,Correct
0F3DE89C-A554-44AA-9A64-067AD59FD191,MEHMET ECZANESİ,Kirikkale,YAHŞİYAN,39.86856,33.45507,Kırıkkale,Correct
97C2D792-FD91-4B21-B75A-0AB49FE04798,ACAR ECZANESİ,Kirikkale,Merkez,39.84059,33.51209,Kırıkkale,Correct
5BD94B36-FB9A-427F-9801-0E59DF55567C,RANA ECZANESİ,Kirikkale,Keskin,39.67377,33.6162,Kırıkkale,Correct
766BA12F-8E92-4159-BC2B-0F92E1E104FA,BAHÇELİEVLER ECZANESİ,Kirikkale,Merkez,39.83419,33.51916,Kırıkkale,Correct
719A7FC1-5840-406B-A273-105400C0A134,TUNA CAVBIN MUAYENEHANESİ,Kirikkale,Merkez,39.84139,33.51607,Kırıkkale,Correct
D53B493B-51A5-4E8C-B681-106F126C3D2C,DOĞAN ECZANESİ,Kirikkale,Merkez,39.84421,33.50679,Kırıkkale,Correct
1E05A6B9-4AE7-47D8-94E9-118189F5A8FB,GÜLESER ECZANESİ,Kirikkale,Merkez,39.83829,33.49283,Kırıkkale,Correct
B8A931A6-1C32-4FD7-B44B-12CBE3074AC6,ÖZDEMİR ECZANESİ,Kirikkale,Merkez,39.81761,33.51812,Kırıkkale,Correct
AF282310-C169-44B0-8E74-158DEC344BDA,HAYAT ECZANESİ,Kirikkale,YAHŞİYAN,39.86926,33.45781,Kırıkkale,Correct
2E42EC80-A790-43CB-BDD2-15A917EBEDCC,KIRIKKALE ECZANESİ,Kirikkale,Merkez,39.84622,33.508,Kırıkkale,Correct
3B9A096E-C1CB-43F7-8BB6-18CD673E2D30,İLDEN ECZANESİ,Kirikkale,Merkez,39.84614,33.4967,Kırıkkale,Correct
E3F4DD5C-4982-4748-8608-1B19FE95CEEE,KIRIKKALE BAHŞİLİ AİLE SAĞLIĞI MERKEZİ,Kirikkale,Bahşili,39.81007,33.46713,Kırıkkale,Correct
60D6D1BE-74DC-4601-A98B-1C9FF8DB185D,NURHAYAT ECZANESİ,Kirikkale,Merkez,39.85671,33.5097,Kırıkkale,Correct
3ECF2A05-71A9-493E-9401-1D5BA531109E,KAPLAN ECZANESİ,Kirikkale,Merkez,39.85458,33.49869,Kırıkkale,Correct
D20B0FB3-0BB1-45DC-8303-1E95F15533BD,MARMARA ECZANESİ,Kirikkale,Merkez,39.8406,33.5145,Kırıkkale,Correct
E9E08351-2BB4-4FA7-A16D-1E9FCD0CE8EB,ÇAĞLAR SAKİN MUAYENEHANESİ,Kirikkale,Merkez,39.85859,33.48844,Kırıkkale,Correct
C9F4EFFD-A340-4992-9541-212541646D41,KIRIKKALE DELİCE AİLE SAĞLIĞI MERKEZİ,Kirikkale,Delice,39.94298,34.03349,Kırıkkale,Correct
3F2CAA1D-A775-4EB8-B6AB-218918F31DBC,KIRIKKALE YAHŞİHAN AİLE SAĞLIĞI MERKEZİ,Kirikkale,YAHŞİYAN,39.84923,33.45246,Kırıkkale,Correct
6194A4EB-C100-40B5-9689-21BA169C8E78,ERGAZİ ECZANESİ,Kirikkale,Sulakyurt,39.84428,33.50591,Kırıkkale,Correct
C21BF8C1-E44E-4255-B832-21C9FB223540,ŞEYMA ECZANESİ,Kirikkale,Merkez,39.84279,33.4983,Kırıkkale,Correct
1F9D0026-799C-4FA1-8B75-23B63AF23000,KIRIKKALE BALIŞEYH AİLE SAĞLIĞI MERKEZİ,Kirikkale,Balişeyh,39.92075,33.71715,Kırıkkale,Correct
7310EA01-01D3-4630-9CE3-28D3D173CC43,KIRIKKALE MERKEZ KALETEPE AİLE SAĞLIĞI MERKEZİ,Kirikkale,Merkez,39.85527,33.50654,Kırıkkale,Correct
D00EA621-A493-49FF-8D03-29F3DEC2BF1D,ZAFER ECZANESİ,Kirikkale,Merkez,39.8355,33.48971,Kırıkkale,Correct
08FFDE31-F0DA-4E4F-9D79-2B125DEAFFD4,KIRIKKALE DELICE İLÇE HASTANESI,Kirikkale,Delice,39.89592,34.00334,Kırıkkale,Correct
BEE501F8-E104-46BA-B37F-2DFB59C759B3,MELTEM ECZANESİ,Kirikkale,Merkez,39.85045,33.51712,Kırıkkale,Correct
C5AD6F43-6CF9-4DD0-B0D2-2E6962360C91,KIRIKKALE AĞİZ VE DIŞ SAĞLİĞİ MERKEZI,Kirikkale,Merkez,39.8398,33.51442,Kırıkkale,Correct
70B800FD-3B9F-4461-9974-2F802E005D06,VOLKAN ECZANESİ,Kirikkale,Merkez,39.84458,33.4964,Kırıkkale,Correct
9C93CD61-A978-4CB6-90CC-3049F05FFBFE,KARA ECZANESİ,Kirikkale,Merkez,39.84776,33.49438,Kırıkkale,Correct
E8F9B832-F00C-4425-96C0-312E1614DEDC,SAMİ ECZANESİ,Kirikkale,Merkez,39.84925,33.50191,Kırıkkale,Correct
E2844AF2-314E-45D0-99AD-31C5C9C1D300,EDA GÜNEY DİYET KLİNİĞİ,Kirikkale,Merkez,39.84049,33.51487,Kırıkkale,Correct
BDEEC3AA-48F4-413A-A48D-357E2F7376CF,KIRIKKALE MERKEZ 70.YIL CUMHURİYET AİLE SAĞLIĞI MERKEZİ,Kirikkale,Merkez,39.83753,33.49889,Kırıkkale,Correct
685FFA8D-4044-432D-BB83-373E59176F97,KALETEPE UMUT ECZANESİ,Kirikkale,Merkez,39.85258,33.50883,Kırıkkale,Correct
1F5F48A1-5B39-41D5-B0D6-3E1FA4D005DA,FEYZA ECZANESİ,Kirikkale,Balişeyh,39.8919,33.67756,Kırıkkale,Correct
547F52A9-9175-4C63-A3BC-3E3361E06E39,KIRIKKALE SULAKYURT AİLE SAĞLIĞI MERKEZİ,Kirikkale,Sulakyurt,40.15965,33.72005,Kırıkkale,Correct
8E7BAB3E-A818-4612-B58D-413D55D16E57,KIRIKKALE KARAKEÇILI İLÇE HASTANESI,Kirikkale,Karakeçili,39.59312,33.37812,Kırıkkale,Correct
BC129761-04A8-46A3-BE1B-41416E43FD3F,KAAN ECZANESİ,Kirikkale,Merkez,41.30487,32.14262,Zonguldak,Wrong
8892256D-57D3-4C84-9489-41FD03CF75E9,YANARDAĞ ECZANESİ,Kirikkale,Merkez,39.84427,33.51186,Kırıkkale,Correct
D0ABBB49-D0A4-418B-802A-4317A85326B2,AKBUDAK ECZANESİ,Kirikkale,Merkez,39.83984,33.50571,Kırıkkale,Correct
A5D68D8B-9D46-463B-B403-4353C67481F6,KIRIKKALE KARAKEÇİLİ AİLE SAĞLIĞI MERKEZİ,Kirikkale,Karakeçili,39.59168,33.37977,Kırıkkale,Correct
BE028E0A-5DA6-4438-BE65-45766ADF9F81,FURKAN ECZANESİ,Kirikkale,Merkez,38.93087,-76.97796,Washington,Wrong
E7C5EE9C-DB33-4ADC-8487-45E484A96170,KENT ECZANESİ,Kirikkale,Merkez,39.84806,33.50222,Kırıkkale,Correct
C349902D-FB7D-4E23-9261-461B9BA00086,KIRIKKALE MERKEZ TEPEBAŞI AİLE SAĞLIĞI MERKEZİ,Kirikkale,Merkez,39.84483,33.51125,Kırıkkale,Correct
BBB7B619-5F5A-4C2B-B7DF-46391981E060,AYTEKİN ECZANESİ,Kirikkale,Merkez,39.8483,33.50217,Kırıkkale,Correct
8F3EAE46-5A6F-416B-B8C0-4AA1EA9D623B,ENES ECZANESİ,Kirikkale,Yahşihan,39.86705,33.45989,Kırıkkale,Correct
7A595074-BE65-47A5-9A68-4DA1828289D4,YAHŞİYAN MERKEZ TSM,Kirikkale,YAHŞİYAN,39.84364,33.45135,Kırıkkale,Correct
D07C594B-A404-4B8C-BD57-4E1018941B92,KIRIKKALE MERKEZ ANA ÇOCUK SAĞLIĞI VE AİLE PLANLAMASI AİLE SAĞLIĞI MERKEZİ,Kirikkale,Merkez,39.86014,33.5111,Kırıkkale,Correct
B01F0288-20F4-4F00-AEA5-4EB74E19BC49,KIRIKKALE MERKEZ ÇALILIÖZ SEYRANTEPE AİLE SAĞLIĞI MERKEZİ,Kirikkale,Merkez,39.85027,33.49501,Kırıkkale,Correct
291D57FA-45ED-433F-9060-4ECEEFED99D8,ZEKİ GÜRYIL MUAYENEHANESİ,Kirikkale,Merkez,40.03041,27.05036,Çanakkale,Wrong
2E5B9A4A-7DA4-46A1-B1A6-4FDDEB70D47C,VİTAMİN DİYET,Kirikkale,KIRIKKALE MERKEZ,39.84128,33.50417,Kırıkkale,Correct
4E0B4952-EA11-4CBD-B27B-5069DE7117C0,NUR ECZANESİ,Kirikkale,Yahşihan,39.8692,33.45621,Kırıkkale,Correct
D2FFB4A8-2111-4DB7-94B0-5259EEDD27D0,ÖZEL KIRIKKALE YAŞAM HASTANESİ,Kirikkale,Merkez,36.59971,30.55977,Antalya,Wrong
9A7BCF9F-DEE5-4FC1-8716-53B5B6F6208A,LEBLEBİCİOĞLU ECZANESİ,Kirikkale,Merkez,39.48527,-76.23876,Maryland,Wrong
344844D6-58D6-4D8E-8BAD-55DA1905599B,EVREN ECZANESİ,Kirikkale,Merkez,39.44117,-76.29756,Maryland,Wrong
67970452-7BCF-4AE9-8EC9-588A92817877,KIRIKKALE MERKEZ YENİMAHALLE AİLE SAĞLIĞI MERKEZİ,Kirikkale,Merkez,39.83282,33.49391,Kırıkkale,Correct
61B07303-A28B-4293-AA9E-58E58604A294,AYLİN ECZANESİ,Kirikkale,Merkez,39.84966,33.50326,Kırıkkale,Correct
EF8F0839-A8B9-4555-A21E-592901838922,YENİ ÖZDEMİR ECZANESİ,Kirikkale,Merkez,39.84955,33.51592,Kırıkkale,Correct
763CEFAF-0566-4AF5-80DE-5ABF360ED0FA,YALÇIN ECZANESİ,Kirikkale,Merkez,39.84411,33.5031,Kırıkkale,Correct
7905E4E9-54B6-469D-B1F4-5AD5D0BBB268,KIRIKKALE ÜNİ DİŞ HEK.,Kirikkale,Yahşihan,39.87314,33.45273,Kırıkkale,Correct
8530DFEC-6031-489E-8C66-5AEF466FD2AF,KIRIKKALE ÇELEBİ AİLE SAĞLIĞI MERKEZİ,Kirikkale,Çelebi,39.46166,33.52314,Kırıkkale,Correct
EB04A25B-BB7B-496D-B97F-5BE03C261DDE,KÜBRA ECZANESİ,Kirikkale,Merkez,39.84283,33.49828,Kırıkkale,Correct
99484052-3026-4FDC-A789-5E1C62F3932E,KIRIKKALE MERKEZ BAĞLARBAŞI AİLE SAĞLIĞI MERKEZİ,Kirikkale,Merkez,39.85356,33.49857,Kırıkkale,Correct
8A2CEF8B-4453-455E-8247-5EA2F9E79945,İREM ECZANESİ,Kirikkale,Bahşili,39.37367,-76.38756,Maryland,Wrong
F3B7E1C4-E268-4460-B77B-5F8302ADDAA7,YEŞİLYURT ECZANESİ,Kirikkale,Merkez,39.8417,33.53848,Kırıkkale,Correct
D3BEB3AF-5B14-4CEF-BCB2-63726EE89F75,DANIŞ ECZANESİ,Kirikkale,Merkez,39.86021,33.5117,Kırıkkale,Correct
9462F031-E50A-485D-A3F3-63E710D435F5,KIRIKKALE MERKEZ ETİLER SANAYİ AİLE SAĞLIĞI MERKEZİ,Kirikkale,Merkez,39.84912,33.52471,Kırıkkale,Correct
32FB1F08-E496-4F06-85F1-64629C189CB5,BEYZA NUR BİŞKİN DİYET KLİNİĞİ,Kirikkale,KIRIKKALE MERKEZ,39.84142,33.50784,Kırıkkale,Correct
A5E68688-12DF-4DDB-9EFE-67228721D9D6,TACETTİN SİLSÜPÜR MUAYENEHANESİ,Kirikkale,Merkez,40.34558,26.68591,Çanakkale,Wrong
DBCF4D6A-525D-492F-8499-6AE548E2873E,ÖZER ECZANESİ,Kirikkale,Merkez,39.8549,33.49874,Kırıkkale,Correct
3A11B70F-989D-44C8-BE8A-6B5A29DD1C10,TUBA ECZANESİ,Kirikkale,Merkez,39.84219,33.50575,Kırıkkale,Correct
B711BF11-4643-41AF-B4C6-6C348737557D,ESDENTAL GROSS ADSP,Kirikkale,Merkez,39.84992,33.50704,Kırıkkale,Correct
A0583B32-C391-4A9F-B57D-6CD1353B682B,KIRIKKALE MERKEZ OSMANGAZİ AİLE SAĞLIĞI MERKEZİ,Kirikkale,Merkez,39.85716,33.54502,Kırıkkale,Correct
5F080D29-C3E1-45CA-8EB0-6EA0F7FAC225,SEMİH ECZANESİ,Kirikkale,Merkez,39.84061,33.51446,Kırıkkale,Correct
9D029C06-914E-4DAC-A48B-716F0354D950,KIRIKKALE MERKEZ ŞEHİT ATİLLA DEMİRBAŞ AİLE SAĞLIĞI MERKEZİ,Kirikkale,Merkez,39.65956,33.4214,Kırıkkale,Correct
12DF49F4-716D-4329-BF06-72E299462D4D,KARADENİZ ECZANESİ,Kirikkale,Merkez,38.02821,39.03601,Adıyaman,Wrong
B7F05170-1B84-4167-8323-73A9E8577707,KIRIKKALE MERKEZ YAYLACIK AİLE SAĞLIĞI MERKEZİ,Kirikkale,Merkez,39.84136,33.49588,Kırıkkale,Correct
FE2A4EDC-59F4-4961-AD74-73E1F4EF2302,OSMAN DURSUN MUAYENEHANESİ,Kirikkale,Merkez,39.84686,33.49318,Kırıkkale,Correct
7BAB5FAE-AC47-410E-93F5-751EA5474F6E,ERDAL ECZANESİ,Kirikkale,Yahşihan,39.84989,33.45209,Kırıkkale,Correct
1A057C17-E8F4-4C3F-B3AB-752601E2A4FA,ÖZ ERCANLAR ECZANESİ,Kirikkale,Merkez,39.84821,33.50219,Kırıkkale,Correct
37303496-FFD7-42AC-99A6-78AA0D1C99BE,KIRIKKALE KESKİN CEZAEVİ ASM,Kirikkale,Keskin,39.65109,33.62109,Kırıkkale,Correct
504AB293-4358-4617-887A-78E10E8BFDAA,ELMALI ECZANESİ,Kirikkale,Merkez,39.05237,-76.81596,Maryland,Wrong
B46711B0-77A0-45F2-B207-7A24A82CDC26,ACARLAR ECZANESİ,Kirikkale,Merkez,39.85493,33.50721,Kırıkkale,Correct
6FB987CA-AD01-4CA0-9D16-7AD9B02AFC94,ZEYNEP ÖZBAYRAK MUAYENEHANESİ,Kirikkale,Merkez,39.84274,33.50614,Kırıkkale,Correct
14D4A77B-F21E-44ED-A117-7AEEC3FD1EB5,ŞİFA ECZANESİ,Kirikkale,Merkez,39.84105,33.5062,Kırıkkale,Correct
6B296748-82C8-4293-9352-7C6D5B128E7A,GÜVEN ECZANESİ,Kirikkale,Merkez,39.67636,29.15096,Bursa,Wrong
F7382DF4-97C5-48F6-B189-7F35BB09F1A1,BAHŞİLİ MERKEZ TSM,Kirikkale,Bahşili,39.81164,33.46695,Kırıkkale,Correct
ACB52813-6994-4B21-8835-7FA6B85E16BA,KIRIKKALE MERKEZ 15 TEMMUZ DEMOKRASİ VE ŞEHİTLER AİLE SAĞLIĞI MERKEZİ,Kirikkale,Merkez,39.84625,33.508,Kırıkkale,Correct
EED6412E-59CF-4CEB-82AA-870B08E83BFB,KUTAY SAĞLIK ECZANESİ,Kirikkale,Merkez,39.84115,33.50625,Kırıkkale,Correct
4AC22D83-607E-4E02-A246-8B3B56F8F066,ALTAN ECZANESİ,Kirikkale,YAHŞİYAN,39.87037,33.45448,Kırıkkale,Correct
8A1ACC13-5139-4510-8CD8-8CF3818546FC,KIRIKKALE MERKEZ HÜRRİYET ASM,Kirikkale,Merkez,39.84718,33.50244,Kırıkkale,Correct
A44573C2-D507-4199-9615-8EA053F9A2B5,KIRIKKALE YONCA DİYALİZ MERKEZİ,Kirikkale,Merkez,39.85684,33.49583,Kırıkkale,Correct
399F3B6E-343E-4AD8-8076-8EFE4D9DDDBC,ÜMİT ECZANESİ,Kirikkale,Merkez,39.83709,33.49739,Kırıkkale,Correct
0A05092C-79B9-4034-811A-9120A75C411D,ÖZKAN ECZANESİ,Kirikkale,Merkez,39.8414,33.50897,Kırıkkale,Correct
A32A48C9-5565-4459-B757-9528D5825474,BUĞRA ECZANESİ,Kirikkale,Merkez,39.85716,33.54492,Kırıkkale,Correct
42F73070-3E47-4E42-9D1C-9611DB744861,ÜÇERLER ECZANESİ,Kirikkale,Merkez,39.84024,33.50551,Kırıkkale,Correct
BDA55472-2A2F-452B-8E20-972E24550E13,KIRIKKALE KESKİN KÖPRÜKÖY AİLE SAĞLIĞI MERKEZİ,Kirikkale,Keskin,39.66927,33.57757,Kırıkkale,Correct
F4C2F6D0-BEBF-487F-AAB4-9B79122FA125,PETEK ECZANESİ,Kirikkale,Merkez,39.83368,33.54775,Kırıkkale,Correct
BD961F54-CBDA-4DAE-ACAA-9D0D5D9C428B,ŞAHİN ECZANESİ,Kirikkale,Merkez,39.83737,33.5,Kırıkkale,Correct
93F60B6D-670E-40BA-88F5-9E2FEB62FF12,ÖZLEM ECZANESİ,Kirikkale,Merkez,39.83279,33.49384,Kırıkkale,Correct
114A808E-144B-4D73-8D8F-A36D62C9DB6A,KALECAN DİYALİZ MERKEZİ,Kirikkale,Merkez,39.84034,33.50675,Kırıkkale,Correct
DDED13A5-5FDF-4A9F-86AC-A6165B8EFACC,KIRIKKALE ÜNİVERSİTESİ TIP FAKÜLTESİ HASTANESİ,Kirikkale,YAHŞİYAN,39.87102,33.45448,Kırıkkale,Correct
421D0D1D-8112-44BB-AC8F-A69C471E0102,RABİA YILMAZ ECZANESİ,Kirikkale,Yahşihan,39.82205,33.45359,Kırıkkale,Correct
97C35C7B-B913-48D5-9171-A752BB5EC909,ERCANLAR ECZANESİ,Kirikkale,Merkez,39.84061,33.51449,Kırıkkale,Correct
12F16262-6A8B-4542-A333-A754C640B9BD,ONUR ECZANESİ,Kirikkale,Merkez,39.83529,33.49509,Kırıkkale,Correct
1D68A50C-1A9D-4588-8CFC-A7DA22FB217E,KIRIKKALE YENİŞEHİR AİLE SAĞLIĞI MERKEZİ,Kirikkale,YAHŞİYAN,39.86901,33.46117,Kırıkkale,Correct
DFC13B8D-70F2-4EDC-9C93-A7F695F55F60,ANADOLU ECZANESİ,Kirikkale,Merkez,39.84548,33.4976,Kırıkkale,Correct
FE185391-010D-422A-828A-ACF32728B57E,KIRIKKALE MERKEZ SELİMÖZER AİLE SAĞLIĞI MERKEZİ,Kirikkale,Merkez,39.82973,33.53676,Kırıkkale,Correct
5CEBDBD6-2AD5-4F02-8759-AE3A3E02BFBC,ÇELEBİ ECZANESİ,Kirikkale,Çelebi,39.86844,33.45981,Kırıkkale,Correct
26B00621-DA0C-445B-ADB4-B181E187A411,ÖZAYDIN ECZANESİ,Kirikkale,Merkez,39.84777,33.50355,Kırıkkale,Correct
14BBC387-B8AB-4729-89B3-B248FC5B9A42,DELİCE ECZANESİ,Kirikkale,Delice,39.94763,34.03007,Kırıkkale,Correct
0E4F7EFF-B33C-4735-ACAA-B2CCC8D5B706,TEKİN KALE MUAYENEHANESİ,Kirikkale,KIRIKKALE MERKEZ,39.84129,33.50495,Kırıkkale,Correct
C86F12EF-E7CC-481D-9762-B4C6B4F10D30,KARAKEÇİLİ ECZANESİ,Kirikkale,Karakeçili,39.93386,33.38965,Kırıkkale,Correct
153837A1-8CC1-4614-BDA4-B4DCF3BC0A6C,YELİZ ECZANESİ,Kirikkale,Yahşihan,39.86946,33.45627,Kırıkkale,Correct
6A87D5BF-E4AF-4ABD-85D7-B716E772FEF5,HAŞİM KORKUT-M.KAAN KARABUDAK MUAYENEHANESİ,Kirikkale,KIRIKKALE MERKEZ,39.84143,33.50582,Kırıkkale,Correct
CB09EF25-1FB9-41D6-98E6-B73E317D1A29,ÖZEL ALFADENT ADSP KIRIKKALE,Kirikkale,Merkez,39.8442,33.52048,Kırıkkale,Correct
D965B760-266E-495E-97A0-B73F67F8CD2D,KIRIKKALE KESKİN AİLE SAĞLIĞI MERKEZİ,Kirikkale,Keskin,39.67466,33.6125,Kırıkkale,Correct
7316A129-B68E-4D73-8942-BB44B97046E6,KIRIKKALE YÜKSEK İHTİSAS HASTANESİ ECZANESİ,Kirikkale,Merkez,40.38021,43.41538,Kars,Wrong
41F79774-4066-456E-BF4F-BBB96C6C8AAF,AYÇA ECZANESİ,Kirikkale,Merkez,39.84058,33.51342,Kırıkkale,Correct
03A11A82-71C8-49FE-9BD7-BE71336ABDC3,DERMAN DERİ HASTALIKLARI MERKEZİ,Kirikkale,Merkez,39.84126,33.50585,Kırıkkale,Correct
5662259D-113D-4974-B91B-C0EE3C9A9017,CENNET ECZANESİ,Kirikkale,Delice,39.94162,34.03112,Kırıkkale,Correct
75946C1A-2846-4C7A-B294-C18220D39AE5,ÇERİKLİ ECZANESİ,Kirikkale,Delice,39.89431,34.00048,Kırıkkale,Correct
5BED906A-AD23-41F8-81E6-C47AD40E10FF,AVUNDUKLUOGLU ECZANESI,Kirikkale,Merkez,39.84477,33.49645,Kırıkkale,Correct
457E21E9-0FEC-4C39-95F5-C4D668DACCBC,METİN ECZANESİ,Kirikkale,Karakeçili,39.59404,33.38,Kırıkkale,Correct
16F4BAB1-E307-475F-882E-C50D3264FDE1,EMİN ECZANESİ,Kirikkale,Merkez,39.06497,-76.79916,Maryland,Wrong
16AB0451-F53B-464B-9777-C72E5FA616AD,BALOĞLU ECZANESİ,Kirikkale,Merkez,39.84117,33.50633,Kırıkkale,Correct
E44E20D5-7799-49EA-8F4B-CAF46C693247,UTKU ECZANESİ,Kirikkale,Merkez,39.84165,33.51141,Kırıkkale,Correct
60D55997-69C3-41CA-BD01-CC82F4840AA2,ÖZEL DENTAPOL ADSP KIRIKKALE,Kirikkale,Merkez,39.84814,33.5077,Kırıkkale,Correct
B2BAEEB3-08E0-47C9-9EA4-CE74505E9EBC,MERT ECZANESİ,Kirikkale,Keskin,39.67467,33.6174,Kırıkkale,Correct
287C1C8E-DCE2-4083-8505-CEC441930F4F,KIRIKKALE MERKEZ BAHÇELİEVLER AİLE SAĞLIĞI MERKEZİ,Kirikkale,Merkez,39.83415,33.51612,Kırıkkale,Correct
C703D6B3-083E-47DD-B045-D029F39437A2,YASİN ECZANESİ,Kirikkale,Merkez,39.8446,33.50677,Kırıkkale,Correct
FFA18580-323B-4496-95D8-D134A1F48974,KIRIKKALE YAHŞİHAN IRMAK AİLE SAĞLIĞI MERKEZİ,Kirikkale,YAHŞİYAN,39.93099,33.39621,Kırıkkale,Correct
0CB9F272-4623-4BF4-BDF2-D333A12E8564,ÖZDER ECZANESİ,Kirikkale,Merkez,39.67273,33.61294,Kırıkkale,Correct
02DC7C87-7974-4C80-8A0F-D54A21036885,KIRIKKALE YÜKSEK İHTİSAS HASTANESİ,Kirikkale,Merkez,39.8628,33.48312,Kırıkkale,Correct
94E64054-46B4-49EE-82EF-D54A9EACF0A6,SALTIK ECZANESİ,Kirikkale,Merkez,39.84308,33.50602,Kırıkkale,Correct
2C93B0BF-B23F-4F74-8A9B-DAA64C7478F9,ECE ECZANESİ,Kirikkale,Merkez,39.84208,33.5055,Kırıkkale,Correct
E8813276-5E98-4291-96C1-E19F288B6C96,GÜLÇİN ÜSTÜN SERPİM MUAYENEHANESİ,Kirikkale,Merkez,39.84626,33.50262,Kırıkkale,Correct
F170088C-0062-4DBE-8332-E7F6F651FAF5,SELMA ECZANESİ,Kirikkale,Merkez,39.84651,33.50256,Kırıkkale,Correct
6CACC725-A308-4847-A178-E80A62954F0D,KIRIKKALE MERKEZ ETİLER AİLE SAĞLIĞI MERKEZİ,Kirikkale,Merkez,39.85414,33.51765,Kırıkkale,Correct
E0437DB7-B5E3-45E0-81A0-E80AFFDD9DD8,MÜNİRE KARAKOÇ DİYET KLİNİĞİ,Kirikkale,KIRIKKALE MERKEZ,39.84133,33.50584,Kırıkkale,Correct
96F9461E-1BA6-4D97-B36C-E8DAE7C72CC5,KIRIKKALE MERKEZ SANAYİ AİLE SAĞLIĞI MERKEZİ,Kirikkale,Merkez,39.84677,33.52862,Kırıkkale,Correct
F2284F5F-92E3-45C7-BD2D-E96B6F7C4295,DEVA ECZANESİ,Kirikkale,Merkez,39.84453,33.5039,Kırıkkale,Correct
B6A8A396-C193-48D8-AEED-EBB0E8506251,KIRIKKALE MERKEZ TSM,Kirikkale,Merkez,41.82268,27.76408,Kırklareli,Wrong
19DFF9B4-CDCA-4447-AFF5-EC5B580F4FF7,ATAPARK ECZANESİ,Kirikkale,Merkez,39.83783,33.49895,Kırıkkale,Correct
F5BD42A2-00CA-42E0-8C79-ECF12C83AC8D,KIRIKKALE MERKEZ HACILAR AİLE SAĞLIĞI MERKEZİ,Kirikkale,Merkez,39.72675,33.42932,Kırıkkale,Correct
E293E049-606E-4790-A8EB-EF81C22E2B45,ALSANCAK ECZANESİ,Kirikkale,Merkez,39.82921,33.53594,Kırıkkale,Correct
C77074BF-75FE-4F6D-A0CC-F2A68A5A2DFB,ULUHAN ECZANESİ,Kirikkale,Merkez,39.85337,33.52498,Kırıkkale,Correct
59585752-590A-49EE-9EE5-F2B436C653A3,KIRIKKALE DELİCE ÇERİKLİ AİLE SAĞLIĞI MERKEZİ,Kirikkale,Delice,40.03801,34.08515,Kırıkkale,Correct
36DB8B19-13F5-4C36-8CC2-F2D5E273B428,KIRIKKALE MERKEZ TEPEBAŞI KURTULUŞ AİLE SAĞLIĞI MERKEZİ,Kirikkale,Merkez,39.84063,33.51441,Kırıkkale,Correct
4AB11C5C-758E-476E-AA53-F45710E510B8,UMUT ECZANESİ,Kirikkale,Merkez,39.84248,33.50573,Kırıkkale,Correct
F0A54992-C7B7-457C-8C44-F4CCF201B849,REYHAN OĞUREL MUAYENEHANESİ,Kirikkale,Merkez,39.8507,33.49709,Kırıkkale,Correct
12732CB4-3AFA-41D4-AAF7-F5BA14293287,AYŞENUR ECZANESİ,Kirikkale,Merkez,39.85292,33.52524,Kırıkkale,Correct
E88DD0D3-7152-49BD-B813-F5EBC08258B3,ENGİN CEBECİOĞLU MUAYENEHANESİ,Kirikkale,Merkez,39.67064,33.61002,Kırıkkale,Correct
347A8C05-B948-49D7-B919-F678B7EF08CB,KIRIKKALE MERKEZ KARŞIYAKA ASM,Kirikkale,Merkez,39.83434,33.51592,Kırıkkale,Correct
D4AF677A-F625-4AEF-98BA-F68A0174560E,BAŞKENT ECZANESİ,Kirikkale,Merkez,39.84066,33.50572,Kırıkkale,Correct
20B3D409-C457-4303-97AB-F6CFA271DB16,IRMAK ECZANESİ,Kirikkale,Merkez,39.04337,-76.82796,Maryland,Wrong
37A8E955-16D2-4FA7-A163-F98BFE1176DE,ORHAN BAYSAL MUAYENEHANESİ,Kirikkale,Merkez,39.84059,33.51199,Kırıkkale,Correct
5B15323F-22CD-4568-BB3D-FB6243F7D6ED,KIRIKKALE MERKEZ ABDULLAH İPEKÇİ ASM,Kirikkale,Merkez,39.83393,33.54722,Kırıkkale,Correct
7DF9339D-61DF-442E-95F6-FD4892D8C172,KESKİN MERKEZ ECZANESİ,Kirikkale,Keskin,38.98757,-76.90236,Maryland,Wrong
