UnitId,UnitName,CityName,DistrictName,Latitude,Longitude,DetectedCity,Match
F39D6A3F-B070-4326-B22A-004FAD2ED57D,NİĞDE MERKEZ 7 NOLU AİLE SAĞLIĞI MERKEZİ,Niğde,Merkez,37.98486,34.67103,Niğde,Correct
5AFF1442-285C-4EF3-A446-00517498CBA5,KOÇ ECZANESİ,Niğde,Merkez,37.97148,34.67294,Niğde,Correct
7B2B9DB6-B87F-4842-BE40-0164EEE2F44A,LEVENT ECZANESİ,Niğde,Merkez,37.97228,34.67843,Niğde,Correct
1A3CAFA7-49FF-45C4-98CD-02CF0A26056D,NİĞDE MERKEZ GÖLCÜK AİLE SAĞLIĞI MERKEZİ,Niğde,Merkez,38.24015,34.77571,Niğde,Correct
7927487D-F61D-4AE2-B4A2-02ED5B284E4D,UĞURLU DİYET MERKEZİ,Niğde,Merkez,37.96405,34.67453,Niğde,Correct
E25A0F60-4549-4CDA-B98F-03F602CB8312,NİĞDE MERKEZ HİDAYET OKAY AİLE SAĞLIĞI MERKEZİ,Niğde,Merkez,37.96122,34.67466,Niğde,Correct
7FD85964-60CE-44D8-AF44-047BF5F70392,ÖZLEM ARISOY ECZANESİ,Niğde,Bor,37.91242,34.56933,Niğde,Correct
FC81190D-6372-472A-9A6E-0740D5402A8C,SARISAÇ ECZANESİ,Niğde,Merkez,37.96187,34.67361,Niğde,Correct
8A9412F0-9F37-47A8-8170-075E947F5D6E,YILDIZTEPE ECZANESİ,Niğde,Merkez,39.37727,-76.38276,No Info,No Info
D47A97C8-59E7-4B8B-BEB9-08911709BC2C,NİĞDE ÇAMARDI MERKEZ AİLE SAĞLIĞI MERKEZİ,Niğde,Çamardi,37.83856,34.98815,Niğde,Correct
198320D7-C165-43B7-B98B-0A803CD62B38,GÜNAY ÇAM MUAYENEHANESİ,Niğde,Bor,37.8909,34.56012,Niğde,Correct
69D71557-25F4-4221-97F5-0AD68F484506,SUDENAZ ECZANESİ,Niğde,Merkez,37.97097,34.67263,Niğde,Correct
54B24208-918E-4EB0-BC09-0D36547A2B93,EMRE ECZANESİ,Niğde,Merkez,37.97196,34.6724,Niğde,Correct
7E8B5ED9-9334-4C5F-8048-12B5F9067C16,TANER ECZANESİ,Niğde,Merkez,41.1226,42.06282,Artvin,Wrong
D872420B-B499-4D3A-AE3E-12D084C40223,EMİNE İLKNUR SAVSA MUSLEHİDDİNOGLU ÖZEL MUAYENEHANESİ,Niğde,Merkez,37.9623,34.66813,Niğde,Correct
9CB0BA37-F420-4E42-9EAF-149311257DDE,SEVGİ ÖZBEK MUAYENEHANESİ,Niğde,Merkez,39.83984,33.50643,Kırıkkale,Wrong
FD1B3B8F-5A4B-437A-ABAC-1530361761F4,TURGAY ECZANESİ,Niğde,Merkez,39.29717,-76.48956,No Info,No Info
AFE23163-BFC3-44EE-8F2B-15F1DD4FC1D6,NİĞDE MERKEZ HÜDAVENT HATUN AİLE SAĞLIĞI MERKEZİ,Niğde,Merkez,37.9725,34.67773,Niğde,Correct
19B4B973-4411-47A6-9F6C-18F4C7C8B079,SİNEM ECZANESİ,Niğde,Ulukişla,38.41438,27.63082,İzmir,Wrong
3A97E295-3FE0-407E-A9E1-196AF95AC58E,KOÇOĞLU ECZANESİ,Niğde,Merkez,37.97116,34.67832,Niğde,Correct
9CB9FDB8-ACAD-4B04-A38D-19CDAF8B51CD,OĞUZ ECZANESİ,Niğde,Bor,37.88953,34.56392,Niğde,Correct
658BB311-73BA-4B21-BC0C-1A7338D1A1CF,SERHAT GÜLBAHAR MUAYENEHANESİ,Niğde,Merkez,38.91647,-76.99716,No Info,No Info
9B305880-66E8-4190-8ECD-1FA124A1BFED,NİĞDE BOR MERKEZ TOKİ AİLE SAĞLIĞI MERKEZİ,Niğde,Bor,37.92777,34.59371,Niğde,Correct
72FD2EFD-A5F6-4256-8C71-208F018AF0A6,DENİZ ECZANESİ,Niğde,Çiftlik,38.17512,34.48478,Niğde,Correct
7FFDDEDB-85F2-4ACE-ACB4-2189DD1D49B9,DERMAN ECZANESİ,Niğde,Merkez,39.07847,-76.78116,No Info,No Info
FBA900FD-F037-48DC-9226-23194DD0A1C8,GÜLŞEN ECZANESİ,Niğde,Merkez,37.96983,34.6456,Niğde,Correct
D549B911-CD9C-40B9-BC08-25EC69D20ABB,ŞİFA ECZANESİ,Niğde,Merkez,39.50867,-76.20756,No Info,No Info
466B2FEC-A12F-4FBD-9AED-263D36987D5A,NESLİHAN ECZANESİ,Niğde,Merkez,39.07667,-76.78356,No Info,No Info
D8D98767-7A6F-4590-90B3-2BD2CED22CE7,ERHAN ERASLAN MUAYENEHANESİ,Niğde,Merkez,38.71945,35.48805,Kayseri,Wrong
D9D88924-56BF-4A29-8604-2D3128F902E2,FEYZA ÖZÇELİK MUAYENEHANESİ,Niğde,Merkez,39.34397,-76.42716,No Info,No Info
0190E791-306C-4D66-989C-2D39A3E38AF7,MUTLU ECZANESİ,Niğde,Merkez,37.96954,34.67887,Niğde,Correct
681BFCC8-AB03-4A5E-A187-2DE046087EDF,NİĞDE MERKEZ NİĞDE EVLERİ AİLE SAĞLIĞI MERKEZİ,Niğde,Merkez,37.99335,34.69145,Niğde,Correct
E1F4833D-10EB-4321-8537-3026B2D028D7,NİĞDE İLHANLI AİLE SAĞLIĞI MERKEZİ,Niğde,Merkez,37.90392,34.63658,Niğde,Correct
8AC59A91-98FC-4DD2-A7C7-31A90E291D97,ULUSAN ECZANESİ,Niğde,Altunhisar,37.98718,34.37265,Niğde,Correct
DE611348-7B44-45DF-A9A5-3263CCA8AF9D,AKINCI ECZANESİ,Niğde,Altunhisar,37.98348,34.37399,Niğde,Correct
8C9D06CD-3F53-4DED-9156-339AF4529380,NİĞDE ALTUNHİSAR MERKEZ AİLE SAĞLIĞI MERKEZİ,Niğde,Altunhisar,38.00269,34.3637,Niğde,Correct
4A06E525-4DA6-4307-839A-33C0D6E7F7D8,DUYGU YILDIZELİ MUAYENEHANESİ,Niğde,Merkez,37.96357,34.6606,Niğde,Correct
D425DCD8-B37A-41D8-A263-348C7344B9DE,NİĞDE BOR MERKEZ FATİH AİLE SAĞLIĞI MERKEZİ,Niğde,Bor,37.86655,34.56669,Niğde,Correct
DBFD91E2-8049-4840-BFFA-34DCAD025A59,DOĞRUER ECZANESİ,Niğde,Merkez,39.84107,33.506,Kırıkkale,Wrong
8E491605-0922-4163-855D-355DC98247E7,ATICI ECZANESI,Niğde,Merkez,37.97234,34.68,Niğde,Correct
5040E052-5981-4343-B0F6-35D8F67161CF,ULUTAŞ DENTAL KLİNİK,Niğde,NİĞDE MERKEZ,39.36287,-76.40196,No Info,No Info
4BD8625F-BB2D-49F8-BF5C-37E1FD317DC3,ELİF ECZANESİ,Niğde,Merkez,38.94797,-76.95516,No Info,No Info
6A85CB82-E233-4956-994A-381751AEB92B,NAZLI ECZANESİ,Niğde,Altunhisar,37.98427,34.37365,Niğde,Correct
35366B6F-5992-40A8-840A-3884F89E3294,NİĞDE BOR MERKEZ 1 NOLU AİLE SAĞLIĞI MERKEZİ,Niğde,Bor,37.89666,34.56219,Niğde,Correct
5AA359A3-61E9-42DF-8029-3B50FC63CC90,EKİCİ ECZANESİ,Niğde,Merkez,38.23168,34.7769,Niğde,Correct
C1AD6049-5514-41E5-8B28-3BE3B756E322,EŞSİZ ECZANESİ,Niğde,Merkez,39.04067,-76.83156,No Info,No Info
9696B973-6263-4B51-9B4B-3D283985997D,NİĞDE MERKEZ KARATLI AİLE SAĞLIĞI MERKEZİ,Niğde,Merkez,38.13422,34.96738,Niğde,Correct
A3227A5B-7C00-4D60-A178-3DABB97273E5,NİĞDE MERKEZ KAYIRLI AİLE SAĞLIĞI MERKEZİ,Niğde,Merkez,38.31324,34.50578,Niğde,Correct
7FABD4B1-5163-46D6-A5A6-3E5452A8575F,HATİBOĞLU ECZANESİ,Niğde,Çamardi,38.17585,34.35377,Niğde,Correct
A6356E46-F78E-40A3-B284-3E7F7F15A965,TAHİROĞLU ECZANESİ,Niğde,Merkez,37.97018,34.6747,Niğde,Correct
5E27B443-9955-4D13-9C40-3ED9BDBAC47B,DENTA HOME DİŞ KLİNİĞİ,Niğde,Merkez,37.51436,31.52051,Konya,Wrong
04905500-7319-48BA-A012-3F3195584372,ÖZLEM YÜREKLİ MUAYENEHANESİ,Niğde,Merkez,39.68507,-75.97236,No Info,No Info
5298D4BD-85E2-4C84-9549-3F3E031D12E4,BAHADIR ÖZER MUAYENEHANESİ,Niğde,Ulukişla,39.02627,-76.85076,No Info,No Info
73011D74-081E-4C2B-91B9-3F7ED81935E4,ÇAĞLAYAN ECZANESİ,Niğde,Bor,38.20537,34.46588,Niğde,Correct
F7E7641B-7985-4884-8B02-4065C57E3F7F,ÖZ ÖZAY ECZANESİ,Niğde,Bor,39.23867,-76.56756,No Info,No Info
0AD33A42-45B7-4D78-B8DF-407D7CE6BAD5,ÇİFTLİK MERKEZ 1 NOLU ASM,Niğde,Çiftlik,38.17576,34.48311,Niğde,Correct
CC3AA9DF-BFFE-4454-A826-409EA1E1BF9D,ALTUNSU ECZANESİ,Niğde,Ulukişla,37.55111,34.48738,Niğde,Correct
F42C078F-971A-45F0-8A0B-41673C22A178,TOROS ECZANESİ,Niğde,Merkez,37.972,34.67948,Niğde,Correct
9527E8F7-7F74-41F0-A2E1-43BA3A7D0F74,EREM ECZANESİ,Niğde,Merkez,37.97231,34.67845,Niğde,Correct
74B2DBA3-16C4-4C08-9624-47BDBDAB0CDD,ÜMİT BOZKURT MUAYENEHANESİ,Niğde,Merkez,37.97261,34.67998,Niğde,Correct
C83080AF-E4FD-42D2-A22C-47CA2A83DA76,NIĞDE ULUKIŞLA İLÇE HASTANESI,Niğde,Ulukişla,37.55201,34.48858,Niğde,Correct
C1078890-865E-41A8-B677-49E58B0E9E6D,ZAFER ECZANESİ,Niğde,Merkez,39.58337,-76.10796,No Info,No Info
4B141E9D-6459-4FD9-96A7-4A1C087774E8,ŞÜKRÜ HAKAN GÖRDELES MUAYENEHANESİ,Niğde,Merkez,37.96439,34.67047,Niğde,Correct
B30B488E-6DA3-4472-8A27-4BA01DF5265F,NUR ECZANESİ,Niğde,Merkez,39.01187,-76.86996,No Info,No Info
5D1FC684-9EA7-4F86-9619-4BB39696A7CD,AYTEKİN ECZANESİ,Niğde,Merkez,39.28097,-76.51116,No Info,No Info
03A3AC8F-E279-4D4A-B3CC-4C015324D92D,NİĞDE ÇİFTLİK DİVARLI AİLE SAĞLIĞI MERKEZİ,Niğde,Çiftlik,38.20611,34.47335,Niğde,Correct
926FB812-6A0F-440E-A7E1-4EBB2471EE37,NİĞDE MERKEZ SAZLICA AİLE SAĞLIĞI MERKEZİ,Niğde,Merkez,37.89891,34.63678,Niğde,Correct
83995127-856C-486B-82B5-505C506BA842,AYŞE NUR ECZANESİ,Niğde,Merkez,39.39077,-76.36476,No Info,No Info
350115BA-7D10-4430-AE35-525B3D167E18,SENA GULBAHAR ECZ.ULUKISLA,Niğde,Ulukişla,41.0698,29.214,İstanbul,Wrong
228754CA-70F8-4228-B004-52AB64FFC2F4,YOLGÖSTEREN ECZANESİ,Niğde,Bor,37.89119,34.55997,Niğde,Correct
6B944017-BFB7-457C-A3DF-53FB8336D3AE,ORTODENT,Niğde,NİĞDE MERKEZ,39.39527,-76.35876,No Info,No Info
16DD26AA-5D72-463F-B225-5411E4464F08,NİĞDE BOR MERKEZ 2 NOLU AİLE SAĞLIĞI MERKEZİ,Niğde,Bor,37.91521,34.56935,Niğde,Correct
D68FB6FA-C6E8-42A7-8DA9-54F41B8D0561,ÖZERKİL ECZANESİ,Niğde,Bor,37.89316,34.56012,Niğde,Correct
276B0779-38F8-477F-A811-559849883C09,ÇAMARDI İLCE DEVLET HASTANESİ,Niğde,Çamardi,38.70045,30.77659,Afyonkarahisar,Wrong
7CBB5D6C-ED3B-40AC-9A4F-56348243F160,CAN ECZANESİ,Niğde,Merkez,38.90027,-77.01876,No Info,No Info
F39E6294-6DAF-44E9-9DF1-5789D7E3F9C3,MURAT ÖZDİL ÖZEL MUAYENEHANESİ,Niğde,Merkez,39.06407,-76.80036,No Info,No Info
E5CAED25-9E6A-4BBA-A710-57AC3F02A6CC,HİSAR ECZANESİ,Niğde,Bor,37.82517,34.57147,Niğde,Correct
0CF0AC2A-5AB5-4EBB-A72C-591D3ED20FC8,BAŞARAN ECZANESİ,Niğde,Çiftlik,38.1758,34.48422,Niğde,Correct
C81FF216-53B1-469D-B9C7-5925D331B53C,CİHAN ECZANESİ,Niğde,Merkez,37.96887,34.67599,Niğde,Correct
74E30204-0AE0-4676-BD59-5974188FFBC9,MERKEZ ECZANESİ,Niğde,Merkez,38.30609,34.69873,Niğde,Correct
6AA913E8-25B5-4391-8324-5A072FDAAAE1,NİĞDE BOR MERKEZ 3 NOLU AİLE SAĞLIĞI MERKEZİ,Niğde,Bor,37.88082,34.5567,Niğde,Correct
2CEC3DC0-CC4C-4DB5-A5DD-5D936A02ED0E,ÖZEL NİĞDE DİYALİZ MERKEZİ,Niğde,Merkez,37.97423,34.68521,Niğde,Correct
0EB6D3A1-0B23-4117-9552-5E9F6DBCC8F2,BOR ÇUKURKUYU ASM,Niğde,Bor,37.88491,34.56946,Niğde,Correct
71FF63A3-CADD-4D87-A877-5F5CDE7173F5,S.B. BOR DEVLET HASTANESİ,Niğde,Bor,37.88908,34.56101,Niğde,Correct
E3008574-C633-4545-93B8-6145C9A9D638,EMİN YAŞAR ARTIRAN AİLE SAĞLIĞI MERKEZİ,Niğde,NİĞDE MERKEZ,37.97458,34.67761,Niğde,Correct
B64034B7-8FDF-47B8-BF02-63C2E0203573,SIHHAT ECZANESİ,Niğde,Bor,37.89174,34.5597,Niğde,Correct
DC47C991-B06B-4F2C-9575-65B0C157228F,NİĞDENT DENTAL CLİNİC,Niğde,Merkez,38.63232,34.91463,Nevşehir,Wrong
02150DFE-E729-44FD-8553-667C277C0631,HARUN CELFİN MUAYENEHANESİ,Niğde,NİĞDE MERKEZ,39.40067,-76.35156,No Info,No Info
D403E7CA-2FA4-4557-823D-6708910342BD,GÜLTEKİN ECZANESİ,Niğde,Merkez,40.94265,32.53104,Karabük,Wrong
71304A07-560E-48DE-A939-674507989C51,ALAY ECZANESİ,Niğde,Merkez,39.43937,-76.29996,No Info,No Info
A9DC70D9-785C-4F95-8720-68837599A2A8,ATLAS ECZANESİ,Niğde,Merkez,37.99477,34.69016,Niğde,Correct
84A2AA7D-8758-4BF5-AAC8-68AF41148445,NİĞDE ÖMER HALİSDEMİR ÜNİVERSİTESİ EĞİTİM VE ARAŞTIRMA HASTANESİ BOR TOPLUM RUH SAĞLIĞI MERKEZİ,Niğde,Bor,38.02576,34.77249,Niğde,Correct
7E2B6A09-B137-4CC1-AE92-6B019427480A,YILDIZ ECZANESİ,Niğde,Merkez,39.53927,-76.16676,No Info,No Info
6C66CFFE-8CD2-43D4-8B6F-6DB482A5FDEF,ÇANAK ECZANESİ,Niğde,Bor,37.91292,34.56025,Niğde,Correct
A7013881-B724-4BFC-BCC1-72641016047D,ELÇİN ECZANESİ,Niğde,Merkez,37.96735,34.69078,Niğde,Correct
32708FAF-E21B-428B-9A9C-73A94C3481B4,NİĞDE MERKEZ ÖMER HALİSDEMİR ÜNİVERSİTESİ AİLE SAĞLIĞI MERKEZİ,Niğde,Merkez,37.97126,34.62344,Niğde,Correct
F4FDB068-2FC1-4627-AB14-74FE60723004,MURAT ECZANESİ,Niğde,Merkez,37.97261,34.68025,Niğde,Correct
C9A59F08-CC88-4E00-88F5-76FA65006ED5,KIVANÇ ECZANESİ,Niğde,Bor,37.91364,34.55999,Niğde,Correct
CFB6C9BA-1737-4652-9F98-771F377CF8AC,ULUKIŞLA DEVLET HASTANESİ,Niğde,Ulukişla,38.0548,34.3097,Niğde,Correct
A71F974D-5D2A-46B7-B706-774F6EF21C0E,ESİRGEN ECZANESİ,Niğde,Merkez,39.20357,-76.61436,No Info,No Info
5D62CE1E-A35F-4F0F-9521-790425887714,İLHAN ÜNLÜ MUAYENEHANESİ,Niğde,Merkez,39.44837,-76.28796,No Info,No Info
B7ED6BA8-5FE0-40FE-9CD2-79A430824B72,ALTUNDAĞ ECZANESİ,Niğde,Bor,37.91389,34.55982,Niğde,Correct
AED2D16E-95F6-4F37-994E-79C639D78483,YAŞAM ECZANESİ,Niğde,Bor,37.82728,34.57616,Niğde,Correct
EB35500B-9B77-44F0-AA3E-7B4E56271020,NİĞDE KAMU HASTANELER BİRLİĞİ GENEL SEKRETERLİĞİ,Niğde,Merkez,37.96633,34.66988,Niğde,Correct
A8EB1380-ABB3-4C07-9EB6-7CADD200DBA9,ÖZARISOY ECZANESİ,Niğde,Bor,37.86244,34.34291,Niğde,Correct
BAE6A433-887E-40E3-8A97-7CBA3B509D59,NİĞDE BOR BAHÇELİ AİLE SAĞLIĞI MERKEZİ,Niğde,Bor,37.83315,34.61078,Niğde,Correct
20AF1C1B-7D1A-4577-B189-7D56BE437D92,NIĞDE AĞİZ VE DIŞ SAĞLİĞİ MERKEZI,Niğde,Merkez,37.96497,34.6634,Niğde,Correct
ACB45E97-EEAC-48C5-9F3D-7DF1B87AF916,NİĞDE 10 NOLU AİLE SAĞLIK MERKEZİ,Niğde,Merkez,37.96719,34.65813,Niğde,Correct
3864A643-DD27-4575-96F0-7E0270FC5446,ÇAMARDI ECZANESİ,Niğde,Çamardi,38.22999,34.49055,Niğde,Correct
95A54002-FE8D-4968-907E-7E82F06F9CF0,NİĞDE ÖZEL YAŞAM TIP MERKEZİ,Niğde,NİĞDE MERKEZ,36.76684,28.80327,Muğla,Wrong
B6151A9D-54C6-4CD2-9E0A-7F62A64633F5,NİĞDE MERKEZ EDİKLİ AİLE SAĞLIĞI MERKEZİ,Niğde,Merkez,38.24341,34.94734,Niğde,Correct
ED094756-4957-42A1-9C0A-81FF0BC545FC,MİA TIP,Niğde,Merkez,37.96539,34.65573,Niğde,Correct
67C699F2-8672-4391-A9A5-82829400FF50,NİĞDE ULUKIŞLA ŞEHİT ALİ DİLMEN AİLE SAĞLIĞI MERKEZİ,Niğde,Ulukişla,37.46505,34.5587,Niğde,Correct
05CD6E12-F96C-47F6-BAB4-84E1722BD2DA,SONGUR ECZANESİ,Niğde,Merkez,37.97279,34.67871,Niğde,Correct
379225D3-B505-45BA-9DC8-8718BF07F75A,ULUKIŞLA ECZANESİ,Niğde,Ulukişla,38.17829,34.48965,Niğde,Correct
56B977ED-8426-4ABF-B6F5-87297C68A801,SELÇUK ECZANESİ,Niğde,Merkez,37.91334,34.56019,Niğde,Correct
B0F8900E-2DEA-4397-B04C-872F13AE8EF2,BARIŞ AKTAŞ MUAYENEHANESİ,Niğde,Merkez,37.97112,34.67478,Niğde,Correct
0F731890-417F-4878-8C40-89F078AC5B8E,TUBA ALAN ULUTAŞ MUAYENEHANESİ,Niğde,Merkez,39.84037,33.50634,Kırıkkale,Wrong
C67C5270-2A82-40FB-BF9D-8A86D3D5B9CC,BAYKAL ECZANESİ,Niğde,Merkez,39.31157,-76.47036,No Info,No Info
2ED9DEE8-1F73-4EA7-868E-8C505CCAB006,ÖBEK ECZANESİ,Niğde,Merkez,37.97132,34.67123,Niğde,Correct
D8D1C948-20E0-42F5-A362-8E4427ABDF22,TARIK DEMİRDAĞ MUAYENEHANESİ,Niğde,Merkez,37.90249,34.6385,Niğde,Correct
45BB1CFB-6103-43F9-970B-8E5FDAF5351E,ÇİFTLİK ECZANESİ,Niğde,Çiftlik,38.17877,34.48397,Niğde,Correct
849F8074-2964-4B32-9612-8F38BC7A5673,ÖZENÇ ECZANESİ,Niğde,Bor,37.8926,34.56101,Niğde,Correct
8180B08F-44B1-4F86-AFE7-8FD38C7A2537,NİĞDE MERKEZ ŞEHİT KAHRAMAN ÇELİKBAŞ AİLE SAĞLIĞI MERKEZİ,Niğde,Merkez,37.97183,34.67381,Niğde,Correct
2D026B38-229B-4EA8-9163-9086AE90E209,DEVA ECZANESİ,Niğde,Merkez,37.96295,34.67337,Niğde,Correct
DEA02C1A-59AC-40F9-9328-90C906B399DF,NİĞDE MERKEZ KİLEDERE AİLE SAĞLIĞI MERKEZİ,Niğde,Merkez,38.09306,37.87823,Malatya,Wrong
12741DF5-A9C2-42E4-B741-915BE0A3EB30,BİRCAN ECZANESİ,Niğde,Merkez,37.97006,34.67908,Niğde,Correct
3481545F-51FC-4864-9203-929C5129FC99,NIĞDE ALTUNHISAR İLÇE HASTANESI,Niğde,Altunhisar,37.9851,34.37543,Niğde,Correct
1E667E59-181B-4E46-BB4D-9768C87EEDB9,ACAR ECZANESİ,Niğde,Çiftlik,38.17568,34.48457,Niğde,Correct
B512E361-1A82-472A-B1EA-99F5D4E7005F,SELİN KOÇER MUAYENEHANESİ,Niğde,NİĞDE MERKEZ,37.90255,34.63787,Niğde,Correct
E005260E-4CBD-4D8B-A1C6-9A362D7A3E1D,OKAN ECZANESİ,Niğde,Merkez,38.30523,34.69044,Niğde,Correct
32ADDC68-6C87-4B02-B8E3-9B00DB2E5A00,DERYA ECZANESİ,Niğde,Çiftlik,38.17632,34.48447,Niğde,Correct
A19A00C3-3173-4512-9E5F-9DC1145D6422,AKDEMİR ECZANESİ,Niğde,Bor,37.89149,34.55991,Niğde,Correct
0A419B30-3A6E-4AAC-9BDB-9E03C941BF8B,HACER SOYLU MUAYENEHANESİ,Niğde,Merkez,37.97068,34.67718,Niğde,Correct
6093C3F4-60F7-4F78-A578-9E43DB5204B8,İKRA ECZANESİ,Niğde,Merkez,37.97073,34.6468,Niğde,Correct
06A1BCAA-7DC4-4A78-9B79-A1D88DCEA61C,KOÇER ECZANESİ,Niğde,Merkez,37.97673,34.68411,Niğde,Correct
B63ADA93-3D03-4B46-9645-A20187EB275E,BOR MERKEZ TSM,Niğde,Bor,37.91217,34.56956,Niğde,Correct
7774309E-2C3D-4C5B-8E46-A5907651DC41,UFUK ECZANESİ,Niğde,Merkez,39.26117,-76.53756,No Info,No Info
AA3C58D5-2027-4FB7-A427-A7D885FA47D5,DAMLA ECZANESİ,Niğde,Merkez,37.97139,34.67779,Niğde,Correct
C3E05A48-3506-45DA-8DDB-A8026BD9F4CB,NİĞDE ECZANESİ,Niğde,Merkez,37.97168,34.64433,Niğde,Correct
CE2F042D-9ED6-4D8A-8094-A8C75A3C437A,ÖZTÜRK ECZANESİ,Niğde,Merkez,39.33137,-76.44396,No Info,No Info
7BD8C997-3995-440A-9AF2-A98017A900E5,KONAKLI AİLE SAĞLIĞI MERKEZİ,Niğde,Merkez,38.16978,34.84997,Niğde,Correct
136F2A87-C5ED-4C66-A1B4-AA400A9EE3E2,SENA ECZANESİ,Niğde,Merkez,37.97087,34.64813,Niğde,Correct
283A6644-D5E9-4C2F-BA54-AC333157C68A,GÜLCAN KILIÇ ALPSÜ DİŞ KLİNİĞİ,Niğde,Merkez,37.9726,34.67941,Niğde,Correct
0667A7CB-70E3-4846-BAE6-ACAD2AA4A269,MD DENTAL GROUP,Niğde,Merkez,38.71285,27.91694,Manisa,Wrong
CD13A097-D258-4F83-9B01-AE2CBBD5F60A,ERASLAN ECZANESİ,Niğde,Merkez,37.98207,34.6707,Niğde,Correct
968B9EE1-0271-43AA-B42E-AE50BBCEAA73,ÖMÜR ECZANESİ,Niğde,Merkez,40.85752,34.81684,Çorum,Wrong
48B4A455-84D7-42CE-9D2A-AE54F4E058BA,AYTEN ECZANESİ,Niğde,Bor,41.0307,28.77278,İstanbul,Wrong
B075D1DD-2B5B-43E4-855E-AF29B596DAE2,ÇETİN BENDER MUAYENEHANESİ,Niğde,Merkez,37.97224,34.67967,Niğde,Correct
A45CC9C6-4DB0-4CA0-80A8-AFB77B949183,ÖNÜGÖREN ECZANESİ,Niğde,Merkez,37.96723,34.67108,Niğde,Correct
64ACA785-DABE-4565-A081-AFEF6F66D18E,REFİKA NUR CORAK MUAYENEHANESİ,Niğde,Bor,37.88963,34.56083,Niğde,Correct
A7FE9949-CAE9-4196-A973-B27C2CFCEDFF,NİĞDE MERKEZ ŞEHİT KENAN ERDEM AİLE SAĞLIĞI MERKEZİ,Niğde,Merkez,37.97384,34.68538,Niğde,Correct
EDD94AB2-1982-444E-A96A-B2BD66245976,ERDİNÇ BAHAROĞLU-SEMİHA ESİRGEN BAHAROĞLU MUAYENEHANESİ,Niğde,Merkez,41.41594,35.05808,Sinop,Wrong
84AB4685-6BA5-4318-A2DF-B2D1C79DAF5A,NİĞDE MERKEZ DR. DOĞAN BARAN AİLE SAĞLIĞI MERKEZİ,Niğde,Merkez,37.96697,34.69331,Niğde,Correct
8F6CFD2F-5DD8-4FF1-9B54-B54C882B261B,ARISOY ECZANESİ,Niğde,Merkez,39.09197,-76.76316,No Info,No Info
7BEE1DA9-158B-408F-8CF0-B5DAAF329AA4,ARSLAN ECZANESİ,Niğde,Merkez,37.96547,34.65424,Niğde,Correct
DE4BD97F-1E7A-45E1-81E4-B6777870F73A,ALAY AİLE SAĞLIĞI MERKEZİ,Niğde,NİĞDE MERKEZ,39.17117,-76.65756,No Info,No Info
4CBC9238-9440-4B86-9CA9-B6CC0C96F63D,ÖZER ECZANESİ,Niğde,Merkez,37.97105,34.67268,Niğde,Correct
C0B1150A-DEE6-4575-9653-B87FA271258E,ÖMER HALİSDEMİR ÜNİVERSİTESİ EĞİTİM ARAŞTIRMA HASTANESİ,Niğde,Merkez,37.97051,34.64677,Niğde,Correct
AB8C6FD2-32C2-482F-A645-BA1FBF2CC6EE,NIĞDE ÇIFTLIK DEVLET HASTANESI,Niğde,Çiftlik,38.18411,34.4847,Niğde,Correct
FA2EC183-5918-4503-B49F-BB454A4910EE,NİĞDE MERKEZ YILDIZTEPE AİLE SAĞLIĞI MERKEZİ,Niğde,Merkez,38.17127,34.67419,Niğde,Correct
C2439D0B-485A-49A4-A29E-BCB5788D4E50,UYSAL ECZANESİ,Niğde,Merkez,39.68867,-75.96756,No Info,No Info
1666EED6-B96B-4C1F-B079-C000BA8B6E79,AYDOĞANLAR ECZANESİ,Niğde,Merkez,37.96165,34.67394,Niğde,Correct
F6217890-89CA-4FEC-B379-C2DD6154D023,ERAT ECZANESİ,Niğde,Bor,37.91394,34.55979,Niğde,Correct
8A0F3876-A03A-4E97-B59D-C34CBC64A680,HAKAN ECZANESİ,Niğde,Bor,37.89025,34.56423,Niğde,Correct
ADB31775-DC95-435F-AB36-C5131D177E0C,NİĞDE MERKEZ HALK SAĞLIĞI LABORATUVARI AİLE SAĞLIĞI MERKEZİ,Niğde,Merkez,37.96059,34.64429,Niğde,Correct
3C181B09-9C49-48B5-A32E-C6B601F5D9E6,ONUR ECZANESİ,Niğde,Merkez,40.94316,32.53198,Karabük,Wrong
A8235FF0-88C5-4B54-AC05-CAA8673AE3C8,BOR ECZANESİ,Niğde,Bor,37.89094,34.5601,Niğde,Correct
91443669-A2A0-45F5-945F-CB296A1C104E,YÖRE ECZANESİ,Niğde,Merkez,38.92007,-76.99236,No Info,No Info
56A98C41-074B-40C8-96CF-CB5C5CB93993,NİĞDE MERKEZ AÇS VE AP MERKEZİ AİLE SAĞLIĞI MERKEZİ,Niğde,Merkez,37.97093,34.67261,Niğde,Correct
9BA0B495-9A35-4F57-992D-CB84E3F2AC47,NİĞDE ÇİFTLİK BOZKÖY AİLE SAĞLIĞI MERKEZİ,Niğde,Çiftlik,38.23349,34.48385,Niğde,Correct
5DDF7946-9A6D-4324-961E-CBD26AB4E8B4,KILIÇ ECZANESİ,Niğde,Merkez,37.97207,34.64423,Niğde,Correct
A33E8FFC-805E-4670-B939-CFA625693CA8,NİĞDE ÇİFTLİK MERKEZ AİLE SAĞLIĞI MERKEZİ,Niğde,Çiftlik,38.17081,34.49147,Niğde,Correct
8C227310-A053-427C-A323-CFC1F1FEF8AE,EGE ECZANESİ,Niğde,Merkez,38.17094,34.84943,Niğde,Correct
F9519E8C-0811-4867-874A-CFEB595FC8D4,ALİ ÖNDER ECZANESİ,Niğde,Merkez,37.90302,34.63538,Niğde,Correct
E6A444B3-E834-40AA-B31D-D08CD2E6249F,ZEMZEM ECZANESİ,Niğde,Merkez,37.97089,34.68025,Niğde,Correct
FD3D9F8C-2435-4766-83B8-D0AF5C71A026,BİRİNCİOĞLU ECZANESİ,Niğde,Merkez,37.97106,34.6712,Niğde,Correct
B93B96CE-11F4-45B5-BADB-D0EE06815ED1,EROĞLU ECZANESİ,Niğde,Merkez,39.45557,-76.27836,No Info,No Info
5678A2D6-6D08-43DD-8DAD-D14384C92772,BERRAK TANIR MUAYENEHANESİ,Niğde,Merkez,37.96349,34.66927,Niğde,Correct
3AC8BAD1-9717-4CDF-91A9-D18584A54C4B,ERİŞ ECZANESİ,Niğde,Merkez,37.96893,34.6444,Niğde,Correct
AAA5A3D5-719E-478B-8EBA-D1F1F8124487,NİĞDE MERKEZ DR. HÜSEYİN ÜLKÜ AİLE SAĞLIĞI MERKEZİ,Niğde,Merkez,37.96841,34.67664,Niğde,Correct
F4E574C0-457C-446B-AD17-D34331BA38E8,AYLİN ECZANESİ,Niğde,Merkez,39.50687,-76.20996,No Info,No Info
0732F00B-2B73-4473-91E7-D365B75FE636,DİLEK ECZANESİ,Niğde,Bor,37.55021,34.48618,Niğde,Correct
B2837B90-41E7-4124-8F41-D4CE7AEBCA93,ESRA ECZANESİ,Niğde,Merkez,39.30527,-76.47876,No Info,No Info
C5C58745-98F7-4FBD-BAC1-D581C7AA5315,GÜVEN ECZANESİ,Niğde,Bor,37.89425,34.56215,Niğde,Correct
2E069518-DDBD-4FC0-ABA2-D5BB452EA2F2,ÇAĞRI ECZANESİ,Niğde,Merkez,39.56717,-76.12956,No Info,No Info
F06C7597-98E6-4136-A477-D69F23B9694F,BIYIK ECZANESİ,Niğde,Bor,37.88054,34.55678,Niğde,Correct
8891B1C0-5B18-4479-9C39-D71A84FA4D45,KOÇOĞLU ECZANESİ,Niğde,Merkez,37.97116,34.67832,Niğde,Correct
E1B3069C-815E-4A2D-BCC0-D8C971384F78,ÖZEL NİĞDE HAYAT HASTANESİ,Niğde,Merkez,37.96259,34.6646,Niğde,Correct
2CAB77D5-97E0-42B8-AB81-DBCDFDF1CB39,MİRCALI ECZANESİ,Niğde,Bor,37.91399,34.55976,Niğde,Correct
F82CB75B-7B9C-421C-BB4D-DC6AFBA0EB0F,IHLAMUR ECZANESİ,Niğde,Merkez,37.97944,34.68208,Niğde,Correct
737E5628-7908-49E4-80A8-DEEE81796B63,ÖZAY ECZANESİ,Niğde,Bor,37.89559,34.56246,Niğde,Correct
3F4C7EBE-C275-4583-800D-DF9F860156A0,ŞEYMA ÇELİK GÜLEÇOL MUAYENEHANESİ,Niğde,Merkez,37.96629,34.65693,Niğde,Correct
ACD18338-BEF9-43FF-80E2-E00651412729,DEFNE ECZANESİ,Niğde,Merkez,37.96924,34.67742,Niğde,Correct
0B46B00A-6720-400C-B61F-E10244990D1E,DELTA ECZANESİ,Niğde,Bor,37.86651,34.33572,Niğde,Correct
4925E5B0-A60A-4D0A-90F3-E1430B9F5E91,DOĞANYİĞİT ECZANESİ,Niğde,Merkez,37.96789,34.64425,Niğde,Correct
0D2F9FEB-53B9-4ACF-A3CA-E16192461BC6,ANADOLU ECZANESİ,Niğde,Merkez,39.41777,-76.32876,No Info,No Info
FA1D1DC0-8FED-41B0-AEC1-E69403446A75,NİĞDE MERKEZ BAĞLAMA AİLE SAĞLIĞI MERKEZİ,Niğde,Merkez,38.30405,42.88281,Van,Wrong
6616C0D1-419D-4C44-A524-E732F1B04BB3,NİĞDE MERKEZ TSM,Niğde,Merkez,37.96815,34.67084,Niğde,Correct
DF5B0ACA-FFA0-4F1A-8B5C-E844CAB0A1E2,GÜLTEN BÖREKÇİ AİLE SAĞLIĞI MERKEZİ,Niğde,Bor,37.89539,34.5525,Niğde,Correct
97608586-1C5A-4199-B513-E8B16EAE62E0,ATEŞ ECZANESİ,Niğde,Çiftlik,39.62477,-76.05276,No Info,No Info
AA3465C7-D293-46B0-9DD5-E92B20EC2BAA,DÜNDARLI ECZANESİ,Niğde,Merkez,38.24269,34.95093,Niğde,Correct
3A474222-7B7F-459A-9A4F-E93781D10886,FERİDE ŞENLİK MUAYENEHANESİ,Niğde,Bor,37.8917,34.55981,Niğde,Correct
31BD45D9-2EC1-4A8B-86A6-E9DC9C01FE9F,S.B. BOR FİZİK TEDAVİ VE REHABİLİTASYON EĞİTİM ARAŞTIRMA HASTANESİ,Niğde,Bor,39.13787,-76.70196,No Info,No Info
2F3091BD-35F0-4535-B32F-EAA739A58503,ZEYNEP ERGÜN DİŞ KLİNİĞİ,Niğde,Ulukişla,37.54599,34.48458,Niğde,Correct
D6691361-CB21-4D74-B295-EC1D66E81381,GÜNEŞ ECZANESİ,Niğde,Merkez,37.97171,34.67791,Niğde,Correct
3B1F17D5-8A07-4A3B-B42A-EC94E7F79765,ÇAĞLAR ECZANESİ,Niğde,Merkez,39.46277,-76.26876,No Info,No Info
F8B262F2-46AA-4A74-A5DE-ECEB5F9F358E,MENEKŞE ECZANESİ,Niğde,Ulukişla,38.17831,34.49686,Niğde,Correct
BF6AE936-44AE-4B3B-9D2C-ECFB3F3810F6,BOR KEMERHİSAR 1 NOLU AİLE SAĞLIĞI MERKEZİ,Niğde,Bor,37.82488,34.57805,Niğde,Correct
356291A6-ACDF-49F6-A2A9-ED099617C612,UYGUN ECZANESİ,Niğde,Çamardi,39.47897,-76.24716,No Info,No Info
2FDB6F85-EE51-40C5-96EC-ED1FCA5CAF41,ŞEKER ECZANESİ,Niğde,Merkez,37.97177,34.64933,Niğde,Correct
0481E143-7905-4FDF-A84D-ED42A81BF1D5,FADİMANA DEMİÇ MUAYENEHANESİ,Niğde,Bor,37.99478,34.67944,Niğde,Correct
2EE42ADA-B834-4F26-A16A-F2E54DECBE9A,ÖZGÜR ECZANESİ,Niğde,Merkez,41.00611,28.8462,İstanbul,Wrong
CA318802-AA56-40B4-A0F6-F4099D291FC1,HAYAT ECZANESİ,Niğde,Merkez,37.96999,34.67905,Niğde,Correct
20741CCE-0ABA-4441-99D7-FA234F2E1A18,NİĞDE ULUKIŞLA MERKEZ AİLE SAĞLIĞI MERKEZİ,Niğde,Ulukişla,37.54789,34.48225,Niğde,Correct
507CEC14-C588-4C56-974A-FEE3B48BF8CB,SİPAHİ ECZANESİ,Niğde,Bor,37.89589,34.62013,Niğde,Correct
