UnitId,UnitName,CityName,DistrictName,Latitude,Longitude,DetectedCity,Match
2289895B-C50D-4FD5-AADB-0015512817F7,DEVA ECZANESİ,Adiyaman,Merkez,37.74955,38.24727,Adıyaman,Correct
38DBC944-9C8D-43DE-9B41-0050376B874F,ŞİFAM ECZANESİ,Adiyaman,Gölbaşi,37.78394,37.64212,Adıyaman,Correct
EB3DA78F-796B-4109-B9E0-006C9180D247,OKTAY ASLANCİRİT MUAYENEHANESİ,Adiyaman,Merkez,37.76241,38.27081,Adıyaman,Correct
C292EBC3-545E-4A01-89DE-02A54CE7BA54,SELÇUK ECZANESİ,Adiyaman,Kahta,37.7848,38.62551,Adıyaman,Correct
875B5F8F-9337-444B-88F4-02D51E26ECB2,ERDİL ECZANESİ,Adiyaman,Merkez,37.75272,38.24426,Adıyaman,Correct
43753C10-4E94-4F1F-9A50-03757474AEC1,ÖNDER ECZANESİ,Adiyaman,Gölbaşi,37.78853,37.65325,Adıyaman,Correct
43F3ECF9-40BB-4BCD-8A3E-042EB1238276,KARANFİL ECZANESİ,Adiyaman,Kahta,37.78056,38.61366,Adıyaman,Correct
805F4A62-AACB-410E-9CD0-05731F87A659,TAŞ ECZANESİ,Adiyaman,Merkez,37.78524,38.2974,Adıyaman,Correct
FCBBF7EB-0325-48D6-ACC9-070561285461,ADIYAMAN TUT AİLE SAĞLIĞI MERKEZİ,Adiyaman,Tut,37.7958,37.90718,Adıyaman,Correct
BCBDC194-EFE5-40B3-8FD2-071730D6A138,ADIYAMAN TUT İLÇE HASTANESI,Adiyaman,Tut,37.79606,37.9076,Adıyaman,Correct
07954B63-2198-4C45-B6ED-07E8579467C2,EĞİTİM ECZANESİ,Adiyaman,Merkez,37.76677,38.3243,Adıyaman,Correct
20C26A1D-F1C5-4806-90B6-09ADD5B63688,DİET POİNT,Adiyaman,ADIYAMAN MERKEZ,37.7632,38.27188,Adıyaman,Correct
663E991D-F5CC-473B-BDF0-0A2236598BD3,TEKDEMİR ECZANESİ,Adiyaman,Merkez,37.76253,38.27221,Adıyaman,Correct
6753C6CA-70CF-4983-A0F8-0BDCAA12447E,ÇAĞLAYAN ECZANESİ,Adiyaman,Gölbaşi,37.77804,37.62769,Adıyaman,Correct
45D22E1F-40A5-400F-9544-0BF51C5F14AA,TAKAVUTLAR ECZANESİ,Adiyaman,Gölbaşi,37.787,37.63352,Adıyaman,Correct
32B57ACB-2FE9-47BD-A09A-0D53D5EB35D4,ADIYAMAN GÖLBAŞI 1 NOLU AİLE SAĞLIĞI MERKEZİ,Adiyaman,Gölbaşi,37.78087,37.64004,Adıyaman,Correct
AA467CCB-ABF7-4EED-8958-0D938E920CC7,YAVUZ ECZANESI,Adiyaman,Merkez,37.77311,38.27222,Adıyaman,Correct
59CF5E2D-2C25-4EFA-B91B-0F8A67D98B64,İNAN ECZANESİ,Adiyaman,Kahta,37.80012,38.60869,Adıyaman,Correct
4039C7C7-CD0F-415B-AC6D-0F944E0B228B,AKDAĞ ECZANESİ,Adiyaman,Çelikhan,38.03265,38.2385,Adıyaman,Correct
0D417430-E4B4-4299-891A-0FB9D87364EA,YÜCEL ECZANESİ,Adiyaman,Merkez,37.75081,38.22736,Adıyaman,Correct
EB9F22D9-C935-4D40-97F2-106337F3DCAD,FATİH ECZANESİ,Adiyaman,Besni,37.68856,37.84927,Adıyaman,Correct
C26A9420-5F13-4DA9-A1F8-12F2B11FCBD4,ADIYAMAN MERKEZ 14 NOLU AİLE SAĞLIĞI MERKEZİ,Adiyaman,Merkez,37.76256,38.25549,Adıyaman,Correct
BE893C10-5AB7-4E86-A42A-152E7A28BB9C,ENGİN ECZANESİ,Adiyaman,Merkez,37.74208,38.22257,Adıyaman,Correct
98D817CF-A821-4952-B3A7-154FA1C8A262,ÜNSAL ECZANESİ,Adiyaman,Merkez,37.75641,38.25237,Adıyaman,Correct
BCC7F8D9-9243-4F4B-B54B-1555F9729E67,MEHMET YAPICI ECZANESİ,Adiyaman,Merkez,37.7814,38.62474,Adıyaman,Correct
79571D2C-256D-49C2-9BAC-169EF91883FB,MERKEZ ECZANESİ,Adiyaman,Besni,37.68887,37.84904,Adıyaman,Correct
B1CC64A5-7725-4074-8041-17B8573819DB,HALK ECZANESİ,Adiyaman,Merkez,37.76284,38.25573,Adıyaman,Correct
F15AC4C1-51C8-42CD-9847-1A6DBAA73951,DAMLA ECZANESİ,Adiyaman,Kahta,37.79716,38.60658,Adıyaman,Correct
CE8294E5-185F-49A8-BCBF-1B5E4DC04E10,SAĞLIK ECZANESİ,Adiyaman,Kahta,37.79832,38.60629,Adıyaman,Correct
28915DB6-A535-4E14-AE55-1C477130E7FA,KARATAŞ ECZANESİ,Adiyaman,Kahta,37.78872,38.6162,Adıyaman,Correct
750C906F-1335-479F-9C67-1CEAAF06444E,ÖZÇELİK ECZANESİ,Adiyaman,Merkez,37.76857,38.3267,Adıyaman,Correct
DF32264B-EC62-4EC6-AEDA-1DAD4FB24E64,BETÜL ECZANESİ,Adiyaman,Merkez,37.76225,38.30087,Adıyaman,Correct
0FE8B93A-9359-4917-8E40-1E3480242584,ÇİĞDEM ECZANESİ,Adiyaman,Merkez,37.7518,38.24284,Adıyaman,Correct
DE82FE7E-244A-4721-B838-1F1DA38F148B,ADIYAMAN MERKEZ DURUKAYNAK AİLE SAĞLIĞI MERKEZİ,Adiyaman,Merkez,37.79209,38.13291,Adıyaman,Correct
E87148B9-E1DD-4AEE-9394-20720F3A5465,ÇELİKHAN MERKEZ TSM,Adiyaman,Çelikhan,38.03245,38.23609,Adıyaman,Correct
0886A49C-159A-4144-B3FB-20A0AE12AA8F,YENİ ZEYNEP ECZANESİ,Adiyaman,Merkez,37.75238,38.24384,Adıyaman,Correct
86A75BB6-C367-43DE-9CA9-211D32DB8232,ÇEKO ECZANESİ,Adiyaman,Çelikhan,38.03169,38.2028,Adıyaman,Correct
C5C7DB60-5F83-4B58-A133-2170C9146937,OSMAN ÖZET MUAYENEHANESİ,Adiyaman,Gölbaşi,37.85883,38.42737,Adıyaman,Correct
302AE4CF-8BEB-48D0-92EE-22695512BCBF,MEHMET REMZİ BAYBATMAZ ECZANESİ,Adiyaman,Merkez,37.76878,38.32042,Adıyaman,Correct
7D2BA072-CFBC-4DF5-BF0B-231BFF5D42E4,ADIYAMAN MERKEZ 15 NOLU AİLE SAĞLIĞI MERKEZİ,Adiyaman,Merkez,37.76868,38.27529,Adıyaman,Correct
C1FDE93B-6E0D-465F-9C82-2371AC3301ED,KAHTA MERKEZ 6 NOLU ASM,Adiyaman,Kahta,37.78517,38.62923,Adıyaman,Correct
762C1EA6-47F4-413A-AE26-24A50BAC7CF0,HAKAN KANDIRMAZ A.D.S KLİNİĞİ,Adiyaman,Gölbaşi,37.78371,37.64135,Adıyaman,Correct
7881612E-2D1A-427C-9A4A-273BE54FBFEB,GÜLTEKİN ECZANESİ,Adiyaman,Kahta,37.79943,38.61393,Adıyaman,Correct
CBAC1FBD-BDDD-4A8B-AE69-2827E4292A45,ÖZGÜN ECZANESİ,Adiyaman,Merkez,37.76271,38.27276,Adıyaman,Correct
89F95800-A593-49C9-89D7-2BC8A4486A3F,ADIYAMAN MERKEZ 3 NOLU AİLE SAĞLIĞI MERKEZİ,Adiyaman,Merkez,37.78445,38.29719,Adıyaman,Correct
E74C7718-BB26-43D7-A145-2CEBB7CF1ABB,ADIYAMAN MERKEZ 18 NOLU AİLE SAĞLIĞI MERKEZİ,Adiyaman,Merkez,37.77146,38.27317,Adıyaman,Correct
862E4C50-3BA7-4471-90B5-2DAF639BA551,SAĞLIK ECZANESİ,Adiyaman,Merkez,37.76225,38.2729,Adıyaman,Correct
C5424D69-F050-4502-AF03-2DE1BB57C55E,ŞİFA ECZANESİ,Adiyaman,Merkez,39.43667,-76.30356,No Info,No Info
09254062-7F87-4A29-A5CF-2F7B80813CFE,İREM ECZANESİ,Adiyaman,Sincik,37.83108,38.8922,Adıyaman,Correct
DD4D6BE2-C781-4E5B-8453-312BC59FE73E,ADIYAMAN KAHTA 3 NOLU AİLE SAĞLIĞI MERKEZİ,Adiyaman,Kahta,37.77294,38.6214,Adıyaman,Correct
3736F15B-F80F-4732-82B1-31DC9328369B,ŞİFA ECZANESİ,Adiyaman,Besni,37.69245,37.86131,Adıyaman,Correct
CEA09DB6-2E0C-4BFA-9C34-3230310D039F,ADIYAMAN BESNİ 1 NOLU AİLE SAĞLIĞI MERKEZİ,Adiyaman,Besni,37.69695,37.85978,Adıyaman,Correct
1C3F0471-ECAC-43A9-9106-3233C54DD255,ERTAŞ ECZANESİ,Adiyaman,Merkez,37.7634,38.29895,Adıyaman,Correct
B7458CA2-3258-43E3-A70F-32AB6485B364,ÖZTÜRK ECZANESİ,Adiyaman,Merkez,37.76202,38.27756,Adıyaman,Correct
B271AD02-2CED-49E5-B1EB-337F1ED39691,GÜL ECZANESİ,Adiyaman,Merkez,37.76893,38.32251,Adıyaman,Correct
ADAF4690-CFFE-4AB7-8707-33B2332CFAB5,GİRNE ECZANESİ,Adiyaman,Kahta,37.79374,38.62599,Adıyaman,Correct
9E479E6F-6522-418D-BCE5-34ACD2CCA7C1,ADIYAMAN MERKEZ 2 NOLU AİLE SAĞLIĞI MERKEZİ,Adiyaman,Merkez,37.76091,38.28305,Adıyaman,Correct
3AEFF9AD-FD30-470F-B212-34ECC2F21CC4,SARAY ECZANESİ,Adiyaman,Kahta,37.80102,38.60989,Adıyaman,Correct
AAE7C61D-F2FB-42AD-B1BD-3711DE2228E4,LOKMAN ECZANESİ,Adiyaman,Kahta,37.8035,38.60775,Adıyaman,Correct
840996E2-ED44-4352-BFEF-37C9FB50B7AA,ADIYAMAN KAHTA NARİNCE AİLE SAĞLIĞI MERKEZİ,Adiyaman,Kahta,37.88076,38.7624,Adıyaman,Correct
0CDB7CF3-65A8-4FC5-90AA-37FEEF26049D,ADIYAMAN KAHTA 2 NOLU AİLE SAĞLIĞI MERKEZİ,Adiyaman,Kahta,37.78091,38.6144,Adıyaman,Correct
651CE464-1386-4DD0-9DE6-38DF82E82335,ADIYAMAN ÜNİVERSİTESİ DİŞ HEKİMLİĞİ FAKÜLTESİ HASTANESİ,Adiyaman,Merkez,39.91925,32.817,Ankara,Wrong
1B9273F5-E70D-4ADC-8667-39BA47802F8D,ABDULLAH AKBAŞ MUAYENEHANESİ,Adiyaman,Gölbaşi,37.63734,37.57718,Adıyaman,Correct
A5D4A503-9586-430E-A7DE-3A2156768C26,ÖZEL CADDE AĞIZ VE DİŞ SAĞLIĞI POLİKLİNİĞİ,Adiyaman,ADIYAMAN MERKEZ,37.76352,38.2743,Adıyaman,Correct
067F9F96-4B91-4D98-A0C0-3B5F70C289F1,ERGÜN ECZANESİ,Adiyaman,Merkez,39.47087,-76.25796,No Info,No Info
D8E56D8E-9DA2-40B1-B696-3BE8E5209ECC,SELDA ECZANESİ,Adiyaman,Merkez,37.76215,38.2712,Adıyaman,Correct
69AF62D2-68C3-4B8B-B75F-3D895685AF49,HUZUR ECZANESİ,Adiyaman,Merkez,37.76023,38.27402,Adıyaman,Correct
7D5AE7D9-DF71-4291-BA34-3F52496B3BF6,ADIYAMAN MERKEZ KÖMÜR AİLE SAĞLIĞI MERKEZİ,Adiyaman,Merkez,37.86268,38.42691,Adıyaman,Correct
3CFB4923-F81B-4A85-AADE-3FC23BA7BB9C,ADIYAMAN MERKEZ 20 NOLU AİLE SAĞLIĞI MERKEZİ,Adiyaman,Merkez,37.75765,38.26895,Adıyaman,Correct
0CB54F6E-B020-4799-A7AE-40A17F31EDDA,YAŞAM ECZANESİ,Adiyaman,Gölbaşi,37.78748,37.63657,Adıyaman,Correct
EAC3B158-6F7E-4B98-9B86-4232225CE686,DIDAR ECZANESİ,Adiyaman,Merkez,37.50722,38.22561,Adıyaman,Correct
BE33F675-6AE1-4A8F-97E8-427D118AB545,YAMAN ECZANESİ,Adiyaman,Kahta,37.87987,38.47612,Adıyaman,Correct
019B5DFB-51B9-4649-BAD3-42F2EB80BC50,MERVE ECZANESI,Adiyaman,Merkez,37.76046,38.27601,Adıyaman,Correct
7D8C0828-C45D-4C33-954F-44E935DE6690,ADIYAMAN ÜNİVERSİTESİ EĞİTİM VE ARAŞTIRMA HASTANESİ,Adiyaman,Merkez,37.78439,38.29778,Adıyaman,Correct
0317FD35-B649-48D5-AE62-47A5B2CD186E,ADIYAMAN EĞİTİM VE ARAŞTIRMA HASTANESİ 1 NCİ EK HİZMET BİNASI,Adiyaman,Merkez,37.75541,38.25101,Adıyaman,Correct
4CE87801-92A8-496A-BF17-49339C17F251,ÇELİKHAN DEVLET HASTANESİ,Adiyaman,Çelikhan,38.03589,38.25459,Adıyaman,Correct
0754327E-3FC1-44C7-94B7-49E48CCB9301,ÖZEL ADIYAMAN PARK HOSPİTAL,Adiyaman,Merkez,37.75437,38.25709,Adıyaman,Correct
A3356393-B6D3-4710-B7BB-4B304DE474D9,İLKAY ECZANESİ,Adiyaman,Merkez,37.76555,38.27178,Adıyaman,Correct
A65C2A0D-8BA4-46BD-A9A2-4EA428E2D8BB,AYDIN ECZANESİ,Adiyaman,Besni,37.68325,37.88576,Adıyaman,Correct
79A80BED-36FF-4436-8843-5249851744E8,ADIYAMAN MERKEZ 19 NOLU ŞEHİT TURAN ÇELİK AİLE SAĞLIĞI MERKEZİ,Adiyaman,Merkez,37.77332,38.28193,Adıyaman,Correct
91E4DB0F-319B-45BE-AC61-53E9782A947D,EMEK ECZANESİ,Adiyaman,Merkez,37.76012,38.27289,Adıyaman,Correct
86C5A0F7-C93D-45FC-9E46-554187A60D0D,SALDUZ ECZANESİ,Adiyaman,Kahta,37.79896,38.60898,Adıyaman,Correct
B89C53A3-0608-400A-8380-555A877DE153,LALE ECZANESİ,Adiyaman,Gölbaşi,37.79186,37.65929,Adıyaman,Correct
44DAAC7D-626D-4962-82B8-564E11C6F0A1,ÖNDER ECZANESİ,Adiyaman,Besni,37.69108,37.86666,Adıyaman,Correct
91CCE1D8-D593-4E34-963D-56880500A52E,HAYAT ECZANESİ,Adiyaman,Gerger,37.80033,38.61513,Adıyaman,Correct
15E17210-C146-4053-A685-5690593B5A55,ŞAHİN ECZANESİ,Adiyaman,Merkez,37.74869,38.25208,Adıyaman,Correct
0DC2E2CE-DC6F-426F-86A6-57904584386D,DOĞAN ECZANESİ,Adiyaman,Merkez,37.76228,38.27299,Adıyaman,Correct
CCCB300E-F730-42FC-AC0F-5A1F14E2807F,MERVE ECZANESI,Adiyaman,Kahta,37.78758,38.24235,Adıyaman,Correct
434ECF48-9872-499B-9176-5B31378CE385,ADIYAMAN BESNİ 3 NOLU AİLE SAĞLIĞI MERKEZİ,Adiyaman,Besni,37.68958,37.8645,Adıyaman,Correct
0BFB3F8A-7A15-49C8-8FEC-5C13EBC31BD2,BÜŞRA ECZANESİ,Adiyaman,Kahta,37.79922,38.60749,Adıyaman,Correct
4F0886FE-277E-42D2-B562-5C60B67C36F5,TEKİN ECZANESİ,Adiyaman,Merkez,37.798,38.61071,Adıyaman,Correct
B817C147-8DCB-4C6D-9DC7-5C8A1E40DCB2,ADIYAMAN BESNİ KÖSECELİ AİLE SAĞLIĞI MERKEZİ,Adiyaman,Besni,37.55801,37.72634,Adıyaman,Correct
FCF663C9-38B6-4D8D-89A5-62028B0586C0,FİDAN ECZANESİ,Adiyaman,Merkez,37.76587,38.3231,Adıyaman,Correct
9D6D2BCB-168F-41E2-A320-64C2BB1A88C4,ADIYAMAN MERKEZ KUYULU AİLE SAĞLIĞI MERKEZİ,Adiyaman,Merkez,37.50632,38.22441,Adıyaman,Correct
D717A64F-D1BD-4174-8A8D-65094D113FFC,GÜNEŞ ECZANESİ,Adiyaman,Besni,37.68674,37.86954,Adıyaman,Correct
3E096F73-E751-4DE5-9144-65602A2C896E,MENZİL ECZANESİ,Adiyaman,Kahta,37.78079,38.62727,Adıyaman,Correct
C598981D-7A2C-41BB-BE57-65C94DD102FE,KARDELEN ECZANESİ,Adiyaman,Kahta,37.8026,38.60655,Adıyaman,Correct
B8ADA4CF-1A05-40A2-864E-66277147A926,KILIÇ ECZANESİ,Adiyaman,Gölbaşi,37.76145,38.26582,Adıyaman,Correct
03C4E1D7-BB94-466E-B7A6-677216547549,IHLAMUR ECZANESİ,Adiyaman,Merkez,37.75429,38.25896,Adıyaman,Correct
350DCE9E-44FF-4031-8CB6-67D980EF5368,SİNCİK YARPUZU ASM,Adiyaman,Sincik,38.05775,38.52011,Adıyaman,Correct
23A1632C-C3AE-4DD7-B69F-68BE498BDAA4,HİLAL ECZANESI,Adiyaman,Gölbaşi,37.78536,37.63872,Adıyaman,Correct
A891F74E-4E8E-4ADD-8470-69DD1BCB140F,ÇARE ECZANESİ,Adiyaman,Kahta,37.79853,38.61273,Adıyaman,Correct
52B6E3AA-E0C0-402D-8DBF-6A64F6BCA405,HAYAT ECZANESİ,Adiyaman,Besni,37.69042,37.86437,Adıyaman,Correct
80277268-64F1-459C-BE04-6AD090F03C27,BARIŞ ECZANESİ,Adiyaman,Gölbaşi,37.79288,37.65823,Adıyaman,Correct
B04494BA-E03E-4A13-BB03-6C24CCFA7DE1,BARAN VARAN DİYETİSYEN KLİNİĞİ,Adiyaman,ADIYAMAN MERKEZ,37.76279,38.27569,Adıyaman,Correct
DBA5C3C7-C71C-4E40-B656-6D0D81A9E55E,NEŞE ECZANESİ,Adiyaman,Merkez,37.85897,38.42873,Adıyaman,Correct
B6D3C6F9-C07E-472E-997B-6DF00BE9D57D,MEDİKAL SAĞLIK SANAYİ VE ÖZEL ÇAPA AĞIZ VE DİŞ SAĞLIĞI MERKEZİ,Adiyaman,Merkez,36.7677,28.81371,Muğla,Wrong
2F5CD5B9-98D0-4B12-B3B7-6EF9F5AE59BA,ADIYAMAN BESNİ 2 NOLU GÜLÜSÜM-SERVİ ERDEMOĞLU AİLE SAĞLIĞI MERKEZİ,Adiyaman,Besni,37.68831,37.84942,Adıyaman,Correct
5B44B2BD-FA1D-4DCE-A3D2-724E418E9ACD,HEKİM ECZANESİ,Adiyaman,Merkez,37.76115,38.28293,Adıyaman,Correct
B4AFCF88-FC20-4B2C-8E8C-731E9C7915F2,VARAN ECZANESİ,Adiyaman,Merkez,37.76171,38.29456,Adıyaman,Correct
01AC6730-D52C-441E-A405-73CC51E81B80,PEKTAŞ ECZANESİ,Adiyaman,Merkez,37.798,38.61209,Adıyaman,Correct
9F78548C-992A-475B-A36B-73D0EEA66095,ADIYAMAN GÖLBAŞI 3 NOLU AİLE SAĞLIĞI MERKEZİ,Adiyaman,Gölbaşi,37.78616,37.65008,Adıyaman,Correct
408CA1D0-73C9-490C-B363-74BD28E6478C,TUĞTEKİN ECZANESİ,Adiyaman,Besni,37.68444,38.04346,Adıyaman,Correct
047AAC40-813A-4DD6-9DC0-7663156685D8,OKTAY GÜVEN MUAYENEHANESİ,Adiyaman,Gölbaşi,37.83853,37.74037,Adıyaman,Correct
51D90BF9-C261-4C90-8669-78120CFC3257,SİNCİK İLÇE DEVLET HASTANESİ,Adiyaman,Sincik,38.02046,38.61467,Adıyaman,Correct
FD49B3AB-D783-4119-8A49-784490A52C5E,İZCİ ECZANESİ,Adiyaman,Merkez,37.76229,38.27303,Adıyaman,Correct
AA491131-2700-4D82-BEA1-787F2038926B,BAŞKENT ECZANESİ,Adiyaman,Merkez,37.75441,38.2588,Adıyaman,Correct
3575B22A-EDC6-4CC5-A3A0-78E22D596473,DENİZ ECZANESİ,Adiyaman,Kahta,37.79795,38.60584,Adıyaman,Correct
CA89CD00-B57A-4A09-8B66-78EC1E8592DE,ADIYAMAN MERKEZ 1 NOLU AİLE SAĞLIĞI MERKEZİ,Adiyaman,Merkez,37.76319,38.27423,Adıyaman,Correct
F5D659D8-DB6F-4E42-B10C-7973ABB825CA,ADIYAMAN KAHTA 5 NOLU AİLE SAĞLIĞI MERKEZİ,Adiyaman,Kahta,37.79049,38.63122,Adıyaman,Correct
D8813589-39D3-4729-A57D-7A33D2B5EBFB,LOKMAN ECZANESİ,Adiyaman,Merkez,37.76773,38.27022,Adıyaman,Correct
ECA84975-8D59-4E7A-9AE7-7A813FABA68D,TURAN ECZANESİ,Adiyaman,Merkez,37.75379,38.27893,Adıyaman,Correct
F4CE7523-FFC0-49D8-A574-7ABAB5E6937F,BULAMLAR ECZANESİ,Adiyaman,Besni,37.68681,37.86897,Adıyaman,Correct
6CCA90BE-B6DC-42DF-9136-80A5F973FCC5,SİNEM ECZANESİ,Adiyaman,Merkez,37.85807,38.42753,Adıyaman,Correct
3CA4DCB3-76DD-4D31-8CF1-811D9F9B8293,DOLAŞ ECZANESİ,Adiyaman,Merkez,37.761,38.283,Adıyaman,Correct
A96D0511-9A32-4470-9105-8204BDEB49FF,KUBRA ECZANESI,Adiyaman,Merkez,37.76181,38.27156,Adıyaman,Correct
F9C5B6D3-1159-42F8-A0E8-83B7D984359C,SEVİLAY ECZANESİ,Adiyaman,Merkez,37.76072,38.28314,Adıyaman,Correct
60CBF9AB-D295-4FDD-84F3-83E960241DC7,KÖSELER ECZANESİ,Adiyaman,Gölbaşi,37.63673,37.57977,Adıyaman,Correct
8F3E1593-9860-4A46-A938-84D7F55C04E0,ADIYAMAN MERKEZ 16 NOLU AİLE SAĞLIĞI MERKEZİ,Adiyaman,Merkez,37.74991,38.22616,Adıyaman,Correct
08EEAB44-144F-4CB2-A463-855C6564758F,DİLEK ECZANESİ,Adiyaman,Merkez,37.7522,38.25285,Adıyaman,Correct
54C2E0E8-3151-4DE6-9B6F-88926F2DFC4D,DÜNYA ECZANESİ,Adiyaman,Merkez,37.75199,38.24313,Adıyaman,Correct
F82DD76B-9F88-4737-9254-89ED6E0B85ED,GAMZE ECZANESİ,Adiyaman,Merkez,37.77299,38.26251,Adıyaman,Correct
A412EFA8-027D-4577-B9A6-8AA75B6F2AB7,YILDIZ AĞIZ VE DİŞ SAĞLIĞI POLİKLİNİĞİ,Adiyaman,Merkez,37.76552,38.27616,Adıyaman,Correct
7015C03C-5761-48FE-856E-8CB12A6D1348,KARAKAYA ECZANESİ,Adiyaman,Kahta,37.76722,38.27056,Adıyaman,Correct
790844E1-0E3C-4570-9A05-8D56D37F0514,KUZEY ECZANESİ,Adiyaman,Kahta,37.68714,37.85385,Adıyaman,Correct
0CB7AECB-7A38-4066-936C-8D6CEAF77061,YAŞAR ECZANESİ,Adiyaman,Merkez,37.76172,38.27129,Adıyaman,Correct
6F85A693-1A23-4C7A-9713-8DFAA1D18B47,BEYZA ECZANESİ,Adiyaman,Merkez,39.49967,-76.21956,No Info,No Info
C27C557E-9270-42DE-B967-8DFEF67A3EB7,KARALÖK ECZANESİ,Adiyaman,Merkez,37.76356,38.27454,Adıyaman,Correct
06F693D0-CF6E-4B34-9F65-912B1A7EB0E7,ADIYAMAN MERKEZ 7 NOLU AİLE SAĞLIĞI MERKEZİ,Adiyaman,Merkez,37.75502,38.28874,Adıyaman,Correct
8D92F17D-9C03-4EB0-A11F-925A6E047549,EGE ECZANESİ,Adiyaman,Tut,37.79671,37.91142,Adıyaman,Correct
769EA09E-F61D-49D8-A1B6-93C51AA97B2D,ADIYAMAN MERKEZ 9 NOLU AİLE SAĞLIĞI MERKEZİ,Adiyaman,Merkez,37.75443,38.25879,Adıyaman,Correct
81ECD1DC-07BB-403D-89A1-93CDFB322D0B,YENİ ECZANESİ,Adiyaman,Besni,37.68996,37.86391,Adıyaman,Correct
120C9289-484A-4DEF-A4FA-947B6BF1374D,AKYÜZ ECZANESİ,Adiyaman,Merkez,37.76164,38.27104,Adıyaman,Correct
60A49705-8DB4-4F42-94F0-962C2E45CC11,AYKUT ECZANESİ,Adiyaman,Besni,37.7623,38.27353,Adıyaman,Correct
2F145F8C-A6F1-4B55-911F-9672C387008B,MEHMET ALİ DOĞAN ECZANESİ,Adiyaman,Merkez,37.73921,38.23127,Adıyaman,Correct
B84F0F55-7937-40CD-A7E9-9A8FC3005C11,KETENCİOĞLU ECZANESİ,Adiyaman,Merkez,37.7681,38.32126,Adıyaman,Correct
F3865B47-636E-44A4-89D7-9AFD3C5BFC3A,ÇELİKHAN ECZANESİ,Adiyaman,Çelikhan,37.79221,38.61689,Adıyaman,Correct
EBBF60E4-FA7E-4186-AB4B-9C0351301363,TURANLI ECZANESİ,Adiyaman,Kahta,37.79814,38.60759,Adıyaman,Correct
A9F2CE17-1CCE-4ACE-9D79-9C31AB61757B,BİLEN ECZANESİ,Adiyaman,Merkez,37.76616,38.2779,Adıyaman,Correct
DFAB9F2D-3128-4A14-A9A1-9C38093880A7,ÖZEL ADIYAMAN FATOŞ İLHAN DİYETİSYEN KLİNİĞİ,Adiyaman,ADIYAMAN MERKEZ,37.76333,38.27558,Adıyaman,Correct
93C3F0CB-558D-4895-B311-9C77EF5FCEC0,BAKIR ECZANESİ,Adiyaman,Kahta,37.79626,38.60538,Adıyaman,Correct
B3CE731E-5518-4D81-B084-9D348056F048,NERGİZ ECZANESİ,Adiyaman,Besni,37.69091,37.86254,Adıyaman,Correct
B41C1BC6-0FFE-425E-8BF1-9DAB1A9AD203,KAYA ECZANESİ,Adiyaman,Kahta,37.79777,38.60578,Adıyaman,Correct
7057533C-AF3E-4F65-BC1F-9F81A57D7CBD,SAĞTEKİN ECZANESİ,Adiyaman,Merkez,37.73953,38.231,Adıyaman,Correct
A32DFC73-87A5-4A51-849D-A01A8120F09F,ADIYAMAN BESNI DEVLET HASTANESI,Adiyaman,Besni,37.69272,37.8612,Adıyaman,Correct
EB17B4DE-8C76-4707-8EC6-A0580B0EFA0D,GÜLEŞ ECZANESİ,Adiyaman,Merkez,37.77315,38.26243,Adıyaman,Correct
697B3973-1C6F-4359-8C8F-A0B3B459CFB1,GÖÇERİ İLÇE DEVLET HASTANESİ,Adiyaman,Kahta,37.78187,38.74655,Adıyaman,Correct
EC4BE492-E6BB-4BD6-918C-A251211612B0,ADIYAMAN MERKEZ 8 NOLU AİLE SAĞLIĞI MERKEZİ,Adiyaman,Merkez,37.76467,38.28838,Adıyaman,Correct
0002B39E-0133-4885-A84A-A2568F404C14,ADIYAMAN MERKEZ 6 NOLU AİLE SAĞLIĞI MERKEZİ,Adiyaman,Merkez,37.74012,38.23524,Adıyaman,Correct
FCF91A37-0D6D-4885-9DBA-A37B3CFB5323,ALEV ECZANESİ,Adiyaman,Merkez,37.76011,38.27318,Adıyaman,Correct
B91B2313-184C-49A0-B456-A3814BBDDD29,ÖZEL GÖZDE ADIYAMAN HASTANESİ,Adiyaman,Merkez,37.76427,38.27233,Adıyaman,Correct
984FFA30-6412-49A7-93DA-A3853C73CCE8,ADIYAMAN BESNİ ŞAMBAYAT AİLE SAĞLIĞI MERKEZİ,Adiyaman,Besni,37.68387,38.04518,Adıyaman,Correct
48D3052F-C8BA-45EA-B318-A3B627D5DBDD,GÜNDOĞAN ECZANESİ,Adiyaman,Besni,37.70409,37.85927,Adıyaman,Correct
CB6DDF82-7CA2-4246-B9F1-A3E810B7A42E,ADIYAMAN AĞİZ VE DIŞ SAĞLİĞİ MERKEZI,Adiyaman,Merkez,37.75002,38.25141,Adıyaman,Correct
5E10E56C-9D18-4BD7-96B4-A43360EE66DF,KAHTA ECZANESİ,Adiyaman,Kahta,37.78372,38.62426,Adıyaman,Correct
C1F9AB98-D872-428B-BE96-A772DC688500,YETKİN ECZANESİ,Adiyaman,Merkez,37.76469,38.28824,Adıyaman,Correct
A59791CC-5882-44E6-BB45-A7EBFAB88D99,YAYLAGÜL ECZANESİ,Adiyaman,Kahta,37.78156,38.74606,Adıyaman,Correct
0AA432C8-0D2C-4760-BC2F-A809953E6F9B,IRMAK ECZANESİ,Adiyaman,Besni,37.6898,37.86415,Adıyaman,Correct
872ECFE0-FAB2-4D27-B140-A9791937EB08,ELİF ECZANESİ,Adiyaman,Merkez,37.76895,38.27522,Adıyaman,Correct
FB396AAF-0834-4ADE-A0D3-A9BAE72ADE07,BESNİ DEVLET HASTANESİ AĞIZ VE DİŞ SAĞLIĞI POLİKLİNİĞİ,Adiyaman,Besni,37.68845,37.86661,Adıyaman,Correct
7CD80287-490E-485F-BBE2-A9DCF2971E10,EYLÜL ECZANESİ,Adiyaman,Merkez,37.76791,38.32141,Adıyaman,Correct
01402679-7AB1-4C8E-842E-AA70082E6A45,YENI PINARBASI ECZANESI,Adiyaman,Çelikhan,37.79669,38.61328,Adıyaman,Correct
304BDA7E-0E6E-4B72-95BE-AB65D94CC9A9,ADIYAMAM EĞİTİM VE ARAŞTIRMA HASTANESİ ECZANESİ,Adiyaman,Merkez,37.76218,38.30195,Adıyaman,Correct
688AE3F0-88CF-4FB9-8CD5-AF2B567F8FDF,PINAR ECZANESİ,Adiyaman,Merkez,37.76309,38.30078,Adıyaman,Correct
8E51A6D9-3E83-4DDC-91E8-B068FF04F734,ADIYAMAN KAHTA 4 NOLU AİLE SAĞLIĞI MERKEZİ,Adiyaman,Kahta,37.79598,38.62191,Adıyaman,Correct
03E8AA99-4E6E-41A0-ADC2-B1BF904AC475,ADIYAMAN MERKEZ DOYRAN AİLE SAĞLIĞI MERKEZİ,Adiyaman,Merkez,37.66867,38.14523,Adıyaman,Correct
903DB785-E458-4548-B62A-B2FBBDE62CE5,ADIYAMAN MERKEZ 5 NOLU AİLE SAĞLIĞI MERKEZİ,Adiyaman,Merkez,37.75401,38.27957,Adıyaman,Correct
A5564715-E298-4F51-8682-B30EC596DEA5,DERMAN ECZANESİ,Adiyaman,Kahta,37.78247,38.62334,Adıyaman,Correct
4CF9F459-A015-4715-AE63-B538F02E28F6,TUT ECZANESİ,Adiyaman,Tut,37.79654,37.9119,Adıyaman,Correct
08AF72CE-585D-417C-BF7C-B5579BC6F7AE,GÜL ECZANESİ,Adiyaman,Besni,37.68762,37.84487,Adıyaman,Correct
EAC9229D-2613-4C4A-B1B8-B5DA1A3662A2,GERGER İLÇE DEVLET HASTANESİ,Adiyaman,Gerger,37.78277,38.74775,Adıyaman,Correct
1A229B4F-5919-4622-B2C2-B612903BE8E2,DEVA ECZANESİ,Adiyaman,Besni,37.68534,38.04466,Adıyaman,Correct
978B101E-0A2B-4770-83F1-B8D13A77C12B,GÜVEN ECZANESİ,Adiyaman,Merkez,37.75233,38.24372,Adıyaman,Correct
80A89665-E0CD-4393-81D0-BA4D8324DCB3,AYSUN KALENDEROĞLU MUAYENEHANESİ,Adiyaman,ADIYAMAN MERKEZ,39.01547,-76.86516,No Info,No Info
05268878-F4CC-4A34-9981-BC0015573210,SAMSAT İLÇE DEVLET HASTANESİ,Adiyaman,Samsat,37.75551,38.25117,Adıyaman,Correct
A11EC637-BC08-456B-8D68-BCF1FDB76313,SAMSAT ECZANESİ,Adiyaman,Samsat,37.76584,38.27393,Adıyaman,Correct
730A7733-819B-40DF-95F3-BE0EB95D834E,ARMAĞAN ECZANESİ,Adiyaman,Kahta,37.76812,38.27176,Adıyaman,Correct
D331086D-5531-4B85-A780-BE21EA06B2BC,YILMAZ ECZANESİ,Adiyaman,Besni,37.68928,37.86426,Adıyaman,Correct
EBDF51B9-EC8B-43E5-8054-BF9FCEFC0D01,ADIYAMAN SİNCİK DİLEKTEPE AİLE SAĞLIĞI MERKEZİ,Adiyaman,Sincik,37.9663,38.54174,Adıyaman,Correct
1A15D093-8269-4DBB-8633-C20B94944EDE,SELİN ECZANESİ,Adiyaman,Merkez,37.76789,38.24132,Adıyaman,Correct
20CC861A-980D-4CBD-B805-C3A7F51B7E00,KAHTA GÖÇERİ ASM,Adiyaman,Kahta,37.78246,38.74726,Adıyaman,Correct
8E1A39AF-E4BF-4A64-9539-C4375AE76905,BESNİ ECZANESİ,Adiyaman,Besni,37.69018,37.86546,Adıyaman,Correct
563E2BA1-0BAF-4F23-BF01-C4BF96D9C2BE,OLCAY ECZANESİ,Adiyaman,Besni,37.6814,37.83219,Adıyaman,Correct
B89C453F-08B7-4698-B5AB-C4CF371A2463,OKAN ECZANESİ,Adiyaman,Merkez,37.7688,38.27162,Adıyaman,Correct
C049194B-8473-453C-930B-C570F299A2B1,KARDEŞLER ECZANESİ,Adiyaman,Merkez,37.7622,38.27276,Adıyaman,Correct
D70B37BB-4A65-4AFF-A0EE-C59FB3598286,HAYAT ECZANESİ,Adiyaman,Kahta,37.80033,38.61513,Adıyaman,Correct
D8E982F0-C1DF-4C30-8024-C7A67A962D32,ADIYAMAN MERKEZ 13 NOLU AİLE SAĞLIĞI MERKEZİ,Adiyaman,Merkez,37.74583,38.245,Adıyaman,Correct
63F3800F-27F8-4A19-A120-C9F4635516B2,ARZU ECZANESİ,Adiyaman,Merkez,37.75468,38.28934,Adıyaman,Correct
78216447-B887-4E9B-8B70-CCEC67D62FF0,GÜNER ECZANESİ,Adiyaman,Besni,37.68909,37.87512,Adıyaman,Correct
D2BA5CFD-87D6-4678-8129-CD173CAE3166,ADIYAMAN KAHTA 7 NOLU AİLE SAĞLIĞI MERKEZİ,Adiyaman,Kahta,37.79763,38.61153,Adıyaman,Correct
0F8E0A93-5371-496E-B3B9-CDC59AB62F02,KENGERLİ ECZANESİ,Adiyaman,Tut,37.79606,37.90795,Adıyaman,Correct
4DEFCFD0-3793-4CF3-A292-CFF0A37CAB0A,ZEYNEP ECZANESİ,Adiyaman,Merkez,37.76503,38.28802,Adıyaman,Correct
C16BCEDE-87D9-4DA1-B237-D0B29DC01A4D,BESNİ SARIYAPRAK ASM,Adiyaman,Besni,37.58716,37.73089,Adıyaman,Correct
5DBEB0C9-029B-41B8-8E31-D326B9FE88F9,PINAR ECZANESİ,Adiyaman,Kahta,37.79763,38.60574,Adıyaman,Correct
ACDC8260-3819-4878-8A29-D35A38C214C8,ERKAN ECZANESİ,Adiyaman,Merkez,37.68661,37.86934,Adıyaman,Correct
3AB64A76-D651-4B6F-B3A1-D36B61F30537,ADIYAMAN ÇELİKHAN PINARBAŞI AİLE SAĞLIĞI MERKEZİ,Adiyaman,Çelikhan,38.03147,38.20209,Adıyaman,Correct
1AC42672-C9A8-46C0-AB23-D3DFC7D42CA0,ÖNER ECZANESİ,Adiyaman,Merkez,37.76803,38.32131,Adıyaman,Correct
21C5E11F-C918-420E-9865-D474929B44CF,GOZDE ECZANESİ,Adiyaman,Merkez,37.76163,38.27101,Adıyaman,Correct
AE9A596D-1DDE-4820-9CB8-D47706A8957F,ADIYAMAN GÖLBAŞI 2 NOLU AİLE SAĞLIĞI MERKEZİ,Adiyaman,Gölbaşi,37.78477,37.63612,Adıyaman,Correct
B8B726FF-4CAB-44BD-8C0F-D551E596B7D3,BURAK PEKTAŞ ECZANESİ,Adiyaman,Merkez,37.798,38.61189,Adıyaman,Correct
DEFE404A-29B4-478F-B156-D56AA01335FA,LOKMAN ECZANESİ,Adiyaman,Gölbaşi,37.77777,37.62637,Adıyaman,Correct
B653BEB9-9687-4E7C-A3A1-D57A37B68E4D,KARAGÖZ ECZANESİ,Adiyaman,Merkez,37.76767,38.3255,Adıyaman,Correct
B7948253-B2F0-4CF2-88C5-D5F9507AC812,YILDIZ ECZANESİ,Adiyaman,Kahta,37.77091,38.62058,Adıyaman,Correct
75FCA2E8-F1F6-4E4A-A820-D6C9BBD17116,ÖZDEMİR ECZANESİ,Adiyaman,Gölbaşi,37.76038,38.26655,Adıyaman,Correct
420D81E2-1FA6-4A10-BA39-D79C5724F07B,UTUŞ ECZANESİ,Adiyaman,Kahta,37.79026,38.63247,Adıyaman,Correct
E6C4E8D3-9650-4907-9BB1-DA4B76C502B5,15 TEMMUZ AYŞE-HASAN GÜNDÜZ BESNİ 4 NOLU ASM,Adiyaman,Besni,37.68544,37.82289,Adıyaman,Correct
9B0A8101-C10E-44B0-B639-DB5266458907,GÖRMEZ ECZANESİ,Adiyaman,Merkez,37.76805,38.24243,Adıyaman,Correct
CC964BE1-BDA7-4A59-93BB-DE04AA50B408,ADIYAMAN KAHTA DEVLET HASTANESI,Adiyaman,Kahta,37.79801,38.60586,Adıyaman,Correct
ED22FAA5-717A-4B05-8031-DFBEED4D318E,ADIYAMAN KAHTA 1 NOLU AİLE SAĞLIĞI MERKEZİ,Adiyaman,Kahta,37.78481,38.62401,Adıyaman,Correct
3C2283C4-4B8E-4C01-A9FD-E0038718BF65,ÖNCEL ECZANESİ,Adiyaman,Merkez,37.76305,38.3008,Adıyaman,Correct
202479DB-4CD6-4DD0-81AB-E0A22C1DAE9A,NARİNCE ECZANESİ,Adiyaman,Kahta,37.88145,38.76456,Adıyaman,Correct
C1925875-B268-4DDC-B320-E0B340446ECB,ÖZGÜR ECZANESİ,Adiyaman,Merkez,37.76271,38.25578,Adıyaman,Correct
D4174A26-C608-4A2C-9374-E16B4075BF57,KÖROĞLU ECZANESİ,Adiyaman,Merkez,37.76295,38.25569,Adıyaman,Correct
D2C36799-F6F2-4E47-AE4B-E1DD66F3CE3F,ADIYAMAN MERKEZ HASANCIK AİLE SAĞLIĞI MERKEZİ,Adiyaman,Merkez,37.77094,38.43774,Adıyaman,Correct
D43F540D-945A-435A-9C93-E2E87CBF234B,İBRAHİM TERZİOĞLU DİYETİSYEN KLİNİĞİ,Adiyaman,ADIYAMAN MERKEZ,37.76036,38.26163,Adıyaman,Correct
28CB1A0E-CD36-469A-B3F6-E3A272CEE00E,ADIYAMAN BESNİ KUTLUCA AİLE SAĞLIĞI MERKEZİ,Adiyaman,Besni,37.59389,37.97614,Adıyaman,Correct
C67D507F-956C-49D6-82EB-E4628E19CD01,DERYA ECZANESİ,Adiyaman,Merkez,37.77337,38.28194,Adıyaman,Correct
0764B071-F597-49E7-AD26-E4CE1F201420,GÖLBAŞI DEVLET HASTANESİ,Adiyaman,Gölbaşi,37.69362,37.8624,Adıyaman,Correct
D06B20F8-0913-4761-9E2F-E59B1EFB28FB,TALTEM ECZANESİ,Adiyaman,Çelikhan,37.78335,38.62795,Adıyaman,Correct
F20A80E6-7DB8-4338-809B-E5BB5ACE5947,DERMAN ECZANESİ,Adiyaman,Merkez,36.77105,28.81306,Muğla,Wrong
7608E25F-84AF-4957-BED7-E83EEA4FC11E,DENİZ ECZANESİ,Adiyaman,Merkez,37.76752,38.32037,Adıyaman,Correct
44EA9121-F2EB-422A-8FE9-E91450865A95,NEHİR ECZANESİ,Adiyaman,Gölbaşi,37.63647,37.58311,Adıyaman,Correct
4B24301B-DC9A-487C-9055-EA3898792164,ÜNİVERSİTE ECZANESİ,Adiyaman,Merkez,37.76312,38.30077,Adıyaman,Correct
831AD2FB-EFC8-41FD-81B6-EAA6B6A06610,BAYBATMAZ ECZANESI,Adiyaman,Merkez,37.78422,38.29913,Adıyaman,Correct
8838FC0D-C1C4-4F39-A39D-EC196602644F,ERBİL ECZANESİ,Adiyaman,Merkez,37.76167,38.27114,Adıyaman,Correct
B60B4B96-AECE-4499-9B9A-EE5644399105,BAŞPINAR ECZANESİ,Adiyaman,Merkez,37.76229,38.27302,Adıyaman,Correct
8DEA7F94-7953-4DAA-BCC3-EECB78C1A3BC,NİDA BAKIR ECZANESİ,Adiyaman,Kahta,37.79806,38.60778,Adıyaman,Correct
25E1820B-BFA2-42F5-900F-EFD7CBA5CB47,ADIYAMAN MERKEZ 4 NOLU AİLE SAĞLIĞI MERKEZİ,Adiyaman,Merkez,37.76003,38.2429,Adıyaman,Correct
BE2C82B7-5262-4357-932E-F1F08246A0EA,ANKARA ECZANESİ,Adiyaman,Merkez,37.76431,38.28866,Adıyaman,Correct
B360663B-AFBE-4B43-85F6-F4400255B3F9,MEHMET SALICI KLİNİK,Adiyaman,Kahta,37.7983,38.60648,Adıyaman,Correct
4D1FAAF6-DC55-4ED1-97D7-F471AC7E9391,PEKER ECZANESİ,Adiyaman,Sincik,37.78626,38.62738,Adıyaman,Correct
831F70FF-E9AF-4047-AE45-F525579991C7,HACETTEPE ECZANESİ,Adiyaman,Merkez,37.76004,38.24325,Adıyaman,Correct
ADE80251-AAD3-4567-9A65-F56BC187F96D,AKEL ECZANESİ,Adiyaman,Kahta,37.78534,38.62422,Adıyaman,Correct
9BF14DAD-F505-457B-B779-F6705A1AD79C,ADIYAMAN GÖLBAŞI BALKAR AİLE SAĞLIĞI MERKEZİ,Adiyaman,Gölbaşi,37.73144,37.56237,Adıyaman,Correct
E8504F5B-90C6-48E0-9F2A-F74913F7E5E9,ADIYAMAN MERKEZ 17 NOLU AİLE SAĞLIĞI MERKEZİ,Adiyaman,Merkez,37.76166,38.29456,Adıyaman,Correct
D41E6E1C-247F-4F51-B9FC-F8A30D7DE4E6,KEREM ECZANESI,Adiyaman,Merkez,37.75409,38.24945,Adıyaman,Correct
6418A7FB-8C80-4944-99E6-F8BEFA074E56,ADIYAMAN ÇELİKHAN AİLE SAĞLIĞI MERKEZİ,Adiyaman,Çelikhan,38.03427,38.24557,Adıyaman,Correct
C5483B3D-3D1A-4B96-BB9E-F8EC06096C2D,HAZAL ECZANESİ,Adiyaman,Merkez,37.75238,38.24386,Adıyaman,Correct
754D568D-CB76-43AD-AE5B-F913B382F49D,GERGER ECZANESİ,Adiyaman,Gerger,38.02897,39.03384,Adıyaman,Correct
B5E41531-A685-4C7D-B312-F980C852A43A,BAYRAM ECZANESI,Adiyaman,Kahta,37.79896,38.60736,Adıyaman,Correct
D82B9326-ED0C-4FC6-9ECB-F9C3E48E6CCB,TAŞ ECZANESİ,Adiyaman,Besni,37.6923,37.86137,Adıyaman,Correct
B2BF41A6-DCC6-459E-810B-FBD6BC3C946C,YAŞAM ECZANESİ,Adiyaman,Merkez,37.78434,38.2962,Adıyaman,Correct
A1AA3927-A25E-4250-AD72-FC5B89AEF10E,HACETTEPE ECZANESİ,Adiyaman,Kahta,37.7977,38.60576,Adıyaman,Correct
02D14531-8A68-4B3A-95F1-FC8FDCADEF36,AKSA ECZANESİ,Adiyaman,Kahta,37.78348,38.62408,Adıyaman,Correct
FE354ED0-780F-4D60-92B9-FD1F3F16E358,ADIYAMAN SAMSAT 1 NOLU AİLE SAĞLIĞI MERKEZİ,Adiyaman,Samsat,37.58382,38.48299,Adıyaman,Correct
F622B9C0-1B0D-4891-B334-FE26608172FE,UMUT ECZANESİ,Adiyaman,Besni,37.69155,37.8619,Adıyaman,Correct
BDBD2DE6-0ABD-48D3-A6A0-FE63472188BF,ÇINAR ECZANESİ,Adiyaman,Kahta,37.78385,38.62436,Adıyaman,Correct
5AF53C2A-7107-4BDA-878B-FEEBBBD18B9C,ADIYAMAN MERKEZ 12 NOLU AİLE SAĞLIĞI MERKEZİ,Adiyaman,Merkez,37.77405,38.26363,Adıyaman,Correct
6FACCD21-DC64-48C0-8477-FF35AF3C28D7,SAĞLIK ECZANESİ,Adiyaman,Besni,37.69042,37.86318,Adıyaman,Correct
