UnitId,UnitName,CityName,DistrictName,Latitude,Longitude,DetectedCity,Match
AE9D0C47-44DE-4A9E-A79F-00A9B33F6B1A,DERİNKUYU İLÇE ENTEGRE HASTANESİ,Nevşehir,Derinkuyu,37.08954,28.22134,Muğla,Wrong
EA1BEA72-9F3E-458A-86E1-028640AE94C3,YAŞAM ECZANESİ,Nevşehir,Ürgüp,38.63304,34.91321,Nevşehir,Correct
0C39F4D4-65D5-4983-946F-02C50FF2F658,PAMUKCU ECZANESİ,Nevşehir,Merkez,38.62699,34.71887,Nevşehir,Correct
CD63B98D-91C5-4D17-8CC1-033A415EE885,ATAN ECZANESİ,Nevşehir,Ürgüp,38.63016,34.91333,Nevşehir,Correct
92D648B6-1E11-4CBC-81EF-05B0FBBF7F5B,NEVŞEHİR ÜRGÜP ORTAHİSAR AİLE SAĞLIĞI MERKEZİ,Nevşehir,Ürgüp,38.62252,34.86457,Nevşehir,Correct
3B2B8616-D354-4120-A7DF-0653C53361D5,ÜRGÜP ECZANESİ,Nevşehir,Ürgüp,38.63018,34.91028,Nevşehir,Correct
C2D1489D-704F-4FA9-BFB0-079FB661ABF0,AKÜN ECZANESİ,Nevşehir,Merkez,41.16898,29.05757,İstanbul,Wrong
841E7E9B-7879-4461-BDFE-097781C57209,SEÇEN ECZANESİ,Nevşehir,Merkez,38.61328,34.70357,Nevşehir,Correct
8A426B56-28B0-428C-8149-09DD7D6672AA,GÜLCE ECZANESİ,Nevşehir,Merkez,38.64736,34.73478,Nevşehir,Correct
CC03C41E-D369-4346-8DA5-0CA248D20C04,NEV DENT AĞIZ VE DİŞ SAĞLIĞI POLİKLİNİĞİ,Nevşehir,Merkez,38.63066,34.91115,Nevşehir,Correct
3109AF3E-2A07-48AE-9121-0D967726DBEF,HÜLYA ECZANESİ,Nevşehir,Ürgüp,38.63074,34.91439,Nevşehir,Correct
7DCE12A2-59A3-4B56-91C0-0DCB2813F04C,NEVŞEHİR GÜLŞEHİR TUZKÖY AİLE SAĞLIĞI MERKEZİ,Nevşehir,Gülşehir,38.76578,34.50347,Nevşehir,Correct
525EAAA4-452C-479C-89F3-0E6F5FF12E5A,ZEHRA NAZAN YALÇIN MUAYENEHANESİ,Nevşehir,Avanos,38.71847,34.84649,Nevşehir,Correct
EC0663C7-C1EE-480C-9800-0F2957DF896B,EYLÜL ECZANESİ,Nevşehir,Merkez,38.62528,34.71531,Nevşehir,Correct
7AAF9DF6-347B-4DAD-9807-1072C65A46EB,AYDAN ECZANESİ,Nevşehir,Ürgüp,38.62126,34.86535,Nevşehir,Correct
1C36D2EB-5AB3-459F-A4F9-118277BA277A,NEVŞEHİR ÜRGÜP AİLE SAĞLIĞI MERKEZİ,Nevşehir,Ürgüp,38.63229,34.91202,Nevşehir,Correct
C7C213A6-EFEF-44FA-8D70-11F9720FBBBC,MERVE ECZANESI,Nevşehir,Merkez,39.50597,-76.21116,No Info,No Info
E6F23C2D-1B2B-46B2-80A2-135EC8FDA52D,NEVŞEHİR MERKEZ TSM,Nevşehir,Merkez,38.64621,34.82908,Nevşehir,Correct
7867EE99-AE66-454B-92D9-137F4D7801C5,BAHADIR ECZANESİ,Nevşehir,Gülşehir,38.75121,34.61792,Nevşehir,Correct
6CCF430C-8B52-47BC-AEA4-14D7AD04EAA0,NEVŞEHİR AVANOS AİLE SAĞLIĞI MERKEZİ,Nevşehir,Avanos,38.71962,34.84941,Nevşehir,Correct
0A234185-6F78-4012-91BD-18A32DCC609C,CENGİZ UZEL MUAYENEHANESİ,Nevşehir,Merkez,38.62456,34.71511,Nevşehir,Correct
BA91514E-0736-45AD-BA3D-1A43DBC1C407,NEVŞEHİR MERKEZ TOKİ AİLE SAĞLIĞI MERKEZİ,Nevşehir,Merkez,38.613,34.7001,Nevşehir,Correct
068D2459-7AD3-4585-AAFE-1ACD51A32D0A,OZAN ECZANESİ,Nevşehir,Ürgüp,38.63116,34.91392,Nevşehir,Correct
3F46C530-4195-4CF7-B6CF-1D1F21F3025F,ÇAĞLAR ECZANESİ,Nevşehir,Kozakli,39.21485,34.85303,Nevşehir,Correct
0EBA0CFB-964C-41A2-8FA9-1D68C20C33C7,AÇIKGÖZ ECZANESİ,Nevşehir,Merkez,38.62432,34.71485,Nevşehir,Correct
E1EF6444-FF00-4985-9A04-1E7882049E6B,ALTINOLUK ECZANESİ,Nevşehir,Merkez,38.64267,34.73315,Nevşehir,Correct
40861DD5-39A9-425B-B6F2-201C182CE697,ERGÜN ECZANESİ,Nevşehir,Merkez,38.63294,34.73771,Nevşehir,Correct
C85CBD46-061F-4A6E-905B-21581B31ECE8,ORKUN ECZANESİ,Nevşehir,Avanos,38.71228,34.84458,Nevşehir,Correct
936194FC-C75D-483E-A2C5-220480645F2A,ANADOLU ECZANESİ,Nevşehir,Merkez,38.62669,34.71426,Nevşehir,Correct
D0D0410D-81D9-4160-85AC-226512C2FA13,EGE ECZANESİ,Nevşehir,Merkez,38.62928,34.73453,Nevşehir,Correct
ADA69876-91D2-4CA2-92D4-253FE06CD86D,PARLAK ECZANESİ,Nevşehir,Gülşehir,38.7495,34.61827,Nevşehir,Correct
8C28B94E-7891-4C86-914A-25DD1F6F2283,DÖRTKOL ECZANESİ,Nevşehir,Merkez,38.62758,34.72,Nevşehir,Correct
D5CA085C-7E24-49BF-B7B9-262BF5F3F1A8,ARISOY ECZANESİ,Nevşehir,Merkez,38.60471,34.69429,Nevşehir,Correct
2C4F72A3-2A28-4069-A0B4-26C633909194,DERMAN ECZANESİ,Nevşehir,Merkez,38.62988,34.72855,Nevşehir,Correct
BFB4444A-23C1-4C3E-8825-26CF9F68C6C7,AHMET HAZIM AVŞAROĞLU MUAYENEHANESİ,Nevşehir,Merkez,39.21396,34.85488,Nevşehir,Correct
1A22DFA6-9792-438D-BE1B-284367EA646F,MERYEM ECZANESİ,Nevşehir,Avanos,38.96458,35.00237,Nevşehir,Correct
31485634-F087-4235-8477-284DA736957B,MEHMET BİLGİN MUAYENEHANESİ,Nevşehir,Merkez,38.55022,34.50931,Nevşehir,Correct
24EF2FA2-7E27-45A2-B5EE-2A277B82D50F,REHBER ECZANESİ,Nevşehir,Merkez,38.60456,34.69424,Nevşehir,Correct
50856A5B-335C-4769-8613-2AC1B66A1517,YETİŞ ECZANESİ,Nevşehir,Ürgüp,38.58309,34.89695,Nevşehir,Correct
93E3010C-7A1B-4B77-9916-2B50B699BE77,BEKTAŞ ECZANESİ,Nevşehir,Hacibektaş,38.93946,34.5566,Nevşehir,Correct
EF5ABBDF-881F-4972-B30A-2E8923654342,AHMET YAŞAR EŞMEKAYA AİLE SAĞLIĞI MERKEZİ,Nevşehir,NEVŞEHİR MERKEZ,38.62465,34.71386,Nevşehir,Correct
06D6B5E5-BF63-4303-9B38-2E9BD4A23C50,NEVŞEHİR KOZAKLI AİLE SAĞLIĞI MERKEZİ,Nevşehir,Kozakli,39.21066,34.85733,Nevşehir,Correct
2F525BF3-4B96-4E98-AB30-2F10ADB7E52A,GÜL ECZANESİ,Nevşehir,Merkez,38.62563,34.71018,Nevşehir,Correct
B6786847-2196-43CD-A64C-309E182598C8,NEVŞEHİR MERKEZ GÖÇMEN SAĞLIĞI MERKEZİ,Nevşehir,Merkez,39.61937,-76.05996,No Info,No Info
21802C68-6477-4982-BABC-30A7479B0257,OKGERMAN ECZANESİ,Nevşehir,Ürgüp,38.63394,34.91441,Nevşehir,Correct
453E763B-5FB7-4726-BCF5-353E388D32EC,ADNAN YASSI MUAYENEHANESİ,Nevşehir,Avanos,38.71882,34.84872,Nevşehir,Correct
2B62797E-B31F-4DDF-93AE-3BE97E228799,ALP DENTAL AĞIZ VE DİŞ SAĞLIĞI POLİKLİNİĞİ,Nevşehir,Merkez,38.64182,34.73223,Nevşehir,Correct
A6D54C90-4F62-4C4A-A4D2-3CEEE378EE90,AYDIN ECZANESİ,Nevşehir,Merkez,38.62616,34.70596,Nevşehir,Correct
20E62E87-2569-41F5-8DF2-3DABCB207391,NEVŞEHİR ACIGÖL TATLARİN AİLE SAĞLIĞI MERKEZİ,Nevşehir,Acigöl,38.6379,34.47313,Nevşehir,Correct
CBF312A0-E069-40FF-A194-3E327AE50094,İPEK ECZANESİ,Nevşehir,Merkez,38.64505,34.7333,Nevşehir,Correct
6A553F25-AD8A-456C-A5A4-3E6F917C4657,AYSUN ECZANESİ,Nevşehir,Avanos,38.80838,34.83307,Nevşehir,Correct
322B84D7-F127-474B-B825-3E98D6E02267,GÜLŞAD ECZANESİ,Nevşehir,Merkez,38.92727,-76.98276,No Info,No Info
AF90B0DB-00B2-4DB5-977E-3F218E0FDF4F,TOPAKLI ECZANESİ,Nevşehir,Avanos,38.81156,34.83481,Nevşehir,Correct
89744A80-521B-42FC-B408-401DCD92B98E,KOZAKLI ECZANESİ,Nevşehir,Kozakli,39.21241,34.85533,Nevşehir,Correct
69C65902-4751-4DD8-B9D8-408E7863D93E,H.RABIA BOYACI ASM,Nevşehir,Merkez,38.62765,34.69769,Nevşehir,Correct
10DA43C3-90DD-4F4B-A8D2-40A19FF31454,NEVŞEHİR DEVLET HASTANESİ,Nevşehir,Merkez,38.6328,34.91274,Nevşehir,Correct
3ED4DD94-B85B-48F9-8162-429A3C48896B,MUHARREM NİHAYET PASLANMAZ AİLE SAĞLIĞI MERKEZİ,Nevşehir,Merkez,38.55022,34.50926,Nevşehir,Correct
768138E7-3A49-401E-A1BE-439B6538DDC0,KADIOĞLU ECZANESİ,Nevşehir,Merkez,38.61485,34.70471,Nevşehir,Correct
7E6F56D8-C9C5-4FB0-BFBE-490D06780A10,SAĞLIK ECZANESİ,Nevşehir,Avanos,38.64158,34.71774,Nevşehir,Correct
67874944-5064-4766-9729-4A050FD051AA,NEVŞEHİR MERKEZ 1 NOLU AİLE SAĞLIĞI MERKEZİ,Nevşehir,Merkez,38.61789,34.70679,Nevşehir,Correct
78265222-8E09-4FCA-8909-4BD67F3FB4FA,MÜGE ECZANESİ,Nevşehir,Merkez,38.62979,34.71139,Nevşehir,Correct
D4115ACD-11FF-4E4D-823B-4BE03DC609D8,NEVŞEHİR KAMU HASTANELERİ BİRLİĞİ GENEL SEKRETERLİĞİ,Nevşehir,Merkez,38.65066,34.73268,Nevşehir,Correct
604F699A-4A0E-457B-ABD8-4E000511DADD,DİYETİSYEN ÖZGE UÇAR BESLENME VE DİYET KLİNİĞİ,Nevşehir,Merkez,38.63801,34.73374,Nevşehir,Correct
6B716EB2-97C1-4C2C-864C-4F2EBD6B7609,YAZIHÜYÜK ECZANESİ,Nevşehir,Derinkuyu,38.34191,34.63482,Nevşehir,Correct
73A2C267-C0B5-496E-B29F-5009958C33E2,NURİYE ERASLAN MUAYENEHANESİ,Nevşehir,NEVŞEHİR MERKEZ,38.62481,34.71637,Nevşehir,Correct
333F566B-431F-417B-BD40-510BE45CEDEF,APAYDIN ECZANESİ,Nevşehir,Gülşehir,38.75117,34.61793,Nevşehir,Correct
6F646F6B-0139-4517-BC86-53AE43D2CE77,HUZUR ECZANESİ,Nevşehir,Merkez,38.62668,34.69725,Nevşehir,Correct
96051567-1AC8-40F1-9660-5414470A382C,GENCER ECZANESİ,Nevşehir,Merkez,38.6263,34.71616,Nevşehir,Correct
49F48A38-2BC3-4709-995F-5415EFB95AD7,EMİN ECZANESİ,Nevşehir,Merkez,38.6602,34.99405,Nevşehir,Correct
053D6BC6-E8D0-447A-8614-5545497E1D4F,İSMAİL KARAATLI MUAYENEHANESİ,Nevşehir,Merkez,38.62769,34.72409,Nevşehir,Correct
6AF90D96-E436-476D-B513-561F92FA6058,BEZEYEN ECZANESİ,Nevşehir,Merkez,38.62438,34.71411,Nevşehir,Correct
21ABE564-319E-4582-8D27-573402781D4B,ACIGÖL İLÇE ENTEGRE HASTANESİ,Nevşehir,Acigöl,38.54793,34.50014,Nevşehir,Correct
F8847A72-A35A-4858-AD18-576CC047F80E,ÖZEL KAPADOKYA HASTANESİ,Nevşehir,Merkez,38.64427,34.73376,Nevşehir,Correct
D76B55CF-A6FA-4B86-87A3-5972578D0E7C,NAZAR ECZANESİ,Nevşehir,Derinkuyu,38.63107,34.93455,Nevşehir,Correct
BD13CB96-AC8A-4109-B441-5978A2EC2E65,GÖREME ECZANESİ,Nevşehir,Merkez,38.67178,34.73678,Nevşehir,Correct
3E562422-427B-4C44-A1B0-5979CF96EEFC,KÜBRA ECZANESİ,Nevşehir,Merkez,38.6258,34.71349,Nevşehir,Correct
47C654BF-805F-43BE-A7D8-5BC8FC173564,KADRİYE DEĞİRMENCİ MUAYENEHANESİ,Nevşehir,Avanos,38.71837,34.84638,Nevşehir,Correct
7B81F4A0-E5D4-4226-9926-5D4924F7EA8C,İNAN ECZANESİ,Nevşehir,Merkez,38.64521,34.73333,Nevşehir,Correct
670298D3-B691-420E-902B-5E697F8B534A,NEVŞEHİR DERİNKUYU SUVERMEZ AİLE SAĞLIĞI MERKEZİ,Nevşehir,Derinkuyu,38.36656,34.64829,Nevşehir,Correct
94B111F5-ED84-4F07-8E30-5E9B1E8300E1,AKTÜRK ECZANESİ,Nevşehir,Ürgüp,38.63076,34.9122,Nevşehir,Correct
3ACF946A-F50B-430A-9B4C-601EFE78FA34,AVANOS ECZANESİ,Nevşehir,Avanos,38.71273,34.84462,Nevşehir,Correct
16EA3BDB-E006-480A-8697-606CD171962F,GÜLŞEHİR İLÇE ENTEGRE HASTANESİ,Nevşehir,Gülşehir,38.7496,34.61826,Nevşehir,Correct
A989E27A-AC79-4E09-9F11-608BDC8B8723,GÜLŞEHİR ECZANESİ,Nevşehir,Gülşehir,38.7505,34.61946,Nevşehir,Correct
3E6C495C-3D71-41FC-969C-609D2111FA5C,GÜNEŞ ECZANESİ,Nevşehir,Hacibektaş,38.94204,34.5608,Nevşehir,Correct
E5B5E7B9-FF65-4525-A536-6112ACE0FB45,ERİŞ ECZANESİ,Nevşehir,Merkez,38.63312,34.80642,Nevşehir,Correct
8A8BBAA8-7956-48C9-A49E-61AD2599838E,TÜRKELİ ECZANESİ,Nevşehir,Acigöl,38.63805,34.47328,Nevşehir,Correct
5F13825E-2400-4FB2-8CAD-63637EE7EB37,ÖZEL FMC KAPADOKYA DİYALİZ MERKEZİ,Nevşehir,Merkez,38.64326,34.73472,Nevşehir,Correct
F8EC0758-657B-4216-B6D0-63C18328BE44,NEVŞEHİR MERKEZ GÖREME AİLE SAĞLIĞI MERKEZİ,Nevşehir,Merkez,39.21432,34.85234,Nevşehir,Correct
F892FB4E-52E6-48B0-B69B-66395655977D,NEVŞEHİR ÜRGÜP DEVLET HASTANESİ,Nevşehir,Ürgüp,38.6337,34.91394,Nevşehir,Correct
8327244F-6609-4BA5-8DFC-66B52BD7781C,KUŞÇU ECZANESİ,Nevşehir,Merkez,38.66355,34.73642,Nevşehir,Correct
A5F8C924-9FA8-40BE-9586-67CC5AE783F7,FERALAN ECZANESİ,Nevşehir,Derinkuyu,38.37251,34.72585,Nevşehir,Correct
5349822B-B417-4EF8-8BCC-68B68CF615C2,NEVŞEHİR ACIGÖL AİLE SAĞLIĞI MERKEZİ,Nevşehir,Acigöl,38.55098,34.52063,Nevşehir,Correct
29C1CCAA-E41C-4746-ABDF-69E2F322A327,AVANOS MERKEZ TSM,Nevşehir,Avanos,38.68738,34.88012,Nevşehir,Correct
125E4840-5969-47CE-A095-6A3FEE15004B,DENT AS DİŞ KLİNİĞİ,Nevşehir,Merkez,38.63785,34.73575,Nevşehir,Correct
3DC1DDD5-6A7E-4C51-AC89-6AD80C0052A4,KARABAĞ ECZANESİ,Nevşehir,Avanos,38.96262,35.01053,Nevşehir,Correct
1F01B4CE-C831-4416-A3AE-6B010911B7F1,NEVŞEHİR MERKEZ 2 NOLU AİLE SAĞLIĞI MERKEZİ,Nevşehir,Merkez,38.62452,34.72007,Nevşehir,Correct
5E48BB26-4C01-48B3-AA98-6B7BA26146DE,BAŞBUĞ ECZANESİ,Nevşehir,Merkez,38.61724,34.70549,Nevşehir,Correct
294DF2F7-413A-4D69-98E3-6C5DD54AB974,NEVŞEHİR AVANOS HACI NURİ YARALI AİLE SAĞLIĞI MERKEZİ,Nevşehir,Avanos,38.96297,35.00735,Nevşehir,Correct
EC4C00EC-6162-45EB-9BFF-6D7457F9F40D,NEVŞEHİR MERKEZ HASAN HÜSEYİN KARA AİLE SAĞLIĞI MERKEZİ,Nevşehir,Merkez,38.4581,34.74985,Nevşehir,Correct
AD3B734B-7A3E-46C9-9CFA-6E9374DBBE76,SARIASLAN ECZANESİ,Nevşehir,Kozakli,39.21197,34.85583,Nevşehir,Correct
8551CB26-3764-4569-8C1C-750DFDA3D04A,NEVŞEHİR MERKEZ ASIM VE NİMET DİRİKOÇ AİLE SAĞLIĞI MERKEZİ,Nevşehir,Merkez,38.6266,34.7043,Nevşehir,Correct
57F9D81F-E756-4DBD-A779-78E49BD1CB9C,HACIBEKTAŞ ECZANESİ,Nevşehir,Hacibektaş,38.71763,34.84112,Nevşehir,Correct
C0712FD3-3CAB-4E60-BE55-7960A06B0EA8,GÖRE ECZANESİ,Nevşehir,Merkez,38.5914,34.71444,Nevşehir,Correct
7146964C-E5B3-4AE9-9A35-79D9C7FEE6DD,KERVAN ECZANESİ,Nevşehir,Ürgüp,38.65949,34.9978,Nevşehir,Correct
7317461E-6F2A-48B9-832F-79E49AE51C58,MELTEM ECZANESİ,Nevşehir,Gülşehir,38.74844,34.61893,Nevşehir,Correct
57A0BED8-2FAA-4682-B260-7B1C0FAFCDD4,NEVŞEHİR DERİNKUYU AİLE SAĞLIĞI MERKEZİ,Nevşehir,Derinkuyu,38.37142,34.72588,Nevşehir,Correct
A9EF6DCC-6725-46A4-B72E-7D2E810AD3CF,ÜZER ECZANESİ,Nevşehir,Merkez,38.62609,34.71767,Nevşehir,Correct
21EA478A-9F04-4C13-97EC-7DFF9705804B,ÖMÜR ECZANESİ,Nevşehir,Acigöl,38.51999,34.54906,Nevşehir,Correct
705A2597-B4D1-47A9-AC43-813F47CBA55C,HAYRİ TEMİZÖZ ECZANESİ,Nevşehir,Merkez,38.66351,34.7382,Nevşehir,Correct
04870931-38A7-472A-B9B2-8273FB01ECF9,YILMAZ ECZANESİ,Nevşehir,Acigöl,38.58159,34.89204,Nevşehir,Correct
72591B11-1C25-4D65-9266-83C6003FF7D9,ERDAL BAYRAM MUAYENEHANESİ,Nevşehir,Merkez,38.62546,34.71631,Nevşehir,Correct
BB6B9F7E-3E57-4945-89E9-83E9E4957B68,NEVŞEHİR MERKEZ NAR AİLE SAĞLIĞI MERKEZİ,Nevşehir,Merkez,38.64133,34.71116,Nevşehir,Correct
AB2FBFCC-6842-4241-B463-84C6A285A81B,KAPADOKYA ECZANESİ,Nevşehir,Merkez,38.58443,34.90318,Nevşehir,Correct
3B03C246-BBB2-4EAA-868C-86C8EAE55B90,ARMAĞAN ECZANESİ,Nevşehir,Merkez,38.63074,34.73706,Nevşehir,Correct
AD1041FE-5425-4C60-95AA-884CDD80B8E5,ÖZGÜN AĞIZ VE DİŞ SAĞLIĞI POLİKLİNİĞİ,Nevşehir,Merkez,38.6254,34.71496,Nevşehir,Correct
BD1EE5B1-6DB0-4FA5-A9E0-893799D4C1CC,NİLÜFER BİLGİN MUAYENEHANESİ,Nevşehir,Ürgüp,38.63271,34.91353,Nevşehir,Correct
70ECA279-69E5-4779-9087-8B5290E0B3A5,AVANOS İLÇE ENTEGRE HASTANESİ,Nevşehir,Avanos,38.71116,34.84693,Nevşehir,Correct
5FC88604-03CD-493D-9240-8FB772506BA1,TES AKADEMYA AĞIZ VE DİŞ SAĞLIĞI POLİKLİNİĞİ,Nevşehir,Merkez,38.64572,34.7343,Nevşehir,Correct
38BF87AF-6EBA-4441-A606-90C76A543DE9,GÜZELYURT ECZANESİ,Nevşehir,Merkez,38.6251,34.70752,Nevşehir,Correct
F696A8DC-7160-40F7-BC96-922E328D4A38,GÖZLER ECZANESİ,Nevşehir,Avanos,38.80877,34.83194,Nevşehir,Correct
E33A7751-1FA5-467A-8C5A-927B144C6EDE,NAFİZ CEMİLE DİRİKOÇ AİLE SAĞLIĞI MERKEZİ,Nevşehir,Merkez,38.64519,34.73412,Nevşehir,Correct
3E6AEFA1-4939-41AE-B070-95E62723FC3B,ÖNAY BEDEL ECZANESİ,Nevşehir,Derinkuyu,38.37462,34.73162,Nevşehir,Correct
CCAC16A5-82E8-4815-941C-98605728AA38,ASLI ECZANESİ,Nevşehir,Ürgüp,38.58299,34.89843,Nevşehir,Correct
4D5A64B9-9C06-474C-AA3B-9915CA0DD962,ÜNAL ECZANESİ,Nevşehir,Gülşehir,38.95731,35.03044,Nevşehir,Correct
4CEFED09-54E2-4478-AC03-9DFCA4B02C5F,GÜNEY ECZANESİ,Nevşehir,Ürgüp,38.63214,34.91201,Nevşehir,Correct
55D2FB7E-CC19-4F64-ACCD-9EF6C90BBC92,NEVŞEHİR AVANOS ÖZKONAK AİLE SAĞLIĞI MERKEZİ,Nevşehir,Avanos,38.81056,34.84776,Nevşehir,Correct
8D5F9795-2724-4620-83D1-9F1C925DD1E7,İKİBİNEVLER ECZANESİ,Nevşehir,Merkez,39.34217,-76.42956,No Info,No Info
D3954CCB-6F38-40E4-8B0C-A023A74795DA,PAPATYA ECZANESİ,Nevşehir,Acigöl,38.55077,34.51792,Nevşehir,Correct
D22CB45F-1ED0-4108-A341-A2A893001664,KOZAKLI FİZİK TEDAVİ VE REHABİLİTASYON HASTANESİ,Nevşehir,Kozakli,38.62957,34.73705,Nevşehir,Correct
496223F7-0389-4166-8701-A3451207A248,ŞARLAK ECZANESİ,Nevşehir,Merkez,39.66437,-75.99996,No Info,No Info
5833770E-7D95-489E-8817-A4BD4BC8CC77,ÖZKAN ECZANESİ,Nevşehir,Ürgüp,38.63082,34.91236,Nevşehir,Correct
45D4DA91-ED51-4995-B385-A589C5DF046B,VOLKAN ECZANESİ,Nevşehir,Kozakli,39.21266,34.85504,Nevşehir,Correct
CBFEA0AB-034D-408B-898C-A5D2B459C3ED,SAYGIN ECZANESİ,Nevşehir,Merkez,39.10187,-76.74996,No Info,No Info
4FBCA7BB-C453-4F36-A68C-A7DF62CF5FBA,YENİ YAVUZ ECZANESİ,Nevşehir,Ürgüp,38.62404,34.85842,Nevşehir,Correct
64C161D8-D032-4288-A8CC-A8D7974D9D15,BAĞDATLI ECZANESİ,Nevşehir,Avanos,38.70792,34.85154,Nevşehir,Correct
9C75E5C4-52A5-4011-A290-A91E038F1486,MELDA ECZANESİ,Nevşehir,Merkez,38.62435,34.71429,Nevşehir,Correct
641E23F9-3656-4F3E-8854-AA9CFAA21CFE,KARDELEN ECZANESİ,Nevşehir,Merkez,38.89127,-77.03076,No Info,No Info
56B65D90-BC56-45BB-99E3-ABA5F277AA66,DEMET ECZANESİ,Nevşehir,Merkez,38.62708,34.71771,Nevşehir,Correct
80CE9D60-B857-4536-82E6-AEEAE9183F89,ÖZLEM ECZANESİ,Nevşehir,Merkez,39.10007,-76.75236,No Info,No Info
0173ADB3-4F64-45EA-B4E8-AF1F6BF668C6,ELİF ECZANESİ,Nevşehir,Ürgüp,38.65949,34.99783,Nevşehir,Correct
88CEE8E0-AAF5-42F8-B816-B1757266327A,HİSAR ECZANESİ,Nevşehir,Merkez,38.62577,34.71491,Nevşehir,Correct
D1FA648F-FA5E-4CEE-B53D-B2628EFF4546,ŞEN ECZANESİ,Nevşehir,Merkez,38.62453,34.71383,Nevşehir,Correct
F26B2DBE-0854-4CC5-AE86-B4C975FDADEE,MEYDAN ECZANESİ,Nevşehir,Avanos,38.6264,34.71399,Nevşehir,Correct
9B6EB581-08D3-4696-AC49-B58AE94779E1,SAĞLIK ECZANESİ,Nevşehir,Ürgüp,38.65972,34.99679,Nevşehir,Correct
7B054439-0490-4194-9F6D-B73EA260905E,HAYAT ECZANESİ,Nevşehir,Merkez,38.89037,-77.03196,No Info,No Info
4998715E-AE3D-43E7-A47B-B7691534E85F,ÖZEL VERSA HASTANESİ,Nevşehir,Merkez,38.6307,34.73778,Nevşehir,Correct
2938FFF5-C644-4EEF-88CB-B8B9623BC2C2,ÖNCÜL ECZANESİ,Nevşehir,Merkez,38.62618,34.71651,Nevşehir,Correct
BA1E3102-4B18-4D50-A96D-B8C488CFE371,FATİH ECZANESİ,Nevşehir,Acigöl,38.66015,34.99468,Nevşehir,Correct
F5D84035-E18B-453E-85CC-BC3B7451FEF8,NEVŞEHİR HACIBEKTAŞ AİLE SAĞLIĞI MERKEZİ,Nevşehir,Hacibektaş,39.62408,34.9038,Yozgat,Wrong
5AA75A21-914D-4F83-9AFA-BCF4592E13A2,YÜKSEL ÇINAR MUAYENEHANESİ,Nevşehir,Derinkuyu,38.37525,34.7326,Nevşehir,Correct
DBD02815-D931-4335-908D-BFC0457E6BFC,AYDIN TATAROĞLU MUAYENEHANESİ,Nevşehir,Merkez,38.626,34.71419,Nevşehir,Correct
74C8EBFA-A45D-4A49-BC9A-C0392BDBF77B,NEVŞEHİR ACIGÖL KARAPINAR AİLE SAĞLIĞI MERKEZİ,Nevşehir,Acigöl,38.51487,34.54743,Nevşehir,Correct
832AE9C4-0FA7-48D2-AE2A-C2FACA9626A4,DERYA CİNGİ MUAYENEHANESİ,Nevşehir,Avanos,38.71303,34.84341,Nevşehir,Correct
51403FAB-136A-43F7-B952-C5F258A0D778,YENİ ECZANESİ,Nevşehir,Derinkuyu,38.34572,34.6403,Nevşehir,Correct
8575F953-6796-4C24-8185-C6177BA1E4ED,NURAY ŞENTÜRK KLİNİK,Nevşehir,Merkez,38.63078,34.72975,Nevşehir,Correct
82A42314-299E-448F-AC0C-C98FFBFB2BEC,YOLGÖSTEREN ECZANESİ,Nevşehir,Merkez,38.63097,34.73709,Nevşehir,Correct
EA614853-6B67-4BD6-A697-CA0C33452A24,KAYA ECZANESİ,Nevşehir,Kozakli,39.2187,34.85113,Nevşehir,Correct
8CED8819-76CE-4D93-AA2A-CBE34D30A5B8,CERAN ECZANESİ,Nevşehir,Merkez,38.65499,34.73057,Nevşehir,Correct
63E0F79E-F960-4DC3-BEE8-CDA4A83DECD3,CENNET ECZANESİ,Nevşehir,Merkez,38.62157,34.70166,Nevşehir,Correct
A34FC0C6-BE5F-404F-B48E-CE2E170958F3,UÇHİSAR MERKEZ AİLE SAĞLIĞI MERKEZİ,Nevşehir,Merkez,38.61937,34.80459,Nevşehir,Correct
E0CA2A94-D358-4053-891B-CFE539E842A8,NEVŞEHİR MERKEZ 3 NOLU AİLE SAĞLIĞI MERKEZİ,Nevşehir,Merkez,38.66243,34.73658,Nevşehir,Correct
B51D3658-F5FF-4E80-8078-D01BB9D1B94F,HALİLOĞLU ECZANESİ,Nevşehir,Derinkuyu,38.37422,34.7323,Nevşehir,Correct
85021405-94E1-4F0F-8776-D05084689DAA,ŞİFA ECZANESİ,Nevşehir,Merkez,39.27827,-76.51476,No Info,No Info
D5E742D6-0669-4E21-85B9-D45D54112E56,DERELİ ECZANESİ,Nevşehir,Avanos,40.52037,35.29503,Çorum,Wrong
3E2E78C6-9A43-42DB-99EB-D980FEB7D56E,NEVŞEHİR MERKEZ MAKBULE HANIM AİLE SAĞLIĞI MERKEZİ,Nevşehir,Merkez,38.63306,34.73772,Nevşehir,Correct
BE901D26-0997-44AC-A5DB-DB1EB1DBCCD8,KEMAL YAVUZER MUAYENEHANESİ,Nevşehir,Merkez,38.62811,34.72049,Nevşehir,Correct
8C46C608-78E6-4502-853D-DB3BFA66A4C6,ÇINAR ECZANESİ,Nevşehir,Merkez,38.62619,34.70697,Nevşehir,Correct
3C1E4A21-69FE-43B3-BA93-DC537918C9DB,ONUR ECZANESİ,Nevşehir,Merkez,38.62519,34.71647,Nevşehir,Correct
E001A454-3745-4EC5-BD15-DD07B93D94F6,NEVŞEHİR ÜRGÜP MUSTAFAPAŞA AİLE SAĞLIĞI MERKEZİ,Nevşehir,Ürgüp,38.58745,34.8939,Nevşehir,Correct
05119127-0B5F-4EAA-A948-DE586FAF265B,ADİL BOZPOLAT PEDİATRİ KLİNİĞİ,Nevşehir,Merkez,38.6326,34.91204,Nevşehir,Correct
D37EEC0D-26D0-4859-B4C3-DF68FD56AD43,CEBECİ ECZANESİ,Nevşehir,Derinkuyu,39.42407,-76.32036,No Info,No Info
06D2D7B4-978D-4FF8-A50D-E064F8634C58,DR İBRAHİM ŞEVKİ ATASAGUN NEVŞEHİR DEVLET HASTANESİ TOPLUM RUH SAĞLIĞI MERKEZİ,Nevşehir,Merkez,38.61641,34.70682,Nevşehir,Correct
C4A1225F-C6FB-4441-92B7-E3A158DFBA59,HACIBEKTAŞ İLÇE HASTANESİ,Nevşehir,Hacibektaş,38.63916,34.71652,Nevşehir,Correct
83322065-6731-448B-A6B0-E44598317D6A,NEVŞEHİR PASLANMAZ AİLESİ ASM,Nevşehir,Merkez,38.67336,34.7362,Nevşehir,Correct
271CF2C9-6048-42CF-8127-E7F092E04177,NEVŞEHİR MERKEZ GÖRE AİLE SAĞLIĞI MERKEZİ,Nevşehir,Merkez,38.582,34.72202,Nevşehir,Correct
7B101092-5DCF-47A9-8E92-EAF7390260BA,MUSTAFA KAMİL ERDOĞAN MUAYENEHANESİ,Nevşehir,Hacibektaş,38.87505,34.45434,Nevşehir,Correct
273E4E29-BED7-4FD1-AD4A-EC3423AB6804,CAN ECZANESİ,Nevşehir,Avanos,38.71318,34.84578,Nevşehir,Correct
054C484E-7834-4477-A035-EC5558E4758D,BUKET ECZANESİ,Nevşehir,Merkez,38.63547,34.715,Nevşehir,Correct
E63109DB-D465-4EEF-A29C-ECF7C9F690E1,SELDA YAVUZ DEMİRCİ PSİKİYATRİ KLİNİĞİ,Nevşehir,Merkez,38.62302,34.71527,Nevşehir,Correct
FA059815-2C47-451F-A011-F26F5E3D45E2,CİHAD ECZANESİ,Nevşehir,Merkez,38.64357,34.73435,Nevşehir,Correct
136C70DD-5851-4E36-B32C-F3DB40F2BD37,DEFNE ECZANESİ,Nevşehir,Merkez,38.63296,34.73771,Nevşehir,Correct
17E1BB09-62B7-4219-B67F-F5456D86A9E9,NEVŞEHİR AĞIZ VE DİŞ SAĞLIĞI MERKEZİ,Nevşehir,Merkez,38.65495,34.73184,Nevşehir,Correct
C6E65095-7E99-44F1-8052-F6DC3C17FF7B,SEVDE AVLANMAZ AİLE SAĞLIĞI MERKEZİ,Nevşehir,Merkez,38.60379,34.69392,Nevşehir,Correct
C2772C70-1DD7-4452-B8B6-F73C81A2ACEB,YAVUZ ECZANESI,Nevşehir,Merkez,38.62437,34.71415,Nevşehir,Correct
BB9B249F-6F1E-4562-A93B-F757BF861376,İLKER SAİT TUNCER KLİNİK,Nevşehir,Merkez,38.64009,34.73178,Nevşehir,Correct
54BDF096-6D58-4E69-89EE-FC8278F7DD38,HEKİMOĞLU ECZANESİ,Nevşehir,Merkez,39.18377,-76.64076,No Info,No Info
