UnitId,UnitName,CityName,DistrictName,Latitude,Longitude,DetectedCity,Match
5C992867-C447-4CB5-B1C1-01833705CA04,ERZURUM ŞENKAYA İLÇE HASTANESİ,Erzurum,Şenkaya,40.57277,42.34154,Erzurum,Correct
0F05A9EA-F4E4-4022-94CB-01AB9E1A06E0,ATATÜRK ÜNİVERSİTESİ TIP FAKÜLTESİ ARAŞTIRMA HASTANESİ,Erzurum,Yakutiye,39.90245,41.24025,Erzurum,Correct
3077E6D1-AA7C-44AF-A1FD-03249F138C0A,DERMAN ECZANESİ,Erzurum,Karayazi,39.35864,41.69984,Erzurum,Correct
3AD33C1F-6F84-4F98-94BE-039CD890BAE0,MERVE ECZANESI,Erzurum,Palandöken,39.88609,41.2419,Erzurum,Correct
876FCF41-AB9A-49A1-AA1B-0539EFD4B648,ESTETİK DİŞ POLİKLİNİĞİ,Erzurum,Yakutiye,39.90816,41.27036,Erzurum,Correct
7F5206CE-A55B-4CBA-8801-0590B0EE6B2F,ÖZEL BUHARA HASTANESİ,Erzurum,Palandöken,39.89622,41.27216,Erzurum,Correct
6085101E-3EEC-45BF-A46E-05ED29DCD712,HAKAN SARIYAR MUAYENEHANESİ,Erzurum,Oltu,38.75484,41.50175,Muş,Wrong
9FA7BA03-519D-4F41-87C0-080A29EC6C4D,PASİNLER MERKEZ 1 NOLU ASM,Erzurum,Pasinler,39.98247,41.66731,Erzurum,Correct
2A24A9D4-B295-4B04-81F1-081D08DF7E77,TUĞÇE ECZANESİ,Erzurum,Yakutiye,39.95194,41.30971,Erzurum,Correct
A8BA9449-8F2D-4B0B-A578-08814546F5E2,T.C. S.B. ERZURUM AĞIZ VE DİŞ SAĞLIĞI MERKEZİ,Erzurum,Yakutiye,39.90647,41.26486,Erzurum,Correct
8F44A70C-0BFC-440D-B252-0AA7E4B9F16A,HORASAN ECZANESİ,Erzurum,Horasan,40.02992,42.14791,Erzurum,Correct
EE7AAE58-DB83-4D1F-9559-0BC221CE27B9,YAĞMUR ECZANESİ,Erzurum,Aziziye,39.91104,41.18944,Erzurum,Correct
C5931D93-73E7-4045-9E15-0C7F816864C4,KAFKAS ECZANESİ,Erzurum,Horasan,40.02975,42.14839,Erzurum,Correct
8D8CA56E-6537-4D91-A02A-0CB8AD3A628F,MERYEM ECZANESİ,Erzurum,Pasinler,39.97857,41.67492,Erzurum,Correct
E2025CC8-A3D9-4DF8-A216-0E5C2D6902C9,ERZURUM PALANDÖKEN ABDURRAHMANGAZİ AİLE SAĞLIĞI MERKEZİ,Erzurum,Palandöken,39.89414,41.28523,Erzurum,Correct
70179012-BF08-426D-8309-1087DA2E8E80,KARAHAN ECZANESİ,Erzurum,Uzundere,40.53291,41.54885,Erzurum,Correct
AF518E0C-2AC5-4A80-8C5C-1165DDC59B58,KARAYOLLARI 12 NCİ BÖLGE MÜDÜRLÜĞÜ SAĞLIK BİRİMİ,Erzurum,Palandöken,39.89047,41.28008,Erzurum,Correct
91577654-9994-422B-9808-12E6692AA11A,BEKTAŞ ECZANESİ,Erzurum,Oltu,39.91085,41.18904,Erzurum,Correct
31E7F692-99C1-4105-A721-139889BC8D93,ERZURUM HINIS AİLE SAĞLIĞI MERKEZİ,Erzurum,Hinis,39.36119,41.69886,Erzurum,Correct
A6314C43-2D6A-45D5-B857-13A63B6E7699,OLUR İLÇE DEVLET HASTANESİ,Erzurum,Olur,40.29915,41.54336,Erzurum,Correct
C78A0EF0-2086-47D2-8CF3-157C865C0F25,ERZURUM PALANDÖKEN OSMANGAZİ AİLE SAĞLIĞI MERKEZİ,Erzurum,Palandöken,39.88458,41.24077,Erzurum,Correct
20E45ED7-08D0-4689-A8A9-167EE56B0275,BAYSAL ECZANESİ,Erzurum,Yakutiye,39.90959,41.27084,Erzurum,Correct
7A2E76A0-66BA-4AFF-AB50-18ACD5AEEB04,FULYA ECZANESİ,Erzurum,Palandöken,39.88305,41.26065,Erzurum,Correct
81CB3083-FDFB-4B5B-886F-18C6ED4FE567,ERZURUM NARMAN AİLE SAĞLIĞI MERKEZİ,Erzurum,Narman,40.34892,41.86151,Erzurum,Correct
FC9884D9-7A9E-4D2A-84EF-1974EF6F6038,PALANDÖKEN YENİŞEHİR ASM,Erzurum,Palandöken,39.88564,41.25781,Erzurum,Correct
DA44114E-95FF-4121-9EF5-1975A236C31A,ERZURUM ŞENKAYA AİLE SAĞLIK MERKEZİ,Erzurum,Şenkaya,40.48812,41.00421,Erzurum,Correct
7A46C9DF-ED34-4D97-9270-19C4BD5A2332,ÖZLEM ECZANESİ,Erzurum,Tekman,39.64396,41.50578,Erzurum,Correct
46198572-D3DC-46EC-9545-1B73BF2BF505,ESLEK ECZANESİ,Erzurum,Pasinler,39.97841,41.67623,Erzurum,Correct
EA37CC61-4BA2-4A33-986C-1B873E4D27D8,SAĞLAM ECZANESİ,Erzurum,Palandöken,39.88975,41.24698,Erzurum,Correct
867CB9BA-95D8-495D-AA5E-1BD19E7BE735,UYGUR ECZANESİ,Erzurum,Yakutiye,39.91005,41.26514,Erzurum,Correct
86001F6E-75B8-47BF-BD3A-1C5146933E29,ŞİFA ECZANESİ,Erzurum,Yakutiye,39.90583,41.27067,Erzurum,Correct
43EF7F51-155D-49AA-B151-1C668768DB34,TUNA ECZANESİ,Erzurum,Yakutiye,39.90266,41.28555,Erzurum,Correct
2BFDAA23-3193-4AB9-A2D6-1D31610AF3E6,HAKAN UYGUR MUAYENEHANESİ,Erzurum,Yakutiye,39.90134,41.26549,Erzurum,Correct
4689C286-B355-4149-A5CF-1F73ABC0DC50,DADAŞ ECZANESİ,Erzurum,Palandöken,39.88853,41.26371,Erzurum,Correct
6041BF4B-9144-445F-B7A5-217FF73E0998,ÖMER FARUK ECZANESİ,Erzurum,Oltu,40.54335,41.98847,Erzurum,Correct
4C726ABF-44DA-48BB-AC40-224FD0F4ABA8,KARDELEN ECZANESİ,Erzurum,Yakutiye,39.91023,41.26716,Erzurum,Correct
D0CDC87C-367B-4A50-94F9-231323E2EE92,TEBRİZKAPI ECZANESİ,Erzurum,Yakutiye,39.90764,41.2785,Erzurum,Correct
6EA30FCB-DF82-4F04-BB5F-231CCF6325A6,HUZUR ECZANESİ,Erzurum,Palandöken,39.89249,41.277,Erzurum,Correct
7DC79366-FE5E-4656-A93F-2377EB6C9A21,DADAŞKENT ECZANESİ,Erzurum,Aziziye,39.91808,41.18818,Erzurum,Correct
7A466651-FD68-4D21-B242-244CA5117596,HİLAL ECZANESI,Erzurum,Horasan,40.04009,42.16893,Erzurum,Correct
720A9843-82BC-4E69-A723-24B83B4D960E,HAKTAN ECZANESİ,Erzurum,Yakutiye,39.90889,41.28476,Erzurum,Correct
EEBD10BA-7D10-4869-B9A6-25C6967768C6,SELÇUK ECZANESİ,Erzurum,Palandöken,39.88437,41.25008,Erzurum,Correct
82FF7F21-E122-4254-98F2-281B60656621,ÖMER NASUHİ BİLMEN ASM,Erzurum,Aziziye,39.94649,41.10657,Erzurum,Correct
D0A45B22-81BF-44EF-8A06-288292D83108,HINIS MERKEZ TSM,Erzurum,Hinis,41.04282,28.68177,İstanbul,Wrong
BE1FCB22-E256-4405-BD35-28A3FCC6ADC3,ERZURUM AŞKALE DEVLET HASTANESİ,Erzurum,Aşkale,39.91955,40.68232,Erzurum,Correct
6F8CE581-EA04-4671-A08B-2955389DA434,ZEYNEP ELİF YEŞİLYURT KLİNİĞİ,Erzurum,Yakutiye,39.90646,41.25594,Erzurum,Correct
80B74610-DF0E-4155-B800-2A11BD0C7629,YONCALIK ECZANESİ,Erzurum,Yakutiye,39.90176,41.27468,Erzurum,Correct
5D04F8CF-B081-4F62-895B-2A3F468A9EC3,BİZİM ECZANESİ,Erzurum,Tortum,40.29917,41.54461,Erzurum,Correct
BA370C36-A4F5-49EF-8CAB-2B28982FC7F6,FATİH ECZANESİ,Erzurum,Yakutiye,39.91073,41.2722,Erzurum,Correct
25F3CEE5-4CE3-49A9-B802-2B38CEF61C7B,ÇİĞDEM ECZANESİ,Erzurum,Karaçoban,39.35068,42.11242,Erzurum,Correct
6607F81C-D5C0-4DFC-B0D5-2B833DE13E6E,SAĞLIK ECZANESİ,Erzurum,Karaçoban,39.35147,42.09496,Erzurum,Correct
BA144E17-37BA-49C8-B34E-2BBE1F825CBE,ÜNLÜ ECZANESİ,Erzurum,Palandöken,39.88215,41.24678,Erzurum,Correct
2B86D922-883B-4A95-8E4E-2D0155A74764,ZEHRA ECZANESİ,Erzurum,Pasinler,40.04516,42.17155,Erzurum,Correct
AB2B9706-B63D-4BEE-A375-2E38F53A0F44,ŞEKER ECZANESİ,Erzurum,Palandöken,39.8916,41.26977,Erzurum,Correct
389F0393-07DD-449D-9486-2E3AEF77D878,ERTUĞRULGAZİ ECZANESİ,Erzurum,Palandöken,39.89416,41.28654,Erzurum,Correct
CA14646B-445D-437F-9A3C-2F43DD1F39B0,KAYAKYOLU ECZANESİ,Erzurum,Palandöken,39.88584,41.27927,Erzurum,Correct
F2E0D842-2E2B-4B20-A686-2F59ADD3E6C4,YENİ BUHARA ECZANESİ,Erzurum,Palandöken,39.89589,41.2734,Erzurum,Correct
1596373F-7DA3-4DFA-AB30-30739FDC064A,ÇAT MERKEZ TSM,Erzurum,Çat,39.61198,40.9775,Erzurum,Correct
589A4B86-D78B-4072-9EF5-3086850A2E4A,BUĞRAHAN ECZANESİ,Erzurum,Aziziye,39.91115,41.18968,Erzurum,Correct
E1C05E14-91F9-4C93-AB5C-30995AEF2CE0,GÜVEN ECZANESİ,Erzurum,Palandöken,39.88418,41.25192,Erzurum,Correct
9E3E9C84-168A-456B-975C-313117615B65,UZUNOĞLU ECZANESİ,Erzurum,Olur,40.48401,41.00025,Erzurum,Correct
C8410754-DF99-4133-BC6F-33461C25097C,TUĞRA ECZANESİ,Erzurum,Yakutiye,39.90323,41.28545,Erzurum,Correct
57DC4FA5-4580-4B16-A8D1-336D54D98E93,T.C. S.B. TORTUM İLÇE DEVLET HASTANESİ,Erzurum,Tortum,40.30005,41.54456,Erzurum,Correct
49116DB2-70AC-4C55-9036-34800970CE39,YENİ HİLAL ECZANESİ,Erzurum,Çat,39.61685,40.9807,Erzurum,Correct
EB836644-01E1-4A15-983D-364EF5653E0B,EMRE ECZANESİ,Erzurum,Palandöken,39.8925,41.27097,Erzurum,Correct
7FC574A8-5661-4ED9-B68D-36DCEFD93262,ÖZEL ESLAMER SAĞLIK HİZMETLERİ,Erzurum,Yakutiye,39.90982,41.26877,Erzurum,Correct
B3D86C8A-3CD7-48EF-A2B3-392D6BF07CC7,GÜVEN ECZANESİ,Erzurum,Şenkaya,40.65133,42.35192,Erzurum,Correct
5973E037-971D-4D3E-83E1-3979B7C0D8D0,YENİ DİLARA ECZANESİ,Erzurum,Yakutiye,39.90575,41.26944,Erzurum,Correct
F96C8754-1577-4483-90DA-3A492C234164,ÇAĞRI ECZANESİ,Erzurum,MERKEZ,39.9052,41.26834,Erzurum,Correct
6796FEED-DCF9-4C97-AF03-3B44BEC85B85,TEKMAN ECZANESİ,Erzurum,Tekman,37.05942,37.38492,Gaziantep,Wrong
4BCEB6B9-E6C6-450E-953A-3C219C52F1C1,ERDOĞAN ECZANESİ,Erzurum,Palandöken,39.89028,41.2702,Erzurum,Correct
2B8C01D6-AF7B-4E92-8D73-3C7A534B9933,YILMAZ ECZANESİ,Erzurum,Palandöken,39.88448,41.27416,Erzurum,Correct
FD3787B0-C362-4390-9A05-3CE934333C0A,PAZARYOLU ECZANESİ,Erzurum,Pazaryolu,39.9142,41.1921,Erzurum,Correct
198E3E45-357B-4F23-B716-3E7DDBAD5966,KAHRAMANLAR ECZANESİ,Erzurum,Yakutiye,39.90581,41.27509,Erzurum,Correct
A5676EEE-9368-406C-8382-3EB68458611B,HİLALKENT ECZANESİ,Erzurum,Yakutiye,39.94894,41.30033,Erzurum,Correct
AB08C9D3-DE35-4F13-870D-3FDE6E046009,ÖZEL DENT ERZURUMAĞİZVE DİŞ SAĞLİĞİ KLİNİĞİ,Erzurum,Palandöken,41.05182,29.0538,İstanbul,Wrong
76BCF0B4-7025-43F8-A759-40199F1A54C9,PINAR ECZANESİ,Erzurum,Yakutiye,39.9506,41.30523,Erzurum,Correct
1370F45E-CA5A-47A2-BFFB-403C86237516,BİZİM ECZANESİ,Erzurum,Palandöken,39.8876,41.24022,Erzurum,Correct
8CB7CF80-D0E4-41A1-835B-41E9F732BC71,SEFA ECZANESİ,Erzurum,Palandöken,39.88395,41.24918,Erzurum,Correct
83C15D20-94B7-4826-B78B-4478FEE3FC26,YAKUTİYE MERKEZ TSM,Erzurum,Yakutiye,39.91041,41.26989,Erzurum,Correct
3405FA7D-A6DF-4AEA-9650-44F0D427AC1E,KERVANSARAY ECZANESİ,Erzurum,Palandöken,39.87379,41.24795,Erzurum,Correct
A3FD1065-E62D-42C1-A08B-455063B04911,ERZURUM YAKUTİYE CEYLANOĞLU AİLE SAĞLIK MERKEZİ,Erzurum,Yakutiye,39.90951,41.26869,Erzurum,Correct
D72E2759-4F8D-4BD8-9F31-458FF11DFB9A,ZEHRA ECZANESİ,Erzurum,Palandöken,39.88337,41.27576,Erzurum,Correct
951A1B8F-579C-4FD4-B73E-45E961E32DEF,ERZURUM ECZANESİ,Erzurum,Yakutiye,39.92665,41.27271,Erzurum,Correct
4144264D-7C11-4AED-8D0C-46E48E8AD4E4,YENİ BÖLGE ECZANESİ,Erzurum,Palandöken,39.88688,41.25552,Erzurum,Correct
8E7E3D53-ABD1-4CEE-ADA1-47EDE9DA9054,AYGÜN ECZANESİ,Erzurum,Palandöken,39.88494,41.27807,Erzurum,Correct
0BA9DBE4-4A8C-4110-8545-48C61014B0D8,SOLAKZADE ECZANESİ,Erzurum,Palandöken,39.89079,41.2654,Erzurum,Correct
1683F1A2-0B33-440D-B3B7-4A45CCEE9BD7,GÖZDE ECZANESİ,Erzurum,Yakutiye,39.93543,41.28452,Erzurum,Correct
64C18BA8-3535-46B0-B863-4A4CFC8F0A56,ERZURUM ÇAT AİLE SAĞLIĞI MERKEZİ,Erzurum,Çat,39.6177,40.97221,Erzurum,Correct
33CEE05C-A179-471A-AD6B-4C2F6FFD512B,ERZURUM TÜRK ECZACILAR BİRLİĞİ KARAYAZI İLÇE HASTANESİ,Erzurum,Karayazi,39.70186,42.14393,Erzurum,Correct
E219BBB8-7248-454F-923E-4EDDE71FBE9D,YILDIRIM ECZANESİ,Erzurum,Horasan,40.03959,42.16898,Erzurum,Correct
F237D293-67F5-4418-8E36-4FB4F763D4F6,SERHAT CÜNEYT KASİL-FATMA DEMİRAY MUAYENEHANESİ,Erzurum,Yakutiye,39.91188,41.26762,Erzurum,Correct
B8B0429F-2831-47CA-80EF-509734AF0FC3,ERZURUM HORASAN FARABİ AİLE SAĞLIĞI MERKEZİ,Erzurum,Horasan,40.0364,42.16995,Erzurum,Correct
5B27282E-916C-47C6-840C-52C99CBF1718,ILICA ECZANESİ,Erzurum,Aziziye,39.94692,41.10127,Erzurum,Correct
38A7CD27-869D-4ED1-9C12-5548BFFAE875,HAYAT ECZANESİ,Erzurum,Çat,39.61187,40.9776,Erzurum,Correct
F992744A-C03E-4E82-8572-55B68D4A48DE,DİLER ECZANESİ,Erzurum,Palandöken,39.86236,41.27542,Erzurum,Correct
CE817E7F-6BE3-459A-A960-58544740906F,VERESELİ MURAT ECZANESİ,Erzurum,Horasan,40.02985,42.14811,Erzurum,Correct
CA05C71F-3814-4795-A06B-586C57AEF74B,TEBESSÜM ECZANESİ,Erzurum,Yakutiye,39.90518,41.26046,Erzurum,Correct
EDE5904A-8AD8-4E04-AAF2-5A3978D6A12B,GÜRCÜKAPI ECZANESİ,Erzurum,Yakutiye,39.9118,41.25974,Erzurum,Correct
7800DC29-651A-491D-A6BF-5C9135FFE2AD,SÜPHAN ECZANESİ,Erzurum,Palandöken,39.88586,41.23983,Erzurum,Correct
161C459E-D2F2-45D7-8721-5D922AA7633F,ZEKİYE KILINÇ MUAYENEHANESİ,Erzurum,Yakutiye,39.90372,41.26971,Erzurum,Correct
1027BD6D-7362-4CAD-9E5A-5DA14593EAA8,EBRAR ECZANESİ,Erzurum,Aziziye,39.90041,41.1971,Erzurum,Correct
6E953F16-D830-41A8-8114-5E69355687E6,ŞEHİR 25 ECZANESİ,Erzurum,Palandöken,39.88442,41.2358,Erzurum,Correct
42CF9696-503C-4419-A5A9-5ED9BB69453E,KARANFİL ECZANESİ,Erzurum,Palandöken,39.89092,41.26907,Erzurum,Correct
55BD64DB-8A46-4210-911A-5F5111F15989,NARMAN İLÇE HASTANESİ,Erzurum,Narman,40.34736,41.86861,Erzurum,Correct
C52BCB26-E665-464A-849A-5FA20D2DE2CF,FATİH ECZANESİ,Erzurum,Aşkale,40.48418,41.00239,Erzurum,Correct
6876B3D1-6CFA-4841-AEEE-607AA76CB9CF,TÜRKAN ECZANESİ,Erzurum,Horasan,40.02999,42.14805,Erzurum,Correct
589A81A3-6A34-4FAA-9381-622CB0C27CF5,ERZURUM KÖPRÜKÖY İLÇE HASTANESI,Erzurum,Palandöken,39.97081,41.87372,Erzurum,Correct
675E408A-C55A-4AF4-A522-624B9F0307D6,ERZURUM MERKEZ ŞERİF EFENDİ ASM,Erzurum,Yakutiye,39.91055,41.26773,Erzurum,Correct
CE3B97D0-B327-4295-BF93-6253DA7BB278,IŞIK ECZANESİ,Erzurum,Palandöken,39.88396,41.25499,Erzurum,Correct
78FC3EA4-39D6-4AF2-9E6F-636B42CF5412,MAHALLEBAŞI ECZANESİ,Erzurum,Yakutiye,39.90931,41.28421,Erzurum,Correct
680CF3DC-6F91-42A2-B76E-656C511B719D,BEYOĞLU ECZANESİ,Erzurum,Hinis,39.35637,41.705,Erzurum,Correct
CBB10861-332A-481C-884A-658464AE518F,KIRKUZER ECZANESİ,Erzurum,Palandöken,39.88742,41.2427,Erzurum,Correct
37ACA10D-1CDC-401F-91C1-65BBD371099B,DİYETİSYEN ELİF HİLAL ÖZDEN,Erzurum,Yakutiye,39.90837,41.25501,Erzurum,Correct
B8A9776A-E94C-459C-8B57-660F7851605F,UZUNDERE İLÇE DEVLET HASTANESİ,Erzurum,Uzundere,39.61342,40.97802,Erzurum,Correct
4F525C88-AB0A-4A36-87CF-6626EDBEAE55,LATİF ECZANESİ,Erzurum,Aziziye,39.91156,41.19334,Erzurum,Correct
CF6E4525-1E3D-4340-840C-66A90CEFE267,NEST ESTETİK KLİNİĞİ,Erzurum,Aziziye,39.91792,41.18912,Erzurum,Correct
9013F13C-A672-4B72-B7DE-69365D7012FA,KAPLAN ECZANESİ,Erzurum,Yakutiye,39.90127,41.26859,Erzurum,Correct
43348CC7-4AF8-47EA-B3BE-69BE99D9FA4E,KÜÇÜKBEY ECZANESİ,Erzurum,Palandöken,39.89679,41.2746,Erzurum,Correct
BAF2AC90-DCA6-47F1-80E3-6A9D2DB00045,YAŞAM ECZANESİ,Erzurum,Palandöken,39.88562,41.2403,Erzurum,Correct
B72B6779-3775-48C0-8DF9-6B3098E4DCF0,ELİF ECZANESİ,Erzurum,Yakutiye,39.91008,41.28094,Erzurum,Correct
20B27CB0-856F-465D-BD57-6B7ED4EA9F8C,ÖZZ DİYET BESLENME VE DİYET KLİNİĞİ,Erzurum,Yakutiye,39.90387,41.27011,Erzurum,Correct
AFE1D2C8-1685-4758-A1EC-6CA536376B93,TİMUR ECZANESİ,Erzurum,Yakutiye,39.91327,41.26152,Erzurum,Correct
2A6E4AC2-59E7-48A4-97A3-6D4B8CE96601,T.C. S.B. İSPİR DEVLET HASTANESİ,Erzurum,İspir,40.49038,41.00236,Erzurum,Correct
DC644632-A39F-4F3E-AC80-6E710A6BE270,SU ECZANESİ,Erzurum,Yakutiye,39.92633,41.2735,Erzurum,Correct
77B3FE80-366A-4960-B9B7-6F68A435B9D6,UZUN ECZANESİ,Erzurum,Palandöken,39.8843,41.23815,Erzurum,Correct
961E404A-B442-4D9C-A77E-6F9642535E53,AVŞAR KLİNİK,Erzurum,MERKEZ,41.0253,28.6305,İstanbul,Wrong
A2830930-B895-4E2D-B223-70D88CA0BBA4,ZAFER ECZANESİ,Erzurum,Palandöken,39.88125,41.24558,Erzurum,Correct
76C68241-98C6-46E0-A9D0-7104468DCEBA,LİVA İNGEC ECZANESİ,Erzurum,Yakutiye,39.91454,41.26278,Erzurum,Correct
16B8E972-0B4E-4B71-ADAB-71110F095E7C,GÖKÇE ECZANESİ,Erzurum,Oltu,40.54847,41.99978,Erzurum,Correct
D915ABC8-826F-433E-9F92-719FC0AA0256,FATİH ECZANESİ,Erzurum,Horasan,40.03791,42.17172,Erzurum,Correct
A6F16BD0-C79D-4A7E-9838-71DDB919926D,YAŞAM ECZANESİ,Erzurum,Horasan,40.04016,42.16884,Erzurum,Correct
13820336-A8F2-4601-90B1-7285F0BFBF2C,TEKMAN MERKEZ ASM,Erzurum,Tekman,39.97863,41.67712,Erzurum,Correct
29348384-53AC-4851-9686-75B226F52CE2,ERZURUM YAKUTİYE VEYİS EFENDİ AİLE SAĞLIK MERKEZİ,Erzurum,Yakutiye,39.90928,41.2861,Erzurum,Correct
14FE205E-AA05-4EC4-A112-76104CDA8A1B,TURGUT ECZANESİ,Erzurum,Palandöken,39.88676,41.24103,Erzurum,Correct
B170F5EC-1A1A-4C90-8D0D-7706B3520BA0,YEŞİL ECZANESİ,Erzurum,Aşkale,39.92085,40.68898,Erzurum,Correct
C67A5DFC-B68E-4982-AC7F-77F3D5BA5C63,ENGİN ECZANESİ,Erzurum,Palandöken,39.88695,41.26196,Erzurum,Correct
E63DF674-774F-445E-B6AA-79E9443126BE,ERZURUM PSİKODİYET ŞULE ŞEVVAL KORKUT,Erzurum,Yakutiye,39.90224,41.26923,Erzurum,Correct
FC782D3D-4AE5-4EDA-A9AB-79EF00AA6FBC,DENİZ ECZANESİ,Erzurum,Yakutiye,39.90997,41.26515,Erzurum,Correct
15EB6685-2655-47F7-AC53-7AAA2B618EF6,ÖRTÜLÜ ECZANESİ,Erzurum,Şenkaya,40.56163,42.3457,Erzurum,Correct
859C141B-37A5-45E7-8973-7ADD918D65CC,ERZURUM AZİZİYE DADAŞKENT AİLE SAĞLIK MERKEZİ,Erzurum,Aziziye,39.92229,41.18747,Erzurum,Correct
0751D9E0-D8BD-4881-9277-7C3623D79D24,YAYLA ECZANESİ,Erzurum,Aziziye,39.91096,41.18927,Erzurum,Correct
AD2177B4-E820-4729-9B83-7CCAC0D43782,T.C. S.B. PASİNLER İBRAHİM HAKKI DEVLET HASTANESİ,Erzurum,Pasinler,39.97574,41.669,Erzurum,Correct
15A4E4D2-DBD9-4158-A111-7D6ADE7B92D9,ERZURUM AZİZİYE İBNİ SİNA AİLE SAĞLIK MERKEZİ,Erzurum,Aziziye,39.91332,41.1972,Erzurum,Correct
6CAC786E-69E3-431F-AF9F-7E76B20F313A,ERZURUM TORTUM İLÇE HASTANESİ,Erzurum,Tortum,39.61199,40.9775,Erzurum,Correct
74CB357E-DB58-41C4-B37F-7ECBCAC222C3,KARAÇOBAN DEVLET HASTANESİ,Erzurum,Karaçoban,39.3521,42.09432,Erzurum,Correct
C3A2E108-CEE2-4DAE-AA61-7F39A9EE9D8E,KOMBİNA ECZANESİ,Erzurum,Yakutiye,39.91542,41.26169,Erzurum,Correct
2D7C4D2B-2002-4FF2-AB87-80DCA6A297BA,ERZURUM HORASAN DEVLET HASTANESI,Erzurum,Horasan,40.04095,42.16884,Erzurum,Correct
0FED4D8B-EBC8-4EBC-972C-813E1DBAB079,MERKEZ ECZANESİ,Erzurum,Horasan,39.35517,41.70754,Erzurum,Correct
7A8A41C3-E996-445A-B59A-81F69BF091EA,AĞIRMAN ECZANESİ,Erzurum,Palandöken,39.89213,41.27024,Erzurum,Correct
8560B4FB-FC66-4FBC-806F-824F89ABAB85,SEVGİ ECZANESİ,Erzurum,Yakutiye,39.94957,41.30199,Erzurum,Correct
AB05FBB4-4265-48C4-BB8B-82EF44F9C935,HÜRRİYET ECZANESİ,Erzurum,Yakutiye,39.90578,41.26987,Erzurum,Correct
DA0D26B3-7EC2-4D3E-9F6F-8433315C73BF,ALTUNYILDIZ ECZANESİ,Erzurum,Yakutiye,39.9102,41.26561,Erzurum,Correct
3D6253D6-8864-486C-AF7B-85F07CB45344,EVREN ECZANESİ,Erzurum,Palandöken,39.9005,41.26911,Erzurum,Correct
79C79C64-7429-47A8-926B-86D94136E023,DOĞU ECZANESİ,Erzurum,Yakutiye,39.90691,41.27228,Erzurum,Correct
607C2B56-177B-4E01-A21C-873268516A58,ERZURUM KIRIKHAN ASM,Erzurum,Tekman,39.54293,41.33199,Erzurum,Correct
D04DBE02-7BFD-4E52-A5CC-87A2A7717B0C,DOST ECZANESİ,Erzurum,Oltu,40.54441,41.98978,Erzurum,Correct
C807E1B0-E82B-418B-8D44-89B2A9465285,ERZURUM PALANDÖKEN MAKSUTEFENDİ AİLE SAĞLIĞI MERKEZİ,Erzurum,Palandöken,39.90095,41.31896,Erzurum,Correct
081CF6D7-81D8-441D-8BAC-8BCCBE1A75E0,ERZURUM KIZILAY KAN MERKEZİ,Erzurum,Palandöken,39.90532,41.27208,Erzurum,Correct
83B2EB5E-1E07-4188-BD1C-8C29E12478F5,SAĞLIK ECZANESİ,Erzurum,Palandöken,39.89323,41.28603,Erzurum,Correct
160118D1-436A-493F-88F1-8C62D64A18E6,BAYRAMOĞLU ECZANESİ,Erzurum,Yakutiye,39.91019,41.26512,Erzurum,Correct
05C81BAD-A2A1-4A75-918A-8CCEF19E4775,SELMA DENKTAŞ KUDUBAN MUAYENEHANESİ,Erzurum,MERKEZ,41.0757,28.6127,İstanbul,Wrong
D5E5F718-19F3-420E-92FE-8D9B2CAE7FBD,MUSTAFA CELAL ALPER GÖR MUAYENEHANESİ,Erzurum,Yakutiye,39.90603,41.26816,Erzurum,Correct
AD14D74A-D547-4821-9CE3-8E5B74DF8648,ŞÜKRÜPAŞA ECZANESİ,Erzurum,Yakutiye,39.92933,41.27046,Erzurum,Correct
4D011CF9-53BF-4D67-9BF4-8E850BBE8141,HASTANELER ECZANESİ,Erzurum,Yakutiye,38.90387,-77.01396,No Info,No Info
3DA74CCE-C1D9-4781-8C2A-8FCFB0628B98,FATİH ECZANESİ,Erzurum,İspir,40.48418,41.00239,Erzurum,Correct
B90ED48D-814E-4310-9753-900CF9188D12,ERZURUM AĞIZ VE DİŞ SAĞLIĞI MERKEZİ ILICA POLİKLİNİĞİ,Erzurum,Aziziye,39.94862,41.1035,Erzurum,Correct
1A4100A5-4A9F-4466-9D9D-9195589F2774,ERZURUM KARAYAZI GÖKSU AİLE SAĞLIĞI MERKEZİ,Erzurum,Karayazi,39.48426,42.17726,Erzurum,Correct
1A1DFC15-2899-45C8-9A53-9225646CE4AD,ERZURUM AZİZİYE SALTUKLU AİLE SAĞLIK MERKEZİ,Erzurum,Aziziye,39.91591,41.18893,Erzurum,Correct
A0A46EBF-A091-4835-A48F-93A7C1DCBB00,NİHAT KİTAPÇI ERZURUM GÖĞÜS HASTALIKLARI VE GÖĞÜS CERRAHİ MERKEZİ,Erzurum,Yakutiye,39.89499,41.25435,Erzurum,Correct
E7E74F0B-B1A7-4280-A291-93DF7277CF86,KARAAVCI ECZANESİ,Erzurum,Yakutiye,39.91109,41.26632,Erzurum,Correct
B79F859F-3EEC-4846-8309-95B75686C3B6,ŞEYMA ÜÇDEMİR BESLENME VE DİYET KLİNİĞİ,Erzurum,Yakutiye,39.90892,41.26757,Erzurum,Correct
7D4513B4-FA56-410E-82EA-96130AC0A8D7,SAADET ECZANESİ,Erzurum,Aşkale,39.92181,40.69731,Erzurum,Correct
AB7AA823-0BCF-452C-91B3-97291A5CCCB4,NİL ECZANESİ,Erzurum,Aziziye,39.94732,41.10858,Erzurum,Correct
6239B2D8-4C57-46C2-B2D7-97607256623B,İLHAMİ AKSU MUAYENEHANESİ,Erzurum,Palandöken,39.89476,41.27173,Erzurum,Correct
F66CEF17-F82E-4C46-B2B2-985420AFEAB1,CAN ECZANESİ,Erzurum,Oltu,40.54371,41.98295,Erzurum,Correct
916DBB93-F3D5-493A-ACE4-985D5559E570,FUNDA TAŞ DERMATOLOJİ KLİNİĞİ,Erzurum,Yakutiye,39.90684,41.25576,Erzurum,Correct
0455C1A5-32B1-4816-9D7C-9973ACFA5383,BİLEN ECZANESİ,Erzurum,Aziziye,39.91345,41.19447,Erzurum,Correct
45D278BD-A294-4EB2-A50F-99B6F4A8B113,BAHAR ECZANESİ,Erzurum,Yakutiye,39.9112,41.25409,Erzurum,Correct
606394EF-B02F-41FE-A536-99C90F73AB96,YENİ DEFNE ECZANESİ,Erzurum,Yakutiye,39.90576,41.26948,Erzurum,Correct
8ACCAC56-6EE0-41FD-BEF7-99FDB2650494,AŞKALE ECZANESİ,Erzurum,Aşkale,39.91784,40.67274,Erzurum,Correct
EDC27CB1-3272-407E-901C-9B8E401E1634,UÇAR ECZANESİ,Erzurum,Yakutiye,39.98028,41.66978,Erzurum,Correct
81277101-B790-4BBD-AC92-9C0414851EE3,ERZURUM PALANDÖKEN SOLAKZADE AİLE SAĞLIĞI MERKEZİ,Erzurum,Palandöken,39.89202,41.26812,Erzurum,Correct
4D2B3FBB-D3BC-4259-A107-9CD20E44FB87,FORM DİYET ERZURUM,Erzurum,Yakutiye,39.90388,41.26817,Erzurum,Correct
889CB7D0-6039-4E36-ACAA-9E8713467084,AYŞETE ALEYNA BABUR BESLENME VE DİYET KLİNİĞİ,Erzurum,Palandöken,39.88312,41.24609,Erzurum,Correct
960D5F6D-3901-4A09-A34E-9EF9FAC7DED8,EDİP SOMUNOĞLU AİLE SAĞLIĞI MERKEZİ,Erzurum,Yakutiye,39.9361,41.28081,Erzurum,Correct
E7303083-BF9D-407F-9866-9F2E6FF2D986,YILDIZ ECZANESİ,Erzurum,Pasinler,39.9782,41.67815,Erzurum,Correct
29606941-FDD7-4B8D-9396-A1362C3A3C37,MERKEZ RESULOĞULLARI ECZANESİ,Erzurum,Karaçoban,40.04128,42.1694,Erzurum,Correct
1FC4E8D5-2298-4DE5-98DF-A31E3F1773DC,EBRULİ ECZANESİ,Erzurum,Yakutiye,39.90573,41.28927,Erzurum,Correct
E45AD4AA-AB76-4309-900F-A39DE67CDFDE,RABİA ÖZSAYGIN MUAYENEHANESİ,Erzurum,Yakutiye,39.9031,41.26957,Erzurum,Correct
13E6995C-9B59-4559-96FC-A441B2727CA9,POLAT ECZANESI,Erzurum,Pasinler,39.9787,41.67424,Erzurum,Correct
7450BB27-8A59-4413-B583-A4EC07921656,KAYA ECZANESİ,Erzurum,Yakutiye,39.92271,41.26402,Erzurum,Correct
65BA9A95-C9FA-4243-A867-A72AA10203C0,YILDIZKENT ECZANESİ,Erzurum,Palandöken,39.8907,41.26857,Erzurum,Correct
1EE845BB-ED22-42E2-A4D4-A76B8EB163EC,SARAYBOSNA ECZANESİ,Erzurum,Yakutiye,39.90179,41.27043,Erzurum,Correct
42EC0CBC-0703-4F23-96FF-A7C8F03F9FAD,ÇAĞLA ECZANESİ,Erzurum,Aziziye,39.91972,41.1868,Erzurum,Correct
C9E4748F-10E7-44B4-A276-A880AC2DDBDC,MERKEZ ECZANESİ,Erzurum,Yakutiye,39.90761,41.27048,Erzurum,Correct
20D9EC2E-F65F-4CD2-93C7-A98F83AD8CC0,YAKUTİYE MERKEZ ŞEHİTLER ASM,Erzurum,Yakutiye,39.92657,41.28306,Erzurum,Correct
14ADBE2E-CC63-4E01-B5C1-AAFE24797820,YENİ BURÇAK ECZANESİ,Erzurum,İspir,40.4831,40.99989,Erzurum,Correct
3B082A3C-4C84-4CB3-AED9-ABD09C97CBE1,DERYA ECZANESİ,Erzurum,Oltu,40.54337,41.98856,Erzurum,Correct
40BFE057-AB5E-461F-AE7B-AC72AAEBD5C5,ATATÜRK ÜNİVERSİTESİ ARAŞTIRMA HASTANESİ ECZANESİ,Erzurum,Yakutiye,40.8702,28.6159,İstanbul,Wrong
6624BDC8-7888-4F83-B58B-AE0193A594F2,PASİNLER ECZANESİ,Erzurum,Pasinler,39.97758,41.67486,Erzurum,Correct
9DD0E355-EB96-415E-AB9D-AE161FD76C2B,SERHAT ECZANESİ,Erzurum,Köprüköy,39.96734,41.87159,Erzurum,Correct
D03BC521-6989-410B-BB97-AE43CD7AA89F,TORTUM MERKEZ ASM,Erzurum,Tortum,40.29383,41.55027,Erzurum,Correct
EB7F5D7A-A132-4FED-85BF-AED65C86CECC,SALTUKLU ECZANESİ,Erzurum,Aziziye,39.912,41.18641,Erzurum,Correct
8907777F-FCF8-4018-8B94-AF30352EFD12,YENİ KONGRE ECZANESİ,Erzurum,Yakutiye,39.91207,41.27442,Erzurum,Correct
B4B2C24A-E87E-45F2-8D66-B0E8E138DDC6,ESRA ECZANESİ,Erzurum,Aşkale,39.46637,-76.26396,No Info,No Info
3B791F61-F72C-4A0F-AB8B-B16526707B8E,ÇAT ECZANESİ,Erzurum,Çat,40.04084,42.16868,Erzurum,Correct
B964EDC9-B4EE-4789-B2B0-B1A75CDA2A34,ERZURUM PALANDÖKEN YILDIZKENT AİLE SAĞLIĞI MERKEZİ,Erzurum,Palandöken,39.87313,41.25059,Erzurum,Correct
DDEA3394-A382-43C9-B9A1-B2866F83BA7B,ERZURUM KARAYAZI AİLE SAĞLIĞI MERKEZİ,Erzurum,Karayazi,39.70247,42.14347,Erzurum,Correct
2E3FE95E-CFDC-42C0-9C9A-B2A915AE4319,GÖLBAŞI ECZANESİ,Erzurum,Yakutiye,39.9109,41.25854,Erzurum,Correct
094644A2-1FE9-4017-B5EA-B5C2CA068C07,YAKUTİYE ŞÜKRÜPAŞA ASM,Erzurum,Yakutiye,39.92683,41.27263,Erzurum,Correct
E4E10DF5-98F7-4A5A-9A57-B6575A638B6D,YENİ SANAYİ ECZANESİ,Erzurum,Yakutiye,39.93007,41.28585,Erzurum,Correct
C9D19952-56BD-499D-87E0-B67EBAB8861D,GÜLLÜCE ECZANESİ,Erzurum,Palandöken,39.89786,41.29206,Erzurum,Correct
87DEC9E3-B9C8-456E-86F9-B69BD7B0CA99,12 MART AİLE SAĞLIĞI MERKEZİ,Erzurum,Yakutiye,39.91632,41.26289,Erzurum,Correct
B6D6F973-4049-4185-B400-B6E0D6A03A90,ÖZPOLAT ECZANESİ,Erzurum,Aziziye,39.92044,41.18512,Erzurum,Correct
2579F201-237F-48BD-924B-B6F349F38787,ÇAĞRI ECZANESİ,Erzurum,Oltu,40.54622,41.99672,Erzurum,Correct
EDB1D80B-3C83-492B-8D2D-BA03D845EA4C,ATATÜRK ÜNİVERSİTESİ DİŞ HEKİMLİĞİ FAKÜLTESİ,Erzurum,Yakutiye,40.82313,42.14161,Erzurum,Correct
29456DFB-B4D7-49F3-B4C3-BA5C0518D3E6,YILMAZ ECZANESİ,Erzurum,İspir,40.48428,41.00087,Erzurum,Correct
4360D1BA-2AE6-4162-9630-BB20AABE9D8E,NURAN ECZANESİ,Erzurum,Palandöken,39.90777,41.2733,Erzurum,Correct
5EA337C8-4140-4054-B11A-BB51E405F076,KALE ECZANESİ,Erzurum,Pasinler,39.97861,41.67475,Erzurum,Correct
BA956933-A172-47E5-9FFE-BBE725501DB0,FIRAT ECZANESİ,Erzurum,Palandöken,39.88287,41.24229,Erzurum,Correct
75BAD88C-BAB6-402F-A86D-BC36F71CA45C,YAKUTİYE DR FİLİZ DOLUNAY ASM,Erzurum,Yakutiye,39.90965,41.26653,Erzurum,Correct
6CDCA666-6F59-46E4-8EB9-BC63FC37D14C,OLTU ECZANESİ,Erzurum,Oltu,40.54727,41.99883,Erzurum,Correct
CE6FDB7A-DD73-46B2-870A-BD417CECA7C7,PALANDÖKEN AĞIZ VE DİŞ SAĞLIĞI POLİKLİNİĞİ,Erzurum,MERKEZ,40.9393,28.9748,İstanbul,Wrong
4C3172B4-A32E-4012-93FB-BD4B51820AB3,ERZURUM PALANDÖKEN YUNUS EMRE AİLE SAĞLIĞI MERKEZİ,Erzurum,Palandöken,39.89262,41.2853,Erzurum,Correct
5BE9E641-9653-41A9-A76A-BD5A9E185AD1,ERZURUM OLTU DEVLET HASTANESI,Erzurum,Oltu,40.54175,41.98789,Erzurum,Correct
94774C1C-4D0C-4BEF-9FC3-BE2624F1C536,BÜYÜK NARMAN ECZANESİ,Erzurum,Narman,40.81622,29.30211,İstanbul,Wrong
7D625580-ACCD-4F39-BEB9-BE7A7E24F2D6,DİYETİSYEN MERVE DENİZLİ BESLENME VE DİYET DANIŞMANLIĞI,Erzurum,Yakutiye,39.90599,41.26568,Erzurum,Correct
6DC247DF-513E-4AE6-AA81-BEAC7058B4F1,ÇAYKARA ECZANESİ,Erzurum,Yakutiye,39.90956,41.26683,Erzurum,Correct
8CC49E5A-133B-4ED4-A2A9-BF53DFA43C89,ERZURUM ŞEHİR HASTANESİ,Erzurum,Yakutiye,39.89911,41.24088,Erzurum,Correct
B182B709-8DDD-4D66-81FB-BF772EF34957,ÖZTÜRK ECZANESİ,Erzurum,Aziziye,39.91212,41.19784,Erzurum,Correct
368A8AFD-39FE-4950-8A2B-BFE456D09505,İBNİ SİNA ECZANESİ,Erzurum,Aziziye,39.05867,-76.80756,No Info,No Info
3D8B4012-454D-43D2-BAFD-C0121F6950CA,ŞÜHEDA ECZANESİ,Erzurum,Yakutiye,39.90217,41.26979,Erzurum,Correct
4FADE80D-7015-4338-B877-C02248A19DC2,YENİ ARAŞTIRMA ECZANESİ,Erzurum,Palandöken,39.88523,41.2685,Erzurum,Correct
5D140D9D-1FE9-40A5-A2B2-C3864D1DB052,MERKEZ ECZANESİ,Erzurum,Tortum,40.30493,41.53356,Erzurum,Correct
E3EE460D-BAFB-4908-A43C-C506EA3EF3A0,ERENLER ECZANESİ,Erzurum,Yakutiye,39.91147,41.26645,Erzurum,Correct
6E838683-02F6-4090-AE0C-C52FAF69F0F3,İBRAHİM YILMAZ MUAYENEHANESİ,Erzurum,Palandöken,39.89418,41.27198,Erzurum,Correct
EE0DF53E-7937-4556-8E10-C69853000818,ÖZDEMİR ECZANESİ,Erzurum,Karaçoban,40.02789,42.16634,Erzurum,Correct
E74E9407-2F07-4619-BB9F-C80A4204DDA3,BÜŞRANUR BALİ BESLENME VE DİYET KLİNİĞİ,Erzurum,Yakutiye,39.90428,41.26879,Erzurum,Correct
4DAD4B5E-1743-44C3-8E29-C9F5193C57E6,BEYOĞLU ECZANESİ,Erzurum,Karayazi,39.35637,41.705,Erzurum,Correct
3CA96D63-6540-4C55-B3C5-CAAB70378F01,ŞİFA ECZANESİ,Erzurum,Oltu,40.54432,41.98926,Erzurum,Correct
E6A5DDF0-A7D8-413F-8366-CB12DB100163,ADA ECZANESİ,Erzurum,Yakutiye,39.9106,41.26698,Erzurum,Correct
312B2889-89A2-4517-8155-CB91BEC12DC2,DOLUNAY ECZANESİ,Erzurum,Palandöken,39.88736,41.26241,Erzurum,Correct
36A395A3-DA52-4C11-BDE4-CF002872F7D6,İDRİS ELMAS MUAYENEHANESİ,Erzurum,Palandöken,39.90959,41.26746,Erzurum,Correct
D5909489-EC14-4DBB-AFB4-CF1E1A391C43,ERZURUM AŞKALE DR.MELİH ZEYNAL AİLE SAĞLIĞI MERKEZİ,Erzurum,Aşkale,39.92183,40.69738,Erzurum,Correct
0ED5F887-DB13-41F2-A85D-CF8F76E2F106,BETÜL KANDEMİR DİYET KLİNİĞİ,Erzurum,Yakutiye,39.9038,41.26821,Erzurum,Correct
0CA70B06-8CFD-4CBE-B52E-CFC511217968,HİLAL ECZANESI,Erzurum,Oltu,40.5434,41.98869,Erzurum,Correct
5DC45D32-96EC-4F91-970E-CFFA1AF08DA6,DERMAN ECZANESİ,Erzurum,Hinis,39.35864,41.69984,Erzurum,Correct
F752DB7B-C750-4FC7-98D6-D04120C94989,İNCİ ECZANESİ,Erzurum,Aziziye,39.91702,41.18792,Erzurum,Correct
0EF77106-FB1D-41F3-A5F8-D0F16CF916A2,ERZURUM NENE HATUN KADİN DOĞUM HASTANESI,Erzurum,Palandöken,39.89827,41.2624,Erzurum,Correct
1C0F88D4-9A02-4AAC-B307-D145E1404E67,PELİN ECZANESİ,Erzurum,Palandöken,39.88636,41.26264,Erzurum,Correct
8FDE20B6-AF3A-45A5-8DEC-D1D13ACE2D35,ERZURUM PALANDÖKEN KAYAKYOLU AİLE SAĞLIĞI MERKEZİ,Erzurum,Palandöken,39.88062,41.27424,Erzurum,Correct
3006ED5B-DBF6-4E92-968A-D2B1D1F95578,SULTAN ECZANESİ,Erzurum,Yakutiye,39.93329,41.2823,Erzurum,Correct
DE612C28-2246-4845-8A22-D2D96C91F6EE,ŞEHİR BÖLGE ECZANESİ,Erzurum,Palandöken,39.88619,41.23835,Erzurum,Correct
4B83BDF2-E5D3-4370-8A17-D42E8F093E21,ERZURUM YAKUTİYE HİLALKENT ŞEHİT BURAK TATAR AİLE SAĞLIK MERKEZİ,Erzurum,Yakutiye,39.95016,41.30012,Erzurum,Correct
ACDD3C9F-DA31-45C3-BD57-D6A7E249B3DD,ARAS ECZANESİ,Erzurum,Tekman,39.6454,41.50789,Erzurum,Correct
29472212-975F-4A24-BD43-D6BC9E1198ED,ŞEHR-İ ŞİFA ECZANESİ,Erzurum,Hinis,40.48408,40.99776,Erzurum,Correct
5EDE67FC-836E-4874-ACF4-D88CD3CBCA4B,ŞENOL ECZANESİ,Erzurum,Aziziye,39.91983,41.18686,Erzurum,Correct
AEF7EFB7-998E-49DE-BD38-D8A39F5B17D2,ERZURUM OLTU AİLE SAĞLIĞI MERKEZİ,Erzurum,Oltu,40.54553,41.98879,Erzurum,Correct
477E44FA-374F-46E5-9C27-D9B689412655,FATOŞ ECZANESİ,Erzurum,Aşkale,39.92139,40.69178,Erzurum,Correct
482A9A89-AD9C-48B7-9EAD-D9EB45486049,UMUT ECZANESİ,Erzurum,Uzundere,40.53285,41.54506,Erzurum,Correct
E6B11AF5-7C12-41B0-873E-DB7A26D2D43D,VURAL ECZANESİ,Erzurum,Palandöken,39.89472,41.28521,Erzurum,Correct
E8A70D37-3FF5-4142-AF11-DBC362EB91EB,PALANDÖKEN MERKEZ TSM,Erzurum,Palandöken,39.88305,41.24798,Erzurum,Correct
D9B64337-45E7-49C3-B7BB-DD88152B00CB,DİYETİSYEN İSMAİL KAHRAMAN BESLENME VE DİYET MERKEZİ,Erzurum,Yakutiye,39.91,41.25734,Erzurum,Correct
DD53F73D-444C-48FA-A629-DDEEDDD453DE,POLAT ECZANESI,Erzurum,Yakutiye,39.89993,41.27558,Erzurum,Correct
5115AE81-C778-464F-A603-DE859F3410EF,ŞAFAK ECZANESİ,Erzurum,Palandöken,39.8898,41.26737,Erzurum,Correct
5C9D9572-5EEB-4179-B119-DED51388A65E,CADDE ECZANESİ,Erzurum,Yakutiye,39.90545,41.27113,Erzurum,Correct
512F99D1-3429-4C31-9B34-E161A3F011C4,YILDIZKENT KAVŞAK ECZANESİ,Erzurum,Palandöken,39.88652,41.2415,Erzurum,Correct
A2DE13E5-7793-449E-BA9E-E1E5740336D5,ÖZNUR ECZANESİ,Erzurum,Aziziye,40.03528,42.15633,Erzurum,Correct
8DA32F8A-B7AA-4EED-8E92-E286AA091FAE,FİLİZ ECZANESİ,Erzurum,Palandöken,39.88464,41.25442,Erzurum,Correct
EAAC74DB-6860-4BCB-A0C9-E2A7B2CB8218,SARE ECZANESİ,Erzurum,Yakutiye,39.91047,41.27142,Erzurum,Correct
9AC56645-D0B5-4539-90DD-E2BE56F918F9,ERZURUM KÖPRÜKÖY AİLE SAĞLIĞI MERKEZİ,Erzurum,Köprüköy,39.97129,41.87344,Erzurum,Correct
0F35E462-9268-4F26-BF06-E4E0357B1968,DERYA ECZANESİ,Erzurum,Palandöken,39.88443,41.27416,Erzurum,Correct
A8E7388F-D6A3-4997-92D2-E5609A49174B,AZİZİYE ILICA ASM,Erzurum,Aziziye,39.94864,41.10025,Erzurum,Correct
12349E89-A4D1-4DD2-B2E9-E6CA42B21CCF,ŞAHAP PAYVEREN MUAYENEHANESİ,Erzurum,Palandöken,39.90633,41.27087,Erzurum,Correct
130342CC-E628-46C7-A6EC-E6ED3C76F7C8,BURAK ECZANESİ,Erzurum,Yakutiye,39.90088,41.26653,Erzurum,Correct
2BE39D2E-4D58-4836-ADDD-E78122844AD6,ASRIN ECZANESİ,Erzurum,Yakutiye,39.90803,41.27036,Erzurum,Correct
5AF3E0D0-FC9B-4842-AECC-E7C004BB1F3E,ŞULE AYDIN ECZANESİ,Erzurum,Yakutiye,39.90615,41.26839,Erzurum,Correct
C35FE8FB-814D-4DD4-8433-E8391F0725EA,HINIS ŞEHİT YAVUZ YÜREKSEVEN DEVLET HASTANESİ,Erzurum,Hinis,39.36779,41.69867,Erzurum,Correct
A1CD4208-5850-4809-8C99-E9FA77253261,ERZURUM ÇAT İLÇE HASTANESI,Erzurum,Çat,39.61808,40.98414,Erzurum,Correct
CFE2209B-CDBE-4091-8A17-EA54C9F787C7,SERRA ECZANESİ,Erzurum,Yakutiye,39.92827,41.2722,Erzurum,Correct
D4AF6588-7DFF-4EFA-9921-EB14C18C7E05,ÇAMLICA ECZANESİ,Erzurum,Aziziye,39.91599,41.19722,Erzurum,Correct
313F59FB-8A01-436E-AE26-EC5F333ECA44,ERZURUM MERKEZ GAZİ AİLE SAĞLIĞI MERKEZİ,Erzurum,Yakutiye,40.04261,42.16906,Erzurum,Correct
12F718DA-3653-4203-B8C0-ED2FAA4EBC02,SENA KARAHAN MUAYEHANEHESİ,Erzurum,Yakutiye,39.90802,41.25517,Erzurum,Correct
1E9C5456-68E4-4DFF-9DC1-EE473E980CE9,OZAN KUDUBAN KLİNİĞİ,Erzurum,MERKEZ,40.8247,28.6138,İstanbul,Wrong
D6859B9B-472E-468A-B68D-EF10B51E971B,ERZURUM PALANDÖKEN ADNAN MENDERES AİLE SAĞLIĞI MERKEZİ,Erzurum,Palandöken,39.88508,41.25312,Erzurum,Correct
4DFFF0D2-514C-41E2-A100-F0CD08656BCF,ERZURUM İL SAĞLIK MÜDÜRLÜĞÜ,Erzurum,Yakutiye,39.90875,41.26533,Erzurum,Correct
0BA8FEF5-95DD-4C03-A6AF-F245F54C827C,SAFA ECZANESİ,Erzurum,Palandöken,39.89027,41.26987,Erzurum,Correct
01D1251B-533A-4563-A5E0-F2E3671D93D2,SELİMİYE ECZANESİ,Erzurum,Palandöken,39.87272,41.24281,Erzurum,Correct
32924F33-96E0-4A70-BAC7-F369D1A7B455,ÇINAR ECZANESİ,Erzurum,Yakutiye,39.90093,41.26636,Erzurum,Correct
5EC082CF-45CD-4E63-AC45-F36EB402B3B8,ÖZEL ALPER EMİNOĞLU DİŞ POLİKLİNİĞİ,Erzurum,Yakutiye,39.91041,41.26707,Erzurum,Correct
EBB64153-36A6-41AC-8C3C-F449F14F7EFF,IŞIK ECZANESİ,Erzurum,Karayazi,39.70255,42.14295,Erzurum,Correct
BC68CEC3-3FC2-446C-87FB-F49AC161CB1D,CENGİZ ECZANESİ,Erzurum,Yakutiye,39.90356,41.28675,Erzurum,Correct
40953568-A5D4-4A03-9C7C-F4D0B402F432,GÜLAKAR ECZANESİ,Erzurum,Yakutiye,39.92632,41.27226,Erzurum,Correct
CDA2E816-A8FD-404A-99BC-F5E758B54097,GEZ ECZANESİ,Erzurum,Yakutiye,39.90503,41.25794,Erzurum,Correct
3A4EB646-BF3B-4EC7-A01D-F5FA4DD15A82,CEVİZ ECZANESİ,Erzurum,Yakutiye,39.90945,41.26906,Erzurum,Correct
8380FB42-B71D-4AAE-81D2-F6DB6C97C6E5,DERMAN ECZANESİ,Erzurum,Palandöken,39.87754,41.23613,Erzurum,Correct
8BDDD834-9EE3-479B-8D81-F7452F8A1B0F,FMC ERZURUM SERHAT DİYALİZ MERKEZİ,Erzurum,Palandöken,39.90055,41.26889,Erzurum,Correct
F9630AE4-C80E-4106-8AF0-F8043D7295B1,HAYAT ECZANESİ,Erzurum,Yakutiye,41.03765,29.10509,İstanbul,Wrong
3F9CAC6D-1466-464A-945F-F820CFDED951,GAMZE SÖYLEMEZ BESLENME VE DİYET KLİNİĞİ,Erzurum,Yakutiye,39.90509,41.26898,Erzurum,Correct
FB668BD9-1C1A-4F83-B131-F8249CC9C4D0,ERZURUM İSPİR AİLE SAĞLIĞI MERKEZİ,Erzurum,İspir,40.48711,41.00153,Erzurum,Correct
2466498B-35F2-4729-BFE1-F90F78A4AF50,TURAN ECZANESİ,Erzurum,Palandöken,39.88598,41.25432,Erzurum,Correct
7D146CEA-6926-4EA2-855B-F9A5264752D9,YENI NENEHATUN ECZANESİ,Erzurum,Yakutiye,39.91647,41.26484,Erzurum,Correct
09626463-2A83-4E1C-951B-FA9A3A1BCED0,BAKAN ECZANESI,Erzurum,Yakutiye,39.90536,41.28007,Erzurum,Correct
B1ABCCFF-8F30-4F9B-A1D4-FC1BFB18B59C,MERKEZ ECZANESİ,Erzurum,Hinis,39.35517,41.70754,Erzurum,Correct
F33B9B3F-C5F6-4675-9A51-FD38BB141FCC,ASYA ECZANESİ,Erzurum,Yakutiye,39.91044,41.26523,Erzurum,Correct
7FAAD55A-4C05-4313-BE26-FD63D8EA647B,ŞİFA ECZANESİ,Erzurum,Hinis,39.35803,41.70923,Erzurum,Correct
FA63D460-6670-4CC5-A717-FDF4E827F5A4,DORUK ECZANESI,Erzurum,Narman,40.35002,41.85457,Erzurum,Correct
1837B34E-238E-4EDC-B9E3-FEAC318CC496,SERPİL ECZANESİ,Erzurum,Palandöken,39.89331,41.28549,Erzurum,Correct
72E5D9FE-A31F-4628-AF1C-FF1B496FB3BA,TEKMAN ŞEHİT PİYADE ÇAVUŞ MUHAMMET BİNİCİ DEVLET HASTANESİ,Erzurum,Tekman,39.64895,41.51222,Erzurum,Correct
