UnitId,UnitName,CityName,DistrictName,Latitude,Longitude,DetectedCity,Match
68D67E89-2B62-40BA-BA64-0043FA256B29,SİVASLI ECZANESİ,Uşak,Sivasli,38.5027,29.68486,Uşak,Correct
0E6257BD-7837-4607-9581-0150D7091D98,ÇAKIR ECZANESİ,Uşak,Merkez,38.67457,29.39294,Uşak Merkez,Correct
3DC1B7B2-F30A-4875-955A-024893390555,VİTAMİN ECZANESİ,Uşak,Merkez,38.66631,29.42081,Uşak Merkez,Correct
A2343245-5F7E-42B3-8203-02BD3AF672B4,DENİZ ECZANESİ,Uşak,Eşme,38.40108,28.96698,Uşak,Correct
9FAC164A-C8CA-451A-8046-04AB4D041871,T.C.S.B. UŞAK ÜNİVERSİTESİ EĞİTİM VE ARAŞTIRMA HASTANESİ,Uşak,Merkez,38.6778,29.45259,Uşak Merkez,Correct
C819E4AD-DA57-45B8-963E-04E5DE031A70,ARDA ECZANESİ,Uşak,Banaz,38.73932,29.74861,Uşak,Correct
6303CADF-F11B-4436-97F0-055719687151,ÖNDER ÇELİK MUAYENEHANESİ,Uşak,Merkez,36.77134,28.80093,Muğla,Wrong
4421440C-3AC5-4682-A3D7-056034D8079D,EYMEN ECZANESİ,Uşak,Merkez,38.66967,29.4071,Uşak Merkez,Correct
DF228544-D1F8-4845-B10B-0583011A88A0,HAZAL ECZANESİ,Uşak,Merkez,38.66334,29.39715,Uşak Merkez,Correct
1E5E6EB7-E456-49F1-A3FF-063A555E1A25,BAKİ YILDIRIM MUAYENEHANESİ,Uşak,Eşme,38.39893,28.96718,Uşak,Correct
270FD697-219A-4ED1-9E9B-0783A411A130,ÖZYAVUZ ECZANESİ,Uşak,Merkez,38.67992,29.40435,Uşak Merkez,Correct
41C2C8B3-2AF3-4CAE-907F-09BC3D2C3959,HAŞMET ZEKİ KÖSE MUAYENEHANESİ,Uşak,Eşme,38.39777,28.96754,Uşak,Correct
C1683920-276C-47BD-B19E-0A558A64995B,İBRAHİM DİVRİK MUAYENEHANESİ,Uşak,Merkez,38.67761,29.40528,Uşak Merkez,Correct
866FD17D-AAAB-455D-99C6-0AE15C533A61,GÜÇLÜ BİTGİN MUAYENEHANESİ,Uşak,Merkez,39.42047,-76.32516,Maryland,Wrong
C1A2226E-0346-403F-9E7D-0B1E2E97E03B,ÖZEL ESTETİK AĞIZ VE DİŞ SAĞLIĞI POLİKLİNİĞİ,Uşak,Merkez,38.67035,29.41185,Uşak Merkez,Correct
F1D43F07-5CD5-4D03-BB4A-0CE9D7677D24,UŞAK ULUBEY DEVLET HASTANESİ,Uşak,Ulubey,38.41958,29.284,Uşak,Correct
5950DB5C-99A1-4305-AE97-0D8F3A7536EC,TERCILER ECZANESI,Uşak,Merkez,38.66994,29.40772,Uşak Merkez,Correct
A54CAA51-C028-4014-9D44-0FB10AD73C8A,UŞAK MERKEZ KARAAĞAÇ AİLE SAĞLIĞI MERKEZİ,Uşak,Merkez,38.68106,29.3965,Uşak Merkez,Correct
D8248D88-B31C-49D0-BC34-11AF11151E0A,GÜRAN ECZANESİ,Uşak,Merkez,38.66978,29.40706,Uşak Merkez,Correct
9DCBF288-673E-4366-A85C-11F16DAF3107,HUZUR ECZANESİ,Uşak,Merkez,38.67999,29.40437,Uşak Merkez,Correct
7E4E71A7-0206-4511-A53E-1212D7DA5235,AZATÇAM ECZANESİ,Uşak,Sivasli,38.50017,29.67902,Uşak,Correct
B52D279D-C645-45D7-9612-13074C40DAF5,AVGAN ECZANESİ,Uşak,Merkez,38.68517,29.40459,Uşak Merkez,Correct
A365B09A-A142-497A-B040-13138A88EBD4,ÖZEL KEMALÖZ ÖZTAN HASTANESİ YATAN HASTA ECZANESİ,Uşak,Merkez,40.8301,29.332,İstanbul,Wrong
B2678619-031C-44DC-8B6F-14029575D128,UŞAK AĞIZ VE DİŞ SAĞLIĞI MERKEZİ,Uşak,Merkez,38.66129,29.37287,Uşak Merkez,Correct
E6AF1D26-8E57-4CDD-97CD-14503EA41899,ÖZDEMİR KOÇYİĞİT MUAYENEHANESİ,Uşak,Merkez,41.02511,28.87247,İstanbul,Wrong
C8FE62BB-E720-4458-BC9F-17A8A22B89E4,ASLI ERKAN EKİNCİ MUAYENEHANESİ,Uşak,Merkez,38.66981,29.41316,Uşak Merkez,Correct
FEC586DA-3C58-460F-9FB4-17C8DE3F7425,GÜLŞİFA ECZANESİ,Uşak,Merkez,38.66633,29.42073,Uşak Merkez,Correct
42CF0FE4-4990-48FA-A2B1-1AA82514DD99,UŞAK MERKEZ GÜRE AİLE SAĞLIĞI MERKEZİ,Uşak,Merkez,38.65898,29.13745,Uşak Merkez,Correct
A62D3D3B-4501-42F5-A5B2-1AC5F0154B37,NUR ECZANESİ,Uşak,Merkez,38.68079,29.38207,Uşak Merkez,Correct
E40C534B-3E97-4B1E-A7CE-1B1FD2ADC9F0,FULYA KURT-ALİ KURT MUAYENEHANESİ,Uşak,Merkez,38.6778,29.40545,Uşak Merkez,Correct
7ECE4D3B-B849-4670-A02D-1C0BF07AC3C4,DORUK ECZANESI,Uşak,Eşme,38.39971,28.96996,Uşak,Correct
B9A79B78-FB07-43E7-948F-1E68E82A55C1,ÖZEL UŞAK DİŞ POLİKLİNİĞİ,Uşak,Merkez,38.67484,29.40572,Uşak Merkez,Correct
5EC29FC4-7BA5-4DD0-A2BB-1ED3238C0475,MAYA ECZANESİ,Uşak,Merkez,38.67614,29.4049,Uşak Merkez,Correct
3BD56BAC-33D3-467B-84F5-20AAE8BF2B3C,MURAT UNCU MUAYENEHANESİ,Uşak,Merkez,38.67931,29.40343,Uşak Merkez,Correct
965E78AF-E137-499D-B866-20B728222315,UŞAK MERKEZ ATATÜRK BAKİ KANAT AİLE SAĞLIĞI MERKEZİ,Uşak,Merkez,38.66637,29.42057,Uşak Merkez,Correct
17FD45AA-7964-4CB5-BDBB-20C9F348B7DB,DURAN ECZANESİ,Uşak,Merkez,38.67373,29.40129,Uşak Merkez,Correct
14058C21-9652-4C13-94E3-21BFCFDC4A8C,YAVUZ ECZANESI,Uşak,Merkez,38.6613,29.40539,Uşak Merkez,Correct
C5513248-8D71-485E-BD34-23CB106C1E71,İLKER ECZANESİ,Uşak,Eşme,38.39771,28.97385,Uşak,Correct
2D7F03B2-CC9D-4F69-BDAC-24AD5E3D2BD2,UŞAK MERKEZ CUMHURİYET SULTAN HALİL YİĞİT AİLE SAĞLIĞI MERKEZİ,Uşak,Merkez,38.65501,29.39547,Uşak Merkez,Correct
ADB6A2E2-E7FF-4011-A0D9-26879878465E,BÖLME ECZANESİ,Uşak,Merkez,38.62132,29.37425,Uşak Merkez,Correct
C195E450-6A65-4D94-995A-27518C9AE789,ELVAN ECZANESİ,Uşak,Eşme,38.40089,28.96722,Uşak,Correct
7E1C7E75-61F4-47EB-8FDC-294D7D2AE4B6,YÜKSEL ECZANESİ,Uşak,Merkez,38.67003,29.40696,Uşak Merkez,Correct
F58DEFEC-6371-4AA3-A4D6-298BE142EDD4,YILMAZ ECZANESİ,Uşak,Eşme,38.40069,28.9602,Uşak,Correct
54575A56-DED7-4FB2-BDAD-2A581984C17F,ERSAN ECZANESİ,Uşak,Eşme,38.40017,28.96842,Uşak,Correct
BC7ED687-E372-4985-A133-2AE96FB20723,MASAL DİYARI ECZANESİ,Uşak,Merkez,38.65752,29.40996,Uşak Merkez,Correct
0FA32782-B8BC-42D6-BD05-2AFA8FC74F8F,OKYAY ECZANESİ,Uşak,Banaz,38.73755,29.75409,Uşak,Correct
6D1380F4-C0F5-45F4-B815-2C52C4D2DBDF,ÖZLEM ECZANESİ,Uşak,Merkez,38.67029,29.40712,Uşak Merkez,Correct
FBDBA159-3D10-447A-B27B-2D958C0E266E,UŞAK KARAHALLI MERKEZ AİLE SAĞLIĞI MERKEZİ,Uşak,Karahalli,38.32505,29.53865,Uşak,Correct
5249AF26-EC1C-4F6D-97C3-3088B08ECE74,UŞAK ÜNİVERSİTESİ DİŞ HEKİMLİĞİ FAKÜLTESİ,Uşak,Merkez,39.92015,32.8182,Ankara,Wrong
C9761B87-DDC4-4E40-8207-314304A80DF4,UŞAK MERKEZ ALANYURT AİLE SAĞLIĞI MERKEZİ,Uşak,Merkez,38.60547,28.90169,Uşak Merkez,Correct
F0779667-880D-4662-800D-314BA2FB931A,BİLGİN ERDEM MUAYENEHANESİ,Uşak,Merkez,38.67823,29.40516,Uşak Merkez,Correct
F9C264BA-8646-4D07-BEFD-32B54DA1E939,CANSU GÜVEZ ÖZDEN SAĞLIKLI YAŞAM VE DİYET MERKEZİ,Uşak,Merkez,38.4984,29.6797,Uşak,Correct
0CD24F23-72D4-4FFA-9C19-3348738EBB24,SAĞLIK ECZANESİ,Uşak,Ulubey,38.41947,29.29046,Uşak,Correct
B1F8A546-FC2F-440A-B1EE-3576E16BA6A5,SALİHA DÜLGEROĞLU MUAYENEHANESİ,Uşak,Merkez,38.67339,29.40759,Uşak Merkez,Correct
7E6D0E1A-8730-48FE-ACA7-35822E71218E,BARIŞ HANLI MUEYENEHANESİ,Uşak,Merkez,38.36532,34.04586,Aksaray,Wrong
56B74936-BB32-4EFF-A76D-35C89BB28BEA,UŞAK MERKEZ HASİBE MAZHAR GÜRBÜZ AİLE SAĞLIĞI MERKEZİ,Uşak,Merkez,38.68048,29.42145,Uşak Merkez,Correct
76CBC52B-5756-4584-B682-363F74F0D366,BAHAR TOKLU BAYSAL MUAYENEHANESİ,Uşak,Merkez,38.50257,29.68574,Uşak,Correct
2B0A2E01-C4F1-4A08-B3D2-3677A7B35DEE,GÖKSEL ECZANESİ,Uşak,Merkez,38.68071,29.42139,Uşak Merkez,Correct
6286EE08-CDB3-4FF7-9DDD-36AE1E146A7A,HAYAT ECZANESİ,Uşak,Karahalli,38.32083,29.53188,Uşak,Correct
F6CF5B64-85EC-4066-8559-3757EDF9D057,UŞAK ECZANESİ,Uşak,Merkez,41.30578,32.14276,Zonguldak,Wrong
B5FB81CD-84BF-4821-9071-377D6CD6D965,UŞAK MERKEZ AYBEY AİLE SAĞLIĞI MERKEZİ,Uşak,Merkez,38.68509,29.40446,Uşak Merkez,Correct
E16FBFCE-7CD8-4E6A-90E1-39917512D7C8,AKŞAHİN ECZANESİ,Uşak,Merkez,38.6794,29.38273,Uşak Merkez,Correct
20FF251D-B2DC-4EDF-AC02-39A2D6894858,BURÇİN ERGİN MUAYENEHANESİ,Uşak,Merkez,38.66602,29.39796,Uşak Merkez,Correct
E217E18B-70DB-4EB7-A431-3A7753FAE7A0,ÖMÜR ECZANESİ,Uşak,Merkez,38.68113,29.39745,Uşak Merkez,Correct
4669AD64-C7D4-48E8-A7DA-3C6771A9B4AE,ERKAN SARI MUAYENEHANESİ,Uşak,Merkez,38.65781,29.39651,Uşak Merkez,Correct
61036C7B-0058-44FA-992A-3EB6C4F0AE5F,ÖNDER ECZANESİ,Uşak,Merkez,38.68017,29.41474,Uşak Merkez,Correct
416AD54D-63C9-4B88-91DD-40A5F914146D,AŞİYAN ECZANESİ,Uşak,Merkez,38.67849,29.40511,Uşak Merkez,Correct
460528DD-A609-4D0A-928E-40E266500A70,UŞAK EĞİTİM VE ARAŞTIRMA HASTANESİ ECZANESİ,Uşak,Merkez,38.67642,29.45166,Uşak Merkez,Correct
8389358A-FB94-4837-BB1C-419D4C860ABC,SEVİNÇ ECZANESİ,Uşak,Merkez,38.65215,29.40171,Uşak Merkez,Correct
4149A527-36CD-4815-860B-42626751757A,LEYLA ECZANESİ,Uşak,Eşme,38.39995,28.97176,Uşak,Correct
EFAA571D-574B-4618-BF37-44146094D3E8,YAVUZ İNAL MUAYENEHANESİ,Uşak,Merkez,38.41152,40.39599,Diyarbakır,Wrong
04EB750F-BD10-4643-8127-448F30EC6ED3,ONUR CENGİZ MUAYENEHANESİ,Uşak,Merkez,38.65871,29.39771,Uşak Merkez,Correct
C138208C-A98E-46E2-AD4A-47364F38DF36,DEMET ECZANESİ,Uşak,Merkez,38.66641,29.42041,Uşak Merkez,Correct
AE64C60B-DCB4-4538-A008-4847DDB97EB7,DÖNMEZ ECZANESİ,Uşak,Merkez,38.68181,29.39654,Uşak Merkez,Correct
66737379-94C9-41F5-A298-4A42CE8D8DCF,KARAHALLI HACI RAFET ZORA İLÇE DEVLET HASTANESİ,Uşak,Karahalli,38.32574,29.53864,Uşak,Correct
A5763190-9130-44F0-908E-4AA2F212FF0A,FATİH ECZANESİ,Uşak,Merkez,38.66726,29.40334,Uşak Merkez,Correct
98EB0E2D-504E-47A5-95BB-4B9DF19F863D,TAN ECZANESİ,Uşak,Merkez,38.65694,29.40924,Uşak Merkez,Correct
5E35F31E-D8E0-471E-AC29-4CD14E5F3463,DOĞA ECZANESİ,Uşak,Merkez,38.68078,29.42103,Uşak Merkez,Correct
20249C06-4503-46BB-B4BF-4CE89EBE1800,UŞAK EŞME GÜLLÜ AİLE SAĞLIĞI MERKEZİ,Uşak,Eşme,38.26968,29.09927,Uşak,Correct
36DF3E59-62D7-4BF2-B282-4DDDFCEC3CF7,ARIKAN ECZANESİ,Uşak,Eşme,38.39996,28.96822,Uşak,Correct
23BD50F9-3D63-4B9E-8DC5-4E6BC97D8FC4,SAMANCI ECZANESİ,Uşak,Merkez,38.66733,29.41919,Uşak Merkez,Correct
5D5F320E-201D-407E-9F5F-4F17B86F63F3,SU ECZANESİ,Uşak,Merkez,38.67827,29.38324,Uşak Merkez,Correct
28FF028D-8961-4A98-81EC-4F41FAC95027,LOKMAN ECZANESİ,Uşak,Merkez,38.66902,29.38541,Uşak Merkez,Correct
C6CF5B08-2972-499E-84CF-500C4007BEB9,ESMA DOĞRU MUAYENEHANESİ,Uşak,Sivasli,38.4626,29.6488,Uşak,Correct
BDD7CB88-CC70-49DD-A2B4-50EF6692C4A4,METE KARABEYOĞLU MUAYENEHANESİ,Uşak,Merkez,38.67427,29.40653,Uşak Merkez,Correct
C7188B78-9EA4-44A3-8D6D-515E861E9A82,ALTINDAĞ ECZANESİ,Uşak,Banaz,38.73749,29.75535,Uşak,Correct
57696EFF-BB4A-443B-BD0B-52375380747F,ALTINPINAR ECZANESİ,Uşak,Merkez,38.66883,29.38551,Uşak Merkez,Correct
35C287AC-D17B-4C31-B22A-52D8F5A02855,AYDOĞDU ECZANESİ,Uşak,Merkez,38.67247,29.40671,Uşak Merkez,Correct
46E6ADE7-E202-495F-A5FF-538AF0A2BC77,KIZILCASÖĞUT ECZANESİ,Uşak,Banaz,38.65256,29.66609,Uşak,Correct
61017CCE-9B16-42A6-8803-54E339665244,MERT ECZANESİ,Uşak,Merkez,38.67426,29.40626,Uşak Merkez,Correct
1B0902C7-55B9-48CB-B8EE-55888871E363,DERYA ECZANESİ,Uşak,Banaz,38.74007,29.75121,Uşak,Correct
9B3D102A-71CC-481F-AF76-56559C78B673,UŞAK EĞİTİM VE ARAŞTIRMA HASTANESİ KADIN DOĞUM VE ÇOCUK HASTALIKLARI ÜNİTESİ,Uşak,Merkez,39.06047,-76.80516,Maryland,Wrong
EF13F452-AAF1-41F8-B53D-57ECC2C12650,ALİ COĞUPLUGİL MUAYENEHANESİ,Uşak,Merkez,38.67901,29.4035,Uşak Merkez,Correct
95D3E909-7E8F-431A-8264-58E5E43E6D90,ZAFER ECZANESİ,Uşak,Merkez,38.65006,29.16178,Uşak Merkez,Correct
EEB5C601-5ABD-4441-AA0B-594AC5E9973B,ÖZEL MEDİCAL PARK UŞAK HASTANESİ,Uşak,Merkez,38.67616,29.38801,Uşak Merkez,Correct
76CADFC5-DF46-4A90-86E5-598B23DBE725,VELİ-ÇİĞDEM TER MUAYENEHANESİ,Uşak,Merkez,40.72136,29.81983,Kocaeli,Wrong
A5B15998-B1E0-438B-B82A-5AA6530B1F75,BUKET ECZANESİ,Uşak,Ulubey,38.4181,29.28117,Uşak,Correct
715967E4-EE6A-4AEF-BA47-5CE175E65FBC,BUSE HOROZ BÜTÜNSEL BESLENME VE SAĞLIKLI YAŞAM,Uşak,UŞAK MERKEZ,38.67314,29.39458,Uşak Merkez,Correct
9885F039-17D0-4FFA-AF77-5D2C28593E44,ÖRNEK ECZANESİ,Uşak,Merkez,38.49858,29.6793,Uşak,Correct
B69B6736-B486-480E-BA30-5E05892AF0B5,ZAFER TUNA MUAYENEHANESİ,Uşak,Banaz,38.73802,29.75329,Uşak,Correct
61A96982-3426-435F-8FC5-612224066834,SİVASLI MERKEZ TSM,Uşak,Sivasli,38.5025,29.68587,Uşak,Correct
79959D31-5BE1-4B0B-AC82-620F0231AE4F,YENİ ECZANESİ,Uşak,Banaz,38.73964,29.75168,Uşak,Correct
3F35698B-EAC2-4533-9961-63C3DD965F4F,AYAN ECZANESİ,Uşak,Merkez,38.66863,29.40541,Uşak Merkez,Correct
9342E9D7-8C3E-4F1C-A274-6C45525DDBCB,UŞAK MERKEZ KEMALÖZ AİLE SAĞLIĞI MERKEZİ,Uşak,Merkez,38.66898,29.38543,Uşak Merkez,Correct
FAD0A2A5-6451-45E1-BE48-6E997EC74A8E,UŞAK EŞME ŞEHİT ALİ BEY AİLE SAĞLIĞI MERKEZİ,Uşak,Eşme,38.39851,28.96668,Uşak,Correct
C1535B92-DD5E-45B0-BDCB-6E9A54C23832,HÜSEYİN NACİ CANBULDU MUAYENEHANESİ,Uşak,Merkez,38.67663,29.40542,Uşak Merkez,Correct
3BF006D0-3A18-437A-858D-708B17DF932F,EGE HAYAT ECZANESİ,Uşak,Merkez,38.68724,29.44017,Uşak Merkez,Correct
A062A9D3-1353-499B-995B-7265C7255780,ERDOĞAN ECZANESİ,Uşak,Eşme,38.3983,28.97386,Uşak,Correct
E985BCB1-51D6-414E-8DF6-72B282B3ACC8,BANAZ KIZILCASÖĞÜT AİLE SAĞLIĞI MERKEZİ,Uşak,Banaz,38.65654,29.66027,Uşak,Correct
DCF50B89-43F1-49AF-90FD-73F9B3B7F47E,AĞAOĞLU ECZANESİ,Uşak,Banaz,38.73534,29.74776,Uşak,Correct
97859A73-310A-4D69-A435-757FEE034024,UZMAN DİYETİSYEN SELİN DUYMUŞ KLİNİĞİ,Uşak,Merkez,39.21707,-76.59636,Maryland,Wrong
21607CE6-3666-4692-B1E2-75DFFDB3B5D3,AYKANAT ECZANESİ,Uşak,Merkez,38.68408,29.38818,Uşak Merkez,Correct
ACDEF37D-F728-42F8-BD02-77E24470BB26,SÜMER ECZANESİ,Uşak,Merkez,38.67665,29.40601,Uşak Merkez,Correct
4BC4F7FA-7DB2-452C-959E-79D233D2190B,ŞAN ECZANESİ,Uşak,Merkez,38.67619,29.40517,Uşak Merkez,Correct
5FE2B81B-FC8D-4DFE-8D2C-7C908DD7EB74,TOKLU ECZANESİ,Uşak,Ulubey,38.4204,29.29049,Uşak,Correct
9543842F-91A5-438B-9D02-7EC6CE7FCEFD,DİDEM ECZANESİ,Uşak,Merkez,38.65492,29.39556,Uşak Merkez,Correct
C6B805B2-8890-4DBD-B0F3-8228B73A3FE6,İSA PEKER MUAYENEHANESİ,Uşak,Merkez,38.6765,29.4044,Uşak Merkez,Correct
65B5695F-61EB-4E0D-8D90-83F29A28A5B1,UŞAK BANAZ 1 NOLU AİLE SAĞLIĞI MERKEZİ,Uşak,Banaz,38.73805,29.75441,Uşak,Correct
F029D38E-14B0-47DB-9796-84256D0ED063,DOKUR ECZANESİ,Uşak,Merkez,38.67616,29.38744,Uşak Merkez,Correct
1FD26274-E650-4440-8806-846E31B2ADD2,SULTAN ECZANESİ,Uşak,Merkez,38.50599,29.69696,Uşak,Correct
4C69FB96-90D5-432C-9C1E-84B02BB98D33,MASAL DİYARI AİLE SAĞLIĞI MERKEZİ,Uşak,Merkez,38.65836,29.40801,Uşak Merkez,Correct
46311A50-3716-44E2-9330-862A49C37FE6,NURULLAH GÖRGÜLÜ-DİLEK GÖRGÜLÜ MUAYENEHANESİ,Uşak,Merkez,38.67192,29.40697,Uşak Merkez,Correct
2CA38C9C-9039-4099-9427-86B80068BE07,IHLAMUR ECZANESİ,Uşak,Merkez,38.64929,29.16069,Uşak Merkez,Correct
2D0429EF-4096-4DE1-9C2A-8729678EB485,SAFİYE KUTLU YÜRÜKER MUAYENEHANESİ,Uşak,Merkez,38.66728,29.39546,Uşak Merkez,Correct
E1FD152A-4AAC-4CB0-B103-8784DA0DE861,FARUK ECZANESİ,Uşak,Merkez,38.67983,29.41077,Uşak Merkez,Correct
0B6EE8C7-FDB6-4177-9792-885D41643EDB,SEVİM ECZANESİ,Uşak,Merkez,38.67639,29.42163,Uşak Merkez,Correct
70933E16-A770-4DB7-880F-8867BA34D101,SERAP ECZANESİ,Uşak,Merkez,38.6664,29.42046,Uşak Merkez,Correct
DD354522-1362-43A3-A919-8F7C2149BA10,SELCEN ECZANESİ,Uşak,Merkez,38.68093,29.4145,Uşak Merkez,Correct
9C5B910D-0BF5-4CB6-A88F-8FF47C1E6442,UŞAK MERKEZ FATİH AİLE SAĞLIĞI MERKEZİ,Uşak,Merkez,38.63828,29.39915,Uşak Merkez,Correct
9728D2C5-59B8-4BA8-85C3-90C38BB3CA79,SAĞLIK ECZANESİ,Uşak,Merkez,38.65533,29.39509,Uşak Merkez,Correct
F0A59772-76FF-446E-96FC-933BC2E963F0,YAŞAM ECZANESİ,Uşak,Merkez,36.76528,28.81284,Muğla,Wrong
26F37B5C-ED94-4333-8257-936E84D29CEF,UŞAK MERKEZ ŞEHİTLER AİLE SAĞLIĞI MERKEZİ,Uşak,Merkez,38.69645,29.38466,Uşak Merkez,Correct
361D091B-743A-4B33-9AB6-9513C7EB874F,İLKE ECZANESİ,Uşak,Merkez,38.67374,29.40118,Uşak Merkez,Correct
E7C80352-CC93-4558-A694-95BAD0A9D1F7,UŞAK MERKEZ KÖME AİLE SAĞLIĞI MERKEZİ,Uşak,Merkez,38.68062,29.40433,Uşak Merkez,Correct
C99052B7-700A-4575-8257-96A5B8DF562F,EMİNE GÜNİZ-ERTAN YUSUFOĞLU MUAYENEHANESİ,Uşak,Merkez,38.67478,29.40144,Uşak Merkez,Correct
1443D5DF-10EB-4C47-88BF-96CE4A0214FF,UŞAK MERKEZ BOZKUŞ AİLE SAĞLIĞI MERKEZİ,Uşak,Merkez,38.68973,29.50528,Uşak Merkez,Correct
C13E7627-76B4-4BCA-A111-987F7A093E00,TÜPRAG KIŞLADAĞ ALTIN MADENİ,Uşak,Ulubey,38.46818,29.16961,Uşak,Correct
0B96B048-2062-41EA-A3DD-98D85D2634B1,AYŞE KARATAŞOĞLU MUAYENEHANESİ,Uşak,Merkez,41.30623,32.1439,Zonguldak,Wrong
7BECEFE6-04FF-4E48-B41A-9AD879921646,ÖZGÜR ECZANESİ,Uşak,Banaz,38.73855,29.75292,Uşak,Correct
C50EEB86-5DFC-457B-B078-9BE0427936BD,YILDIRIM ECZANESİ,Uşak,Eşme,38.40016,28.96815,Uşak,Correct
219B781D-6A68-432E-8937-9C656F82E026,UŞAK EŞME DEVLET HASTANESI,Uşak,Eşme,38.40175,28.95928,Uşak,Correct
AF81D7AA-0B6A-4039-90CB-9C76C64DB8FE,UŞAK MERKEZ CUMHURİYET GÜLSÜM AYDOĞAN AİLE SAĞLIĞI MERKEZİ,Uşak,Merkez,38.66865,29.40482,Uşak Merkez,Correct
B933E325-1DF5-485D-9FED-9D43D7BB220A,ÇAVUŞOĞLU ECZANESİ,Uşak,Merkez,38.68456,29.40439,Uşak Merkez,Correct
B6E941FB-EB8F-40FB-A545-9E707A9CB6E2,GÜNEŞ ECZANESİ,Uşak,Merkez,38.67232,29.41719,Uşak Merkez,Correct
5A813686-27A8-49D4-B0F0-9EB2AA66731A,UŞAK MERKEZ İLYASLI KAZIM ERDOĞAN AİLE SAĞLIĞI MERKEZİ,Uşak,Merkez,38.60905,29.19962,Uşak Merkez,Correct
D00FAAB5-E9FA-42FB-B983-A0058A27DCE7,UŞAK EŞME MERKEZ AİLE SAĞLIĞI MERKEZİ,Uşak,Eşme,38.39793,28.97383,Uşak,Correct
BBCD2123-7960-47C0-81B1-A18EB94A8A92,UŞAK MERKEZ KURTULUŞ AİLE SAĞLIĞI MERKEZİ,Uşak,Merkez,38.67343,29.4014,Uşak Merkez,Correct
B628824C-3FD0-4A90-9C4D-A1DC5EA4F88D,ATA KADIN DOĞUM KLİNİĞİ,Uşak,Merkez,38.66302,29.406,Uşak Merkez,Correct
92F0211B-B064-4B78-9F78-A3AEC1F0EC9D,TÜLİN TÜRKMEN TOMAS MUAYENEHANESİ,Uşak,Merkez,38.67604,29.4037,Uşak Merkez,Correct
9BD2D18A-0533-4381-9650-A3DE0A7E888A,FEDAİ ÇABUT MUAYENEHANESİ,Uşak,Eşme,38.40053,28.96838,Uşak,Correct
9930DB1C-2327-439F-A495-A55525B4311A,GÜVEN ECZANESİ,Uşak,Merkez,38.67356,29.40131,Uşak Merkez,Correct
A9D8F967-FF5F-41E4-9F3F-A5EDFB279676,UŞAK CAN DİYALİZ MERKEZİ,Uşak,Merkez,38.49941,29.67879,Uşak,Correct
890EF8D0-DAC5-4F03-AB05-A6A410AC9937,ŞÜKRAN ECZANESİ,Uşak,Sivasli,38.4237,27.14185,İzmir,Wrong
E9A97EEF-FB5E-4027-B681-A74B16C4567C,ÖZÇELİK ECZANESİ,Uşak,Merkez,38.67915,29.40169,Uşak Merkez,Correct
8DF5CD2B-E916-4CD5-A166-A7EBDFB11788,UŞAK BANAZ 2 NOLU AİLE SAĞLIĞI MERKEZİ,Uşak,Banaz,38.73748,29.74873,Uşak,Correct
50ADEC3C-92C1-4ACF-817F-A80333B49C0E,ULAŞ TAYLAN ORHAN MUAYENEHANESİ,Uşak,Merkez,38.66969,29.41684,Uşak Merkez,Correct
2CFF2A7E-7A2E-42D0-B50E-AA50B8566558,NUSRET ECZANESİ,Uşak,Merkez,38.67982,29.41518,Uşak Merkez,Correct
AE1F86BF-C971-4523-96A7-AC06A2764BEB,FİLİZ ECZANESİ,Uşak,Merkez,38.66025,29.37332,Uşak Merkez,Correct
04A85607-38C2-4366-BC6B-AEC25C9634B6,KİRAZ ECZANESİ,Uşak,Merkez,38.66662,29.42021,Uşak Merkez,Correct
A815BBC8-49DA-45D5-8978-AF6ABA29CAB2,UŞAK MERKEZ ELMALIDERE BARIŞ BATTAL AİLE SAĞLIĞI MERKEZİ,Uşak,Merkez,38.68031,29.41524,Uşak Merkez,Correct
AA5C35F9-244D-426F-91B3-B1F950C5A5B7,TAYLAN ECZANESİ,Uşak,Banaz,38.74003,29.75125,Uşak,Correct
08BC1935-A7A8-4839-9114-B52B16961ADC,UMUT ECZANESİ,Uşak,Merkez,38.67339,29.40127,Uşak Merkez,Correct
9ADCE9D3-7FB1-4B85-9923-B85EC4AB2413,UŞAK MERKEZ ÜNİVERSİTE AİLE SAĞLIĞI MERKEZİ,Uşak,Merkez,38.67318,29.32999,Uşak Merkez,Correct
7C6F2B22-952B-41C9-9A92-BAF6D118D048,AKKAYA ECZANESİ,Uşak,Merkez,38.66363,29.3972,Uşak Merkez,Correct
3EAA280C-3A3E-4CE0-8C40-BD7EFC1F3573,ZÜMRÜT ECZANESİ,Uşak,Merkez,38.68711,29.38615,Uşak Merkez,Correct
052A66E2-8EC0-40A1-82B6-BD93E7B87A1A,BETUL ECZANESI,Uşak,Merkez,41.0841,29.1688,İstanbul,Wrong
6BD04762-1E5F-4E33-AE53-BF8B2D8C98EB,GAMZE ECZANESİ,Uşak,Ulubey,38.41967,29.29007,Uşak,Correct
4B9C2BD2-8FCA-48F1-81A2-C04788F02333,ÖZEL BİLİM TIP MERKEZİ,Uşak,Merkez,38.66969,29.41756,Uşak Merkez,Correct
AD1B3626-904A-4CEE-A79A-C065BDF34FFE,HİKMET ÖKSÜZ MUAYENEHANESİ,Uşak,Merkez,38.67921,29.41114,Uşak Merkez,Correct
DED188AD-221C-4960-98EB-C10E8047A73A,UŞAK SİVASLI MERKEZ AİLE SAĞLIĞI MERKEZİ,Uşak,Sivasli,38.50347,29.68586,Uşak,Correct
5642AAF0-E138-459D-A6D8-C3BE91695700,AHSEN ECZANESİ,Uşak,Merkez,39.08849,26.88469,İzmir,Wrong
7F0D25CA-2321-4C24-9FC5-C51D68085C40,BİZİM ECZANESİ,Uşak,Merkez,38.67915,29.40158,Uşak Merkez,Correct
2F52FF6C-4B97-4366-80F8-C5EC65636FE8,EGE ECZANESİ,Uşak,Merkez,40.94435,40.26478,Trabzon,Wrong
F98B71D2-096D-47B9-A35A-C759D9DC07CB,YEŞİM ECZANESİ,Uşak,Merkez,38.67804,29.38848,Uşak Merkez,Correct
F5099BD0-656A-41F2-9220-C7E650D53689,YENİ ŞİFA ECZANESİ,Uşak,Merkez,38.66864,29.40509,Uşak Merkez,Correct
A197755C-31A8-49C2-8EAD-CA2CEE9B3D8F,UTKU ÇOLAK-HASAN ÖZCAN MUAYENEHANESİ,Uşak,Merkez,38.6789,29.40366,Uşak Merkez,Correct
A2565C09-522E-4AEC-A0E2-CA473BC8BE70,UŞAK SİVASLI SELÇİKLER AİLE SAĞLIĞI MERKEZİ,Uşak,Sivasli,38.51246,29.65299,Uşak,Correct
41F1978F-151E-443F-8E53-CA8ABBFCBAB4,MENDEPAZARI ECZANESİ,Uşak,Merkez,38.67915,29.40142,Uşak Merkez,Correct
D6429DDB-187D-4C58-BE1C-CBA182FBE946,ÖZGÜR YÜRÜKER MUAYENEHANESİ,Uşak,Merkez,38.66993,29.41192,Uşak Merkez,Correct
B531598E-4C0A-4C1B-AB87-CD3D27DC55A5,GÜLLÜ ECZANESİ,Uşak,Eşme,38.95067,-76.95156,Hyattsville,Wrong
0BDB3493-8A60-403F-B51F-CD70F30E04F8,ELÇIN ÇETIN MUAYENEHANESI,Uşak,Merkez,38.67451,29.43031,Uşak Merkez,Correct
0AFE02F5-631E-4D09-90C6-CDCC65B32007,EŞME MERKEZ TSM,Uşak,Eşme,38.38454,28.86435,Uşak,Correct
8D1DB09C-D6B3-4CE5-8C03-CFBEB7D6B3C7,AKINCI ECZANESİ,Uşak,Merkez,38.68644,29.3932,Uşak Merkez,Correct
3C48DD2F-83EA-4F0E-96DF-D0E7537D6AC0,SERKAN ECZANESİ,Uşak,Merkez,38.67612,29.40471,Uşak Merkez,Correct
3825BEFA-B686-4E11-82B8-D1D1FD94C0D7,HATİCE BAYKARA DURUSU MUAYENEHANESİ,Uşak,Merkez,38.38924,35.49535,Kayseri,Wrong
E0D724CF-728D-4F1F-9347-D2F74D02D614,BULUT ECZANESİ,Uşak,Banaz,38.73776,29.75476,Uşak,Correct
AB12593D-48BD-40CF-A2A6-D30B3C920660,ŞEYMA ECZANESİ,Uşak,Merkez,38.67322,29.41839,Uşak Merkez,Correct
1A6BBDBC-C18C-412F-B434-D3F00BFC9D99,ÖZSEZER ECZANESİ,Uşak,Merkez,38.66309,29.41136,Uşak Merkez,Correct
92239ABC-9072-41E0-AE09-D88FD3E40B3E,ÖZEL UŞAK GÖZ MERKEZİ,Uşak,Merkez,37.58483,29.26449,Denizli,Wrong
F7F91462-8CDA-4484-8872-DB7B952906A8,YASEMİN ECZANESİ,Uşak,Merkez,38.66638,29.42053,Uşak Merkez,Correct
9F705CD4-EDAC-4449-8849-DBBC0A3BE002,YAĞIZ ECZANESİ,Uşak,Merkez,38.63934,29.40157,Uşak Merkez,Correct
78BF6846-FF30-4497-AE44-DD1F02A5C332,AKTAY ECZANESİ,Uşak,Merkez,38.67762,29.38613,Uşak Merkez,Correct
B75821AA-C46A-4D20-99EC-DF48CB4779B4,1 EYLÜL AİLE SAĞLIĞI MERKEZİ,Uşak,Merkez,38.68426,29.38799,Uşak Merkez,Correct
DA574BFD-DB13-4B12-B563-E01637525F73,DÜLGEROĞLU ECZANESİ,Uşak,Merkez,40.84861,30.94471,Düzce,Wrong
3AB63C9E-B297-4514-BC4A-E0481DA272CA,BARIŞ ECZANESİ,Uşak,Karahalli,38.32083,29.53189,Uşak,Correct
10E40D69-C167-436D-ABC2-E5D6456E71FD,TÜRKMEN ECZANESİ,Uşak,Sivasli,38.50269,29.68477,Uşak,Correct
EC179206-93E1-4D4C-825D-E69ED94F0323,UŞAK ULUBEY MUSTAFA ASIM TERCİ AİLE SAĞLIĞI MERKEZİ,Uşak,Ulubey,38.41778,29.28309,Uşak,Correct
BAF26925-42CC-42EA-998B-E6B259396E86,HASAN DURAN MUAYENEHANESİ,Uşak,Merkez,38.67849,29.4054,Uşak Merkez,Correct
3149C65D-8F5F-4F4E-8A69-E71553A88EBB,HANDAN KOYUNCU MUAYENEHANESİ,Uşak,Merkez,38.49893,29.6799,Uşak,Correct
77C7804B-486B-42D6-9C03-E741B7085FD3,ŞİFA ECZANESİ,Uşak,Merkez,41.30643,32.14484,Zonguldak,Wrong
C60F0BFB-65DF-4597-9F82-E812F40AAFF2,BANU IRMAK MUAYENEHANESİ,Uşak,Merkez,38.67426,29.40617,Uşak Merkez,Correct
B0B20717-272B-464D-ABE3-E815FD1FB577,EBRU ECZANESİ,Uşak,Merkez,38.67981,29.41484,Uşak Merkez,Correct
6A19488B-5950-4FE5-B5AE-E829AD410542,UŞAK SIVASLİ İLÇE HASTANESI,Uşak,Sivasli,40.30156,37.83212,Sivas,Wrong
ABD3B0F5-49A1-4E59-A43D-EB8CD2FFE16B,YILDIZ ECZANESİ,Uşak,Merkez,38.67983,29.41042,Uşak Merkez,Correct
87C39938-A7B1-4EF8-A3EA-ED0CC414E0CA,CENGİZ KARTAL MUAYENEHANESİ,Uşak,Merkez,38.67178,29.40825,Uşak Merkez,Correct
AD2F9109-9BCD-4414-AE15-ED27E6B72798,HİLAL ECZANESI,Uşak,Merkez,38.66916,29.38534,Uşak Merkez,Correct
04C90369-0B40-4A39-9845-ED9E6BFE75C7,PERDAHCI ECZANESİ,Uşak,Merkez,39.38627,-76.37076,Maryland,Wrong
C5599B8C-B5B5-4E3E-8FA2-EE3A165F6120,UŞAK MERKEZ DİKİLİTAŞ HİTİT SERAMİK AİLE SAĞLIĞI MERKEZİ,Uşak,Merkez,38.67903,29.38308,Uşak Merkez,Correct
49F1A0EE-CE68-4B7B-A3E1-EE3D5284BD18,MURAT ECZANESİ,Uşak,Merkez,38.66635,29.42063,Uşak Merkez,Correct
356DF794-C037-45BB-A4CD-EF9B1CF223F6,ACAR ECZANESİ,Uşak,Merkez,38.66756,29.39518,Uşak Merkez,Correct
14AA6284-0197-45D8-91B0-F10F712ADCBE,AKDAĞ ECZANESİ,Uşak,Merkez,38.66233,29.4123,Uşak Merkez,Correct
B444B72F-E44A-48D5-B3DC-F1B1960159EA,KESKİN ECZANESİ,Uşak,Sivasli,38.49934,29.67895,Uşak,Correct
D6423A94-E77A-4BF9-907F-F6D0117E7F42,İREM ECZANESİ,Uşak,UŞAK MERKEZ,38.68353,29.39595,Uşak Merkez,Correct
DB508033-0C2F-4728-BBCA-F6D57107F85D,EYLÜL ECZANESİ,Uşak,Merkez,38.67845,29.40339,Uşak Merkez,Correct
B50F00BB-7C6A-4E37-94E5-F70744EB4403,POYRAZ ECZANESİ,Uşak,Merkez,40.84579,30.94049,Düzce,Wrong
DC8BEB57-A88B-4CF2-8569-F7B7B349266F,ASİL BÖREKÇİOĞLU MUAYENEHANESİ,Uşak,Merkez,38.42274,29.2929,Uşak,Correct
693D32D3-4341-42B5-B820-F89CB7304EC0,UŞAK BANAZ DEVLET HASTANESI,Uşak,Banaz,38.76454,29.75268,Uşak,Correct
20847B34-F339-4E28-9F21-F992BE2825FD,BALKAN ECZANESİ,Uşak,Merkez,38.6697,29.41499,Uşak Merkez,Correct
522354C5-5E58-4C14-8820-FA28DDB9F9FE,BANAZ ECZANESİ,Uşak,Banaz,38.73886,29.75423,Uşak,Correct
8313B306-6F29-443E-9F7F-FCC171A382BD,FİTEA BESLENME VE DİYET DANIŞMANLIK MERKEZİ,Uşak,Merkez,37.35918,27.27439,Aydın,Wrong
A0FD58A2-DCB9-46B9-A280-FF05EA065E68,SEÇİL GÜNDÜZ ÜNSAL MUAYENEHANESİ,Uşak,Merkez,38.65782,29.39651,Uşak Merkez,Correct
DF428B78-108E-4B0B-B9C8-FF7660F0FBA9,DENİZ ÇAKIN MUAYENEHANESİ,Uşak,Merkez,38.67265,29.40556,Uşak Merkez,Correct
