UnitId,UnitName,CityName,DistrictName,Latitude,Longitude,DetectedCity,Match
873C3E3C-1018-4883-A32D-00187C9B3DCB,DİDEM ECZANESİ,Malatya,Yeşilyurt,38.34636,38.30179,Malatya,Correct
20D08DD8-997A-4CB6-9D57-004A7AD4C8E2,NURAY AYTEKİN MUAYENEHANESİ,Malatya,Battalgazi,38.3498,38.32383,Malatya,Correct
A2B5D74B-3806-420D-8F6B-00AA12BD0BA9,SIHHAT ECZANESİ,Malatya,Battalgazi,38.34773,38.31474,Malatya,Correct
E942348F-6E1D-48AB-8B48-01767DDB8BA5,MALATYA BATTALGAZİ ÜNİVERSİTE AİLE SAĞLIGI MERKEZİ,Malatya,Battalgazi,38.33573,38.41605,Malatya,Correct
7B3841C0-9D85-4DBC-8BF4-01BC270FA146,İBNİ SİNA ECZANESİ,Malatya,Battalgazi,38.35142,38.32115,Malatya,Correct
DAAA5EB9-4E8D-475B-8DB2-01E7AB67EEF3,CİHAN ECZANESİ,Malatya,Akçadağ,38.33647,37.96507,Malatya,Correct
2EAD492A-A43A-49B1-B257-01EADE89008C,TAŞDEMİR ECZANESİ,Malatya,Yeşilyurt,38.30717,38.25486,Malatya,Correct
248BE56C-8F49-46C8-9EE7-01F588611C6B,EZGİ ECZANESİ,Malatya,Battalgazi,38.34567,38.33421,Malatya,Correct
2C5B08D6-AE86-4854-8FCC-021B10040C6B,ŞELALE ECZANESİ,Malatya,Darende,38.30648,38.25358,Malatya,Correct
C1D777B5-5A25-483F-B5B4-02B46BEFDCF4,ÖZGÜR ERDOĞAN MUAYENEHANESİ,Malatya,Battalgazi,40.99892,29.09851,İstanbul,Wrong
BCBF389A-02B5-4BE2-969E-02C2F8C95A89,İPEK ECZANESİ,Malatya,Battalgazi,38.3439,38.32591,Malatya,Correct
2E3B9FFB-8E60-42C9-A554-02CB5D176602,BASRİ ECZANESİ,Malatya,Yeşilyurt,38.32877,38.29412,Malatya,Correct
88CFEC02-592A-47DF-9213-03F7B9B2D490,ANADOLU ECZANESİ,Malatya,Battalgazi,38.3399,38.28729,Malatya,Correct
69311CF9-8B97-4122-B1D3-042B6F80AADE,EYLÜL ECZANESİ,Malatya,Yeşilyurt,38.32428,38.21326,Malatya,Correct
B043CD80-D35B-4EF2-BB8D-042C61E2E128,ÖZEL FMC MALATYA DİYALİZ MERKEZİ,Malatya,Battalgazi,38.34939,38.30275,Malatya,Correct
2148C831-443C-49B0-BA3F-04B84769E8A0,ÖZBAY ECZANESİ,Malatya,Battalgazi,38.36434,38.34676,Malatya,Correct
0778EB0C-BB1F-449E-9923-05020490387B,MALATYA AKÇADAĞ 1 NOLU MERKEZ AİLE SAĞLIGI MERKEZİ,Malatya,Akçadağ,38.34389,37.96835,Malatya,Correct
DB1501A5-841F-404A-981B-066A1634AAC2,PAPATYA ECZANESİ,Malatya,Battalgazi,38.35204,38.32034,Malatya,Correct
88A38996-D64C-4DA4-888A-06BFDA319160,MALATYA KULUNCAK 1 NOLU MERKEZ AİLE SAĞLIGI MERKEZİ,Malatya,Kuluncak,38.87606,37.66735,Malatya,Correct
BAB9316B-AC5D-4F40-9FBE-06E19F6DE1B6,BEREKET ECZANESİ,Malatya,Yeşilyurt,38.34404,38.29054,Malatya,Correct
0844612B-7C6A-4381-B8AF-072C4107786E,ÇINAR ECZANESİ,Malatya,Yeşilyurt,38.34019,38.30062,Malatya,Correct
0509D85D-A9C8-4081-83FD-07500A7A10EC,ŞULE ÇELİK ECZANESİ,Malatya,Akçadağ,38.36646,38.25413,Malatya,Correct
D382B8EA-B0EB-4A99-ACE9-07775AD0BD98,MALATYA BATTALGAZİ BEYDAĞI 2 NOLU AİLE SAĞLIGI MERKEZİ,Malatya,Battalgazi,38.33048,38.30776,Malatya,Correct
A2A4BDF9-2760-426D-8DA6-08F147A8E66F,MALATYA YEŞİLYURT DR.TEVFİK ÜNSALAN AİLE SAĞLIGI MERKEZİ,Malatya,Yeşilyurt,38.32991,38.21804,Malatya,Correct
6D7D4924-7687-4F45-A69A-09DB21CADF7F,ZEYNEP ECZANESİ,Malatya,Battalgazi,38.35208,38.32034,Malatya,Correct
2C373066-1AC6-48A0-B5FC-0A9F40520542,ÖZEL TUBA ÇAKMAK DERMATOLOJİ KLİNİĞİ,Malatya,Yeşilyurt,38.33264,38.27909,Malatya,Correct
36A28C2E-160F-4B4E-B453-0B8783F0E16D,KÜBRA BAKAN ECZANESİ,Malatya,Battalgazi,38.35328,38.32053,Malatya,Correct
891F768C-C412-41A4-A543-0B8B711A7D5E,STUDİO PİLATES,Malatya,Yeşilyurt,38.29663,38.24781,Malatya,Correct
634C0E21-ACC0-439F-B7D3-0C8093DBD46E,NAZAN ÖZKARA UYANIK MUAYENEHANESİ,Malatya,Battalgazi,38.34789,38.31448,Malatya,Correct
E07E9FED-F9B6-4428-8CF5-0DA673533246,GÜLDOĞAN ECZANESİ,Malatya,Battalgazi,38.34165,38.31108,Malatya,Correct
9C194C4B-CFF7-4AB0-AF8B-0DAC4B8DF882,BATTALGAZİ DEVLET HASTANESİ,Malatya,Battalgazi,38.34643,38.33517,Malatya,Correct
C64BD9A8-8E86-4619-9040-0DF5B28CB45F,FERAH ECZANESİ,Malatya,Battalgazi,38.34656,38.32923,Malatya,Correct
4215F537-C8A3-4F49-94F4-0E8611FE4590,ÖZEL GÖZDE AKADEMİ HASTANESİ,Malatya,Yeşilyurt,38.338,38.24601,Malatya,Correct
9ED6E141-1788-4C79-A0BE-0FC743149FB9,NİLÜFER ECZANESİ,Malatya,Yeşilyurt,38.33489,38.30213,Malatya,Correct
0F01B8C4-8771-4D69-A1BA-10144BA17ED9,TREND PARK ECZANESİ,Malatya,Yeşilyurt,38.33606,38.27379,Malatya,Correct
DDA39636-E413-48E2-A734-11E32777C73A,MALATYA BATTALGAZİ BAŞHARIK AİLE SAĞLIGI MERKEZİ,Malatya,Battalgazi,38.3422,38.3152,Malatya,Correct
EAFAFC84-5828-4CB9-97F3-123867C5055B,DOĞANŞEHİR GÖVDELİ AİLE SAĞLIĞI MERKEZİ,Malatya,Doğanşehir,38.092,37.8747,Malatya,Correct
18662365-37AA-4AF2-A6F2-132FC25A4B33,YAKINCI ECZANESİ,Malatya,Battalgazi,38.34614,38.33042,Malatya,Correct
92450036-3763-4A56-9E37-143ACA4994B3,AHSEN ECZANESİ,Malatya,Battalgazi,38.35884,38.32668,Malatya,Correct
3EE8BE39-39AB-4B16-BE8C-1467E9731EA2,YAZIHAN ECZANESİ,Malatya,Yazihan,38.34903,38.3198,Malatya,Correct
FA45E424-0B99-4F84-ACC3-14C13D0C5FEE,İNÖNÜ ÜNİVERSİTESİ DİŞ HEKİMLİĞİ FAKÜLTESİ HASTANESİ,Malatya,Battalgazi,38.33616,38.42906,Malatya,Correct
B8DB2658-D1D8-4A37-8009-15160C5ED87A,ÖZEL GÜLBAHAR SARAÇ DERMATOLOJİ KLİNİĞİ,Malatya,Yeşilyurt,38.33038,38.28605,Malatya,Correct
98B2C5B5-E1AF-4640-BCC0-152EDC4833A7,MALATYA DARENDE HULUSİ EFENDİ DEVLET HASTANESİ,Malatya,Darende,38.57601,37.49147,Malatya,Correct
8C662F7D-57EF-44E5-98D9-16CB51DF788B,VATAN ECZANESİ,Malatya,Battalgazi,38.34898,38.32221,Malatya,Correct
6FB58AF6-FA1A-47FC-B6AC-17217A9A4D5F,TOPGÜL ECZANESİ,Malatya,Yeşilyurt,38.35199,38.28717,Malatya,Correct
E9E48FDB-CAED-47C8-88CC-17654ABD0CE9,MENENGİÇ ECZANESİ,Malatya,Battalgazi,38.42106,38.36558,Malatya,Correct
EA750A2E-EED7-4319-A03B-17BCAD146035,KOZALİTE PSİKİYATRİ KLİNİĞİ,Malatya,Yeşilyurt,38.33983,38.27545,Malatya,Correct
762EFFF5-D326-4037-9710-182EF915B2B3,MALATYA YEŞİLYURT HASAN DERNEK AİLE SAĞLIGI MERKEZİ,Malatya,Yeşilyurt,38.3312,38.29828,Malatya,Correct
4463E4A8-5E32-452E-97C8-19E9F330A5C5,ÜBEYT AKÇIN MUAYENEHANESİ,Malatya,Yeşilyurt,38.34114,38.27428,Malatya,Correct
D48658DA-FD1F-415E-965C-1A03D0B60143,MALATYA ŞEHİT MEHMET KILINÇ AĞIZ VE DİŞ SAĞLIĞI HASTANESİ,Malatya,Yeşilyurt,38.34958,38.27709,Malatya,Correct
600BFBE0-D911-4E1E-A653-1A0F54899FB8,MALATYA 22 İNCİ BÖLGE ECZACI ODASI,Malatya,Battalgazi,38.34501,38.32292,Malatya,Correct
B080BC75-C6D1-4E89-A84B-1A6DA96A77C3,BENGÜL ECZANESİ,Malatya,Battalgazi,38.35069,38.3305,Malatya,Correct
1291AB01-EE3E-483E-9151-1B55F89FA1C3,İBRAHİM CENGİZ ÇAĞLAYAN MUAYENEHANESİ,Malatya,Battalgazi,38.34882,38.32207,Malatya,Correct
2AACCFA3-6E1A-4CEE-B11E-1C3E2DFD544C,STAD ECZANESİ,Malatya,Battalgazi,38.3519,38.33213,Malatya,Correct
89381ACD-3DD0-446D-9349-1C3FC682C2DC,BETÜL ECZANESİ,Malatya,Battalgazi,38.3514,38.31407,Malatya,Correct
CC717ABD-BAC8-4D88-98F6-1C456AA64D1B,BATTALGAZİ GÜÇLENDİRİLMİŞ GÖÇMEN SAĞLIĞI MERKEZİ,Malatya,Battalgazi,38.34733,38.34712,Malatya,Correct
95E0E0AF-57CC-435E-93E2-1CAB6442F9BB,SELAHATTİN KARADUMAN MUAYENEHANESİ,Malatya,Battalgazi,38.35047,38.32357,Malatya,Correct
762520D2-5E4E-4613-BEEB-1CECCBB9F30A,MALATYA DARENDE ILICA AİLE SAĞLIĞI MERKEZİ,Malatya,Darende,38.50519,37.72084,Malatya,Correct
B7A364D4-D478-4DBA-B81E-1D63B99C4A07,MALATYA YEŞİLYURT VAHİT VE NEZAHAT BOZATLI AİLE SAĞLIGI MERKEZİ,Malatya,Yeşilyurt,38.3564,38.2757,Malatya,Correct
9DC87742-FE7B-417E-8D10-1DE137169EB6,UMUT ECZANESİ,Malatya,Battalgazi,38.34216,38.31299,Malatya,Correct
64858DB5-011E-4AD6-8B65-1E0FE4E51777,ESEN KUTLUTÜRK-OSMAN METİN TOSUNOĞLU MUAYENEHANESİ,Malatya,Battalgazi,38.3469,38.31396,Malatya,Correct
850D05B8-6235-4110-993F-1E2684711CAC,LAVANTA ECZANESİ,Malatya,Yeşilyurt,38.31705,38.30541,Malatya,Correct
9B9DDEC9-6476-4033-8CB4-1FA4FF619F2D,MALATYA YEŞİLYURT TOKİ 1 NOLU AİLE SAĞLIGI MERKEZİ,Malatya,Yeşilyurt,38.36799,38.31587,Malatya,Correct
390CD24B-2E28-4D53-A81B-20488B279199,MALATYA BATTALGAZİ GÖZTEPE 1 NOLU AİLE SAĞLIGI MERKEZİ,Malatya,Battalgazi,38.36222,38.34476,Malatya,Correct
2A2DCEC6-3DE9-41FA-8CDC-20C6DFCA3A61,İNAN ECZANESİ,Malatya,Arguvan,38.34816,38.31142,Malatya,Correct
9F805218-70C2-48C4-81E2-2141AF1ED5F8,MALATYA TURGUT ÖZAL EĞİTİM VE ARAŞTIRMA HASTANESİ,Malatya,Yeşilyurt,38.34713,38.2847,Malatya,Correct
BAB2A9CF-670B-4688-A374-21D11D0C6989,TARÇIN ECZANESİ,Malatya,Yeşilyurt,38.35105,38.28605,Malatya,Correct
ABCC7E85-7C53-4304-9AF9-21D78DB7D9F7,MALATYA BATTALGAZİ FIRAT AİLE SAĞLIGI MERKEZİ,Malatya,Battalgazi,38.35083,38.33023,Malatya,Correct
C88E5CF1-322D-4FEB-B902-2266AAAFAA17,NEDİM BAKIRCI KLİNİĞİ,Malatya,Yeşilyurt,38.3302,38.27496,Malatya,Correct
9D908E80-B8B6-483E-B458-22FFE5F8C6FD,KORAY ECZANESİ,Malatya,Doğanşehir,37.27681,36.33439,Osmaniye,Wrong
917916FA-5E88-4011-8FDE-247ACC7BEABA,HAKAN TEKEL AĞIZ VE DİŞ SAĞLIĞI KLİNİĞİ,Malatya,Battalgazi,38.34821,38.31247,Malatya,Correct
87AE14CA-6096-430B-9E31-25A274D9D658,ERDEM ECZANESİ,Malatya,Yeşilyurt,38.33905,38.25333,Malatya,Correct
E2976BB1-F67B-45B0-A38F-26DA35937590,SİNAN ECZANESİ,Malatya,Yeşilyurt,38.3678,38.26215,Malatya,Correct
66FD1CFA-1FCB-4B8E-BC8C-2835B580F265,MALATYA HEKİMHAN DEVLET HASTANESİ,Malatya,Hekimhan,38.81447,37.92735,Malatya,Correct
980A4A65-C3FC-4EF1-BD6A-2884037A6B81,KOZLUCA AİLE SAĞLIĞI MERKEZİ,Malatya,Akçadağ,38.35496,37.68457,Malatya,Correct
96038DC2-DC82-44B1-89E7-290705272B23,MALATYA DOĞUFERTİL TÜP BEBEK MERKEZİ,Malatya,Battalgazi,38.35371,38.33372,Malatya,Correct
4F18F7A5-BD6F-4FA2-B281-29BAC21F68D2,İKİZLER ECZANESİ,Malatya,Yeşilyurt,38.2969,38.24787,Malatya,Correct
A60E5857-ED0F-4764-9F48-29E5E6D8F632,GÜNGÖR ECZANESİ,Malatya,Battalgazi,38.34235,38.31534,Malatya,Correct
48074A0E-FD38-4878-ABDF-2B35ED69585F,ÖZEL MALATYA SEVGİ HASTANESİ,Malatya,Battalgazi,38.3492,38.321,Malatya,Correct
4D2EDFE2-6722-4547-AD3F-2B39F62996E2,BARIŞ ECZANESİ,Malatya,Battalgazi,38.34933,38.31601,Malatya,Correct
AC655B73-8588-42B3-B278-2B844FF4603B,MALATYA YEŞİLYURT TOPSÖĞÜT AİLE SAĞLIGI MERKEZİ,Malatya,Yeşilyurt,38.34401,38.26071,Malatya,Correct
4B466C5E-561F-48BD-8702-2D28A81068B4,AŞAĞIBAĞLAR AİLE SAĞLIĞI MERKEZİ,Malatya,Yeşilyurt,38.33038,38.29375,Malatya,Correct
F43143EB-C988-44CF-B833-2D402246BF45,GÖK AĞIZ VE DİŞ SAĞLIĞI KLİNİĞİ,Malatya,Battalgazi,38.34826,38.31624,Malatya,Correct
B95012A2-7E62-411D-A0E6-2F98F161F6BA,SELÇUK ECZANESİ,Malatya,Yeşilyurt,38.34214,38.31286,Malatya,Correct
B1495417-D3F6-4D1D-820A-2FC294E4DEC0,BERAT ECZANESİ,Malatya,Battalgazi,38.35061,38.32034,Malatya,Correct
35723760-4175-4F45-83F3-2FF6F590570B,MALATYA YEŞİLYURT KARAKAVAK AİLE SAĞLIGI MERKEZİ,Malatya,Yeşilyurt,38.33808,38.25945,Malatya,Correct
CEF1130F-563A-412D-AA85-30D153768639,MALATYA YEŞİLYURT BOSTANBAŞI 03 NOLU AİLE SAĞ MERK,Malatya,Yeşilyurt,38.32699,38.24322,Malatya,Correct
03934819-16C3-4A84-9617-311EB3E1EB9E,YEŞİLTEPE ECZANESİ,Malatya,Yeşilyurt,38.35702,38.27469,Malatya,Correct
2772AE6E-2344-48B9-80C9-318CDD207604,AKGÜN ECZANESİ,Malatya,Battalgazi,38.34448,38.31277,Malatya,Correct
21FFB973-5BF0-4FB1-B2C4-33F933302C6B,TEBESSÜM ECZANESİ,Malatya,Yeşilyurt,38.33653,38.29405,Malatya,Correct
544D6691-28EC-4F00-B149-34C7037BCF54,MALATYA ARGUVAN 1 NOLU MERKEZ AİLE SAĞLIGI MERKEZİ,Malatya,Arguvan,38.78281,38.26783,Malatya,Correct
56969B0F-03F0-4030-A28C-35071AA7624D,FUAT AHMETOĞLU DİŞ KLİNİĞİ,Malatya,MERKEZ,41.0186,29.1135,İstanbul,Wrong
ED3488A9-B36D-44E9-8641-353605322F91,ARAPGİR İLÇE ENTEGRE HASTANESİ,Malatya,Arapgir,39.04204,38.48826,Malatya,Correct
30FFD4D3-A945-482F-9DFA-354CD3002A34,NURETTİN TAY ECZANESİ,Malatya,Battalgazi,38.34997,38.32032,Malatya,Correct
F6110C17-4ED6-4EED-9344-3556127DE769,MALATYA DARENDE 1 NOLU MERKEZ AİLE SAĞLIGI MERKEZİ,Malatya,Darende,38.55858,37.49038,Malatya,Correct
DA2E2F42-E0BC-4010-B421-36E2188D4EB4,NİSA ECZANESİ,Malatya,Battalgazi,38.34596,38.34394,Malatya,Correct
BB755AEE-818D-4849-8552-37B9AA834F9E,YEŞİLYURT ECZANESİ,Malatya,Yeşilyurt,38.37493,38.3174,Malatya,Correct
14539290-C950-4D3C-A04F-37DD9AFB1E3A,DÜNDAR ECZANESİ,Malatya,Yeşilyurt,38.32442,38.27487,Malatya,Correct
E9BE32B4-8700-4A17-BA51-37E2A881F666,MALATYA İNÖNÜ ÜNV. TURGUT ÖZAL TIP MERKEZİ ECZANESİ,Malatya,Battalgazi,38.3573,38.44687,Malatya,Correct
350290C6-C3FF-4294-853E-3964AB254D22,ÖZEL EGM HAYAT HASTANESİ,Malatya,Battalgazi,38.34894,38.32246,Malatya,Correct
2D709EF1-8FC7-4C9B-9AB8-39E6F00C46F6,MAHMUT BAKAN MUAYENEHANESİ,Malatya,Battalgazi,38.34849,38.31784,Malatya,Correct
23B07ED1-6CEA-458A-9DF0-3AF2890C19D8,MALATYA DOĞANYOL 1 NOLU MERKEZ ASAF ZEKİ YÜKSEL AİLE SAĞLIGI MERKEZİ,Malatya,Doğanyol,38.31106,39.03765,Malatya,Correct
68F27C37-57E9-442F-A35B-3C3EB8DC360A,SAMET ECZANESİ,Malatya,Battalgazi,38.34891,38.3226,Malatya,Correct
98766CCE-54B5-486F-868E-3D1A7D166DDB,YİĞİT ECZANESİ,Malatya,Yeşilyurt,38.35162,38.2837,Malatya,Correct
24FBFACA-DC37-417A-92A4-3D1DF5723B4D,DENTAPARK AĞIZ VE DİŞ SAĞLIĞI MERKEZİ,Malatya,Battalgazi,38.34774,38.3026,Malatya,Correct
129D2AB9-E632-4A0B-BDE5-3D79FD8B7B9E,MALATYA BATTALGAZİ KERNEK HASAN VAROL AİLE SAĞLIGI MERKEZİ,Malatya,Battalgazi,38.33842,38.32347,Malatya,Correct
95049173-B5F0-421A-A68F-3EA2D6320AE8,DENİZER ECZANESİ,Malatya,Battalgazi,38.34394,38.32888,Malatya,Correct
F2A0026F-CF5F-462D-B208-3F312BE1C7F9,İNÖNÜ ÜNİVERSİTESİ TURGUT ÖZAL TIP MERKEZİ,Malatya,Battalgazi,38.33825,38.42847,Malatya,Correct
996EE17A-9DB4-474C-802D-3F42CA69D75F,MALATYA HALK SAĞLIĞI MÜDÜRLÜĞÜ,Malatya,Battalgazi,38.34393,38.304,Malatya,Correct
E421E1F3-EE8E-41A3-BE1B-3F7D76908713,KAYA ECZANESİ,Malatya,Battalgazi,38.34518,38.32976,Malatya,Correct
BB5CAC41-2B5D-442E-95F6-413AF05127AB,TOPSÖĞÜT ECZANESİ,Malatya,Yeşilyurt,38.32017,38.21945,Malatya,Correct
DBE005F1-98B9-4214-B97E-4144D8B7A2EE,YENİ KIŞLA ECZANESİ,Malatya,Battalgazi,38.34897,38.32222,Malatya,Correct
C2BFB359-C2EB-4280-A503-41894F87EC8A,DOĞA ECZANESİ,Malatya,Yeşilyurt,38.33533,38.30287,Malatya,Correct
36F42ED4-0F44-47D4-9069-424007486370,HEKİMOĞLU ECZANESİ,Malatya,Yeşilyurt,38.3463,38.28272,Malatya,Correct
E2F3F7AD-0585-4D3A-809B-426782BEEF92,MURAT ECZANESİ,Malatya,Battalgazi,38.34819,38.33377,Malatya,Correct
2176F274-23B7-4FD1-AE40-42EA57F52652,MALATYA BATTALGAZİ MÜCELLİ AİLE SAĞLIGI MERKEZİ,Malatya,Battalgazi,38.34213,38.31362,Malatya,Correct
E979564A-A3EA-4C74-8540-43BDA1FF6240,ROYAL DENTAL AĞIZ VE DİŞ SAĞLIĞI MERKEZİ,Malatya,Battalgazi,38.34922,38.32635,Malatya,Correct
BF9B6229-425E-4CE0-8C5E-440F2B349FA7,ÖZTÜRK ECZANESİ,Malatya,Yeşilyurt,38.33676,38.28499,Malatya,Correct
C98F8217-063C-4863-A93E-45289B21ECE1,MALATYA HEKİMHAN 1 NOLU MERKEZ AİLE SAĞLIGI MERKEZİ,Malatya,Hekimhan,38.8157,37.93267,Malatya,Correct
7DD791B6-1628-4AAD-933A-45AB26223B83,MALATYA BATTALGAZİ HATUNSUYU AİLE SAĞLIGI MERKEZİ,Malatya,Battalgazi,38.41708,38.30985,Malatya,Correct
86E2CD23-BD5F-44C8-AC48-471D896135EA,MALATYA BATTALGAZİ AYTAÇPAŞA AİLE SAĞLIGI MERKEZİ,Malatya,Battalgazi,38.34339,38.33583,Malatya,Correct
7D2F963B-7BB2-4629-A7F6-47479BD07CB7,ÖMÜR ECZANESİ,Malatya,Battalgazi,38.34869,38.32383,Malatya,Correct
BFF88084-2137-4069-892C-48B47C1E6AB1,DOĞANŞEHİR 2’NOLU ERKENEK AİLE SAĞLIĞI MERKEZİ,Malatya,Doğanşehir,38.09315,37.88338,Malatya,Correct
1532CC1C-5606-4B55-A8CC-49EBD8B5002B,SÖNMEZ ECZANESİ,Malatya,Battalgazi,38.35173,38.3154,Malatya,Correct
01648044-875E-4CB2-AD4D-4AFA76489440,GÜLSÜM ECZANESİ,Malatya,Yeşilyurt,38.34626,38.28273,Malatya,Correct
E56004AE-9F4E-485A-AF9C-4AFF6102ECD9,EBRU ECZANESİ,Malatya,Yeşilyurt,38.32352,38.27367,Malatya,Correct
81FB6146-2F43-4D95-AD44-4B3FB1243147,DURAK ECZANESİ,Malatya,Akçadağ,38.33982,38.28578,Malatya,Correct
CEF34092-9A6F-4445-BC5E-4B6A4A80A6C8,PÜTÜRGE ECZANESİ,Malatya,PÖTÜRGE,38.36695,38.32197,Malatya,Correct
8E0060DB-24CF-42B6-8272-4B9AD609AC9F,RECAİ ORHAN MUAYENEHANESİ,Malatya,Battalgazi,38.34886,38.30669,Malatya,Correct
145D54D3-CF3C-4C38-A154-4B9FCA239168,İRFAN DEMİRTAŞ MUAYENEHANESİ,Malatya,Battalgazi,38.3487,38.31888,Malatya,Correct
B20D4ED9-4744-44FB-BD30-4C5EE187EC84,MALATYA BATTALGAZİ BEYDAĞI 1 NOLU AİLE SAĞLIGI MERKEZİ,Malatya,Battalgazi,38.33093,38.31878,Malatya,Correct
41B70FFD-75DF-4BED-B7CE-4CA7119D027E,MALATYA BATTALGAZİ HANIMINÇİFTLİĞİ AİLE SAĞLIGI MERKEZİ,Malatya,Battalgazi,38.37425,38.33966,Malatya,Correct
7813EC15-B979-4008-8FA4-4CC4C26E68F4,MALATYA BATTALGAZİ 1 NOLU AİLE SAĞLIGI MERKEZİ,Malatya,Battalgazi,38.41403,38.36331,Malatya,Correct
EF631860-C435-4A86-A3A9-4D00B4BA2D49,BADEM ECZANESİ,Malatya,Battalgazi,38.34221,38.31532,Malatya,Correct
84A9B68D-9E1D-4B22-B164-4D12C4FE5FC0,DOĞAN ECZANESİ,Malatya,Battalgazi,38.34916,38.31482,Malatya,Correct
7150BC93-B433-4545-9FD0-4D71C5ABA081,ZEYNEP YILMAZ ECZANESİ,Malatya,Yeşilyurt,38.36345,38.27958,Malatya,Correct
02E97171-33EA-4C6B-BCE6-4E08309F5C84,YAŞAM ECZANESİ,Malatya,Battalgazi,38.34173,38.3112,Malatya,Correct
A5A87CF0-59A8-41F9-BA65-500F07283090,TURANCI ECZANESİ,Malatya,Yeşilyurt,38.33683,38.24934,Malatya,Correct
3DDBA049-6802-4661-8E4E-50224E94A609,EKİN ECZANESİ,Malatya,Yeşilyurt,38.35252,38.30684,Malatya,Correct
BE1043EC-C124-4EC1-980A-50616B0F5FE0,HUZUR ECZANESİ,Malatya,Yeşilyurt,38.3514,38.30092,Malatya,Correct
008BAA8A-5486-4CC4-8237-5076F4D910DC,MALATYA YAZIHAN MERKEZ AİLE SAĞLIGI MERKEZİ,Malatya,Yazihan,38.59551,38.18012,Malatya,Correct
539E9DD1-B09E-4D95-87A6-50F1C589A178,ŞİFA GÜL ECZANESİ,Malatya,Yeşilyurt,38.32949,38.21546,Malatya,Correct
19347C49-B263-448E-821C-50FCFCC82179,BAŞAK ECZANESİ,Malatya,Battalgazi,38.34571,38.33366,Malatya,Correct
BE9FA281-7BA4-4FCA-A74F-5200ED6D7957,FURKAN ECZANESİ,Malatya,Kuluncak,38.55705,37.49324,Malatya,Correct
10772396-3FA6-421B-A1CE-5312709DF779,BİLİM ECZANESİ,Malatya,Battalgazi,38.34362,38.33539,Malatya,Correct
B1BB3A32-7822-4BF2-B92E-53DC11A41951,ÇINAR ECZANESİ,Malatya,Yeşilyurt,38.34019,38.30062,Malatya,Correct
08E9392C-B462-47C7-ADB3-557281F1A8E6,ORHANOĞLU ECZANESİ,Malatya,Battalgazi,38.35047,38.32351,Malatya,Correct
76F5EFFD-B895-4CB2-BD68-56410D19C0FB,ANIL ECZANESİ,Malatya,Yeşilyurt,38.33567,38.23243,Malatya,Correct
5FF578F2-8AB8-40DF-9D57-565E61456628,YAĞMUR ECZANESİ,Malatya,Yeşilyurt,38.34427,38.27461,Malatya,Correct
314F8994-6562-4E9D-B682-569BA0E60D66,ARAPGİR ECZANESİ,Malatya,Arapgir,38.34919,38.32106,Malatya,Correct
75699AB9-2FC0-41A4-90E4-57C7235BDED6,GÜZELER ECZANESİ,Malatya,Arapgir,38.44914,38.35143,Malatya,Correct
4BD1ABD1-DE12-430C-B328-592F35840F9A,SAĞLAM ECZANESİ,Malatya,Yeşilyurt,38.33981,38.30002,Malatya,Correct
7DBF67A4-2047-4E8C-9E30-5AF7D6ADB49F,DENTA MALATYA AĞIZ VE DİŞ SAĞLIĞI POLİKLİNİĞİ,Malatya,Battalgazi,38.34427,38.31266,Malatya,Correct
A3C127A3-B07F-48CA-8C50-5BA44DBE78E7,DAMLA ECZANESİ,Malatya,Battalgazi,38.34746,38.33043,Malatya,Correct
0DE5B23E-A71E-4A26-A4EC-5BD7B27C98A2,NEZİH ECZANESİ,Malatya,Battalgazi,38.35155,38.28919,Malatya,Correct
C38A008B-28A7-44C9-A530-5C3DFCC833EE,ÖZEL MEDİNE BOYRAZ DİYETİSYEN KLİNİĞİ,Malatya,Yeşilyurt,38.34783,38.30001,Malatya,Correct
64CE9B27-A777-4F0C-8A6E-5D99E41883E4,MALATYA BATTALGAZİ SITMAPINARI AİLE SAĞLIGI MERKEZİ,Malatya,Battalgazi,38.34606,38.30191,Malatya,Correct
05E094E9-5F70-4717-BA62-5DDBD7276E76,SAĞLIK ECZANESİ,Malatya,Darende,38.55691,37.49193,Malatya,Correct
F3DEE86B-1A03-4AB2-980E-5DEBA23881A3,DARENDE MERKEZ TSM,Malatya,Darende,38.55675,37.49075,Malatya,Correct
0DFA4D20-0F6C-4F3E-AA54-5DFB1A97D5B2,TURKUAZ ECZANESİ,Malatya,Battalgazi,38.34875,38.32342,Malatya,Correct
925A37B2-38DB-45FB-8D9D-5E01FE61E1F1,FIRAT ECZANESİ,Malatya,Battalgazi,38.35064,38.33061,Malatya,Correct
97E80FDB-A8EC-4239-8B06-5E8C53C4CCC4,SEZER ECZANESİ,Malatya,Battalgazi,38.36428,38.24556,Malatya,Correct
FD02B0EE-0248-4E2F-9CB5-5FC4871E7703,ERDAL ECZANESİ,Malatya,Battalgazi,38.33906,38.32297,Malatya,Correct
B5C0976F-2F10-4696-9A52-603541BD9B51,BOSTANBAŞI ECZANESİ,Malatya,Yeşilyurt,38.32933,38.24902,Malatya,Correct
0DB3D8FA-E7BA-4E3D-B453-607433DAECDB,MALATYA DOĞANŞEHİR 1 NOLU MERKEZ MEHMET KÜÇÜK AİLE SAĞLIGI MERKEZİ,Malatya,Doğanşehir,38.09248,37.87796,Malatya,Correct
E0E8D4CD-D0CD-483B-AF7D-60F5BC8D9DAC,MALATYA KALE 1 NOLU MERKEZ İZOLLU VAKFI AİLE SAĞLIGI MERKEZİ,Malatya,Kale,38.39691,38.74551,Malatya,Correct
0DA1F347-0023-4AA0-8E0F-621A5E746AE5,YENİ ECZANE,Malatya,Battalgazi,38.33688,38.32081,Malatya,Correct
AC6AAE07-E53A-466D-B37F-62964BE55BCD,ESKİ MALATYA ECZANESİ,Malatya,Battalgazi,39.10637,-76.74396,No Info,No Info
003EE9AF-EC13-4B2D-9AB1-63CCEB8405C9,MALATYA BATTALGAZİ MERKEZ ÇÖŞNÜK 2 NOLU AİLE SAĞLIGI MERKEZİ,Malatya,Battalgazi,38.34642,38.34385,Malatya,Correct
7A015D1E-13DC-4AB8-AE58-63F287093098,YEŞİL MALATYA ECZANESİ,Malatya,Battalgazi,38.36287,38.24515,Malatya,Correct
CCF42600-2A9C-4CE0-964F-640DCE499EE9,MALATYA EĞİTİM ARAŞTIRMA HASTANE ECZANESİ,Malatya,Yeşilyurt,38.34504,38.28693,Malatya,Correct
33D6CB17-FC63-44EB-A9C9-642062849C67,ÖZEL ACTİVA POLİKLİNİĞİ,Malatya,Battalgazi,38.35137,38.32801,Malatya,Correct
E17FA4A4-C556-4D2D-8D4D-645C541EF559,ÖZEL MALATYA PARK HOSPİTAL HASTANESİ,Malatya,Battalgazi,38.34511,38.32972,Malatya,Correct
D321311C-4572-476E-8E3A-64B81FE435B2,MALATYA BATTALGAZİ GÖZTEPE 3 NOLU AİLE SAĞLIGI MERKEZİ,Malatya,Battalgazi,38.36173,38.34714,Malatya,Correct
FD71CBAE-E666-40A4-9C06-65F478FF9C1B,İSTASYON ECZANESİ,Malatya,Yeşilyurt,38.35234,38.2892,Malatya,Correct
117E068F-2433-4B89-A996-6715AF8A42EC,EREN ECZANESİ,Malatya,Battalgazi,38.35137,38.32476,Malatya,Correct
2E7C66D3-AA2A-4E24-9FEF-67207D185DF2,AYDOĞAN ECZANESİ,Malatya,Battalgazi,38.34884,38.32294,Malatya,Correct
3B4F56B5-7E02-4FA2-8326-6756D6498733,ŞİFA ECZANESİ,Malatya,Arapgir,39.04312,38.4881,Malatya,Correct
47AE4349-FA68-4DD5-8845-6766D6616582,MALATYA YEŞİLYURT YEŞİLTEPE AİLE SAĞLIGI MERKEZİ,Malatya,Yeşilyurt,38.35961,38.28605,Malatya,Correct
AE9AC36D-4D55-4A12-91E2-67E6E43E7ABB,MALATYA TÜRK KIZILAYI KAN MERKEZİ,Malatya,Battalgazi,38.34575,38.32129,Malatya,Correct
FE17E41F-2408-456A-8BAE-6B888313B772,ESMA ECZANESİ,Malatya,Battalgazi,38.35922,38.34317,Malatya,Correct
2166C9A2-172E-45C3-A030-6C8CFF437289,ARGA ECZANESİ,Malatya,Akçadağ,38.34371,37.97039,Malatya,Correct
B50A4330-C899-4AB5-82D1-6CC45BF562AB,MAHİN ECZANESİ,Malatya,Yeşilyurt,38.36617,38.27744,Malatya,Correct
2E1F58DF-0B72-4AEA-9020-6CF3D8D9235E,ÖMER OYMAK MUAYENEHANESİ,Malatya,Battalgazi,38.34923,38.32085,Malatya,Correct
AF52484E-CFF4-4242-8571-6E2A52279FDE,MALATYA BATTALGAZİ BAHÇEBAŞI AİLE SAĞLIGI MERKEZİ,Malatya,Battalgazi,38.37334,38.36375,Malatya,Correct
B9922F51-99D2-4512-A0CF-6ECC35AE4C8C,ARİON LAZER EPİLASYON MERKEZİ,Malatya,Battalgazi,38.34896,38.32458,Malatya,Correct
E6C1DD98-EC13-48E5-A031-708C02622502,ANNEM ECZANESİ,Malatya,Yeşilyurt,38.35161,38.28491,Malatya,Correct
4BF5BA78-D904-4A86-9C2C-70E232E8C239,DEFNE ECZANESİ,Malatya,Battalgazi,38.34798,38.30423,Malatya,Correct
5C4B7663-AD8E-4693-AA9C-70F74F183F49,GÖKHAN ÖZTÜRK MUAYENEHANESİ,Malatya,Battalgazi,38.34822,38.31358,Malatya,Correct
2FB6A80C-0EBE-481C-81DC-71A22AF14295,SÖĞÜTLÜ ECZANESİ,Malatya,Yeşilyurt,38.35733,38.3118,Malatya,Correct
1C705269-F27F-4646-B62F-71C81E70A350,ÖNAL ECZANESİ,Malatya,Darende,38.5568,37.49153,Malatya,Correct
FE90A8FB-FFAC-4697-9468-73E47366A7A3,ARDA ECZANESİ,Malatya,Yeşilyurt,38.32992,38.3171,Malatya,Correct
AFF24F0C-75D6-4E94-A133-7402F0BAFCD4,HATUNSUYU ECZANESI,Malatya,Battalgazi,38.42635,38.31075,Malatya,Correct
9D4FC28A-C6C1-4B75-870F-7546536A140E,SOMUNCUBABA ECZANESİ,Malatya,Yeşilyurt,38.34593,38.27361,Malatya,Correct
45F0A85B-989A-4D8F-9D3C-75C7C284311C,VİP CLİNİC,Malatya,Yeşilyurt,38.33764,38.26469,Malatya,Correct
AC80C036-D08C-45B7-955C-75E4EFBC3A20,KARAKAŞ ECZANESİ,Malatya,Yeşilyurt,38.3459,38.28942,Malatya,Correct
B55A768B-9D52-4498-B256-763DFB51EEFE,FAHRİ KAYAHAN ECZANESİ,Malatya,Yeşilyurt,38.33556,38.28162,Malatya,Correct
DEF6716E-37C0-4E85-AC91-764D1A8A2957,PINAR ECZANESİ,Malatya,Battalgazi,38.34826,38.32529,Malatya,Correct
9050B128-998C-46F7-80AE-76B35E0BC5AF,MEF DENTAL GRUP,Malatya,Battalgazi,38.34457,38.31281,Malatya,Correct
1C879233-3054-4A03-B88F-77563334E147,GÜRSOY ECZANESİ,Malatya,Battalgazi,38.34903,38.32186,Malatya,Correct
CB46B37C-C5DB-4840-BAA5-777517495385,MALATYA BATTALGAZİ 2 NOLU AİLE SAĞLIGI MERKEZİ,Malatya,Battalgazi,38.42464,38.36782,Malatya,Correct
F14A0B15-AE3C-462B-9C7D-77825124A95A,ELİF ECZANESİ,Malatya,Yeşilyurt,38.33725,38.25093,Malatya,Correct
1988FB99-0D9C-45F2-80A8-77CF137A9E27,NEVZAT ÖZDEMİR MUAYENEHANESİ,Malatya,Battalgazi,38.35007,38.32239,Malatya,Correct
D5E8C47E-2A33-4EC1-B841-78B913D81362,GÖKÇE ECZANESİ,Malatya,Hekimhan,38.81662,37.93061,Malatya,Correct
3266CCDA-940C-4D4D-A75C-79905399892F,PÜTÜRGE MERKEZ TSM,Malatya,PÖTÜRGE,38.19586,38.8689,Malatya,Correct
D1202832-FB1B-4E12-8324-7A378C7346D4,SANAYİ TANTEKİN MUAYENEHANESİ,Malatya,Battalgazi,38.34922,38.30648,Malatya,Correct
A8B6813A-40A3-4419-BBFB-7A6485B70D8A,MALATYA HAYAT SAĞLIK HİZ.A.Ş.(SEVGİ FTR TIP MERKEZİ),Malatya,Battalgazi,38.35281,38.3342,Malatya,Correct
67471938-DF8B-4D2E-9634-7A6D8B08E326,BURCU ECZANESİ,Malatya,Battalgazi,38.34657,38.33541,Malatya,Correct
FB5C141B-4B0B-40BC-92E2-7A8638C2D828,ŞÜKRAN KAYAGİL MUAYENEHANESİ,Malatya,Battalgazi,38.35041,38.30684,Malatya,Correct
9297DF49-399C-4BF2-A6DD-7D312F4881D6,SEDEF YÜCEL MUAYENEHANESİ,Malatya,Yeşilyurt,38.34785,38.30074,Malatya,Correct
24C3D2EB-C9E7-4E0C-B22E-7DC4D2858169,NANE LİMON ECZANESİ,Malatya,Battalgazi,38.34891,38.32257,Malatya,Correct
C6E47D86-CAB5-44FD-BC79-7E23FCBE89AA,TOPRAK ECZANESİ,Malatya,Doğanşehir,38.33193,38.21225,Malatya,Correct
E689928E-9925-47E0-A3FE-7F65C5FADEC0,DERMİS LAZER EPİLASYON MERKEZİ,Malatya,Battalgazi,38.34857,38.31825,Malatya,Correct
23B5F37E-B233-4500-A79B-7FADF0014AE5,YUSUF ALTAŞ-OZAN ORUL MUAYENEHANESİ,Malatya,Battalgazi,38.34992,38.31733,Malatya,Correct
651733EF-78A3-419A-B3B1-7FDC1B9B971B,ÖZ ŞİFA ECZANESİ,Malatya,Battalgazi,38.34781,38.2996,Malatya,Correct
409C399B-0541-49E0-ABD4-803658CE46B8,MALATYA TURGUT ÖZAL EĞİTİM ARAŞTIRMA KADIN DOĞUM VE ÇOCUK HASTANESİ,Malatya,Yeşilyurt,38.34137,38.27204,Malatya,Correct
47E891C4-0745-4F62-85E2-80A23A6CCB95,AKÇINAR ECZANESİ,Malatya,Yeşilyurt,38.33815,38.25213,Malatya,Correct
34BB6DE1-B514-4692-9169-810FAE12C83C,OKTAY ECZANESİ,Malatya,Battalgazi,38.34872,38.32413,Malatya,Correct
94ECB6B6-EFD0-4D5C-B39E-81BFEF71D52A,CAN ECZANESİ,Malatya,Yeşilyurt,38.33128,38.24149,Malatya,Correct
48BCD842-3C33-4569-98DE-81F3FC07F255,MELİKE ECZANESİ,Malatya,Yeşilyurt,38.32961,38.28067,Malatya,Correct
5B0649D3-2A6B-4D4D-BA86-8217491A16CC,DOĞANŞEHİR MERKEZ TSM,Malatya,Doğanşehir,38.09197,37.87693,Malatya,Correct
F034BCB2-54EA-4D07-8C35-82C9ED3F8658,BAYRAM TAŞKIN MUAYENEHANESİ,Malatya,Battalgazi,38.3475,38.31985,Malatya,Correct
20DC20FF-11AD-4B5F-BCD2-843631132B97,SENA ECZANESİ,Malatya,Yeşilyurt,38.35715,38.27534,Malatya,Correct
E9B7FE8F-15B4-4715-B976-846BF4412031,IŞIK ECZANESİ,Malatya,Yeşilyurt,38.35121,38.32084,Malatya,Correct
49264DCD-B525-4A66-879C-8525D5667B73,AKÇADAĞ ECZANESİ,Malatya,Akçadağ,39.92156,32.85911,Ankara,Wrong
D27FEE35-723A-4264-9630-85385BE98376,KULUNCAK MERKEZ TSM,Malatya,Kuluncak,38.88393,37.67067,Malatya,Correct
07C1953E-67E5-4DAA-AA30-853DAECA9577,MALATYA YEŞİLYURT BOSTANBAŞI 01 NOLU AİLE SAĞLIGI MERKEZİ,Malatya,Yeşilyurt,38.33623,38.24112,Malatya,Correct
0592EB93-B6E7-46E7-91EE-85834BDD5734,MALATYA İL SAĞLIK MÜDÜRLÜĞÜ,Malatya,Battalgazi,38.34919,38.31677,Malatya,Correct
D497D989-3EF9-4F9F-9327-8585964DB76E,PSYCHOCHEF ÇOCUK VE GENÇ PSİKİYATRİ MERKEZİ,Malatya,Yeşilyurt,38.32588,38.27224,Malatya,Correct
F8FA3DAB-D449-4763-A2D9-85C8E0FBE54D,GÖZDE ECZANESİ,Malatya,Battalgazi,38.34039,38.3165,Malatya,Correct
E0168919-DBFF-4FB0-B430-87ADB0B78735,ÖZEL ANKA PSİKİYATRİ MERKEZİ,Malatya,Battalgazi,38.35182,38.32837,Malatya,Correct
60A25157-8BB6-47D6-977D-87C6332AAACC,ZEYNEP BOZDOĞAN MUAYENEHANESİ,Malatya,Battalgazi,38.3489,38.32263,Malatya,Correct
5CBB6411-C3E1-4C9A-8E62-87E0F0566422,MALATYA BATTALGAZİ SANCAKTAR AİLE SAĞLIGI MERKEZİ,Malatya,Battalgazi,38.3613,38.325,Malatya,Correct
1BDB18DA-95C1-43D4-9960-88143727B7E7,MENEKŞE ECZANESİ,Malatya,Battalgazi,38.37242,38.33797,Malatya,Correct
06F1566D-0123-4C4B-BBD5-8A240B1AEA20,İLGİ ECZANESİ,Malatya,Yeşilyurt,38.32217,38.3093,Malatya,Correct
A76F88C0-93A2-4E92-8559-8A6806D927EC,YARDIMCI ECZANESİ,Malatya,Yeşilyurt,38.34618,38.28273,Malatya,Correct
FA9CB19E-E181-4263-871B-8A68312F6E58,CEM SULTAN ECZANESİ,Malatya,Yeşilyurt,38.34989,38.2845,Malatya,Correct
7E07A3D0-5699-4FCE-995B-8A6EEE041F72,ESDENT AĞIZ VE DİŞ SAĞLIĞI MERKEZİ,Malatya,Battalgazi,38.35065,38.31416,Malatya,Correct
01B0AB1B-B1C9-4996-8DE4-8B2224767B11,MALATYA BÜYÜK ECZANE,Malatya,Yeşilyurt,38.33773,38.25054,Malatya,Correct
32FCE0F7-A676-479C-B683-8B2361901239,MALATYA BATTALGAZİ YAYGIN AİLE SAĞLIGI MERKEZİ,Malatya,Battalgazi,38.29647,38.50294,Malatya,Correct
9C553DFB-2D75-408F-8780-8C1116E82663,ÇİFTLİK ECZANESİ,Malatya,Battalgazi,38.36388,38.25051,Malatya,Correct
DEE0858E-8C6F-4C38-B711-8CF0E045E206,GÖKYÜZÜ ECZANESİ,Malatya,Battalgazi,38.35438,38.32576,Malatya,Correct
6CDD84CF-D23E-45D9-BD78-8D2A91AFD1C8,ARI ECZANESİ,Malatya,Battalgazi,38.42501,38.36641,Malatya,Correct
4161E047-DAA3-461B-BB59-8DE817957E06,KURNAZLAR ECZANESİ,Malatya,Yeşilyurt,38.3515,38.28375,Malatya,Correct
0A680C9F-A81F-4019-9BE4-8E47C5775E65,MALATYA AKÇADAĞ ŞEHİT GÖKHAN ASLAN DEVLET HASTANESİ,Malatya,Yeşilyurt,38.34104,37.96369,Malatya,Correct
E039C624-0890-4C84-96A2-8ECCF0DB10E5,HEKİMHAN ECZANESİ,Malatya,Hekimhan,38.81878,37.92591,Malatya,Correct
E8BE1F70-ED75-4FA0-B651-8FE538334ADC,HASAN HACIEVLİYAGİL MUAYENEHANESİ,Malatya,Battalgazi,38.42582,38.34329,Malatya,Correct
E3014308-EC0F-4097-A610-90088F9EABCC,MALATYA YEŞİLYURT ADAFI AİLE SAĞLIGI MERKEZİ,Malatya,Yeşilyurt,38.33037,38.28855,Malatya,Correct
C13A403D-1C05-4715-B63B-90D73739C418,BÜYÜKŞEHİR ECZANESİ,Malatya,Battalgazi,38.34848,38.33702,Malatya,Correct
1B17525F-C0DB-4715-884E-917F9A231415,ERDAL ERDOĞAN MUAYENEHANESİ,Malatya,Battalgazi,38.34967,38.31672,Malatya,Correct
AFCB48D5-E5BA-4BF8-8E1A-930B9131FFE2,LİFEDENT AĞIZ VE DİŞ SAĞLIĞI POLİKLİNİĞİ,Malatya,Battalgazi,38.34669,38.32473,Malatya,Correct
6245E40E-523E-4E61-A20E-935F03004D14,MURAT ECZANESİ,Malatya,Doğanşehir,38.08987,37.87819,Malatya,Correct
DE977E8F-28E5-4706-A662-94FDB3640D36,ŞEHİR ECZANESİ,Malatya,Battalgazi,38.34899,38.32211,Malatya,Correct
B8367A0E-FE3D-4825-B317-9667CBD988E1,ÇARE ECZANESİ,Malatya,Yeşilyurt,38.30807,38.25606,Malatya,Correct
8993B5E6-1D80-4845-80BB-96F41A1BC60F,MALATYA YEŞİLYURT TECDE AİLE SAĞLIGI MERKEZİ,Malatya,Yeşilyurt,38.31534,38.27401,Malatya,Correct
4F1C82E1-A3EF-4979-AC73-96FE160F5433,TARIK ECZANESİ,Malatya,Yeşilyurt,38.33704,38.28487,Malatya,Correct
D87C12B2-482E-4C69-B29C-97459E9AE388,HACETTEPE ECZANESİ,Malatya,Yeşilyurt,38.3304,38.28861,Malatya,Correct
DEEB0C6E-0D2E-4BC6-A41E-97D32058EE60,AKIN ECZANESİ,Malatya,Battalgazi,38.35134,38.31686,Malatya,Correct
799DACEB-1383-4CE6-BACE-98426B279067,ÖZEL ROM-FİZ KANALBOYU FİZİK TEDAVİ VE REHABİLİTASYON TIP MERKEZİ,Malatya,Battalgazi,38.66804,39.19618,Elâzığ,Wrong
86462CAE-33CE-4712-A599-9958A4A87BDA,MALATYA BATTALGAZİ BENTBAŞI AİLE SAĞLIGI MERKEZİ,Malatya,Battalgazi,38.35643,38.3106,Malatya,Correct
65490258-2D14-4A55-B152-998665C24F32,ÖZEL ABUZER GAFFAR ATLI EPİDERMAL POLİKLİNİĞİ,Malatya,Yeşilyurt,38.3467,38.30162,Malatya,Correct
D1DE754E-4346-4ED1-BF7E-998CF8C7B284,LOKMAN ECZANESİ,Malatya,Battalgazi,38.34953,38.32242,Malatya,Correct
0E008B4D-ABF5-493D-BD2C-99BA5CEDA293,DURU ECZANESİ,Malatya,Battalgazi,38.34741,38.30487,Malatya,Correct
5262C3ED-CF57-4D7B-926E-99F8E4C5457B,MALATYA YEŞİLYURT ÇARMUZU AİLE SAĞLIGI MERKEZİ,Malatya,Yeşilyurt,38.36968,38.31777,Malatya,Correct
5F6F654F-4197-4312-8C7D-9AB34AB72CE9,ERŞAN ECZANESİ,Malatya,Battalgazi,38.35974,38.32788,Malatya,Correct
C37DD350-FA36-44FE-A1FB-9B4BE187A72F,GÜNDÜZBEY DENİZ ECZANESİ,Malatya,Yeşilyurt,38.31602,38.27429,Malatya,Correct
73D7BB7C-321E-4034-89AD-9C4EC9358B77,MALATYA BATTALGAZİ ÇÖŞNÜK 1 NOLU AİLE SAĞLIGI MERKEZİ,Malatya,Battalgazi,38.34679,38.34632,Malatya,Correct
C0CDA710-4641-480D-986F-9CAFA6EA8309,ONUR ÇİÇEK AĞIZ VE DİŞ SAĞLIĞI KLİNİĞİ,Malatya,Battalgazi,38.34941,38.31452,Malatya,Correct
CEBA4967-A648-489C-8D9C-9CEFD88986AB,YEŞİLYURT ECZANESİ,Malatya,Yeşilyurt,38.37493,38.3174,Malatya,Correct
F0C273D0-4769-40FD-9C6B-9F4A4540B097,MALATYA YEŞİLYURT ADAFI 3 NOLU AİLE SAĞLIGI MERKEZİ,Malatya,Yeşilyurt,38.33479,38.30037,Malatya,Correct
FB5426B8-82AC-4AC4-83B7-9FE793B87878,MALATYA PÜTÜRGE 2 NOLU TEPEHAN AZİZ VE FATMA DUMAN AİLE SAĞLIGI MERKEZİ,Malatya,PÖTÜRGE,38.14116,38.73382,Malatya,Correct
2A0404EE-B5A2-43A1-9E05-A0466560EB88,AHMET ECZANESİ,Malatya,Doğanşehir,39.01457,-76.86636,No Info,No Info
D85AB7DE-E396-40AE-8EA7-A0A7C25BC2AB,YILDIZ ECZANESİ,Malatya,Yeşilyurt,38.33801,38.28463,Malatya,Correct
121D7CCE-B810-4B52-A594-A0D8E1F6F164,HASAN ÇALIK YEŞİLYURT DEVLET HASTANESİ,Malatya,Yeşilyurt,38.30365,38.24933,Malatya,Correct
DE7EC7C7-2EC6-42C1-AAB2-A0E17793EF22,ÖZGE ECZANESI,Malatya,Yeşilyurt,38.3466,38.30167,Malatya,Correct
498C47F0-5797-406F-86C7-A10598E48DAC,MALATYA YEŞİLYURT ÖZALPER 1 NOLU AİLE SAĞLIGI MERKEZİ,Malatya,Yeşilyurt,38.34441,38.28692,Malatya,Correct
3DEB76C0-AE0C-4D65-9767-A109156C0FA3,DOĞAN ECZANESİ,Malatya,MERKEZ,38.34916,38.31482,Malatya,Correct
A7E3E9D2-A9C8-4DE9-AFB0-A135D8D9C1B9,KENT ECZANESİ,Malatya,Yeşilyurt,38.34422,38.28346,Malatya,Correct
FAFC9AD5-5D5D-4157-853A-A22117562DE2,VİTAMİN ECZANESİ,Malatya,Battalgazi,38.36265,38.3122,Malatya,Correct
2166FBF6-E9E4-46A4-9850-A27E69920258,BADE ECZANESİ,Malatya,Yeşilyurt,38.36535,38.30221,Malatya,Correct
E1371EA3-A3D3-4EE8-871E-A2B50A898ED8,MALATYA POLİS MESLEK YÜKSEK OKULU REVİRİ,Malatya,Yeşilyurt,38.34196,38.26218,Malatya,Correct
4CEBB373-FEF2-4FE5-8CE2-A447290B0B0B,DÖNMEZ ECZANESİ,Malatya,Battalgazi,38.34219,38.31507,Malatya,Correct
5961055F-98E8-40CB-8B2B-A46EE8198501,ZEYNEL KAPLAN MUAYENEHANESİ,Malatya,Battalgazi,38.34956,38.3072,Malatya,Correct
9EC59FBE-E706-4222-AE66-A4C60FC2B9E8,MALATYA YEŞİLYURT DİLEK AİLE SAĞLIGI MERKEZİ,Malatya,Yeşilyurt,38.44777,38.23863,Malatya,Correct
10C958BB-369F-4D58-8268-A4FDB367E5C4,YAZIHAN İLÇE ENTEGRE HASTANESİ,Malatya,Yazihan,39.43487,-76.30596,No Info,No Info
18144E6E-EBE9-42A2-BECD-A5A034DF75EC,BEYZANUR ECZANESİ,Malatya,Yeşilyurt,38.32916,38.28286,Malatya,Correct
595F03EA-BEA5-4693-8814-A5F46C017700,ÖZDEN KARATAŞ MUAYENEHANESİ,Malatya,Battalgazi,38.34801,38.3178,Malatya,Correct
327AE9B7-6382-48F8-950D-A67842D35825,MALATYA AKÇADAĞ 3 NOLU ÖREN AİLE SAĞLIGI MERKEZİ,Malatya,Akçadağ,38.25439,37.92647,Malatya,Correct
D905FE61-410B-4871-8F79-A6AFA55E8038,SOMUNCUBABA ECZANESİ,Malatya,Darende,38.55672,37.49122,Malatya,Correct
0EFBB6AD-EF6A-4202-B91F-A741BC51C850,KUYUÖNÜ ECZANESİ,Malatya,Yeşilyurt,39.45287,-76.28196,No Info,No Info
12F1C7AC-352A-4461-BCFD-A771BD6808B4,MELEKBABA ECZANESİ,Malatya,Yeşilyurt,38.36646,38.31485,Malatya,Correct
AC401926-E783-4634-A23F-A79C5188687B,CROWN DENTAL AĞIZ VE DIŞ SAĞLIĞI MERKEZİ,Malatya,Battalgazi,38.34684,38.32847,Malatya,Correct
BDDA34F9-9081-4310-ADE0-A7DFA2F671FA,ASLI ECZANESİ,Malatya,Battalgazi,38.34608,38.33096,Malatya,Correct
8D909642-F795-4ECD-AE7B-A9C1428A687F,AHMET EKEN ECZANESİ,Malatya,Battalgazi,38.35129,38.32037,Malatya,Correct
98A09940-AF07-4913-886A-A9CCDCED6F33,ÖZEL ELİT AĞIZ VE DİŞ SAĞLIĞI POLİKLİNİĞİ,Malatya,Battalgazi,38.35116,38.32621,Malatya,Correct
E282C280-856E-43DF-93A6-AA7485AA647A,MERT ECZANESİ,Malatya,Yeşilyurt,38.33049,38.28879,Malatya,Correct
78E252EE-0435-4542-B644-AB6EF5BAA40B,YENİ ÇARE ECZANESİ,Malatya,Battalgazi,38.34671,38.34512,Malatya,Correct
B1A2A32F-EF14-4BAA-A5B7-AD397C1CA270,SEVİNÇ ECZANESİ,Malatya,Yeşilyurt,38.33914,38.25902,Malatya,Correct
2782319B-7DBC-4061-A176-AD9783D8DC46,ŞARK ECZANESİ,Malatya,Battalgazi,39.04264,38.49025,Malatya,Correct
897CBB6C-DB4F-47A3-AF6E-ADC8C65E2C15,HASAN HÜSEYİN TEMİZ MUAYENEHANESİ,Malatya,Battalgazi,38.34853,38.32469,Malatya,Correct
378598D3-DFF4-4371-AA31-AF56D59CCFFC,MALATYA YEŞİLYURT KONAK AİLE SAĞLIGI MERKEZİ,Malatya,Yeşilyurt,38.29042,38.2935,Malatya,Correct
58836910-F695-4063-A507-AF657F771978,ORKİDE ECZANESİ,Malatya,Battalgazi,38.35148,38.34468,Malatya,Correct
646C324C-FB27-4FC9-8F2A-AFA3743F0AC1,MALATYA PÜTÜRGE 1 NOLU MERKEZ AİLE SAĞLIGI MERKEZİ,Malatya,PÖTÜRGE,38.19823,38.86331,Malatya,Correct
BCBAFA89-0F8E-4D45-9045-B2C812F8C8F1,ÖZNUR ECZANESİ,Malatya,Battalgazi,38.75522,41.507,Muş,Wrong
F781CC4A-1C6E-4A10-AED2-B423FD935F7A,GÜL ECZANESİ,Malatya,Battalgazi,38.34799,38.30452,Malatya,Correct
90D8AB03-BCCB-4636-8CBF-B49F71433B96,BAHAR ECZANESİ,Malatya,Darende,38.57618,37.49154,Malatya,Correct
CC8A1916-1096-4309-887E-B4F6801EF0BF,MALATYA AĞIZ VE DİŞ SAĞLIĞI FIRAT SEMT POLİKLİNİĞİ,Malatya,Battalgazi,38.34606,38.33065,Malatya,Correct
CCD8756D-3156-435E-B131-B55F44E8615A,GÜVEN ECZANESİ,Malatya,Battalgazi,38.3482,38.31301,Malatya,Correct
CF73080C-F3FE-491E-BC2F-B64B6F41B046,GÖKMEN KENAN ÖZDAL-MURAT CANBEK MUAYENEHANESİ,Malatya,Battalgazi,38.34468,38.32407,Malatya,Correct
F6901CE5-CD18-47BD-AD72-B6A5D4DD1265,DÖRTYOL ECZANESİ,Malatya,Battalgazi,38.34751,38.28935,Malatya,Correct
03094880-8BEC-4098-94E1-B7546BC8F576,CENGİZ TOPEL ECZANESİ,Malatya,Battalgazi,38.34245,38.32206,Malatya,Correct
AC0E6C32-2928-4EDE-861A-B86C9B5EDD40,DARENDE ECZANESİ,Malatya,Darende,38.55675,37.49133,Malatya,Correct
A0358CB9-5FE4-4664-B2F5-B94657C8F1AB,İPEK BEGÜM ECZANESİ,Malatya,MERKEZ,38.3409,38.284,Malatya,Correct
FB7A8A77-5649-4A8D-AA3D-B9FF96DE133D,ERGÖÇEN ECZANESİ,Malatya,Yeşilyurt,38.35233,38.28912,Malatya,Correct
302299FC-F37E-42BA-8625-BAD39228CE81,ILICAK AKSOY ECZANESİ,Malatya,MERKEZ,38.34575,38.33303,Malatya,Correct
FC5838B3-397C-414A-AE11-BAE6ECEFE4F7,MALATYA YEŞİLYURT ADAFI 2 NOLU AİLE SAĞLIGI MERKEZİ,Malatya,Yeşilyurt,38.33664,38.29422,Malatya,Correct
227DF98E-F6E8-4E3D-A071-BB58C8336469,UTKU ECZANESİ,Malatya,Yeşilyurt,38.34422,38.26179,Malatya,Correct
0BCCF9F5-BDD0-4B2C-B61E-BB84337D6343,SEDA ECZANESİ,Malatya,Yeşilyurt,38.33262,38.21669,Malatya,Correct
8CE622B7-A063-4107-BD88-BBE923787847,ŞAHNAHAN ECZANESİ,Malatya,Yeşilyurt,38.34341,38.28533,Malatya,Correct
E51D9D36-63BF-4D49-AF4C-BC0B7FA85619,EMEKSİZ ECZANESİ,Malatya,Battalgazi,38.34355,38.3123,Malatya,Correct
D8C34D1A-5EA3-46B4-9251-BD088404AA74,ATALAN ECZANESİ,Malatya,Battalgazi,38.4268,38.36694,Malatya,Correct
BE919579-58F0-473C-B989-BD98C3AFB487,EMNİYET ECZANESİ,Malatya,Yeşilyurt,38.35008,38.2844,Malatya,Correct
464B8E25-9F0E-4042-B69A-BDFBDF2B8C0E,MALATYA YEŞİLYURT ÇAVUŞOĞLU AİLE SAĞLIGI MERKEZİ,Malatya,Yeşilyurt,38.35335,38.30227,Malatya,Correct
2CF5DCFC-BB00-4D64-A570-BF2C5EE94471,ÖNAL ECZANESİ,Malatya,Battalgazi,38.34575,38.33312,Malatya,Correct
0E636984-9869-4F4C-8B14-C08DABF1A3E2,KERNEK ECZANESİ,Malatya,Battalgazi,38.34359,38.32301,Malatya,Correct
2E81430F-5151-4056-9F69-C14EF96F5CA7,MALATYA BATTALGAZİ İPEK AİLE SAĞLIGI MERKEZİ,Malatya,Battalgazi,38.34395,38.32842,Malatya,Correct
A074F61E-F387-4F64-8798-C28ABDB49509,CADDEDİŞ AĞIZ VE DİŞ SAĞLIĞI POLİKLİNİĞİ,Malatya,Yeşilyurt,38.33774,38.27431,Malatya,Correct
6F88C1F1-7C51-4262-BB0E-C45F13D147A0,SAADET ECZANESİ,Malatya,Battalgazi,38.34741,38.30492,Malatya,Correct
955B6659-B114-47AE-84EF-C4B4E048D898,MALATYA DOĞANYOL 2 NOLU GÖKÇE AİLE SAĞLIGI MERKEZİ,Malatya,Doğanyol,38.28094,38.99886,Malatya,Correct
EC2833FF-C583-48E2-A6E5-C5BC8725A238,BATTALGAZİ 2 NOLU GÖÇMEN SAĞLIĞI MERKEZİ,Malatya,Battalgazi,38.34368,38.31237,Malatya,Correct
EC76D5F7-1092-47CC-9D27-C627F32D995A,AHMET ERCAN ERDOĞAN MUAYENEHANESİ,Malatya,Battalgazi,38.34829,38.3157,Malatya,Correct
20AF5B69-D442-4BCD-AF58-C6A330B61B17,ABDULVAHAP BOZTEPE PSİKİYATRİ KLİNİĞİ,Malatya,MERKEZ,40.8503,29.2164,İstanbul,Wrong
9365D3F8-DB33-414A-B9A9-C7BC9DCCA570,MERKEZ ECZANESİ,Malatya,Akçadağ,38.34442,37.9712,Malatya,Correct
DC79B9D9-DBF0-4787-B377-C91B2387175D,ÖZLEM ECZANESİ,Malatya,Battalgazi,38.34828,38.31767,Malatya,Correct
3E631556-8AAD-4C50-9585-C9930052FAF6,CEREN ECZANESİ,Malatya,Yeşilyurt,38.36377,38.24635,Malatya,Correct
4CC88271-1C39-4CB5-A1F3-C9B5BE619D79,AKSU ECZANESİ,Malatya,Battalgazi,38.4266,38.36671,Malatya,Correct
CC93D52C-BF85-4C85-A158-CAB22FFF93F7,MALATYA ARAPKİR 1 NOLU MERKEZ AİLE SAĞLIGI MERKEZİ,Malatya,Arapgir,39.04143,38.492,Malatya,Correct
E8A87179-478A-4668-ACA0-CAB512F1A7EC,MALATYA PÜTÜRGE DEVLET HASTANESİ,Malatya,Pütürge,38.37096,38.31087,Malatya,Correct
E052D5EE-E22E-4628-8E93-CAF7CB7EC9AA,ECZANE İZCİ,Malatya,MERKEZ,38.34683,38.27481,Malatya,Correct
42FDC12B-696E-403D-A3CC-CB4C6DA7B381,GÜRKAN ECZANESİ,Malatya,Yeşilyurt,38.34173,38.30534,Malatya,Correct
118531F3-DDF8-4441-8524-CB54F90B376E,DEDE ECZANESİ,Malatya,Doğanşehir,38.35266,38.30561,Malatya,Correct
C6548EA2-DC0C-40B0-BFB1-CC4B1C757BEB,NİYAZİ MISRİ ECZANESİ,Malatya,Battalgazi,38.29734,38.2385,Malatya,Correct
69575192-532E-4C1A-A172-CCC36A1BF090,UĞUR ECZANESİ,Malatya,Battalgazi,38.35282,38.31744,Malatya,Correct
F4265AED-73FD-430D-A93C-CD7489CC28AA,LEYLA ECZANESİ,Malatya,Yeşilyurt,38.33668,38.29001,Malatya,Correct
5052329A-40F7-4D96-8298-CD8CDF6352BF,BARAN ÖZGÜR AVCI DİYET KLİNİĞİ,Malatya,Yeşilyurt,38.31847,38.27415,Malatya,Correct
81F1B0ED-AFFF-4420-BE71-CDCBE4665C0B,ÖZEL MÜJDE HASTANESİ,Malatya,Battalgazi,38.34666,38.32894,Malatya,Correct
A9176F1A-F2D3-4E0F-AADC-CDCFCF0E7FBE,MEHMET BOZTEPE MUAYENEHANESİ,Malatya,Battalgazi,38.34819,38.31288,Malatya,Correct
F0FF6325-84C1-4B70-9B81-CDDDB783412B,AKADEMİ ECZANESİ,Malatya,Battalgazi,38.34568,38.33405,Malatya,Correct
11689349-F3E5-4910-82FB-CEBC60EB8283,YENİ ŞİFA ECZANESİ,Malatya,Darende,38.35595,38.27559,Malatya,Correct
8829BAAC-345F-41EF-9604-CEF37C0731EB,KARAKAYA ECZANESİ,Malatya,Yazihan,38.34993,38.321,Malatya,Correct
9D9E54D1-9CC0-4C37-B61F-CEF5637FEA81,MELİS ECZANESİ,Malatya,Yeşilyurt,38.35257,38.30653,Malatya,Correct
B50BFA6E-7C8B-4BA8-8C69-CF9462B246DB,MALATYA EĞİTİM VE ARAŞTIRMA HASTANESİ PÜTÜRGE EK HİZMET BİNASI,Malatya,PÖTÜRGE,38.34529,38.27351,Malatya,Correct
49277F6B-53BC-4B95-A5D6-D070EC867F3C,SERKAN ECZANESİ,Malatya,Yeşilyurt,38.34413,38.27121,Malatya,Correct
6991A70A-BF4C-46F4-848C-D0BE8A029A88,MALATYA YEŞİLYURT TOKİ ŞEHİT JAN.UZM.ÇVŞ. SELİM KABAKAŞ AİLE SAĞLIGI MERKEZİ,Malatya,Yeşilyurt,38.3108,38.26661,Malatya,Correct
98AF4A85-6A25-4C4F-920F-D1B36B100DEE,MALATYA YEŞİLYURT İSTASYON AİLE SAĞLIGI MERKEZİ,Malatya,Yeşilyurt,38.3525,38.29021,Malatya,Correct
3D8D519D-7F94-487B-93CD-D1E1C4CDCE51,DEVA ECZANESİ,Malatya,Battalgazi,38.34914,38.32126,Malatya,Correct
3FCB4BD7-E5E0-476C-98BF-D2455BE78016,ŞÜKRÜ ŞİRECİ ECZANESİ,Malatya,Battalgazi,38.34906,38.3217,Malatya,Correct
D0F2D382-7599-45C3-8126-D252509FB910,YILDIRIM ECZANESİ,Malatya,Battalgazi,38.34824,38.3139,Malatya,Correct
1A0668A0-B6E1-4ECD-A60A-D2606053DAF0,MALATYA EĞİTİM ARAŞTIRMA HASTANESİ,Malatya,Yeşilyurt,38.34439,38.27231,Malatya,Correct
C2EA13BB-07F7-49FA-9445-D2D0BE7FC2E8,MALATYA YEŞİLYURT ÖZALPER AİLE SAĞLIGI MERKEZİ,Malatya,Yeşilyurt,38.33687,38.28534,Malatya,Correct
DB26991E-6C84-4D4C-8F64-D2E85EFB4D04,BÜŞRA ECZANESİ,Malatya,Yeşilyurt,38.34142,38.28229,Malatya,Correct
C91EFA7C-626E-4878-9B13-D303B8EA828F,DERMAN ECZANESİ,Malatya,Battalgazi,38.35481,38.33296,Malatya,Correct
F3ECD940-C173-466B-B308-D45152F0674B,STAR DENTAL AĞIZ VE DİŞ SAĞLIĞI POLİKLİNİĞİ,Malatya,Yeşilyurt,38.33012,38.29589,Malatya,Correct
4DA45431-7C86-4319-A7F0-D47002202228,DENİZ ECZANESİ,Malatya,Battalgazi,38.36303,38.3116,Malatya,Correct
58370BCB-C087-497B-B8C1-D47260D42E0D,SITMAPINARI ECZANESİ,Malatya,Kuluncak,41.03684,28.65574,İstanbul,Wrong
AA5D540E-000B-48D4-87D3-D4CE92B8A0FE,ÇİÇEK ECZANESİ,Malatya,Doğanşehir,38.40011,38.18964,Malatya,Correct
5366F16D-8AA9-4DB7-A2D9-D54027A6CE36,İSRAFİL KIYICI MUAYENEHANESİ,Malatya,Battalgazi,38.34757,38.31766,Malatya,Correct
942DB27F-43AE-462C-8468-D609AD442FA2,TEMELLİ ECZANESİ,Malatya,Yeşilyurt,38.34503,38.27241,Malatya,Correct
FF57E3C0-FCC0-4DF0-9CEA-D61B32709CF1,GÜNEŞ ECZANESİ,Malatya,Yeşilyurt,38.33679,38.29455,Malatya,Correct
EE88A034-9637-4D4B-B754-D6D3348881A1,ZAMBAK ECZANESİ,Malatya,Battalgazi,38.36366,38.24539,Malatya,Correct
92361ED7-4E36-4F43-84C8-D70A8F5A014A,YENİ PETEK ECZANESİ,Malatya,Yeşilyurt,38.34641,38.28271,Malatya,Correct
2D333084-EE57-49E7-9DDD-D77BA3218539,GUNDUZBEY ECZANESI,Malatya,Yeşilyurt,38.28347,38.26141,Malatya,Correct
AA6B46A4-805B-4B89-9A9F-D7E3705EE5C0,DİLEK ECZANESİ,Malatya,Yeşilyurt,38.44373,38.24902,Malatya,Correct
C90ABCF1-4AD6-4CBA-B067-D802A31F35B1,ÜLKÜ ECZANESİ,Malatya,Battalgazi,38.38265,38.36788,Malatya,Correct
88096750-5129-4891-912A-D9369C223321,BURCU KİĞILI ECZANESİ,Malatya,Battalgazi,38.34829,38.31557,Malatya,Correct
6660F59B-1002-4E75-A815-DA93E941F3B8,ÜMİT ECZANESİ,Malatya,Yeşilyurt,38.34757,38.30134,Malatya,Correct
24828E8E-B5D3-4576-9556-DAEB4773655C,MALATYA BATTALGAZİ TAŞTEPE AİLE SAĞLIGI MERKEZİ,Malatya,Battalgazi,38.3663,38.32165,Malatya,Correct
54C465E8-AA1F-45F3-A734-DB39E766485C,CÜNEYT ŞİROLU MUAYENEHANESİ,Malatya,Battalgazi,38.34913,38.32135,Malatya,Correct
124FAA79-39A6-4004-87B8-DB759905A07B,MALATYA BATTALGAZİ PAŞAKÖŞKÜ AİLE SAĞLIGI MERKEZİ,Malatya,Battalgazi,38.34167,38.31111,Malatya,Correct
600AEFF3-5471-433D-A54E-DB93B338C14C,MALATYA YEŞİLYURT FAHRİ KAYAHAN AİLE SAĞLIGI MERKEZİ,Malatya,Yeşilyurt,38.33149,38.27745,Malatya,Correct
36215638-50F5-4F18-9D20-DCF0DDE4DEC7,KARACA ECZANESİ,Malatya,PÖTÜRGE,39.67427,-75.98676,No Info,No Info
3133F8F5-E3B5-4705-95CD-DD0FBD0D4FE9,YEŞİLYURT MELEKBABA GÖÇMEN SAĞLIĞI MERKEZİ,Malatya,Yeşilyurt,38.36639,38.3149,Malatya,Correct
6029D843-6EC0-4D6D-A7BE-DD7945499309,ALTAY ECZANESİ,Malatya,Battalgazi,38.32975,38.24985,Malatya,Correct
3283E8D2-ED7C-48EB-8B2C-DE1BFF117D39,MALATYA YEŞİLYURT FAHRİ KAYAHAN 1 NOLU AİLE SAĞLIGI MERKEZİ,Malatya,Yeşilyurt,38.32011,38.27447,Malatya,Correct
5DD3B08D-0D52-4D17-86CB-DE495AF51E2A,FİRDEVS GÜL KAYAALP MUAYENEHANESİ,Malatya,Battalgazi,38.34912,38.3247,Malatya,Correct
9E3865AC-BFE9-4081-9029-DEF5119EF0A7,SİBEL ECZANESİ,Malatya,Arguvan,38.7827,38.26807,Malatya,Correct
BAA7873F-1850-4073-B49D-E054D63AD7D5,ARAPGİR DEVLET HASTANESİ,Malatya,Arapgir,39.04294,38.48946,Malatya,Correct
46C19B71-D8BA-43BA-B1EE-E1198A90BC7B,AYŞEGÜL EVREN DALKILIÇ MUAYENEHANESİ,Malatya,Battalgazi,38.35024,38.32549,Malatya,Correct
9018E00B-3C87-4794-B65E-E1578B3B4B60,YAZIHAN MERKEZ ASM,Malatya,Yazihan,38.59876,38.17955,Malatya,Correct
52A82716-78DD-47A0-B34F-E237360AEE8A,ÖZEL SEVGİ SEZGİN DERMATOLOJİ KLİNİĞİ,Malatya,Yeşilyurt,38.33279,38.2857,Malatya,Correct
94D0A2C3-7055-488A-B509-E36078638571,CUMALİ DEMİREL MUAYENEHANESİ,Malatya,Battalgazi,38.3484,38.32059,Malatya,Correct
C4C6BA52-EFA6-498C-B8EE-E45DF36A8F5F,MALATYA YEŞİLYURT BOSTANBAŞI 2 NOLU AİLE SAĞLIGI MERKEZİ,Malatya,Yeşilyurt,38.32294,38.24879,Malatya,Correct
299482D4-5FF0-4AF0-BB2E-E898FDDE3BA0,BÜŞRA TAN ECZANESİ,Malatya,Battalgazi,38.3457,38.33384,Malatya,Correct
F991CB0C-973F-47A7-AD62-E8A9B82CBDE6,CERRAHPAŞA ECZANESİ,Malatya,Battalgazi,38.34576,38.33298,Malatya,Correct
F556EFE7-662A-4CAC-83A0-E9065EBE3B0A,MÜGE ECZANESİ,Malatya,Battalgazi,38.35192,38.31624,Malatya,Correct
E03BCF45-5C9B-429D-BFB5-E9411841DC4C,ÇELİK ECZANESİ,Malatya,Doğanşehir,37.27697,36.33606,Osmaniye,Wrong
5D1D1051-66F3-4844-BAAA-EB17CB4F61AC,BULVAR ECZANESİ,Malatya,Yeşilyurt,38.32973,38.27434,Malatya,Correct
D47362ED-5CCD-4776-BA66-ECA990489B2F,MALATYA EĞİTİM VE ARAŞTIRMA HASTANESİ BATTALGAZİ SEMT POLİKLİNİĞİ,Malatya,Battalgazi,38.42902,38.3656,Malatya,Correct
31CAEA2F-AB63-4323-A25D-ECF70035FCAC,BEGÜM ECZANESİ,Malatya,Battalgazi,38.34788,38.30134,Malatya,Correct
990F5F22-8DF5-4745-A643-ED2D8F78D76E,BOTANİK ECZANESİ,Malatya,Battalgazi,38.34191,38.33295,Malatya,Correct
11539156-999E-46E2-ACF3-ED8542985205,REYHAN ECZANESİ,Malatya,Yeşilyurt,38.36,38.2879,Malatya,Correct
5C97DCE2-A942-4068-A62A-EDCB98C0E6D2,ELMAS ECZANESİ,Malatya,Yeşilyurt,38.32212,38.30916,Malatya,Correct
ECE1B67B-D059-4EE5-BBCD-EDF23736EAE4,GÖZTEPE ECZANESİ,Malatya,Battalgazi,38.35743,38.33854,Malatya,Correct
FCC6FBC5-A252-4DDC-AFB6-EEC93F091C5F,ONUR ECZANESİ,Malatya,Battalgazi,38.34892,38.32019,Malatya,Correct
D8A2D372-2AB1-420A-9932-EF69AE562CC0,TAŞKIN ECZANESİ,Malatya,Yeşilyurt,38.32833,38.24784,Malatya,Correct
16C74CD3-2A09-4509-BC4F-F07FFA27C378,DUYGU ECZANESİ,Malatya,Battalgazi,38.34662,38.34524,Malatya,Correct
1BD04878-0437-414F-BFFC-F0EFD62CAF7F,ŞİFA ECZANESİ,Malatya,Yeşilyurt,38.35646,38.30967,Malatya,Correct
94F1E8C1-05B7-4E10-975B-F1D4A745EF92,ÖZEL DİVAN HASTANESİ,Malatya,Yeşilyurt,38.35022,38.27909,Malatya,Correct
26E158EF-EF1D-48B4-B9EE-F1EDBB412F4F,ŞEHİT MEHMET DİNÇ AİLE SAĞLIĞI,Malatya,Battalgazi,38.35635,38.35058,Malatya,Correct
93CD563C-DF00-48BB-9835-F2123BF8E1B6,MERKEZ ECZANESİ,Malatya,Yeşilyurt,38.35985,38.28794,Malatya,Correct
538D3021-6CE2-4D62-AAA8-F2225BE3A1E1,PARK ECZANESİ,Malatya,Battalgazi,38.34655,38.31837,Malatya,Correct
2655BC7C-08EC-4C60-A5EE-F27DD22F0D15,BAKAN ECZANESI,Malatya,Battalgazi,38.34801,38.30492,Malatya,Correct
BFCBF25B-E4D9-4306-89C4-F2900CC39CE9,İNÖNÜ ÜNİVERSİTESİ MEDİKO SOSYAL MERKEZİ,Malatya,Battalgazi,38.3379,38.43541,Malatya,Correct
F5882411-ECB3-4F57-BE45-F2B3DFDA268F,BÜYÜK ECZANESİ,Malatya,Yeşilyurt,38.29566,38.24797,Malatya,Correct
9C9C8275-CDA8-4994-910B-F2FC4887E295,TOLGA ECZANESİ,Malatya,Yeşilyurt,38.31349,38.27202,Malatya,Correct
F50FDF93-C76B-4683-BB76-F329F74DBF83,HİZMET ECZANESİ,Malatya,Battalgazi,38.35089,38.32042,Malatya,Correct
2AE4A85B-9389-4845-92F7-F3C0458907E7,MALATYA EĞİTİM VE ARAŞTIRMA HASTANESİ FIRAT SEMT POLİKLİNİĞİ,Malatya,Battalgazi,38.34696,38.33185,Malatya,Correct
18B6C00E-0B37-4169-84A1-F42347C53C49,ŞENİZ BADİLLİ VANLIOĞLU MUAYENEHANESİ,Malatya,Battalgazi,38.34811,38.31592,Malatya,Correct
FFC3A699-5513-4760-966A-F5059C045B3C,ALİ HAYDAR PEKÖZ MUAYENEHANESİ,Malatya,Battalgazi,38.34931,38.31454,Malatya,Correct
7DDFEF70-B348-44D4-826C-F56968BE8787,PAŞAHAN ECZANESİ,Malatya,Battalgazi,38.35047,38.32356,Malatya,Correct
8B86DBB5-6B85-4476-A8DB-F64E103E89C2,AYDIN ECZANESİ,Malatya,Battalgazi,38.3464,38.32968,Malatya,Correct
559E4154-74E8-44F5-A9A3-F669B0AC0FBC,ÖZEL GÖZDE HASTANESİ SITMAPINARI,Malatya,Battalgazi,38.348,38.30474,Malatya,Correct
FD3CA801-9B68-416A-926E-F67495C2760C,DİET MALATYA,Malatya,Yeşilyurt,38.33513,38.26561,Malatya,Correct
DCD38EBA-A71D-4414-BDE5-F6777470D492,AYDA ECZANESİ,Malatya,Yeşilyurt,38.35255,38.30666,Malatya,Correct
F233ADAB-0B93-4A83-856F-F6EFE10FC21C,MALATYA DOĞANŞEHIR DEVLET HASTANESI,Malatya,Doğanşehir,38.35001,38.3,Malatya,Correct
D72973DE-6339-4F3B-86A6-F73D8DFE191B,YILMAZ ECZANESİ,Malatya,Hekimhan,38.35486,38.33311,Malatya,Correct
8E9A07AB-E26F-48B8-B89E-F78AA7D72AA4,MALATYA ECZANESİ,Malatya,Battalgazi,38.35002,38.31654,Malatya,Correct
FA577282-90D9-4F00-BAF9-F7BBFA65634B,İZOLLU ECZANESİ,Malatya,Kale,38.35214,38.35504,Malatya,Correct
13FEF756-BCA4-49DA-A932-F7E9F690FDAC,BANAZI ECZANESİ,Malatya,Yeşilyurt,38.35083,38.3222,Malatya,Correct
FB512F8B-21AC-4E78-9D78-F811FECE9542,SURGU ECZANESISURGU,Malatya,Doğanşehir,40.9886,28.7193,İstanbul,Wrong
DB2931B5-D2D5-413B-8472-F8690684AA9E,DİCLE ECZANESİ,Malatya,Doğanşehir,38.0927,37.87844,Malatya,Correct
DC21D76C-75B9-47A8-A61C-F967FC7CC52B,ÖZALPER ECZANESİ,Malatya,Yeşilyurt,38.33794,38.28607,Malatya,Correct
FA8A5F07-FA42-41DD-9DF4-F9CB1A473107,ELİF ECZANESİ,Malatya,Doğanşehir,38.35953,38.27254,Malatya,Correct
93C0F146-F242-44D7-B618-FA86C8CCCFC4,ALTUNSUYU AĞIZ VE DİŞ SAĞLIĞI POLİKLİNİĞİ,Malatya,Battalgazi,38.34486,38.32573,Malatya,Correct
A33FF682-53C5-46C6-A222-FB16CAFA56FA,MALATYA HEKİMHAN 2 NOLU HASANÇELEBİ AİLE SAĞLIGI MERKEZİ,Malatya,Hekimhan,38.95383,37.89217,Malatya,Correct
ACC2F9E3-A219-48C3-BB33-FB2313A7A32D,CENGİZ ECZANESİ,Malatya,Hekimhan,38.81589,37.9324,Malatya,Correct
B68602B1-DBE0-46C3-986B-FBBE6D3D6CED,MALATYA YEŞİLYURT M.HANİFİ BAĞDATLI AİLE SAĞLIGI MERKEZİ,Malatya,Yeşilyurt,38.29619,38.24769,Malatya,Correct
E66DC8DD-D78C-4E88-904C-FCBCFE60BE9E,NUR ECZANESİ,Malatya,Battalgazi,38.35545,38.34938,Malatya,Correct
A3F7B5E7-FEE9-454C-B301-FD5E93801371,VİLLA DENT AĞIZ VE DİŞ SAĞLIĞI MERKEZİ,Malatya,Yeşilyurt,38.34279,38.27497,Malatya,Correct
D22F6EE1-F831-4425-B08D-FDC5A13C045F,MALATYA YEŞİLYURT ŞAHNAHAN AİLE SAĞLIGI MERKEZİ,Malatya,Yeşilyurt,38.41337,38.20114,Malatya,Correct
6A3C15E7-4CC6-4E06-AABD-FFD964980FFE,ÖZCAN ECZANESİ,Malatya,Yeşilyurt,38.33887,38.25911,Malatya,Correct
