UnitId,UnitName,CityName,DistrictName,Latitude,Longitude,DetectedCity,Match
70044231-7CF2-4AAE-8724-0013384617BF,SAKARYA AKYAZI 3 NOLU AİLE SAĞLIĞI MERKEZİ,Sakarya,Akyazi,40.67192,30.62163,Sakarya,Correct
46B383F3-96F7-43A0-9D2C-0017576FAA12,ALİ FUAT PAŞA ECZANESİ,Sakarya,Geyve,40.53579,30.29524,Sakarya,Correct
4725B2E2-BE90-437B-97F8-01D2F2377098,AYŞEGÜL ECZANESİ,Sakarya,Adapazari,40.75852,30.38818,Sakarya,Correct
974B4E10-09BE-4E87-BABC-02B0D3028AC8,ÖZDENOĞLU ECZANESİ,Sakarya,Adapazari,40.77436,30.40288,Sakarya,Correct
6D0FE21D-B755-4B7B-9825-030D94CDAA3B,EBRU ECZANESİ,Sakarya,Pamukova,40.50787,30.17187,Sakarya,Correct
C90A4046-AC96-44A5-A239-0319C504262E,TUĞBA ECZANESİ,Sakarya,Adapazari,40.73805,30.26313,Sakarya,Correct
9D57BF65-E0F9-4C4D-9E14-0331C8CA1306,ÇAĞLA-OSMAN ÇUBUKÇU MUAYENEHANESİ,Sakarya,Adapazari,40.77968,30.39879,Sakarya,Correct
DE2E3C84-B80A-4BEE-AAC8-036BE9C58B38,ZEYNEP BEŞİROĞLU,Sakarya,Adapazari,40.77324,30.37444,Sakarya,Correct
F36A6785-FFF0-4E77-BFDA-0383604D98C4,BETÜL ECZANESİ,Sakarya,Adapazari,40.7814,30.40054,Sakarya,Correct
86CEB2EC-E8C5-4705-859B-03A31B86AEF4,SERAP ECZANESİ,Sakarya,Serdivan,40.7794,30.35145,Sakarya,Correct
5DBCC08F-88BE-4B66-8948-03A3C741CBDD,SAKARYA ADAPAZARI KURTULUŞ AİLE SAĞLIĞI MERKEZİ,Sakarya,Adapazari,40.78216,30.39972,Sakarya,Correct
9DD7EE73-2A30-4146-B310-03A5B3907CB5,CANER SARI ECZANESİ,Sakarya,Serdivan,40.76004,30.36166,Sakarya,Correct
6F07D7A6-3120-4C1D-92F9-03A6E6C439BE,GÜLNİHAL ECZANESİ,Sakarya,Arifiye,40.7462,30.38195,Sakarya,Correct
DA30AABF-696B-410A-ABCE-03D1FB7D71C3,BÜLENT HAZER MUAYENEHANESİ,Sakarya,Serdivan,39.54827,-76.15476,No Info,No Info
2790097A-4B2D-4E4D-94A1-03FDB4CAE387,SELİM ECZANESİ,Sakarya,Hendek,40.78459,30.70538,Sakarya,Correct
1DA3FAD9-1E6D-4F4B-AF9A-04B60FBB5EC5,SERBESTLER AĞIZ VE DİŞ SAĞLIĞI POLİKLİNİĞİ,Sakarya,Adapazari,40.78105,30.40176,Sakarya,Correct
B7D658A1-0300-40F7-BC36-04FD1E800E06,SAKARYA ERENLER DİLMEN AİLE SAĞLIĞI MERKEZİ,Sakarya,Erenler,40.75979,30.40167,Sakarya,Correct
D94FCB82-E101-47BC-9E8C-05012BFDA02E,"SERDİVAN KETEM,SAĞLIKLI YAŞAM MERKEZİ",Sakarya,Serdivan,40.7644,30.3687,Sakarya,Correct
670AE6AE-6A41-42F8-8FB9-05B9F43CD70F,SAKARYA ADAPAZARI KARAMAN 2’NOLU AİLE SAĞLIĞI MERKEZİ,Sakarya,ADAPAZARI  MERKEZ,41.131,29.2514,İstanbul,Wrong
1FF6E7F4-C257-41A4-A6F7-05DB4C538BE1,BAHÇELİEVLER ECZANESİ,Sakarya,Serdivan,40.76111,30.37086,Sakarya,Correct
C9E99262-42B8-413E-B499-060A7253C240,ZEYNEP TOÇOĞLU ECZANESİ,Sakarya,Serdivan,40.77372,30.3675,Sakarya,Correct
B7E2730F-06E1-4495-AAC6-065D03789407,ACAROĞLU ECZANESİ,Sakarya,Adapazari,40.77733,30.39621,Sakarya,Correct
3E23ADA1-9730-4B98-8FF3-06B3F974E739,FATMA TOKAT SALİM MUAYENEHANESİ,Sakarya,Serdivan,40.76227,30.36817,Sakarya,Correct
DC1EF5C9-8A5E-4DBF-A9D7-07BC97A29588,EZGİ ECZANESİ,Sakarya,Sapanca,40.69282,30.26323,Sakarya,Correct
54DA6D7F-3F9A-4C10-8A89-07D216F6246B,NEHİRKENT ECZANESİ,Sakarya,Arifiye,40.75864,30.38933,Sakarya,Correct
93554B56-33D0-4A5D-826D-07DF4D2EE81C,SAKARYA ARİFİYE CUMHURİYET AİLE SAĞLIĞI MERKEZİ,Sakarya,Arifiye,40.69797,30.34522,Sakarya,Correct
2ED707ED-B3A5-4759-B40D-07F518341D8E,ALTINKÖŞE ECZANESİ,Sakarya,Akyazi,40.68848,30.61528,Sakarya,Correct
0FE9420C-D560-44BC-80E0-082400095B82,AZİZİYE ECZANESİ,Sakarya,Adapazari,40.75438,30.41527,Sakarya,Correct
33CF5F3F-710C-44ED-9147-089AC48A697E,BEYZA ECZANESİ,Sakarya,Adapazari,40.78178,30.40019,Sakarya,Correct
6D6DE299-A01F-4DED-AEF0-08D0F094F34E,ALİ KAYA ECZANESİ,Sakarya,Geyve,40.51218,30.2913,Sakarya,Correct
12BFF7DD-FDB7-45BC-941F-0A62A2E07AB6,AYŞE DİLARA ECZANESİ,Sakarya,Serdivan,40.7596,30.36303,Sakarya,Correct
40CA24DB-9442-4083-B98C-0AFFD4FCDAE0,ÇAĞLAYAN ECZANESİ,Sakarya,Akyazi,40.68317,30.62334,Sakarya,Correct
67C3142D-1056-4E57-B006-0D0623B22A5B,SAKARYA İNCİ AĞIZ VE DİŞ SAĞLIĞI POLİKLİNİĞİ,Sakarya,Adapazari,40.76955,30.38991,Sakarya,Correct
A05EEE98-8AB4-4606-98C4-0E5B706E64AE,MENEKŞE FEYZİOĞLU MUAYENEHANESİ,Sakarya,Hendek,40.79652,30.74653,Sakarya,Correct
2A09A86B-9245-419C-A364-0E74EACC0B0B,ZÜMRÜT MÜFTÜOĞLU AİLE SAĞLIĞI MERKEZİ,Sakarya,Adapazari,40.79388,30.42074,Sakarya,Correct
FBDD2013-BEDE-4E9D-AB7C-0ED13D003756,BÜYÜK ECZANESİ,Sakarya,Adapazari,40.75871,30.38839,Sakarya,Correct
59F35F20-0A24-478F-B87C-0F209BB10811,SERKAN ALDEMİR MUAYENEHANESİ,Sakarya,Adapazari,40.77265,30.40467,Sakarya,Correct
62E815BF-0A62-4FFB-82D5-0F9F32D61517,ECE NUR DEĞİRMENTEPE MUAYENEHANESİ,Sakarya,Serdivan,40.77944,30.36885,Sakarya,Correct
EC48829D-6E6E-4A08-A3EE-1099E695AF21,SAKARYA ADAPAZARI F.S. HIZIRTEPE AİLE SAĞLIĞI MERKEZİ,Sakarya,Adapazari,40.7535,30.39218,Sakarya,Correct
3C3D9800-8C9B-465C-B318-10FB5CDDF19D,SERHAT ECZANESİ,Sakarya,Akyazi,40.66792,30.60631,Sakarya,Correct
EDC0ADD6-8753-40F3-8F39-111F4F0EAE23,GÜVEN ECZANESİ,Sakarya,Pamukova,40.50724,30.16475,Sakarya,Correct
98AC8050-9161-42C1-8613-11A9AFF13945,HACIBAYRAM ECZANESİ,Sakarya,Kocaali,41.0944,30.69015,Sakarya,Correct
F0D26E17-1BBA-4233-94A5-123D2CA67AB9,FURKAN ECZANESİ,Sakarya,Akyazi,40.67946,30.6241,Sakarya,Correct
C83DAE20-0EEA-4D2B-BC5F-124ED39DFFE8,NALBANTOĞLU ECZANESİ,Sakarya,Sapanca,40.69241,30.26189,Sakarya,Correct
DEF7DEB6-72CA-4B40-82C4-1254751BEE37,ADANUR ECZANESİ,Sakarya,Adapazari,40.74774,30.38015,Sakarya,Correct
6A6B822A-5FD4-499F-9F07-12F86EC6B5B2,SAKARYA ERENLER AİLE SAĞLIĞI MERKEZİ,Sakarya,Erenler,40.75646,30.40887,Sakarya,Correct
396EBE98-60DE-4103-9D4C-139C47443F48,MELİKE CETİNKAYA MUAYENEHANESİ,Sakarya,ADAPAZARI  MERKEZ,40.8083,28.8775,İstanbul,Wrong
F0EF4A86-A85B-4CC3-AA4C-13F1EC99EEA9,ŞENGÜL ECZANESİ,Sakarya,Kaynarca,41.03405,30.30534,Sakarya,Correct
BC378AD3-D3DF-459F-B1F2-1434D232A7C1,MARMARA ECZANESİ,Sakarya,Hendek,40.79055,30.73396,Sakarya,Correct
DB2121DB-CDEE-4FD0-B54C-14F556D42379,GÜVEN ECZANESİ,Sakarya,Adapazari,40.78607,30.39978,Sakarya,Correct
0535F915-E0CC-4F5F-B74D-15129995E7C1,YENİ MARMARA ECZANESİ,Sakarya,Adapazari,40.79991,30.40745,Sakarya,Correct
DA59C74E-72D6-470A-8254-153AE6A0A1B7,İPEKYOLU ECZANESİ,Sakarya,Sapanca,40.69433,30.22264,Sakarya,Correct
9296BC06-5B5C-4A40-9744-155127F09B01,ANNEM ECZANESİ,Sakarya,Hendek,40.7653,30.70447,Sakarya,Correct
AC1DC029-6E54-468E-B300-159E9D9ED7B3,MEHMET BİLMEZ-SERDAR YILDIRIM MUAYENEHANESİ,Sakarya,Adapazari,40.77901,30.40071,Sakarya,Correct
086386A6-1FC3-4E74-B742-164C9924D5CA,BAYRAKÇI ECZANESİ,Sakarya,Hendek,40.79481,30.74452,Sakarya,Correct
83ECCA38-42EE-4728-AE6C-16AC19CE8755,TÜRKSEVEN ECZANESİ,Sakarya,Adapazari,40.75276,30.392,Sakarya,Correct
2255F52B-BE34-4412-83FB-170A1EF0501F,KARASU ECZANESİ,Sakarya,Karasu,41.09421,30.68877,Sakarya,Correct
00010134-1131-4C02-9C3F-17436211F793,ÖZEL EV DİŞ POLİKLİNİĞİ,Sakarya,Adapazari,40.77274,30.39672,Sakarya,Correct
87E216E9-3D76-4D4E-8EF9-17D4C7964EBC,SAKARYA ADAPAZARI OZANLAR AİLE SAĞLIĞI MERKEZİ,Sakarya,Adapazari,40.78603,30.39955,Sakarya,Correct
C4CE0F89-0D11-4531-9850-17F43BF58DB8,ÖZEL DENT SAKARYA AĞIZ VE DİŞ SAĞLIĞI POLİKLİNİĞİ,Sakarya,Adapazari,40.77169,30.40224,Sakarya,Correct
7961BFDB-9E45-458C-80CC-18D8BA787C95,SAKARYA FERİZLİ SİNANOĞLU AİLE SAĞLIĞI MERKEZİ,Sakarya,Ferizli,40.97366,30.545,Sakarya,Correct
0206B4D3-E5AF-4C53-B14C-19471EB1EDC7,HAYRETTİN SEZGİN MUAYENEHANESİ,Sakarya,Akyazi,40.67991,30.62436,Sakarya,Correct
43EF0089-0668-4F0C-B33A-195DAE4AF8D1,EMEL-SEMİH AYGÜN MUAYENEHANESİ,Sakarya,Adapazari,40.77908,30.40068,Sakarya,Correct
2E3D3A97-7DB1-49B4-A342-19636784C5EC,AK GIDA SANAYİ VE TİCARET ANONİM ŞİRKETİ SAĞLIK BİRİMİ,Sakarya,Pamukova,40.52385,30.21833,Sakarya,Correct
8C72F73B-38A4-432E-9F73-198971281430,YENİKENT ECZANESİ,Sakarya,Adapazari,40.8551,30.33971,Sakarya,Correct
8B56F72A-6A3E-4E90-BFFD-19E852D00471,HUZUR ECZANESİ,Sakarya,Adapazari,40.78177,30.40042,Sakarya,Correct
4C3D8844-C2FA-422A-B33A-1A99B28735B9,HAKAN ECZANESİ,Sakarya,Sapanca,40.68797,30.26143,Sakarya,Correct
14C7EF5B-D1F2-4408-AEAD-1AA39051FD18,SAKARYA YENİKENT DEVLET HASTANESİ,Sakarya,Adapazari,40.85363,30.33457,Sakarya,Correct
EB38C7F4-DA1C-4295-9D76-1AE2F1922938,CADDE ECZANESİ,Sakarya,Kaynarca,41.03164,30.3071,Sakarya,Correct
39B6D863-F365-4388-B62A-1B1CD5B13612,DİYETİSYEN ATAKAN DİKTAŞ MUAYENEHANESİ,Sakarya,Serdivan,40.77764,30.36645,Sakarya,Correct
91EB4699-A807-4AAB-8514-1B39E7BF7BA8,DERYA EMİR YILMAZ MUAYENEHANESİ,Sakarya,Serdivan,40.77094,30.37978,Sakarya,Correct
F20F718B-0DF2-4855-90E5-1BB6FC78A235,DEMET ECZANESİ,Sakarya,Adapazari,40.74264,30.2707,Sakarya,Correct
DAD3E1E8-2782-49E0-95E9-1C4997BC1C1C,AHMET ACAR MUAYENEHANESİ,Sakarya,Adapazari,40.77768,30.40483,Sakarya,Correct
DE50FD08-A4C3-4EB0-A078-1CA33D5BCD92,ÇAĞLA ECZANESİ,Sakarya,Hendek,40.84421,30.63397,Sakarya,Correct
9778C476-D9DF-478C-90C4-1CCEEE25A994,SAKARYA ADAPAZARI GÜNEŞLER AİLE SAĞLIĞI MERKEZİ,Sakarya,ADAPAZARI  MERKEZ,41.0119,29.3345,İstanbul,Wrong
C2E3E48B-14DA-416A-AF8A-1D10852926DD,GÜNEŞ ECZANESİ,Sakarya,Adapazari,40.78141,30.41009,Sakarya,Correct
B08CB91B-9C8A-41FF-8333-1D1E1F1FFE41,SAKARYA HENDEK ÇAMLICA AİLE SAĞLIĞI MERKEZİ,Sakarya,Hendek,40.70661,30.74074,Sakarya,Correct
F914966B-8D97-48C6-BABE-1DDFD2491079,TUBA BAYOĞLU DİYETİSYEN VE BESLENME UZMANI,Sakarya,Serdivan,40.77275,30.37339,Sakarya,Correct
ACAFB404-12E6-4077-8B76-1DF2F8697311,HATİCE GÜL MUAYENEHANESİ,Sakarya,Akyazi,40.68216,30.62493,Sakarya,Correct
858CDE08-E730-473F-A110-1E28C503FC2A,HALİME AYKILIÇ YENİ MUAYENEHANESİ,Sakarya,Adapazari,40.77415,30.4024,Sakarya,Correct
C9262B0B-184E-4734-B039-1E2DB18649AC,ALEMDAR ECZANESİ,Sakarya,Adapazari,40.75841,30.38969,Sakarya,Correct
E410EAC0-2F2A-4921-A61E-1E588906B348,MERKEZ ECZANESİ,Sakarya,Karasu,41.09391,30.68943,Sakarya,Correct
2EC5DC1A-599C-4333-9A99-1ED012536B05,SAKARYA ADAPAZARI YAĞCILAR HALİT EVİN AİLE SAĞLIĞI MERKEZİ,Sakarya,Adapazari,40.78343,30.42358,Sakarya,Correct
AD977317-9156-434B-A5DE-1EFB486459FC,KAHYA ECZANESİ,Sakarya,Akyazi,40.68263,30.62467,Sakarya,Correct
59D519B6-6850-4A65-B01D-1FA3132EF3AB,SAKARYA KARASU LİMANDERE AİLE SAĞLIĞI MERKEZİ,Sakarya,Karasu,40.99012,30.57943,Sakarya,Correct
EA74E13A-C65F-4341-B6A2-20995E053F7F,SAKARYA GEYVE AİLE SAĞLIĞI MERKEZİ,Sakarya,Geyve,40.50993,30.28965,Sakarya,Correct
40E2F79A-AD3C-4887-A47D-21C80EA64EBF,ÇİÇEK ECZANESİ,Sakarya,Erenler,40.75311,30.3939,Sakarya,Correct
A9D30C06-A0D2-42A1-80EC-21EFD259C834,ARALP CLİNİC AĞIZ VE DİŞ SAĞLIĞI POLİKLİĞİNİ,Sakarya,Adapazari,40.76969,30.40025,Sakarya,Correct
F9E64A40-8B19-42C9-9B6C-221027B01328,ZEYNEP ECZANESİ,Sakarya,Geyve,40.52331,30.29505,Sakarya,Correct
7C6FAC99-326A-4E23-8EB5-224D5308A3A1,GÜNDOĞAR ECZANESİ,Sakarya,Adapazari,40.77477,30.40142,Sakarya,Correct
E480E524-FFDF-48CA-AB59-22A26C0ECDE7,İNLOVA KLİNİK,Sakarya,Serdivan,40.75889,30.35643,Sakarya,Correct
4F49E03E-000A-4C0A-8E3B-23657C366DD5,EFKAN KOŞUTAN ECZANESİ,Sakarya,Serdivan,40.77412,30.35721,Sakarya,Correct
5D773EAF-E5EC-4B40-9145-23F448A010F0,ÇİĞDEM ECZANESİ,Sakarya,Serdivan,40.7726,30.36614,Sakarya,Correct
6AC0B5CD-097A-451E-B185-24D8DBB166A3,SAKARYA SAPANCA AİLE SAĞLIĞI MERKEZİ,Sakarya,Sapanca,40.69272,30.26195,Sakarya,Correct
2131EE6B-4F32-43F5-BBE3-260069B16729,ÖZTÜRK AĞIZ VE DİŞ SAĞLIĞI POLİKLİNĞİ,Sakarya,Akyazi,40.68789,30.61742,Sakarya,Correct
ECBF1720-4F29-4796-AF50-2602A36FBDC1,GÜL ECZANESİ,Sakarya,Sapanca,40.69205,30.26695,Sakarya,Correct
28953830-2855-4B9A-8D0F-260C843BB95B,NESRİN ECZANESİ,Sakarya,Geyve,40.52164,30.29443,Sakarya,Correct
B96DE623-B705-4DAC-8537-260E9A7224FC,SAKARYA HENDEK DEVLET HASTANESİ,Sakarya,Hendek,40.79492,30.74424,Sakarya,Correct
645749CE-9306-4130-ACE6-2632DAB4A680,DENTAVİLLA DİŞ POLİKLİNİĞİ,Sakarya,Adapazari,40.69361,30.26492,Sakarya,Correct
044F8646-B9A9-4E7C-890D-2636D043870D,HENDEK AĞIZ VE DİŞ SAĞLIĞI MERKEZİ,Sakarya,Hendek,40.79549,30.74385,Sakarya,Correct
1E4ADFE2-78B5-40DE-8C2C-26681EF7734D,BERRİN CESUR ECZANESİ,Sakarya,Serdivan,40.76017,30.36421,Sakarya,Correct
1EC2ABBD-E43C-4602-B2D2-2691CE6616F0,ATABEY ECZANESİ,Sakarya,Adapazari,40.77887,30.40078,Sakarya,Correct
0899069B-C78A-4A66-BD9B-26AF3B66B824,SAKARYA ADAPAZARI ŞEKER AİLE SAĞLIĞI MERKEZİ,Sakarya,Adapazari,40.78272,30.38871,Sakarya,Correct
E26966C9-6784-4607-ABF2-26AFFD212E84,ASUDE ECZANESİ,Sakarya,Hendek,40.79093,30.74014,Sakarya,Correct
C490C791-76E9-4B9B-8D1F-26D6EA6E3A98,BÜLENT ÖCAL MUAYENEHANESİ,Sakarya,Karasu,41.09522,30.69227,Sakarya,Correct
9959859F-4FE8-4549-9D83-26D85B7F15E2,SAKARYA GEYVE DEVLET HASTANESİ,Sakarya,Geyve,40.5227,30.29482,Sakarya,Correct
149A2D7B-8CC1-4464-9B3C-2729A627A081,BAYKAN ECZANESİ,Sakarya,Adapazari,40.76465,30.41482,Sakarya,Correct
6860181B-7D13-4462-99E3-277FA6A7590C,YASİN ECZANESİ,Sakarya,Adapazari,40.756,30.40381,Sakarya,Correct
2BABC9B9-477B-4F39-AAB1-28042A96B659,İSMET ECZANESİ,Sakarya,Karasu,41.09572,30.69248,Sakarya,Correct
A8F4B68D-6146-4655-A73F-281C398D3935,SAKARYA ADAPAZARI VAKIF AİLE SAĞLIĞI MERKEZİ,Sakarya,Adapazari,40.85864,30.27247,Sakarya,Correct
D34AFAEC-CB93-4C99-82C8-283016816653,AHSEN ECZANESİ,Sakarya,Adapazari,40.78355,30.42141,Sakarya,Correct
A0B54F6C-E27D-4233-AADC-28A865D20B0F,GÜLCE ÖZKARAKAŞ MUAYENEHANESİ,Sakarya,Serdivan,40.7597,30.35625,Sakarya,Correct
B1659C62-9412-4FAB-B3AD-29471706F384,REYHAN KAPLAN HAFIZOĞLU MUAYENEHANESİ,Sakarya,Serdivan,40.77802,30.36436,Sakarya,Correct
E6273277-61DA-47FB-8126-29FFC5C8909B,ENGİN ECZANESİ,Sakarya,Adapazari,40.78389,30.3995,Sakarya,Correct
B4EA178B-A686-4D05-A987-2A02716A8C3D,ÖMER ŞAHİN MUAYENEHANESİ,Sakarya,Adapazari,40.7747,30.40237,Sakarya,Correct
D780F19C-4C17-4A5E-923B-2A13D1ADBA11,VATAN ECZANESİ,Sakarya,Erenler,40.76456,30.4059,Sakarya,Correct
EFBC5E49-F860-4F12-BC58-2A2100C40243,ÇEŞMEMEYDANI ECZANESİ,Sakarya,Adapazari,40.78173,30.40428,Sakarya,Correct
2F73B0DC-0225-4D89-BE3E-2A5F2CFCC2DE,OTOKAR OTOMOTİV SANAYİ ANONİM ŞİRKETİ SAĞLIK REVİRİ,Sakarya,Arifiye,40.72723,30.37505,Sakarya,Correct
9DD4889A-1F53-414F-A7FF-2B9D9A9E3952,ÖZEL NESİL ÇOCUK HASTALIKLARI VE KADIN DOĞUM DAL MERKEZİ,Sakarya,Adapazari,38.96957,-76.92636,No Info,No Info
CF1D1DB9-2F47-4200-BDE8-2BF7CFAE5D53,ŞEN ECZANESİ,Sakarya,Karapürçek,41.60836,35.59932,Samsun,Wrong
DDB88DAE-1DBE-4286-905A-2C9FE8C1A3C4,SAKARYA SERDİVAN AKOVA AİLE SAĞLIĞI MERKEZİ,Sakarya,Serdivan,40.75944,30.36844,Sakarya,Correct
7B2F388A-594B-497C-A47B-2CAFAE4A3004,ESSA DİŞ POLİKLİNİĞİ,Sakarya,Serdivan,40.77864,30.35808,Sakarya,Correct
60477556-CE28-4DED-A96F-2CC1A0B968A2,ÖZEL ÇINAR AĞACI AĞIZ VE DİŞ SAĞLIĞI POLİKLİNİĞİ,Sakarya,Adapazari,40.78078,30.40206,Sakarya,Correct
77353238-CBD2-4BCE-AE25-2CDD582594FE,MUSTAFA ALİ ARIKAN MUAYENEHANESİ,Sakarya,Adapazari,40.77389,30.41152,Sakarya,Correct
284F2B42-307E-4AB9-A45C-2D7D28A1DAD6,ESRA-SAVAŞ VURALLI MUAYENEHANESİ,Sakarya,Adapazari,40.77112,30.40165,Sakarya,Correct
B62B3BF6-47A0-4E4B-A32E-2E49B3CB65C5,ÇINAR ECZANESİ,Sakarya,Adapazari,40.7732,30.39732,Sakarya,Correct
B4B2C2BC-B3C5-4407-992B-2ED5007012DC,FERİZLİ ECZANESİ,Sakarya,Ferizli,40.9527,30.49841,Sakarya,Correct
6E9D9944-3C9C-46C9-8FD8-2EF82DE3CD72,FEYZA ECZANESİ,Sakarya,Kocaali,41.07208,30.86101,Sakarya,Correct
7ECF235C-0F2D-4F10-A327-2FF58C3CF8D5,HAYAT ECZANESİ,Sakarya,Ferizli,40.94019,30.48542,Sakarya,Correct
56D6C5EF-28C6-4632-941F-308C6A7B32CE,SAKARYA AKYAZI 2 NOLU AİLE SAĞLIĞI MERKEZİ,Sakarya,Akyazi,40.68729,30.62632,Sakarya,Correct
D9887DFB-F1E8-4B65-8FD7-30BC7BA48DE1,DEĞİRMENTEPE ECZANESİ,Sakarya,Arifiye,40.70792,30.35667,Sakarya,Correct
374B8652-C030-4A47-A396-30D99F922C7E,ÖZEL SAKARYA DİYALİZ MERKEZİ,Sakarya,Adapazari,40.78027,30.3983,Sakarya,Correct
DB0B5F8F-69D1-4851-B1E6-311AB87BA50F,MÜGE ECZANESİ,Sakarya,Adapazari,40.78089,30.40422,Sakarya,Correct
1351D81D-9D40-42FA-B6F4-3183F420CAB2,KAZIMPAŞA ECZANESİ,Sakarya,Serdivan,40.79157,30.29511,Sakarya,Correct
02936489-4CDF-4D43-887C-33254B6A0FFA,İKİZLER ECZANESİ,Sakarya,Adapazari,40.78303,30.38855,Sakarya,Correct
DBC12FC7-74D8-4575-8F6D-333517B65612,ESEN ECZANESİ,Sakarya,Geyve,40.65625,30.35251,Sakarya,Correct
DA7DD616-ECBD-4BD6-A38E-33F7A7E758CD,SAKARYA KARASU MEVLANA AİLE SAĞLIĞI MERKEZİ,Sakarya,Karasu,41.09422,30.68846,Sakarya,Correct
C841FAF1-3822-451C-AFC6-33FCCD18D76C,VURAL ECZANESİ,Sakarya,Hendek,40.78741,30.73682,Sakarya,Correct
833FEE48-1DD2-40E0-B803-34289525ABB9,YÜCEL ECZANESİ,Sakarya,Adapazari,40.786,30.40049,Sakarya,Correct
2861D6E4-0F29-4791-A2F4-34EFE9353118,HAKAN ECZANESİ,Sakarya,Kocaali,40.5091,30.16818,Sakarya,Correct
4AC3F0DF-9461-40A8-AD82-350EC46454B2,BERK FURKAN ECZANESİ,Sakarya,Adapazari,40.75757,30.39099,Sakarya,Correct
3919A7C0-F639-4A5C-AF43-358E630985AF,MURAT ECZANESİ,Sakarya,Akyazi,40.68464,30.62643,Sakarya,Correct
C01EB6BA-374C-4984-BAE6-35CDE3ED5A2E,AYŞE FUNDA ZORLAR MUAYENEHANESİ,Sakarya,Karasu,40.77283,30.3745,Sakarya,Correct
40279CA8-12E9-4AA8-A1E8-35F5E78237EC,SÖĞÜTLÜ ECZANESİ,Sakarya,Söğütlü,40.89022,30.46611,Sakarya,Correct
1E437CEF-6449-4E77-BDB9-35FEBA1C2E4F,SEZER ŞİMŞEK MUAYENEHANESİ,Sakarya,Adapazari,40.77964,30.39853,Sakarya,Correct
F3452543-2EB3-4B1B-B9B5-3678BAA97F12,ÇAK TEKSTİL FABRİKA REVİRİ,Sakarya,Akyazi,40.65226,30.61702,Sakarya,Correct
5E805E70-62C5-416A-9986-3685DDF4F70C,GİZEM ECZANESİ,Sakarya,Geyve,40.50992,30.28967,Sakarya,Correct
DB84ABCE-522B-4125-83DC-36F8B58120F0,GÖKÇEN ECZANESİ,Sakarya,Erenler,40.75931,30.39877,Sakarya,Correct
D92FE689-7645-4E74-B6F1-3718D01E7EEC,HAYAL ECZANESİ,Sakarya,Karasu,41.0893,30.73881,Sakarya,Correct
7DBFBAE2-A60E-4503-BAEA-37557F3F31C0,NİHAL DEMİR MUAYENEHANESİ,Sakarya,Hendek,40.79504,30.73601,Sakarya,Correct
4D70F76D-664A-43F5-BF1F-379A1F8BD338,ÖZEL UZUNÇARŞI AĞIZ VE DİŞ SAĞLIĞI POLİKLİNİĞİ,Sakarya,Adapazari,40.78172,30.40174,Sakarya,Correct
2284A5D0-7738-4E46-BCBA-37A94F0F10A7,ŞEN ECZANESİ,Sakarya,Erenler,40.74374,30.38788,Sakarya,Correct
647DB509-E857-4745-96A9-37ABF5226116,SEAH TOPLUM RUH SAĞLIĞI MERKEZİ,Sakarya,Serdivan,39.44528,30.69418,Eskişehir,Wrong
F3FB20BB-7704-41F2-BC25-37E72422EB3D,GEYVE İLÇE SAĞLIK MÜDÜRLÜĞÜ,Sakarya,Geyve,40.51469,30.29213,Sakarya,Correct
2872EEB8-3140-461A-9E40-38BDF77CDB7D,SAKARYA ADAPAZARI KARAMAN AİLE SAĞLIĞI MERKEZİ,Sakarya,Adapazari,40.85416,30.33916,Sakarya,Correct
A1581B51-96D4-4706-8823-38CB147A69F7,SAKARYA ECZANESİ,Sakarya,Adapazari,40.75778,30.39067,Sakarya,Correct
CDC3024E-B421-4093-9660-3945D9020F88,TÜRKMENOĞLU ECZANESİ,Sakarya,Hendek,40.79809,30.74225,Sakarya,Correct
0EBB9FAA-F768-45AB-B46D-39946DA76DCD,TUBA DÜZCAN ÖZEL MUAYENEHANESİ,Sakarya,Serdivan,40.7664,30.36456,Sakarya,Correct
D31B2402-DF3F-4514-8A3C-39C8CAA0B89B,PROFESÖR ECZANESİ,Sakarya,Akyazi,40.6721,30.62098,Sakarya,Correct
5F685E74-0A84-4A00-843B-39FED1EDA00A,DEMİRKAPI DİŞ KLİNİĞİ,Sakarya,Karasu,41.10279,30.6925,Sakarya,Correct
231CDAAC-566A-4D85-B19F-3A609E2CDE1A,İNANÇ ECZANESİ,Sakarya,Adapazari,40.77765,30.40398,Sakarya,Correct
6E3B632D-9070-4B5F-87ED-3A651538C7CB,SAKARYA PAMUKOVA MEKECE AİLE SAĞLIĞI MERKEZİ,Sakarya,Pamukova,40.45178,30.04913,Sakarya,Correct
6A167755-3DEB-4080-BCC4-3A68C1F38712,CANAN ECZANESİ,Sakarya,Adapazari,40.75861,30.39198,Sakarya,Correct
D1C345BB-EAE0-4A2C-A3D1-3A845EC78C3E,AKYAZI MERKEZ TSM,Sakarya,Akyazi,40.67172,30.61546,Sakarya,Correct
30760261-7441-4FC9-8006-3B2CF5389CAA,SAKARYA KAYNARCA AİLE SAĞLIĞI MERKEZİ,Sakarya,Kaynarca,41.03804,30.2985,Sakarya,Correct
5A702944-5F9D-4F3D-AA68-3B378305DF00,CEYLAN ECZANESİ,Sakarya,Serdivan,40.76584,30.36009,Sakarya,Correct
36F47BE3-06CD-413A-91A0-3BD877813E0F,CERRAHOĞLU ECZANESİ,Sakarya,Adapazari,40.78019,30.40097,Sakarya,Correct
38AEA7AD-6FA8-4207-A8B0-3D40E3D7C48B,SAKARYA SERDİVAN YAZLIK AİLE SAĞLIĞI MERKEZİ,Sakarya,Serdivan,40.78923,30.36831,Sakarya,Correct
393A90E2-A054-409C-AC5C-3DB07313E0F0,KIRKPINAR ECZANESİ,Sakarya,Sapanca,40.69298,30.22632,Sakarya,Correct
E8187255-D4E5-48B1-80C9-3E0B3B2E9A8E,SEVGİ ECZANESİ,Sakarya,Pamukova,40.50808,30.16478,Sakarya,Correct
EEB0709C-0D52-4CC5-8CB5-3EA6A0DE2096,SAKARYA ARİFİYE AİLE SAĞLIĞI MERKEZİ,Sakarya,Arifiye,40.70771,30.35653,Sakarya,Correct
FBA32A73-352E-4974-828F-3F30F1FF6F92,MİNE PALACIOĞLU AÇILAN ÖZEL MUAYENEHANESİ,Sakarya,Adapazari,40.7779,30.39587,Sakarya,Correct
BAAB9E87-07B5-4132-A04D-3F70139731ED,ÖZLEM ÇAĞLAR MUAYENEHANESİ,Sakarya,Karasu,41.09547,30.69238,Sakarya,Correct
9CBAC84D-95DF-44FF-9B5E-3FAC921C7DE6,SAKARYA ADAPAZARI BUDAKLAR AİLE SAĞLIĞI MERKEZİ,Sakarya,Adapazari,40.78677,30.48997,Sakarya,Correct
97662AC3-6947-4F69-9A98-400CD87604D8,GÖKHAN KORTAN MUAYENEHANESİ,Sakarya,ADAPAZARI  MERKEZ,41.0185,29.1119,İstanbul,Wrong
C908322B-A795-4A92-8601-403E5C20FEB7,SAKARYA SAPANCA 2 NOLU AİLE SAĞLIĞI MERKEZİ,Sakarya,Sapanca,40.69005,30.25707,Sakarya,Correct
F207F49C-0CF5-4150-98FF-40995AB76C1C,SAFİR ECZANESİ,Sakarya,Karasu,41.08951,30.73703,Sakarya,Correct
36345E3B-36EA-46A8-9B9F-409AC0BF0781,KOCAÇINAR ECZANESİ,Sakarya,Pamukova,40.50717,30.16355,Sakarya,Correct
C0301F56-F39A-4877-BB99-40AAA835E557,ASIM HAMDİ ARCA ECZANESİ,Sakarya,Adapazari,40.78873,30.42867,Sakarya,Correct
9836AC47-825B-4877-965B-40CE9B41BB69,DOĞRUSEVER ECZANESİ,Sakarya,Sapanca,40.68965,30.25746,Sakarya,Correct
E796B895-C6A0-4669-91C4-41509C0384AF,DİYETETİK BESLENME VE DİYET MERKEZİ,Sakarya,Serdivan,40.77398,30.38284,Sakarya,Correct
06D026EC-089E-4111-9F7C-41C3A7BB380B,NEFES ECZANESİ,Sakarya,Adapazari,40.74555,30.40951,Sakarya,Correct
087DA691-5268-4581-B3B6-41EF40930AEE,ALPER CESUR MUAYENEHANESİ,Sakarya,Ferizli,40.94211,30.48092,Sakarya,Correct
4AD8256E-E09A-4C9D-9D19-42E42231F307,OZANLAR ECZANESİ,Sakarya,Adapazari,40.78599,30.39934,Sakarya,Correct
466C1F79-AF9D-4CAC-8A68-42F9A501E8F2,HAYAT ECZANESİ,Sakarya,Serdivan,40.76543,30.36005,Sakarya,Correct
D9BBFEEC-E874-4767-A217-436DF436CE6C,MEHMET YAVAŞ KLİNİK,Sakarya,Serdivan,40.77854,30.36765,Sakarya,Correct
8617AF75-0C69-43F2-B7C8-4387292E5C11,MUSTAFA ŞAHİN ECZANESİ,Sakarya,Adapazari,40.75869,30.38926,Sakarya,Correct
1409CB57-B2B6-451C-86FA-43D7EB1AD09A,SAKARYA ADAPAZARI GARAJLAR AİLE SAĞLIĞI MERKEZİ,Sakarya,Adapazari,40.78234,30.4111,Sakarya,Correct
F17B1028-C024-48F6-8A1F-4515002506FE,SAKARYA ERENLER BAĞLAR AİLE SAĞLIĞI MERKEZİ,Sakarya,Erenler,40.75283,30.39551,Sakarya,Correct
9290DF4B-46C0-48D9-9041-45C53516D0AB,SERDİVAN DOĞA ECZANESİ,Sakarya,Serdivan,40.75517,30.35456,Sakarya,Correct
EE402998-6F64-46C3-BE98-463FDCB8DCAF,TÜRKDOĞDU ECZANESİ,Sakarya,Akyazi,40.6719,30.6217,Sakarya,Correct
A34A89CB-33D0-46E3-9425-467087CC9F24,İZLEM ECZANESİ,Sakarya,Adapazari,40.75771,30.39078,Sakarya,Correct
2328F71B-784E-4366-97D1-4689CA7F7469,ÜMİT KAYA MUAYENEHANESİ,Sakarya,Serdivan,40.75949,30.36349,Sakarya,Correct
1A61D307-0CA0-46A8-9CB7-46E7567B837C,ÖZEL FERTİL CLİNİC,Sakarya,Adapazari,40.77246,30.40352,Sakarya,Correct
B1BDCB32-58E9-409B-BE78-4712BC8235B4,CİRİT ECZANESİ,Sakarya,Adapazari,40.77791,30.39218,Sakarya,Correct
6293A021-1A6E-4B15-8CC7-47790ADBEDF8,GEYVE ECZANESİ,Sakarya,Geyve,40.50996,30.28952,Sakarya,Correct
55068A1C-9271-4FA6-A936-47C92BD8EBE0,ESRA SAVAŞ KLİNİK,Sakarya,Serdivan,40.76265,30.36853,Sakarya,Correct
89268BD0-E7C6-4F6B-ACDD-47E39D48FD10,DİYETİSYEN EMİR MACUNCU MUAYENEHANESİ,Sakarya,Serdivan,40.77664,30.36398,Sakarya,Correct
23AF5684-43D3-47C9-BD86-47EE86B03330,MÜBEYYEN DÜZELTİCİ MEREY-SİNAN MEREY MUAYENEHANESİ,Sakarya,Adapazari,40.77081,30.40615,Sakarya,Correct
844299D2-72F6-4CE2-982A-48C4640AFDFD,KARAKAYA ECZANESİ,Sakarya,Adapazari,40.77417,30.39447,Sakarya,Correct
BF939A92-6C60-4CAE-897A-48D63E735A6E,ÇINAR ECZANESİ,Sakarya,Geyve,38.19579,26.83849,İzmir,Wrong
D2E25428-252A-42D3-93D5-48ED72D12820,ÖZEL ADAMEDİCA TIP MERKEZİ,Sakarya,Adapazari,40.77268,30.39488,Sakarya,Correct
4DDB8B5E-E534-428B-985E-48ED9FE4AB50,ÇAĞAN ECZANESİ,Sakarya,Adapazari,40.77217,30.40282,Sakarya,Correct
2592A1F6-CCB5-435D-B08F-493B3AFA16C6,ZEYTİN ECZANESİ,Sakarya,Adapazari,40.78255,30.3886,Sakarya,Correct
DA54E98B-B3CE-4A1C-ABD1-4975A5ECA8DD,SAKARYA SERDİVAN KAZIMPAŞA AİLE SAĞLIĞI MERKEZİ,Sakarya,Serdivan,40.78669,30.29401,Sakarya,Correct
599E51B6-D7F8-4360-9B94-4A3B50EE47DA,MALTEPE ECZANESİ,Sakarya,Adapazari,40.74675,30.38057,Sakarya,Correct
B91B1120-602E-4750-B793-4ACC413F1765,ZEYNEP ÖZ MUAYENEHANESİ,Sakarya,Adapazari,40.77194,30.41368,Sakarya,Correct
6F07FC6F-6A67-41E3-A588-4B3CFC1F9411,AHMET SADUN SİLİSTRE MUAYENEHANESİ,Sakarya,Akyazi,40.6809,30.62376,Sakarya,Correct
778C1CC0-F261-4D2E-8519-4B4A080E3A55,GOOD YEAR LASTİK FABRİKASI SAĞLIK BİRİMİ,Sakarya,Adapazari,40.73436,30.36985,Sakarya,Correct
64FB7AD2-4408-48C4-BCCC-4B9A21455B6C,KOCAELİ THSK - TOPLUM SAĞLIĞI MERKEZİ,Sakarya,Adapazari,40.78303,30.39912,Sakarya,Correct
400130D4-3B7F-4E61-BF0F-4BBCFF63A070,BAŞAK ECZANESİ,Sakarya,Adapazari,40.77218,30.40282,Sakarya,Correct
845788EE-3302-4A5B-80E0-4BFAAAC6D253,NİSA ECZANESİ,Sakarya,Serdivan,40.79035,30.3655,Sakarya,Correct
B7873C1F-8D9F-4A2F-B0D0-4C2875E4B457,ŞULE ACAR ECZANESİ,Sakarya,MERKEZ,40.75826,30.38791,Sakarya,Correct
4FD06967-944B-4E24-8DC0-4D489648BF13,AHSEN ECZANESİ,Sakarya,Arifiye,40.71999,30.35938,Sakarya,Correct
03BC5569-D0EF-4601-8303-4DCCEB4DD3E7,FEYZANUR GENÇ BESLENME VE DİYET KLİNİĞİ,Sakarya,Adapazari,40.75814,30.3901,Sakarya,Correct
9C2C819F-E1F4-45EF-B5FD-4E7150CEC2E7,OZEL DENT SERDIVAN AĞIZ VE DİŞ SAĞLIĞI POLİKLİNİĞİ,Sakarya,Serdivan,40.76107,30.36541,Sakarya,Correct
C3A3FD8C-116D-4EC8-B0B7-4E9387835A19,SEREN ALTIN BESLENME DİYET KLİNİĞİ,Sakarya,Serdivan,40.76545,30.37233,Sakarya,Correct
D8840D2A-8659-4B6C-A5B0-4EE9D9074F58,SAKARYA ERENLER YEŞİLTEPE AİLE SAĞLIĞI MERKEZİ,Sakarya,Erenler,40.74429,30.38805,Sakarya,Correct
1652745B-64B9-4D5B-B162-4F30C3D05640,DOĞUŞ ALTAN MUAYENEHANESİ,Sakarya,Serdivan,40.77274,30.37315,Sakarya,Correct
2DCFC1E5-7345-4D5A-A731-4F4464482290,BAŞAR ECZANESİ,Sakarya,Arifiye,40.70702,30.35547,Sakarya,Correct
8D81F7C9-5118-4EEC-81F1-4F95A7164796,YAKAMOZ ECZANESİ,Sakarya,Karasu,41.09396,30.69186,Sakarya,Correct
7405008E-3168-4CEE-AF94-500B1974CCB8,DİYET F SAĞLIKLI BESLENME VE DİYET DANIŞMANLIĞI,Sakarya,Adapazari,40.77332,30.4082,Sakarya,Correct
421998C9-BA52-4394-A063-5021AE005758,AKAY ECZANESİ,Sakarya,Tarakli,40.39833,30.49522,Sakarya,Correct
F83DD1EE-A658-43C2-9595-50F1356194E8,BEŞKÖPRÜ ECZANESİ,Sakarya,Serdivan,40.73835,30.3537,Sakarya,Correct
24CE9528-4CEC-4166-9A37-5268BC34D240,YAŞAM ECZANESİ,Sakarya,Adapazari,40.78183,30.40324,Sakarya,Correct
66B232BC-3294-45C0-B03B-52E4D2EF52DC,YALÇIN ECZANESİ,Sakarya,Ferizli,40.93885,30.48687,Sakarya,Correct
C3D72EE4-1140-45A6-BA12-53059B3FA165,AYŞE AKAY MUAYENEHANESİ,Sakarya,Adapazari,39.33767,-76.43556,No Info,No Info
DB6581C3-02E2-47DD-801A-535183F75E7B,SAKARYA HENDEK MERKEZ YEŞİLLER AİLE SAĞLIĞI MERKEZİ,Sakarya,Hendek,40.79778,30.73287,Sakarya,Correct
092E73A8-352E-4E28-8AA6-53C609DCE3FC,ÖZEL ALKAN DİŞ POLİKLİNİĞİ,Sakarya,Serdivan,40.76003,30.3614,Sakarya,Correct
87F09FB6-4574-448D-88EC-5408D9132D71,SU ECZANESİ,Sakarya,Adapazari,40.79917,30.40427,Sakarya,Correct
F7CA3389-B4AE-4516-9491-543F93A8DB9A,ERDEM ECZANESİ,Sakarya,Adapazari,40.8501,30.29111,Sakarya,Correct
9E9B5929-84A1-4C4E-8028-54762CE90871,KOCACIK ECZANESİ,Sakarya,Adapazari,40.75914,30.39116,Sakarya,Correct
B97ED95E-BCB3-4F68-912F-54907D326204,UMUT ECZANESİ,Sakarya,Kaynarca,40.97255,30.55014,Sakarya,Correct
B2BDF450-C3D4-4DA3-B1E7-54992B9A336C,TÜRKAN GÖKÇE MUAYENEHANESİ,Sakarya,Adapazari,40.77755,30.39587,Sakarya,Correct
7F122711-F4E8-45D9-876B-54F486E7FC57,NİHAT TÜRKOĞLU MUAYENEHANESİ,Sakarya,Adapazari,40.77943,30.39883,Sakarya,Correct
F0921913-B5CE-47BB-A462-5524C1F3FD93,ŞİFA ECZANESİ,Sakarya,Adapazari,40.75088,30.37353,Sakarya,Correct
6EED9D06-80F8-4689-908B-562DB25954D6,MAXIDENT DİŞ POLİKLİNİĞİ,Sakarya,Serdivan,40.77984,30.36806,Sakarya,Correct
58B2E3E1-5CD9-4A17-91C4-56690CAC03FB,GÜL ECZANESİ,Sakarya,Akyazi,40.63042,30.63849,Sakarya,Correct
754A11E1-519A-4372-BD8D-56A9A0ABE38A,GAMZE ECZANESİ,Sakarya,Hendek,40.80125,30.7426,Sakarya,Correct
B2A3A745-4BC7-498B-8BA5-56CB1FC300B8,EBRU ECZANESİ,Sakarya,Serdivan,40.79649,30.36883,Sakarya,Correct
1E9153C4-2C9D-4170-B9F7-57200697BB3C,BURAK ECZANESİ,Sakarya,Serdivan,40.77421,30.35708,Sakarya,Correct
7FC1CF0E-3829-4DAA-90F0-578AFB6528A7,BAYINDIR ECZANESİ,Sakarya,Arifiye,40.88245,30.41545,Sakarya,Correct
183D8A3D-6868-4CDB-A6AE-57B37EB38C8E,SAKARYA SÖĞÜTLÜ AİLE SAĞLIĞI MERKEZİ,Sakarya,Söğütlü,40.9059,30.4744,Sakarya,Correct
ED3DFF34-C2C9-4E17-9033-57B87F105740,MEHMET ELBİRLİK MUAYENEHANESİ,Sakarya,Adapazari,40.78033,30.40003,Sakarya,Correct
C71090D8-9BCA-4741-808A-57FD654AFBB3,OĞUZ ECZANESİ,Sakarya,Adapazari,40.77921,30.40478,Sakarya,Correct
5CD424DA-5AF9-48D5-ADB1-5855DE355F60,ÇARK KULAK BURUN BOĞAZ MERKEZİ,Sakarya,Serdivan,40.77662,30.35471,Sakarya,Correct
26400220-39C8-4156-8C98-58D8C071141D,HİLAL TUFAN TEKİN MUAYENEHANESİ,Sakarya,Adapazari,40.78093,30.40204,Sakarya,Correct
0D8E12AE-A0C1-4953-B257-59DA2639AE5D,SAKARYA SERDİVAN AİLE SAĞLIĞI MERKEZİ,Sakarya,Serdivan,40.77618,30.36682,Sakarya,Correct
33AF3D84-23ED-4F53-ACBD-5A1CFD3E03C4,SAKARYA ADAPAZARI DR. EVRİM TÜMBEK AİLE SAĞLIĞI MERKEZİ,Sakarya,Adapazari,40.77308,30.39972,Sakarya,Correct
33F6A05E-3642-429E-9288-5A75082ADC73,ÖZEL SANCAKLI DİŞ POLİKLİNİĞİ,Sakarya,ADAPAZARI  MERKEZ,41.1584,29.0709,İstanbul,Wrong
1D5D76DF-B446-4B15-B449-5AD1402C578E,KONAKÇI ECZANESİ,Sakarya,Arifiye,40.77103,30.38239,Sakarya,Correct
04CFE2DC-9C5A-46DE-BA09-5BC4F86EDC85,BERRİN KULEZ MUAYENEHANESİ,Sakarya,Sapanca,40.69012,30.26601,Sakarya,Correct
5E52B9ED-21DF-43EE-9726-5C510D127151,YASEMİN ECZANESİ,Sakarya,Adapazari,40.75827,30.38991,Sakarya,Correct
FDE68FEF-E2F4-4F87-9F74-5C54981419E2,SAKARYA FERİZLİ 1 NOLU AİLE SAĞLIĞI MERKEZİ,Sakarya,Ferizli,40.93902,30.48194,Sakarya,Correct
4AF0A9A3-D3CA-4FAD-9D16-5CD737325F83,EMRE GÜNGÖRDÜ MUAYENEHANESİ,Sakarya,Adapazari,40.7775,30.39559,Sakarya,Correct
31EB7078-A963-40F6-BF21-5D2BB7E0D09A,SAKARYA GEYVE ALİ FUAT PAŞA AİLE SAĞLIĞI MERKEZİ,Sakarya,Geyve,40.5362,30.29693,Sakarya,Correct
7687C88F-1AA6-4435-9360-5E5B7CECAC90,SAKARYA ECZANESİ,Sakarya,Karasu,41.09417,30.68862,Sakarya,Correct
C3D0B3B2-0166-4B63-9E7A-5E97B4191B90,İLİM ECZANESİ,Sakarya,Adapazari,40.79236,30.36587,Sakarya,Correct
3A84F062-311B-405F-A5A4-5EF877DA3406,NİSA ECZANESİ,Sakarya,Hendek,40.78827,30.73737,Sakarya,Correct
76F61944-EC29-4F97-8E32-5F3B43F2E21D,SALİHOĞLU ECZANESİ,Sakarya,Serdivan,40.79455,30.3617,Sakarya,Correct
93BBF28A-B583-4A2D-925B-5F6B212E5C55,ÖZNUR EREN MUAYENEHANESİ,Sakarya,Adapazari,40.78401,30.36855,Sakarya,Correct
5DE1CE76-873B-486D-ADE8-5FB1454467F5,DONATIM SAKARYA AĞIZ VE DİŞ SAĞLIĞI MERKEZİ,Sakarya,Adapazari,40.77057,30.39094,Sakarya,Correct
7B3FE77E-18E0-4384-982F-606D4B711BD7,ÖZEL VENİVİDİ GÖZ SAKARYA TIP MERKEZİ,Sakarya,Adapazari,40.77006,30.40229,Sakarya,Correct
15732D1A-A61B-4ECD-8877-60CBE692AEC3,SAKARYA HENDEK 3 NOLU AİLE SAĞLIĞI MERKEZİ,Sakarya,Hendek,40.79337,30.74452,Sakarya,Correct
C76513A5-2AA8-446A-BFAD-60D2499DC4C5,HANLI ECZANESİ,Sakarya,Arifiye,40.77213,30.40344,Sakarya,Correct
A19A9B4A-4507-4A61-9B38-60F8F582519B,ITIR ECZANESİ,Sakarya,Sapanca,40.68963,30.2851,Sakarya,Correct
8B40CEF9-E624-4A6F-9DBE-610D779D4187,MUHAMMET MESUT NEZİR ENGİN MUAYENEHANESİ,Sakarya,Serdivan,40.77557,30.36699,Sakarya,Correct
51FCDA28-17D0-4677-92CF-61223E69D61B,SAKARYA GEYVE YÖRÜKLER AİLE SAĞLIĞI MERKEZİ,Sakarya,Geyve,40.50352,30.29719,Sakarya,Correct
6FD9DE55-26DF-4859-8DCA-61436044F06B,SAKARYA SERDİVAN KEMALPAŞA AİLE SAĞLIĞIM MERKEZİ,Sakarya,Serdivan,40.76569,30.36087,Sakarya,Correct
A95AA4BC-AA5E-466A-B2A5-615B2ACA4C93,SAKARYA SERDİVAN BEŞKÖPRÜ ADEM SERTATLI AİLE SAĞLIĞI MERKEZİ,Sakarya,Serdivan,40.73747,30.3532,Sakarya,Correct
28660F1B-3E8B-4655-AC5D-6174C811F1F3,FAKÜLTE ECZANESİ,Sakarya,Adapazari,40.7581,30.39016,Sakarya,Correct
858CF257-225D-4D53-80B4-61787717B80E,METİN ARDA MUAYENEHANESİ,Sakarya,Arifiye,40.71929,30.36661,Sakarya,Correct
F9784347-9651-40DB-8326-6194C43AB0D9,ELÇİN ÖZSİN AYDEMİR MUAYENEHANESİ,Sakarya,Serdivan,40.77004,30.37853,Sakarya,Correct
61C1850F-258E-4A74-BEDE-621AD2D65C40,SAKARYA ÜNİVERSİTESİ MEDİKO SOSYAL MERKEZİ,Sakarya,MERKEZ,41.1965,29.174,İstanbul,Wrong
ABBBEAC8-87F7-41D1-9E7B-627B8E3C785F,BERKAY ECZANESİ,Sakarya,Erenler,40.76253,30.41563,Sakarya,Correct
65C4F5C4-F3A2-48A4-8FB3-627E71FBBFB5,YUNUS EMRE ECZANESİ,Sakarya,Akyazi,40.68138,30.62281,Sakarya,Correct
47B07C9E-3A54-47BE-9564-62BD85DE0019,ELİF NUR BOYKOTAN BESLENME DİYET DANIŞMANLIK,Sakarya,Serdivan,40.77419,30.37267,Sakarya,Correct
65B66511-FFDB-445A-A341-62C17D2C8609,BERRAK ECZANESİ,Sakarya,Serdivan,40.76251,30.35332,Sakarya,Correct
1C504345-20B4-477E-A1A9-63BEDDCF08AF,SERDAR ECZANESİ,Sakarya,Akyazi,40.57513,30.8658,Sakarya,Correct
3958AE70-2AE1-440D-9FE0-63D883649CF6,ERDAL AKALIN MUAYENEHANESİ,Sakarya,Adapazari,40.75867,30.3893,Sakarya,Correct
9CEE7BF6-F57D-4394-9F6E-6418D982B471,MİMAROĞLU ECZANESİ,Sakarya,Adapazari,40.77317,30.39733,Sakarya,Correct
0A7692E8-13D4-47F3-8A89-646210AAFB82,FEYZA BERİN ECZANESİ,Sakarya,Adapazari,40.76041,30.39438,Sakarya,Correct
F780F270-31E9-4DAA-B4DE-646B23208293,ŞEVVAL AVCI BESLENME VE DİYET DANIŞMANLIĞI,Sakarya,Adapazari,40.7579,30.39049,Sakarya,Correct
BF5EA835-DBD6-4EAB-AEA5-64861BDDF420,İSTIKLAL ECZANESİ,Sakarya,Adapazari,40.78429,30.39968,Sakarya,Correct
5D27CB3D-CE53-4F14-B575-65A56E2C4275,ÇİFTÇİ ECZANESİ,Sakarya,Geyve,40.50715,30.29031,Sakarya,Correct
DD1B2A12-A182-4FF3-AECA-65E257E81913,EYLÜL ECZANESİ,Sakarya,Serdivan,40.78912,30.3683,Sakarya,Correct
0A527B28-0F2A-4D57-A446-6614D68D5823,MELİS ECZANESİ,Sakarya,Hendek,40.79488,30.7445,Sakarya,Correct
C4B0DE82-F3D2-4B04-A656-661D350F16C9,MERYEM BERFU YÜCEER MUAYENEHANESİ,Sakarya,Serdivan,40.77161,30.36193,Sakarya,Correct
0BC0CBF8-BAE8-40D7-B2AF-66498391988E,SEDAT UMUR MUAYENEHANESİ,Sakarya,Serdivan,40.78938,30.29129,Sakarya,Correct
23FDE4D7-0883-4F08-9C48-66D940500D69,KOCAALİ ECZANESİ,Sakarya,Kocaali,39.21077,-76.60476,No Info,No Info
7C7A349D-333C-41CA-917F-66E7E166D09B,IHLAMUR ECZANESİ,Sakarya,Adapazari,40.7826,30.38902,Sakarya,Correct
6DD81BA0-C08F-4220-8C53-673D3EFC800D,NURHAN ÖZDEMİR MUAYENEHANESİ,Sakarya,Serdivan,40.76841,30.37474,Sakarya,Correct
141C4119-AA1C-4449-B2B9-6744025D4738,OKYAY ECZANESİ,Sakarya,Adapazari,40.77559,30.40449,Sakarya,Correct
57670457-6F45-48E3-94FF-6749868AF9DF,SÖNMEZ KURŞUNOĞLU MUAYENEHANESİ,Sakarya,Adapazari,40.77931,30.39155,Sakarya,Correct
E1C91D1D-DE37-49BA-96A8-6795ED7B6B79,YILMAZ ECZANESİ,Sakarya,Kocaali,41.05365,30.85261,Sakarya,Correct
1417795D-90D6-461B-8ED4-67ED39752152,MUHAMMET SELMAN SARI MUAYENEHANESİ,Sakarya,ADAPAZARI  MERKEZ,40.8189,28.8164,İstanbul,Wrong
D1091E64-90FC-45D2-A461-684FDA9E61C2,ÖZEL BİLGE HASTANESİ,Sakarya,Adapazari,40.77655,30.40129,Sakarya,Correct
28A7545C-BA2A-457A-A7D7-6855DD0C8C2A,TEOMAN ERKOL MUAYENEHANESİ,Sakarya,Adapazari,40.77929,30.40103,Sakarya,Correct
884032DC-E41A-4214-A4E1-69CF6E6A47F8,KAYNARCA ECZANESİ,Sakarya,Kaynarca,41.03579,30.30231,Sakarya,Correct
7AB5553A-4A41-452B-A83F-6A0C487FF472,ÇOBANOĞLU ECZANESİ,Sakarya,Pamukova,40.47838,30.05994,Sakarya,Correct
B60BE7F6-0651-450B-9D50-6B4328292F99,GÖKTÜRK ECZANESİ,Sakarya,Erenler,40.7643,30.40555,Sakarya,Correct
EA1E764C-1C18-40F3-A650-6B875ACABDB1,ÇORUH ECZANESİ,Sakarya,Hendek,40.79689,30.74679,Sakarya,Correct
725AD081-57ED-4655-A782-6BF801366FE3,NAR ECZANESİ,Sakarya,Serdivan,40.7961,30.36158,Sakarya,Correct
70DF42E2-53D1-413A-BF1C-6C6667BA2422,HILAL AĞIZ VE DİŞ SAĞLIĞI POLİKLİNİĞİ,Sakarya,Serdivan,40.75799,30.35523,Sakarya,Correct
B05A712C-D6C0-4D3D-A8D6-6C7BED8A59A0,YAVUZ ECZANESI,Sakarya,Adapazari,40.78302,30.39955,Sakarya,Correct
73E3DAB6-EBBD-48E4-AE52-6CEA9AB97D57,SAKARYA ADAPAZARI LOKMAN HEKİM AİLE SAĞLIĞI MERKEZİ,Sakarya,Adapazari,40.78292,30.38852,Sakarya,Correct
D4415930-39C7-4826-84D4-6CF309F2D452,SERHAT YÜKSEL MUAYENEHANESİ,Sakarya,Adapazari,40.77291,30.39436,Sakarya,Correct
7A73A27A-D25B-4E32-BEF0-6D89F895133B,KURTKÖY ECZANESİ,Sakarya,Sapanca,40.69379,30.18859,Sakarya,Correct
47116CC8-892F-4880-AE69-6E0CC2AF56F3,SENEM ASLI EKŞİOĞLU MUAYENEHANESİ,Sakarya,Karasu,41.09517,30.69392,Sakarya,Correct
8BB15D3A-572B-4FED-8AE3-6ED1945EA52E,FİLİZ ŞAFAK MUAYENEHANESİ,Sakarya,ADAPAZARI  MERKEZ,41.1833,29.0815,İstanbul,Wrong
CFADA4F8-751C-4B80-BFC2-6F109D2F4122,SAKARYA KARAPÜRÇEK AİLE SAĞLIĞI MERKEZİ,Sakarya,Karapürçek,40.64042,30.53855,Sakarya,Correct
7799C07A-5037-4B73-953E-6F61A7CF50EC,SERDİVAN ECZANESİ,Sakarya,Serdivan,40.773,30.36845,Sakarya,Correct
B16D18AB-DB2E-495B-8F4F-6F950B58A49F,SAKARYA PAMUKOVA ELPEREK AİLE SAĞLIĞI MERKEZİ,Sakarya,Pamukova,40.50807,30.16475,Sakarya,Correct
1F303676-117D-4848-9365-6FC5DB46F2D5,KUTLUHAN ECZANESİ,Sakarya,Adapazari,40.75722,30.38675,Sakarya,Correct
E09E1C5A-FEA7-4941-8B0B-6FEFB2F6644C,DENTTİME DİŞ KLİNİĞİ,Sakarya,Adapazari,40.77212,30.39525,Sakarya,Correct
F3F46191-7159-41D2-9E67-70081EB7BD78,ESER ECZANESİ,Sakarya,Adapazari,40.76942,30.40831,Sakarya,Correct
5A662897-BC71-48EB-9C73-709F641BED30,BETÜL ENGİNLER WELNESS BAR,Sakarya,Serdivan,40.7673,30.36576,Sakarya,Correct
6A3DB38C-6C2B-4AB8-9EDD-70C438A5E365,ŞÖLEN ŞEN MUAYENEHANESİ,Sakarya,Karasu,41.09293,30.69202,Sakarya,Correct
B09DB22C-800F-4E25-9C97-7107AFC89782,SAKARYA KARASU YALI AİLE SAĞLIĞI MERKEZİ,Sakarya,Karasu,41.10711,30.69817,Sakarya,Correct
0923E998-4DD1-4731-B9FA-7180F221C0EF,KAMİL AKSU MUAYENEHANESİ,Sakarya,Akyazi,40.61946,30.62899,Sakarya,Correct
A369972B-332F-46F0-AA92-71956832730A,ŞİRİN ECZANESİ,Sakarya,Karasu,41.09164,30.69781,Sakarya,Correct
1504A5DA-71CB-4A3D-8A7F-719E889B7F1E,SAKARYA KADIN DOĞUM VE ÇOCUK HASTANESİ,Sakarya,Adapazari,40.77334,30.39728,Sakarya,Correct
A8DA51BE-8967-4DCF-AE76-71A5BCCCB748,SAĞLIK ECZANESİ,Sakarya,Hendek,40.79866,30.74186,Sakarya,Correct
4650F7B5-4A02-47A5-BB3A-71B9F6D462DA,ŞEN ECZANESİ,Sakarya,Hendek,40.79052,30.73399,Sakarya,Correct
ECF0D50B-B1B7-4165-9EEE-720CA87E976F,AYŞEM ECZANESİ,Sakarya,Adapazari,40.7477,30.38014,Sakarya,Correct
9E015551-A002-4FEF-868E-7216C7166617,ASLIHAN ÖZKAN ÖZEL MUAYENEHANESİ,Sakarya,Serdivan,40.76032,30.36554,Sakarya,Correct
866B0434-7B5A-42D0-8FED-7295A67675FC,ARMA FİLTRE SİSTEMLERİ SAĞLIK BİRİMİ,Sakarya,Arifiye,40.73342,30.38192,Sakarya,Correct
C20D45D8-56B8-4114-954D-729726E4FE74,İLSUN AKA KLİNİĞİ,Sakarya,Serdivan,40.76073,30.3638,Sakarya,Correct
96AD4616-ACFD-442A-8D41-72982D557B36,HİLAL KAYA ECZANESİ,Sakarya,Adapazari,40.78123,30.40036,Sakarya,Correct
FF2BD405-FD96-4F55-B527-72D97729EE26,ÖZGÜN SÖZÜÇOK MUAYENEHANESİ,Sakarya,Adapazari,40.77459,30.40245,Sakarya,Correct
D0AC12C9-BBDA-48B0-B629-743B794C2B47,UMUT ECZANESİ,Sakarya,Söğütlü,40.97255,30.55014,Sakarya,Correct
4BFA8C42-1754-49CD-A14D-74750B978293,ZEYNEP DEMİRCİ BESLENME KLİNİĞİ,Sakarya,Adapazari,40.77324,30.40485,Sakarya,Correct
0544A490-0C25-4A61-9698-749AFB70E076,NİĞDELİOĞLU ECZANESİ,Sakarya,Adapazari,40.75984,30.36836,Sakarya,Correct
59019A42-7B0C-4C2D-9402-75F5FE8685C4,SERHAT AKANSEL MUAYENEHANESİ,Sakarya,ADAPAZARI  MERKEZ,41.1532,29.2439,İstanbul,Wrong
05A04C13-103B-4355-859E-76D89FEB1459,FATİH TURAN MUAYENEHAHESİ,Sakarya,Serdivan,40.76311,30.36329,Sakarya,Correct
C6A8DDBE-87C9-4342-8147-76DFCE401150,KADİR AKAR ECZANESİ,Sakarya,Serdivan,40.77824,30.36643,Sakarya,Correct
0C628330-DF16-42FF-ACEE-77E3F5BD85E1,ÖZEL SAMAR GÖRÜNTÜLEME MERKEZİ,Sakarya,Adapazari,40.76594,30.39655,Sakarya,Correct
A03EE164-B4FB-4C55-9CA3-78D077832E1C,MERKEZ ECZANESİ,Sakarya,Adapazari,40.77886,30.40105,Sakarya,Correct
221484A1-06A9-41FD-A3AD-7950D31EBD4D,ANADOLU ECZANESİ,Sakarya,Ferizli,40.95656,30.49531,Sakarya,Correct
CFD7F373-694B-4761-A190-799C30D7261B,ÖZEL PLATİN DİŞ KLİNİĞİ,Sakarya,Adapazari,40.77231,30.39421,Sakarya,Correct
40022147-F577-4E60-A4DA-7A939D1EC9D1,SİBEL ŞAFAKOĞLU GÜZELLİK MERKEZİ,Sakarya,Adapazari,40.77242,30.39198,Sakarya,Correct
E1CF87B8-A373-420C-A2BA-7B0D464B581E,ZUHAL ECZANESİ,Sakarya,Adapazari,40.81233,30.48197,Sakarya,Correct
48577321-CDEA-43DA-89A0-7B4EE3BEF82C,PELİN ECZANESİ,Sakarya,Adapazari,40.7644,30.41198,Sakarya,Correct
648D8CC8-5278-4F88-81AE-7B8EE78323F8,SAKARYA ARİFİYE ARİFBEY AİLE SAĞLIĞI MERKEZİ,Sakarya,Arifiye,40.71958,30.36691,Sakarya,Correct
03B92ED9-D115-4B76-A79B-7BCA0B3B7B93,SAKARYA HENDEK YEŞİLYURT AİLE SAĞLIĞI MERKEZİ,Sakarya,Hendek,40.84456,30.63418,Sakarya,Correct
3D72CF6B-627B-4E94-B5F3-7BFF8AE68E4B,ŞEBNEM GÜLERYÜZ MUAYENEHANESİ,Sakarya,Erenler,40.76649,30.39853,Sakarya,Correct
6B5D33DF-5774-4F45-B2B8-7CDE307483D8,BEGÜM ECZANESİ,Sakarya,Serdivan,40.76021,30.36966,Sakarya,Correct
8CAAC65C-F368-43E8-922F-7DC5ABAA12F6,SAKARYA ADAPAZARI ASTRA ZENECA TEKELER AİLE SAĞLIĞI MERKEZİ,Sakarya,Adapazari,40.7992,30.40449,Sakarya,Correct
99772182-9AF0-4A4D-9592-7DF7109F09E8,SERİN ECZANESİ,Sakarya,Adapazari,40.77299,30.39852,Sakarya,Correct
AFB8A4D7-BAB7-409E-94DE-7E8680AB43AE,GONCA ECZANESİ,Sakarya,Adapazari,40.78086,30.40406,Sakarya,Correct
FDE1B2C6-CD6A-4CBC-BE7B-7EDDDB5BA8D5,ÖZEL MEDAR HASTANESİ,Sakarya,Serdivan,40.76056,30.36285,Sakarya,Correct
D3CA22F0-9B06-4C6B-A77A-7F528B823EB3,DİLEK KÜÇÜK ARAZ MUAYENEHANESİ,Sakarya,Adapazari,40.78049,30.40843,Sakarya,Correct
7CDDE1C2-8816-4BD7-9254-7F96CC0946E0,SAKARYA KAYNARCA YILDIZ AİLE SAĞLIĞI MERKEZİ,Sakarya,Kaynarca,41.03563,30.30366,Sakarya,Correct
04807A26-748F-48FF-BE75-8007AD2B73AA,SAKARYA ERENLER ÇAYBAŞI AİLE SAĞLIĞI MERKEZİ,Sakarya,Erenler,40.68592,30.44528,Sakarya,Correct
BEA53E59-C9C1-4A62-8817-809B44B8C05F,ASLI ŞENOL MUAYENEHANESİ,Sakarya,Serdivan,40.77277,30.37175,Sakarya,Correct
DC02A7A4-8D69-43AF-B55C-80BD1983C9CB,İPEK ECZANESİ,Sakarya,Adapazari,40.76434,30.41321,Sakarya,Correct
B23EA5B1-44D9-431B-8FCF-81EC0882D815,DENTİM AĞIZ VE DİŞ SAĞLIĞI MERKEZİ,Sakarya,Adapazari,40.77569,30.39313,Sakarya,Correct
546E132A-3C53-45F1-9717-82039E8783FF,ŞEYMA ÇERİ KARACA MUAYENEHANESİ,Sakarya,ADAPAZARI  MERKEZ,40.9286,29.3404,İstanbul,Wrong
A7111BB2-4D3D-4F95-BA77-82131E85B453,CİNAL ECZANESİ,Sakarya,Akyazi,40.68035,30.62472,Sakarya,Correct
445E7823-63CC-44BA-975C-82F44579B48F,NUR ECZANESİ,Sakarya,Kaynarca,41.03445,30.30465,Sakarya,Correct
776E490A-FF14-4624-82F3-8348AC02497D,ESRA ECZANESİ,Sakarya,Erenler,40.75867,30.40117,Sakarya,Correct
99BD06DF-AC02-4E5B-96EC-837650D0F179,ÖZEL BEYHEKİM HASTANESİ,Sakarya,Adapazari,40.76636,30.41342,Sakarya,Correct
D618F999-64ED-4D5E-89DA-83C93EFA611B,DİYETİSYEN MERYEM ENGİNLER,Sakarya,Serdivan,40.76916,30.37754,Sakarya,Correct
770190E0-36E3-4C5A-9837-843F3B1BEAB3,AİLE ECZANESİ,Sakarya,Akyazi,40.68609,30.62049,Sakarya,Correct
17A5976A-1FBF-4768-B711-84930664C83E,SAKARYA ADAPAZARI KORUCUK AİLE SAĞLIĞI MERKEZİ,Sakarya,Adapazari,40.85953,30.28496,Sakarya,Correct
25EA4DB8-41F6-4EE5-98A4-850D3504B3CF,SAMATYA ESTETİK,Sakarya,Serdivan,40.7744,30.38176,Sakarya,Correct
7AAE4A09-C353-4BA9-BA85-853A6E89E979,ASLI BİRİNCİOĞLU ECZANESİ,Sakarya,Akyazi,40.67322,30.58831,Sakarya,Correct
81B17E03-F0A4-41B1-B0F2-855E32CE058C,PARİSA MARANGOZ MUAYENEHANESİ,Sakarya,Karasu,41.09457,30.69196,Sakarya,Correct
72F32D33-3D42-4963-91F9-85AE192775FD,GÜVEN ÖVÜN ECZANESİ,Sakarya,Pamukova,40.50718,30.16358,Sakarya,Correct
FF162F0E-4021-49F0-9204-85C3796711FF,GÜLSEN-ERGİN ŞENER MUAYENEHANESİ,Sakarya,Adapazari,40.78062,30.40153,Sakarya,Correct
1B11FB3D-3A4A-4BC8-AFC9-86490838270D,GÜLAYŞE ECZANESİ,Sakarya,Adapazari,40.77338,30.39862,Sakarya,Correct
A4B2ED4E-4B14-4E12-B963-86B24D0F86A5,ÖZEL MAVİ MARMARA AĞIZ VE DİŞ SAĞLIĞI POLİKLİNİĞİ,Sakarya,Adapazari,40.77248,30.40367,Sakarya,Correct
074183A9-1F89-4BEC-B472-86B5000076FE,TURAN ECZANESİ,Sakarya,Söğütlü,40.97165,30.54894,Sakarya,Correct
29014A58-52D3-468B-BE33-86BCB4C3D1C0,SAKARYA DİŞ PARK AĞIZ VE DİŞ SAĞLIĞI POLİKLİNİĞİ,Sakarya,ADAPAZARI  MERKEZ,41.1092,28.7896,İstanbul,Wrong
387F856B-F927-4CEB-92AF-879562E87CDC,MAVİ ECZANESİ,Sakarya,Serdivan,40.76887,30.37736,Sakarya,Correct
AE3B5C30-BFF0-497C-B383-87994651DCD6,ÖZEL ÖZSA DİYALİZ MERKEZİ,Sakarya,Erenler,40.75834,30.39529,Sakarya,Correct
7C5D89C4-8FC6-4C35-A0AB-87A5E82DB640,ÇAKIR ECZANESİ,Sakarya,Akyazi,40.68623,30.62534,Sakarya,Correct
C7098356-0D7A-4D9E-84FD-87D2AD03EBFB,ATASOY ECZANESİ,Sakarya,Akyazi,40.67232,30.58711,Sakarya,Correct
11D7F585-DC69-44D5-9B57-8874BA570771,SAKARYA ADAPAZARI CAMİLİ AİLE SAĞLIĞI MERKEZİ,Sakarya,SAKARYA MERKEZ,41.0997,28.8835,İstanbul,Wrong
DB11BBB3-95CA-4071-9CD7-889E5A0D3925,IŞIK ECZANESİ,Sakarya,Adapazari,40.77276,30.40548,Sakarya,Correct
00DC9C88-BACF-44EB-82E9-891560AEC6B4,BÜŞRA EFE ECZANESİ,Sakarya,Serdivan,40.77627,30.35381,Sakarya,Correct
662BD28F-A1B6-457F-A846-8947752D644C,FULYA ÇİLOĞLU ECZANESİ,Sakarya,Serdivan,40.7785,30.35025,Sakarya,Correct
0690D31C-535C-40ED-960C-899DE471C7EF,İÇÖZ ECZANESİ,Sakarya,Hendek,40.78384,30.72826,Sakarya,Correct
5A0C6DC2-B9BA-4337-9058-89A310E418EF,SAKARYA TARAKLI DR. MEHMET ÖZASLAN AİLE SAĞLIĞI MERKEZİ,Sakarya,Tarakli,40.39825,30.4961,Sakarya,Correct
51D25B53-7B14-49CB-8CD3-89B708908AD6,ABDÜLKERİM MUTİ MUAYENEHANESİ,Sakarya,Adapazari,40.78016,30.40039,Sakarya,Correct
36C984DF-BF44-4D0C-84E5-89DAFC3D4625,TUĞBA ECZANESİ,Sakarya,Hendek,40.78723,30.73649,Sakarya,Correct
B4598DE2-E116-44BA-891D-8A62BACEF13A,DURU ECZANESİ,Sakarya,Adapazari,40.75931,30.39089,Sakarya,Correct
A2654494-A2D5-4426-A876-8A7BF7DBB8EE,TUBA ECZANESİ,Sakarya,Akyazi,40.67592,30.59191,Sakarya,Correct
6A0ECF8D-65D4-4EFB-9693-8AE9138B2C47,MELTEM MUTLU GÜLER MUAYENEHANESİ,Sakarya,Adapazari,40.77428,30.39982,Sakarya,Correct
D72E222B-A607-4593-BC14-8BBDF0E53577,SAKARYA SERDİVAN KAMPÜS AİLE SAĞLIĞI MERKEZİ,Sakarya,Serdivan,40.74823,30.35543,Sakarya,Correct
074B46F5-312A-4840-B876-8C5056204CF6,ŞAFAK ECZANESİ,Sakarya,Hendek,40.79954,30.74308,Sakarya,Correct
0CA4C4F4-9257-4652-B422-8D6D3F3E5197,VİLDAN ÜRDEM MUAYENEHANESİ,Sakarya,Adapazari,40.77972,30.40033,Sakarya,Correct
2C84596D-3878-4966-966B-8DDB4FB1A27D,ENSAR ECZANESİ,Sakarya,Hendek,40.78846,30.73324,Sakarya,Correct
88322B22-FFC8-46D6-8BF7-8DF8A87E1A80,ADAPAZARI SANCAKLI AĞIZ VE DİŞ SAĞLIĞI POLİKLİNİĞİ,Sakarya,Adapazari,40.77997,30.40037,Sakarya,Correct
414CD0D1-97F8-4EF0-B727-8E7235E3539D,TOLGA BERAY MUAYENEHANESİ,Sakarya,Adapazari,40.77257,30.39492,Sakarya,Correct
1F06DE95-1F39-4512-901C-8E83A6363549,MERVE CANSU KÖKSAL BESLENME VE DİYET OFİSİ,Sakarya,Serdivan,40.7655,30.36336,Sakarya,Correct
0412E5E1-ABD8-4705-BAAD-8EB941917F37,AYŞE HANDAN ECZANESİ,Sakarya,Adapazari,40.77678,30.40667,Sakarya,Correct
7FB312E2-B2D3-4522-B49A-8ED04C91D84C,TUNÇBİLEK ECZANESİ,Sakarya,Adapazari,40.77557,30.39194,Sakarya,Correct
7D733938-C483-42A6-95D1-8F0B526612D6,ÖZEL SAKARYA TIP MERKEZİ,Sakarya,Serdivan,40.77416,30.39919,Sakarya,Correct
845AAC65-F614-4970-B77C-8F10D7606CC9,VERESELİ ÖMÜR ECZANESİ,Sakarya,Adapazari,40.77932,30.40103,Sakarya,Correct
F891B98C-A69E-40A5-99E0-8F48BFEBC68F,FATİH ECZANESİ,Sakarya,Erenler,40.6861,30.44478,Sakarya,Correct
51137C79-ED3D-4ACB-BF3F-8F988E09C777,ASLI MERAL SEZER MUAYENEHANESİ,Sakarya,Adapazari,40.77241,30.40311,Sakarya,Correct
80EA2291-A1AD-40F1-ACF6-8FDAF935B4AF,ATASOY ECZANESİ,Sakarya,Adapazari,40.77292,30.3944,Sakarya,Correct
EAB0CD50-8B09-46C8-979B-8FFA0A65F002,BELÜL ECZANESİ,Sakarya,Akyazi,40.6823,30.62495,Sakarya,Correct
814C4294-D9ED-4A17-BD81-9043C206ADBE,ÖMERCİKOĞLU ECZANESİ,Sakarya,Karapürçek,40.64141,30.53911,Sakarya,Correct
09792811-E4A4-4EC9-85AF-907971250D3D,SAKARYA SERDİVAN KEMALPAŞA 2 NOLU AİLE SAĞLIĞI MERKEZİ,Sakarya,Serdivan,40.76256,30.3531,Sakarya,Correct
1A926801-612B-4ADF-8A4D-909B3F9B9FAA,SAKARYA ERENLER HACIOĞLU AİLE SAĞLIĞI MERKEZİ,Sakarya,Erenler,40.76418,30.40538,Sakarya,Correct
E7FDD58E-F85E-4353-BB08-90B9A68E089A,LİMANDERE ECZANESİ,Sakarya,Karasu,40.98927,30.58208,Sakarya,Correct
8FF0F6E7-527E-4134-A572-9150B247106C,TİJEN ÜLGEN ECZANESİ,Sakarya,Adapazari,40.78194,30.41096,Sakarya,Correct
448C5395-403F-441F-A8C3-91B4909E380B,GÜMÜŞ ECZANESİ,Sakarya,Adapazari,40.75956,30.38951,Sakarya,Correct
1A87550F-A184-4503-87D4-921AC026FA13,SERDİVAN MERKEZ TSM,Sakarya,Serdivan,40.77708,30.36802,Sakarya,Correct
5747AFD1-8BBD-49AE-B2B5-92C3CC7CA37B,ALİ GÜLSOY MUAYENEHANESİ,Sakarya,Adapazari,40.77296,30.39826,Sakarya,Correct
957A63F2-8925-4166-9B7F-9376658751C7,SAKARYA SAPANCA YÜZEVLER AİLE SAĞLIĞI MERKEZİ,Sakarya,Sapanca,40.69026,30.28433,Sakarya,Correct
0CA61CA6-009A-4879-AADC-93773AC7E83A,ŞENGÜLER ECZANESİ,Sakarya,Adapazari,40.78283,30.38949,Sakarya,Correct
2994613E-1786-46D5-9615-9381856080C8,SAKARYA ADAPAZARI CAMİLİ 2 NOLU AİLE SAĞLIĞI MERKEZİ,Sakarya,SAKARYA MERKEZ,40.8806,29.1336,İstanbul,Wrong
31CBDA87-3B56-4280-B368-93C80BBE0AFB,ALPER ECZANESİ,Sakarya,Adapazari,40.74761,30.38075,Sakarya,Correct
05195C41-C8DD-4BCE-BC7C-9414117D1F23,ÖZEL KALPMER TIP MERKEZİ,Sakarya,Adapazari,40.77562,30.39192,Sakarya,Correct
48D375B5-C14F-4BFE-AA72-94ABF080B3A2,PINAR CEKEMEZ MUAYENEHANESİ,Sakarya,ADAPAZARI  MERKEZ,40.888,28.8333,İstanbul,Wrong
3158E55F-5511-4345-A6D0-950BBEE6DF1F,ÖZEL ADA TIP HASTANESİ,Sakarya,Serdivan,40.77618,30.35419,Sakarya,Correct
DDD1C0D6-812A-4280-80C7-9552A579DD89,SUDE ECZANESİ,Sakarya,Akyazi,40.67502,30.59071,Sakarya,Correct
941DFDC9-5C0E-4DE0-BC5A-955D89E7C6FA,UTKU ECZANESİ,Sakarya,Adapazari,40.77305,30.39922,Sakarya,Correct
1D16BBDB-AB91-4EEE-B1B7-9586A6DF066B,DİDEM KAZAK MUAYENEHANESİ,Sakarya,Pamukova,40.51063,30.17441,Sakarya,Correct
D99158BE-F448-46C5-829C-95A4435F49E9,ALİ FUAT VARLI MUAYENEHANESİ,Sakarya,Serdivan,40.77411,30.35723,Sakarya,Correct
5576F53C-97D9-419A-9A23-95C0C4F8EA18,UZMAN ECZANESİ,Sakarya,Serdivan,40.76005,30.36169,Sakarya,Correct
1626DDAF-78BF-4CF4-81DB-95D19D85B8D7,SEZGİN ECZANESİ,Sakarya,Akyazi,40.67412,30.58951,Sakarya,Correct
9D06D343-A243-4397-928A-966AB1307734,MAYA ECZANESİ,Sakarya,Adapazari,40.73832,30.28943,Sakarya,Correct
126D89B4-6396-45D7-B035-96769799CAB1,HEKİMOĞLU ECZANESİ,Sakarya,Adapazari,40.75806,30.38768,Sakarya,Correct
499AA795-2486-421F-99F2-96A7D44EE28E,HENDEK ECZANESİ,Sakarya,Hendek,40.79662,30.75451,Sakarya,Correct
FF2742B6-E383-46ED-A747-96CB7371A77C,ANIL ÖZKAN ÇELEBİ KLİNİĞİ,Sakarya,Serdivan,40.77379,30.36443,Sakarya,Correct
CD6A563B-DAD8-4585-85F4-96EAAEC6F7AB,NUMANOĞLU ECZANESİ,Sakarya,Serdivan,40.75841,30.36726,Sakarya,Correct
E51BBD6D-53C1-4F6F-8017-96F864EA9C7B,ÖZGÜR ECZANESİ,Sakarya,Karasu,41.09446,30.68991,Sakarya,Correct
27A9E2C4-1130-44EE-8F60-980C43BAA4AF,ESRA TIRMAN MUAYENEHANESİ,Sakarya,Serdivan,40.76914,30.37733,Sakarya,Correct
080D2E83-E87C-4CEB-B9AD-982F6FFAA529,ÖZEL AKYOL AĞIZ VE DİŞ SAĞLIĞI POLİKLİNİĞİ,Sakarya,Ferizli,40.93902,30.48558,Sakarya,Correct
B0F8F44F-66D5-4157-AC0B-98812B55FD56,TANSU ECZANESİ,Sakarya,Karasu,40.98918,30.58224,Sakarya,Correct
F1C78135-438F-49C4-9B67-993FB9D99D8A,UFUK GÜNGÖR MUAYENEHANESİ,Sakarya,Adapazari,40.78058,30.39999,Sakarya,Correct
34178139-88C0-4D72-AE7B-997AEA71ED24,UZUNÇARŞI ECZANESİ,Sakarya,Adapazari,40.78004,30.40097,Sakarya,Correct
0837406D-D0E6-4BEF-A7D4-99BDEFB1E312,DOĞAN TEKOĞUL-MUSTAFA ÇELEN MUAYENEHANESİ,Sakarya,Adapazari,40.78992,30.38914,Sakarya,Correct
B4D433ED-7DD2-4835-9EB1-99D96776A5BE,İMK KLİNİK,Sakarya,Serdivan,40.77954,30.36543,Sakarya,Correct
C1F9830E-2166-4B41-B33F-9A2AF9AB7132,ŞAFAK DUMAN MUAYENEHANESİ,Sakarya,Serdivan,40.77298,30.37025,Sakarya,Correct
7C2CAC07-57D0-40F1-8F99-9A6CD7471F30,GÖLKENT ECZANESİ,Sakarya,Ferizli,40.95277,30.49217,Sakarya,Correct
8381744E-3C98-434E-8C10-9AD49276A4A1,TUTKUN ECZANESİ,Sakarya,Geyve,39.47177,-76.25676,No Info,No Info
CEBE6BBE-6DCE-40BA-AC5C-9B37BF04EAA2,SAKARYA AKYAZI ALTINDERE AİLE SAĞLIĞI MERKEZİ,Sakarya,Akyazi,40.68923,30.69457,Sakarya,Correct
27650C37-4CFE-4B0A-A00F-9B8593CE582D,DARÜŞŞİFA ECZANESİ,Sakarya,Serdivan,40.7938,30.36256,Sakarya,Correct
E1031A5F-9253-4240-86D5-9B9E6F38C889,RAHİ NEVİN ECZANESİ,Sakarya,Serdivan,40.76571,30.37269,Sakarya,Correct
65AC0A45-222B-454E-9DEA-9BDF6BD21FAA,GÜRHAN AKTUĞ MUAYENEHANESİ,Sakarya,Serdivan,40.77329,30.37147,Sakarya,Correct
BA1D6F3C-97EA-4067-983F-9BF48BA4AA3E,EZGİ ECZANESİ,Sakarya,Hendek,40.79165,30.73264,Sakarya,Correct
0AFBBEA4-0ABF-4C88-A809-9C1A97C7B67B,SAĞLIK ECZANESİ,Sakarya,Serdivan,40.78892,30.3683,Sakarya,Correct
0FEF604A-43D0-4BCE-9923-9C4141425E07,AYŞEGÜL MARMARA HIZAL MUAYENEHANESİ,Sakarya,Adapazari,40.77392,30.40291,Sakarya,Correct
F6F2252D-F09F-4D4E-86AE-9C793D064FB4,SAKARYA KAMU HASTANELERİ BİRLİĞİ GENEL SEKRETERLİĞİ,Sakarya,Serdivan,40.76017,30.36513,Sakarya,Correct
164C2216-5019-4A9B-ADCA-9CD399C24CD4,ERKEN AĞIZ VE DİŞ SAĞLIĞI MERKEZİ,Sakarya,Adapazari,40.77323,30.40484,Sakarya,Correct
1DDB8A87-67DB-4AC0-AE06-9D0833E953BF,SAKARYA AKYAZI 1 NOLU AİLE SAĞLIĞI MERKEZİ,Sakarya,Akyazi,40.68609,30.62054,Sakarya,Correct
DC1880F0-AC86-429C-AFE1-9D2B7B518B6B,SAKARYA BÜYÜKŞEHİR BELEDİYESİ TIP MERKEZİ,Sakarya,Adapazari,40.75867,30.36071,Sakarya,Correct
0089AFBE-0580-4A1B-871D-9D7D89099515,SAKARYA PAMUKOVA AİLE SAĞLIĞI MERKEZİ,Sakarya,Pamukova,40.50744,30.16904,Sakarya,Correct
5C033EEE-6D28-4AD6-8E3B-9DDBA6E62114,İLKNUR AKYILDIZ MUAYENEHANESİ,Sakarya,Arifiye,40.71462,30.36287,Sakarya,Correct
B2080B62-AE41-4B61-8D84-9E544311336F,SAKARYA PAMUKOVA DEVLET HASTANESI,Sakarya,Pamukova,40.50567,30.18281,Sakarya,Correct
C9BE5F8E-E93B-45E7-969F-9EA3AF8EEBDA,SENA GENÇ ELDEN KLİNİĞİ,Sakarya,Serdivan,40.77544,30.36351,Sakarya,Correct
8378C82C-E4BE-4CC9-B074-A00F3E15F039,ÇAĞLAR ECZANESİ,Sakarya,Karasu,41.08937,30.738,Sakarya,Correct
0EF5A626-C5F7-4BCD-8ECA-A072A03796EF,MURAT KILIÇARSLAN MUAYENEHANESİ,Sakarya,Adapazari,40.77081,30.40659,Sakarya,Correct
5021431E-4431-403F-B6E8-A0CAF4804B87,BUSE YILDIRIM MUAYENEHANESİ,Sakarya,ADAPAZARI  MERKEZ,41.0271,29.0668,İstanbul,Wrong
C3814D99-AC32-47D4-B2FE-A0E2355E3E2D,EMİRHAN ECZANESİ,Sakarya,Adapazari,40.7709,30.40642,Sakarya,Correct
9104BF63-03B8-4387-82C2-A0EC90927316,KIRAYOĞLU ECZANESİ,Sakarya,Adapazari,40.76454,30.41405,Sakarya,Correct
34BE9250-DF52-4591-900F-A13E5285ED4D,EBRU ECZANESİ,Sakarya,Erenler,40.68599,30.44511,Sakarya,Correct
BC869630-59A7-4038-988F-A14E93506234,NURŞAH UYSUN YILDIZ KLİNİK,Sakarya,Serdivan,40.77634,30.36471,Sakarya,Correct
1717ED50-3C08-4A66-8D68-A21242FF8E0E,ŞEHİT GÖKHAN AYDER İLÇE DEVLET HASTANESİ,Sakarya,Kaynarca,41.03853,30.30123,Sakarya,Correct
BF7ECC36-81CD-48E9-95E3-A22A41E091A2,SAKARYA KOCAALİ AİLE SAĞLIĞI MERKEZİ,Sakarya,Kocaali,41.07207,30.86188,Sakarya,Correct
BC73C299-1D0E-47F1-9A96-A2D90606FE44,ADA ECZANESİ,Sakarya,Adapazari,40.75824,30.38996,Sakarya,Correct
D292AF7B-4101-4BF1-9131-A339988D4FCA,SAKARYA FERİZLİ GÖLKENT AİLE SAĞLIĞI MERKEZİ,Sakarya,Ferizli,41.02243,30.55485,Sakarya,Correct
EB2DE419-B016-4D64-B127-A3C410B8D5DE,KEREM ECZANESI,Sakarya,Karapürçek,40.67466,30.52452,Sakarya,Correct
74B85003-5CA9-4C16-9D15-A3F5272CDC5C,HİLAL ECZANESI,Sakarya,Erenler,40.75703,30.40944,Sakarya,Correct
F4D453DB-93B4-467C-956F-A461530FA131,ŞENER ŞAFAK MUAYENEHANESİ,Sakarya,Adapazari,40.77306,30.39626,Sakarya,Correct
48DCD01A-E708-4534-8E88-A4BCBFF7AE72,ŞAKAR ECZANESİ,Sakarya,Karasu,41.09167,30.69765,Sakarya,Correct
B1DEF59C-6D10-4CAD-BB2D-A4DF08932238,PAPATYA ECZANESİ,Sakarya,Erenler,39.12257,-76.72236,No Info,No Info
73152AB3-871F-4A1F-A44C-A53E37FBBB5B,ADA DENT AĞIZ VE DİŞ SAĞLIĞI MERKEZİ,Sakarya,Adapazari,40.78049,30.40186,Sakarya,Correct
4A373B0D-6EC6-4B5C-9462-A5643F245232,SAKARYA EĞİTİM VE ARAŞTIRMA HASTANESİ KORUCUK KAMPÜSÜ EK HİZMET BİNASI,Sakarya,Adapazari,40.85129,30.29074,Sakarya,Correct
92E88C61-0291-41AA-A70F-A612E5792EDC,DOĞAN ECZANESİ,Sakarya,Arifiye,40.70768,30.3566,Sakarya,Correct
94602608-7B5C-4D3B-AD5D-A6147147506D,CLINIC VENTOK,Sakarya,Serdivan,40.76047,30.36573,Sakarya,Correct
9C2BE8CD-0FC2-4210-A490-A61F88C25D76,SAKARYA KÜÇÜCEK AİLE SAĞLIĞI MERKEZİ,Sakarya,Akyazi,40.63631,30.5824,Sakarya,Correct
7192EA8E-816B-4FB8-9ACE-A646B288FB61,ÖZEL ÖZDİŞ AĞIZ VE DİŞ SAĞLIĞI POLİKLİNİĞİ,Sakarya,ADAPAZARI  MERKEZ,41.045,29.0213,İstanbul,Wrong
016290CF-A34D-4580-8C94-A655DB2C84EF,ESTECHARM KİŞİSEL BAKIM MERKEZİ,Sakarya,Serdivan,40.7774,30.36649,Sakarya,Correct
061C2AAC-3C07-4A45-8912-A6909457C853,BAL ECZANESİ,Sakarya,Adapazari,40.78942,30.4282,Sakarya,Correct
E2624278-EA46-42F3-8848-A6E70460BC6C,BÖLÜKBAŞI AĞIZ VE DİŞ SAĞLIĞI POLİKLİNİĞİ,Sakarya,Adapazari,40.78262,30.40294,Sakarya,Correct
521C387D-CEEC-4765-8047-A74367879F6D,MURAT ECZANESİ,Sakarya,Adapazari,40.78226,30.40004,Sakarya,Correct
BFA68FFF-0F5C-4954-B67F-A765BE532553,SERDAR ECZANESİ,Sakarya,Karasu,41.08935,30.73833,Sakarya,Correct
363C9C4F-0D4C-43FF-A503-A7F78548228D,LEVENT ŞENER MUAYENEHANESİ,Sakarya,Adapazari,40.7724,30.40333,Sakarya,Correct
45AA29BA-EFBF-41A9-BF67-A8498D937A96,SAKARYA SERDİVAN ARABACIALANI AİLE SAĞLIĞI MERKEZİ,Sakarya,Serdivan,40.77816,30.36643,Sakarya,Correct
DAFA2136-E553-4421-AABA-A8D36A47D9B9,ASLIBAY ECZANESİ,Sakarya,Hendek,40.78284,30.73765,Sakarya,Correct
BA01762A-53A8-4802-AD6F-A97423279CF6,ÇİĞDEM ECZANESİ,Sakarya,Adapazari,37.92336,28.92332,Denizli,Wrong
6091C4F8-5CB9-4A62-AA81-A990D6932C34,UMUT ECZANESİ,Sakarya,Adapazari,40.76378,30.4122,Sakarya,Correct
F51ACFCB-6FC3-410C-97A1-A99B25FE0C02,SAKARYA ADAPAZARI ÇÖKEKLER AİLE SAĞLIĞI MERKEZİ,Sakarya,Adapazari,40.7952,30.45981,Sakarya,Correct
6BA9FDFE-1A05-4990-B4DF-AB208580E9C0,MELİS ÇAKAN MUAYENEHANESİ,Sakarya,Adapazari,40.78123,30.40123,Sakarya,Correct
5D543787-D522-4FEE-9884-AB3B04D23450,SAKARYA FERİZLİ 2 NOLU AİLE SAĞLIĞI MERKEZİ,Sakarya,Ferizli,40.96177,30.4753,Sakarya,Correct
8DF277A0-F823-48F6-8C36-AC78AFEA2281,SABRİ ŞEN MUAYENEHANESİ,Sakarya,Hendek,40.79746,30.74601,Sakarya,Correct
F84E6FC7-1E8E-4284-96C4-ACF059A13C64,ÖZEL FİZYOBEL TIP MERKEZİ,Sakarya,Adapazari,40.76367,30.39394,Sakarya,Correct
00695A46-D1CD-49D1-895A-AD1C2D4E0C5E,SAKURA SAĞLIKLI YAŞAM MERKEZİ,Sakarya,Serdivan,40.77192,30.37994,Sakarya,Correct
6B03D3FA-A4B9-46A9-B2F3-ADD1736209A5,SAKARYA SERDİVAN OTUZİKİEVLER AİLE SAĞLIĞI MERKEZİ,Sakarya,Serdivan,40.73622,30.3652,Sakarya,Correct
046EA88B-7AE1-4A5B-A2A5-ADF748D3E3B2,ADAPAZARI NEFROMED DİYALİZ MERKEZİ,Sakarya,Erenler,40.75744,30.39409,Sakarya,Correct
61EE3B74-BB87-4451-9AA1-AE212A25EC21,AYŞE ERMAN ECZANESİ,Sakarya,Kaynarca,41.01541,30.54164,Sakarya,Correct
F9A192AB-EE3E-44FD-AEC6-AF5DC0DEB3DB,TÜLAY DEMİRAY MUAYENEHANESİ,Sakarya,Adapazari,40.78238,30.40239,Sakarya,Correct
CF367B66-223F-4D71-B0EF-AFB51B7568D9,CEM YÜCELEN MUAYENEHANESİ,Sakarya,Serdivan,40.77273,30.3641,Sakarya,Correct
24DF35AB-B1EF-4278-8C22-AFDAACDE40C9,GÖKHAN ECZANESİ,Sakarya,Serdivan,40.76629,30.37347,Sakarya,Correct
71345834-05FD-40D6-A4A7-AFDFED8FB452,ZEYNEP BAHAR ECZANESİ,Sakarya,Serdivan,40.7621,30.3535,Sakarya,Correct
8470C3D1-9C92-4B78-B23A-B043E149BB43,GİZEM ECZANESİ,Sakarya,Erenler,40.76034,30.40277,Sakarya,Correct
9E7201FA-38AF-4636-B4AD-B0D0341FA74B,ÖZEL DÜNYA GÖZ TIP MERKEZI SAKARYA,Sakarya,Serdivan,40.78071,30.36713,Sakarya,Correct
258BAABE-AA91-4FF0-80EE-B1467579D15C,SAHİL ECZANESİ,Sakarya,Kocaali,41.07298,30.86221,Sakarya,Correct
13CD611F-CFF0-42EB-BDE9-B1492FFEE323,GÖZDE ECZANESİ,Sakarya,Hendek,40.80086,30.75199,Sakarya,Correct
6B54B079-15E6-4942-A052-B1938573FA95,SARIOĞLU ECZANESİ,Sakarya,Serdivan,40.77398,30.36743,Sakarya,Correct
37A5E2A0-4CF0-45BE-81B6-B1CC2C39F43A,DOĞA ECZANESİ,Sakarya,Adapazari,40.75275,30.393,Sakarya,Correct
E09E4307-8EA8-4689-B9A8-B1E05D7FD09D,ALTINDERE ECZANESİ,Sakarya,Akyazi,40.68629,30.68642,Sakarya,Correct
E2307315-1D96-469B-9636-B2A2124D0F53,SADIKA SABANCI DEVLET HASTANESİ,Sakarya,Arifiye,40.77373,30.3757,Sakarya,Correct
A6FB6ACB-ED88-4C44-A212-B320E6452813,ŞEYMA YAVUZ ECZANESİ,Sakarya,Adapazari,40.75951,30.39318,Sakarya,Correct
4B515E34-E9A6-49C0-9960-B35F73CEEF42,SAKARYA AKYAZI DEVLET HASTANESİ,Sakarya,Akyazi,40.66619,30.59431,Sakarya,Correct
59041134-27FE-4CC2-A539-B40D2CD8B7C3,SAKARYA KARAPÜRÇEK HOCAKÖY AİLE SAĞLIĞI MERKEZİ,Sakarya,Karapürçek,40.66935,30.52102,Sakarya,Correct
42089318-AE45-4851-AD96-B4A39BCD32B9,SERDİVAN ESENTEPE ASM,Sakarya,Serdivan,40.73894,30.30039,Sakarya,Correct
D38E4E89-F66E-41E7-B267-B4B76D51D701,SERPİL AKYOL UZUN MUAYENEHANESİ,Sakarya,Adapazari,40.77392,30.3957,Sakarya,Correct
E85FEBE4-281A-4BA6-AE69-B53494ACCCED,HIZIRTEPE ECZANESİ,Sakarya,Adapazari,40.75277,30.39214,Sakarya,Correct
4D87AF91-8930-4E2B-BFCE-B587017963B9,GÜNDÜZ ECZANESİ,Sakarya,Erenler,40.76678,30.41402,Sakarya,Correct
D35A51FC-575D-4E87-834B-B5951387A548,DAMLA ECZANESİ,Sakarya,Serdivan,40.77605,30.35357,Sakarya,Correct
04FC8B6A-8892-450F-9321-B5E86160B8FB,PUZZLE PSİKOLOJİ BESLENME,Sakarya,Adapazari,40.77903,30.39293,Sakarya,Correct
415599D3-8650-4A99-AE5E-B66EA0CA46EF,SİNEM ECZANESİ,Sakarya,Adapazari,40.77272,30.39486,Sakarya,Correct
52F9196F-865E-498B-8AFF-B6A38A3F604C,KUTAY İNCE ECZANESİ,Sakarya,Akyazi,40.68521,30.62668,Sakarya,Correct
3A40AB81-405C-4BC1-B878-B6BEF39C9451,TARAKLI ECZANESİ,Sakarya,Tarakli,40.50359,30.30582,Sakarya,Correct
8EDF3263-B9E5-440D-83AA-B6E8EC0FE731,MELEK CENGİZ METE MUAYENEHANESİ,Sakarya,Serdivan,40.77961,30.367,Sakarya,Correct
475575EC-9D2A-4146-BD9E-B72389DB309C,SAKARYA ERENLER BEKİRPAŞA AİLE SAĞLIĞI MERKEZİ,Sakarya,Erenler,40.74271,30.4552,Sakarya,Correct
19B5037C-1E8D-49DF-898A-B7244182C227,BAHAR ECZANESİ,Sakarya,Erenler,40.75817,30.4093,Sakarya,Correct
03342092-E53A-4526-BFBE-B7395FD3D24C,KAMPÜS PLUS ECZANESİ,Sakarya,Serdivan,40.74485,30.34224,Sakarya,Correct
AF001473-29DD-48C1-8859-B80FD7CEC5E6,CAN ECZANESİ,Sakarya,Adapazari,40.7583,30.38985,Sakarya,Correct
EA62A316-33F8-415F-AA34-B86BB82CC449,KENT ECZANESİ,Sakarya,Adapazari,40.85078,30.34269,Sakarya,Correct
04438C2E-DF42-4120-8D06-B87A14360A16,KARAPÜRÇEK ECZANESİ,Sakarya,Karapürçek,40.64039,30.53812,Sakarya,Correct
E143DDCD-00E8-4FA8-9B84-B87CA8BDAD0A,SAKARYA ADAPAZARI CUMHURİYET AİLE SAĞLIĞI MERKEZİ,Sakarya,Adapazari,40.77897,30.39173,Sakarya,Correct
C72F6708-0AB7-486A-A8FC-B8AF8151B462,SAKARYA HENDEK 1 NOLU AİLE SAĞLIĞI MERKEZİ,Sakarya,Hendek,40.79427,30.74572,Sakarya,Correct
6FCC1522-FBF9-4450-91DF-B8C991E0FAD5,VEFA UÇAR MUAYENEHANESİ,Sakarya,Sapanca,40.69141,30.26668,Sakarya,Correct
6ACD01E9-A472-40D7-B592-BA99C1A4E6EC,SAKARYA ADAPAZARI FATMA HANIM AİLE SAĞLIĞI MERKEZİ,Sakarya,Adapazari,40.76957,30.40843,Sakarya,Correct
1C6E0DD3-1579-4ABC-AA2D-BAD685BB0941,PIRILDAR ECZANESİ,Sakarya,Adapazari,40.78011,30.40207,Sakarya,Correct
E5A19EA9-2286-4868-8110-BBD1F805DD02,ELİT ECZANESİ,Sakarya,Serdivan,40.75919,30.36299,Sakarya,Correct
C976D735-6F09-46DE-B504-BC2A56DEEBB2,FİLİZ DURSUN MUAYENEHANESİ,Sakarya,Serdivan,40.79135,30.29357,Sakarya,Correct
9E321919-D904-4A65-9DE6-BC3814566F66,GÜLCAN YÜKSEKAL DERMATOLOJİ KLİNİĞİ,Sakarya,Serdivan,40.77592,30.35961,Sakarya,Correct
E3FFE638-B6BB-44EF-B81A-BD234E713229,EDİŞ ECZANESİ,Sakarya,Adapazari,40.77802,30.39396,Sakarya,Correct
106ABA32-5E2A-45FF-808D-BD5AE1828CCE,LİMON ECZANESİ,Sakarya,Serdivan,40.7598,30.36872,Sakarya,Correct
18A78887-3915-4CAB-B073-BDCD91A1BA71,GÜLSÜM ECZANESİ,Sakarya,Karasu,39.57437,-76.11996,No Info,No Info
F7A9B415-F708-4717-A181-BDD7A3510519,GÜLBAHAR UYKAL MUAYENEHANESİ,Sakarya,Sapanca,40.69349,30.26469,Sakarya,Correct
E72712B4-69B0-4729-BB39-BDE7DD624955,BURAK ERÜLGEN MUAYENEHANESİ,Sakarya,Karasu,41.09502,30.68787,Sakarya,Correct
FA4CCC87-EF8E-4CC7-964F-BE735464D77B,ERENLER MERKEZ ECZANESİ,Sakarya,Erenler,40.7565,30.40971,Sakarya,Correct
DF9483C6-8D1D-4200-8AB2-BE939CB3DBD7,IŞIK ECZANESİ,Sakarya,Karasu,41.08924,30.73925,Sakarya,Correct
B6168F38-D6A5-4435-98D1-BEA7ABE809AE,MEHTAP ÖZKANLI ÖZEL MUAYENEHANESİ,Sakarya,Serdivan,40.78311,30.36735,Sakarya,Correct
74719828-7686-46BC-ABD6-BF47270E0F33,SAKARYA SAPANCA KURTKÖY AİLE SAĞLIĞI MERKEZİ,Sakarya,Sapanca,40.694,30.20109,Sakarya,Correct
2D0CA406-F916-44A6-9612-BF967C6A084B,ŞENTÜRK ECZANESİ,Sakarya,Adapazari,40.77291,30.40359,Sakarya,Correct
F2820775-AC73-4B02-903C-BFE5770497F8,YEŞİM DAROL MUAYENEHANESİ,Sakarya,Serdivan,40.77006,30.37874,Sakarya,Correct
CF3485FD-5034-4208-9A02-C22AD726F519,TOZLU ECZANESİ,Sakarya,Adapazari,40.77994,30.40207,Sakarya,Correct
6AC0F162-B45A-4284-A902-C279E391F9F8,SAKARYA HENDEK 2 NOLU AİLE SAĞLIĞI MERKEZİ,Sakarya,Hendek,40.79079,30.73373,Sakarya,Correct
335F48FB-8F98-467F-A5CC-C29470EE54C0,YEŞİM SARAÇ MUAYENEHANESİ,Sakarya,Adapazari,40.77899,30.40021,Sakarya,Correct
FE0E28E6-A34B-4C6E-BF03-C2A8586620FE,ELİF ECZANESİ,Sakarya,Erenler,40.75654,30.40804,Sakarya,Correct
C6AE2311-5322-4E08-B232-C36C9CA8376A,SAKARYA KOCAALİ YENİ MAHALLE AİLE SAĞLIĞI MERKEZİ,Sakarya,Kocaali,41.04672,30.8475,Sakarya,Correct
7180943E-5387-4188-9039-C3C29E70003F,ŞERİF ECZANESİ,Sakarya,Adapazari,40.77296,30.39831,Sakarya,Correct
7AF6AC4A-0A24-4731-8B82-C3DCD5CA406C,AYDEMİR ECZANESİ,Sakarya,Adapazari,40.79564,30.36259,Sakarya,Correct
80EBAE6C-7A26-4846-ACE5-C3EBD9707303,ŞEKER ECZANESİ,Sakarya,Adapazari,40.78262,30.38921,Sakarya,Correct
F29CB051-613A-4375-AD02-C3F72C4653DA,DEVA ECZANESİ,Sakarya,Serdivan,40.77358,30.36755,Sakarya,Correct
390AE21C-DFEE-4A4C-9832-C3FA9013AFB3,HASTANE ECZANESİ,Sakarya,Akyazi,40.67183,30.62197,Sakarya,Correct
D67B9ABC-4536-45C4-8064-C48FB4903F3C,ÖMER OĞUZ MUAYENEHANESİ,Sakarya,Adapazari,40.83452,30.27454,Sakarya,Correct
9B585F33-0AD3-4629-8832-C493A2649630,ŞEN ECZANESİ,Sakarya,Karasu,41.09681,30.69109,Sakarya,Correct
0C5FDA86-0BC9-434A-95C7-C5387E0CEF5A,SAKARYA SAPANCA KIRKPINAR AİLE SAĞLIĞI MERKEZİ,Sakarya,Sapanca,40.69332,30.22149,Sakarya,Correct
028F9199-7C12-43B5-B5C1-C54B35FE312A,ARİFİYE ECZANESİ,Sakarya,Arifiye,40.7148,30.36218,Sakarya,Correct
AE19C798-97B8-4CBA-8F28-C54FE0292511,BURAK OKUR ECZANESİ,Sakarya,Arifiye,40.69769,30.34552,Sakarya,Correct
46DD222C-E5AD-4BDC-AFB2-C5C94C8FDB4C,VİTAMİN ECZANESİ,Sakarya,Adapazari,40.86068,30.28537,Sakarya,Correct
86720A1A-C015-46FB-9C42-C5DAFEA1DE92,ENGİN MENEKŞE MUAYENEHANESİ,Sakarya,Serdivan,40.7811,30.36562,Sakarya,Correct
A55B7888-B913-4C0E-8706-C662DBBD9970,BİLGE ECZANESİ,Sakarya,Adapazari,40.77764,30.39661,Sakarya,Correct
E5DE8C80-D50A-41D1-B772-C68E35D3731C,DONATIM ECZANESİ,Sakarya,Adapazari,40.77037,30.39074,Sakarya,Correct
87D4B5C4-CA88-4C87-8F77-C6CE4678F52A,SAKARYA ÇOCUK VE ERGEN PSİKİYATRİSİ ENSTİTÜSÜ,Sakarya,Serdivan,40.77454,30.37555,Sakarya,Correct
0AA930DD-CBDE-4BA6-B1E4-C71B36A7405B,KUTAY ECZANESİ,Sakarya,Serdivan,40.77281,30.36719,Sakarya,Correct
A943C4F3-FB82-425E-9F53-C73254EA1589,SAKARYA ECZANESİ,Sakarya,Hendek,40.79864,30.74188,Sakarya,Correct
F8836B7D-E7C4-4BBA-8CE5-C7784638C094,ÖZGÜR ECZANESİ,Sakarya,Adapazari,40.8508,30.3426,Sakarya,Correct
9F07E9B1-D299-4B8F-A58C-C7A83A30ACAD,ÖZLEM ŞİFA ECZANESİ,Sakarya,Hendek,40.79724,30.74584,Sakarya,Correct
D64774F9-7EA0-48E6-8B28-C8401620161D,PINAR ECZANESİ,Sakarya,Adapazari,40.78206,30.41117,Sakarya,Correct
4E3D819C-0DF5-4180-9F84-C8C0EB42935A,BERTAN ECZANESİ,Sakarya,Adapazari,40.75866,30.38932,Sakarya,Correct
B5270F6C-E95E-4C73-AB0D-C94D4B2AE6AF,GÖREN ECZANESİ,Sakarya,Sapanca,40.68519,30.23349,Sakarya,Correct
F43D1ACC-2EAA-4DAB-835E-C97E6C98E531,İSMAİL HAKKI GÜLAÇTI KLİNİK,Sakarya,Serdivan,40.75885,30.36253,Sakarya,Correct
40213CA0-148F-43A9-9A91-CA3FDEEFE100,UYGAR EMRE ADİLOĞLU MUAYENEHANESİ,Sakarya,Akyazi,40.68218,30.62494,Sakarya,Correct
1F1B2DB7-F90F-4FDF-86AB-CAB60CF5EDCB,FATMA BURCU SARPKAYA MUAYENEHANESİ,Sakarya,Adapazari,40.77755,30.40357,Sakarya,Correct
32DCEF36-0667-44C1-93C4-CAB96CCDE423,SERDİVAN DEVLET HASTANESİ,Sakarya,Serdivan,40.77463,30.3769,Sakarya,Correct
6F4C0A06-C512-4313-AAC6-CABE67FF8BF3,TEPEKUM ECZANESİ,Sakarya,Adapazari,40.76555,30.41602,Sakarya,Correct
BDF74047-6835-4449-9AC3-CAF596FEEE20,SAKARYA ERENLER KÜPÇÜLER AİLE SAĞLIĞI MERKEZİ,Sakarya,Erenler,40.76278,30.41295,Sakarya,Correct
73A4CDB1-1B2A-4B74-9C78-CB0C66EE093F,ADA ECZANESİ,Sakarya,Erenler,40.75824,30.38996,Sakarya,Correct
5DEF5ACC-5654-41F0-BB55-CB38CAFBCC16,GÜRKAN ECZANESİ,Sakarya,Sapanca,40.68974,30.2587,Sakarya,Correct
FF74730B-DE51-43FF-B134-CCCFBAE01CE7,İNCİ GÖZ HASTANESİ,Sakarya,Adapazari,40.7728,30.40531,Sakarya,Correct
CBA62580-FA16-4E8D-B7D9-CD69BBC0078C,TUĞBA TIKNAS MUAYENEHANESİ,Sakarya,Adapazari,40.78902,30.38794,Sakarya,Correct
4E7156AE-A979-40F1-AB21-CD7DC762CD15,BERKAY ECZANESİ,Sakarya,Hendek,40.79072,30.73639,Sakarya,Correct
4E8FC675-3E89-487A-9BD3-CDBC3F1A8A34,SAKARYA ADAPAZARI TEPEKUM AİLE SAĞLIĞI MERKEZİ,Sakarya,Adapazari,40.76464,30.41451,Sakarya,Correct
E4470A7D-4C64-47DE-B0F0-CE2CBD1818CD,SAKARYA KARASU DEVLET HASTANESİ,Sakarya,Karasu,41.09059,30.6993,Sakarya,Correct
E38632FC-2D2F-43AB-821B-CE78758E2B66,SUBAŞI ECZANESİ,Sakarya,Adapazari,40.7674,30.39075,Sakarya,Correct
2102F14C-1A72-4260-9CD3-CF2730CDA0CB,SALİH TURGAY ŞENEN MUAYENEHANESİ,Sakarya,Adapazari,40.77319,30.39871,Sakarya,Correct
4E58D372-056C-424F-ABBD-CF382ACB6E2B,BEŞTEPELER ECZANESİ,Sakarya,Hendek,40.79145,30.7324,Sakarya,Correct
84DC5ED1-396C-4F71-AFD2-CFD5E722E151,BETÜLNUR KAŞKAŞ DİYET KLİNİĞİ,Sakarya,Serdivan,40.7632,30.36944,Sakarya,Correct
34789462-04D6-4416-8E84-D01E5DE4CE61,İSMAİL HAKKI TUTUŞ MUAYENEHANESİ,Sakarya,Adapazari,40.77271,30.4062,Sakarya,Correct
0E456F3B-E1B7-4AC4-9B05-D05C9415F499,DENT 54 DİŞ POLİKLİNİĞİ,Sakarya,ADAPAZARI  MERKEZ,40.8338,29.0592,İstanbul,Wrong
8320947A-4631-4611-997D-D075694F33EF,ELİF ECZANESİ,Sakarya,Adapazari,40.79932,30.40549,Sakarya,Correct
C6EBDC8C-3D47-44AD-860E-D0DDD4D4976A,BURAK KALECİ MUAYENEHANESİ,Sakarya,Pamukova,40.50713,30.16845,Sakarya,Correct
6DCA2F62-A49E-41B4-91D8-D0F1FF11E21F,YAZLIK ECZANESİ,Sakarya,Serdivan,40.79119,30.36801,Sakarya,Correct
59E1B1A0-4BE3-4156-89C1-D11FB26C1D4A,BÜLENT KURT KLİNİK,Sakarya,Serdivan,40.76508,30.37182,Sakarya,Correct
ED097884-C2DC-4272-B0CC-D1701FDBDADF,MERVE ECZANESI,Sakarya,Akyazi,40.68138,30.62413,Sakarya,Correct
05672AE9-F453-4D8B-8E2F-D181BAB8455F,LEVENT SERDAR MUAYENEHANESİ,Sakarya,Akyazi,40.63634,30.58233,Sakarya,Correct
B73CDFF6-61D3-4F65-9D2A-D19D10CD209F,BUSE ECZANESİ,Sakarya,Söğütlü,40.95899,30.50884,Sakarya,Correct
0E41D30E-D8D0-4B81-A938-D1B27558A57E,SAĞLIK ECZANESİ,Sakarya,Erenler,40.74488,30.38788,Sakarya,Correct
9DF03437-E178-406D-B135-D244684563B2,NUR ECZANESİ,Sakarya,Sapanca,40.69166,30.26745,Sakarya,Correct
30664935-AA4B-47A3-BE5A-D24EC9EDF9E9,KARAAĞAÇ ECZANESİ,Sakarya,Adapazari,40.78205,30.40034,Sakarya,Correct
414BB26D-20AD-4B03-A439-D2D1442FDA7C,DİLEK ECZANESİ,Sakarya,Adapazari,39.52577,-76.18476,No Info,No Info
F3C4D073-EF22-4AED-B227-D331377B6B27,OTUZİKİ EVLER ECZANESİ,Sakarya,Serdivan,40.74745,30.37539,Sakarya,Correct
435919A9-8688-4CAE-8F79-D35A57F266AE,SELDA SEZGİN MUAYENEHANESİ,Sakarya,Adapazari,40.7735,30.39426,Sakarya,Correct
C91EF07B-9FDD-453F-A55E-D38A15CC32B8,SAKARYA ADAPAZARI DR. ABDÜLKADİR CANİK AİLE SAĞLIĞI MERKEZİ,Sakarya,Adapazari,40.78085,30.40401,Sakarya,Correct
D91BE2DF-81FF-470E-AC21-D3C262183A10,FERİZLİ İLÇE HASTANESİ,Sakarya,Ferizli,40.94021,30.48456,Sakarya,Correct
CA6B7CD3-AB76-4CC0-9991-D3E2217701FE,EBRU YAĞCI MUAYENEHANESİ,Sakarya,Adapazari,40.77279,30.40526,Sakarya,Correct
33C3FDE2-DD0A-4039-811C-D412B373C093,MİMOZA PSİKİYATRİ AKADEMİSİ KLİNİĞİ,Sakarya,Serdivan,40.77012,30.36422,Sakarya,Correct
A3CB9615-BC61-4342-BD37-D508BBB854B9,BALABAN ECZANESİ,Sakarya,Arifiye,40.71491,30.3622,Sakarya,Correct
A9C79D14-F973-427E-BF3B-D5132C7228EE,GÖZDE ECZANESİ,Sakarya,Adapazari,40.75896,30.38888,Sakarya,Correct
771CD164-9EFE-43F3-AD31-D66FB186115C,UĞUR ECZANESİ,Sakarya,Erenler,40.75654,30.40847,Sakarya,Correct
F3FAA3BB-50DF-4C42-BF26-D691FCE692F9,EMRE ECZANESİ,Sakarya,Geyve,40.51068,30.29153,Sakarya,Correct
DA03F53D-221D-453C-A4D0-D76A83C6B605,ERSOY ECZANESİ,Sakarya,Arifiye,40.70245,30.37266,Sakarya,Correct
14E0A01A-83CD-46AC-BCF0-D83382567011,HANZADE ECZANESİ,Sakarya,Adapazari,40.77654,30.39922,Sakarya,Correct
3F609092-352C-4A5B-9C56-D8419C74B286,BAYRAK ECZANESİ,Sakarya,Sapanca,40.68958,30.25653,Sakarya,Correct
3D0F4D23-0A28-48B9-9573-D857083CC3A8,SAKARYA AKYAZI KUZULUK AİLE SAĞLIĞI MERKEZİ,Sakarya,Akyazi,40.62952,30.63729,Sakarya,Correct
6641FECF-CE9F-49B0-991E-D958254CD2CE,KILIÇASLAN ECZANESİ,Sakarya,Serdivan,40.80753,30.35411,Sakarya,Correct
1A2E4414-CC48-424C-8A92-D985D1BAF33C,CÖMERT ECZANESİ,Sakarya,Adapazari,40.77309,30.39993,Sakarya,Correct
B5382318-FCEA-4608-A232-D9A8636E71C5,SAKARYA HENDEK ULUDERE AİLE SAĞLIĞI MERKEZİ,Sakarya,Hendek,40.79757,30.75548,Sakarya,Correct
566B75E4-7D7C-4FD4-BFF9-D9BA375C1F6E,KOŞUTAN ECZANESİ,Sakarya,Erenler,40.75937,30.39869,Sakarya,Correct
2039614A-FF52-4A55-8866-DA02A20DB71F,MODERN ECZANESİ,Sakarya,Serdivan,40.77256,30.36592,Sakarya,Correct
F1D7C8B3-030E-4819-BD32-DAB05280B8EB,SAKARYA KARASU AZİZİYE AİLE SAĞLIĞI MERKEZİ,Sakarya,Karasu,41.08972,30.70072,Sakarya,Correct
83034040-B9EC-4978-B74F-DAD17C858268,FOCUS GÖZ TIP MERKEZİ,Sakarya,Adapazari,40.7608,30.36601,Sakarya,Correct
5869DA84-C130-415C-BB3C-DB7548C7DCFB,ŞULE AVŞİN MUAYENEHANESİ,Sakarya,Serdivan,40.76221,30.36209,Sakarya,Correct
039D3E62-9BA7-4D10-9BA3-DC05D96F0760,BÜYÜKKAYA ECZANESİ,Sakarya,Karasu,41.09055,30.73241,Sakarya,Correct
EECBC2D3-C970-4231-8663-DC77CE31418E,GÜNEY ECZANESİ,Sakarya,Geyve,40.52363,30.29517,Sakarya,Correct
648C221A-230C-4B93-BE29-DCAF8DC59ED3,İLKAY ECZANESİ,Sakarya,Karasu,41.10652,30.69768,Sakarya,Correct
A1C95017-A6F5-4D1E-9A65-DCC738380313,GÖZDE ECZANESİ,Sakarya,Serdivan,40.77664,30.35472,Sakarya,Correct
3C14147F-7EC4-4AD1-A248-DCF26FE2E4C5,ŞEYMA ECZANESİ,Sakarya,Adapazari,40.67119,30.43742,Sakarya,Correct
7FD95E53-8087-4110-BC75-DD0F24AAE654,SOMER SATILMIŞ MUAYENEHANESİ,Sakarya,Adapazari,40.77614,30.40315,Sakarya,Correct
E616C33F-28DC-4F44-8BD4-DD35091BB80E,ADEMOĞLU ECZANESİ,Sakarya,Adapazari,40.77954,30.40046,Sakarya,Correct
4CFF4768-B404-4971-897B-DDBAC34B1325,ÇARŞI ECZANESİ,Sakarya,Sapanca,40.69231,30.26841,Sakarya,Correct
3FB5B80E-EC1A-49E3-8A6F-DDCA1EEBE599,AKASYA ECZANESİ,Sakarya,Serdivan,40.75931,30.36846,Sakarya,Correct
95B71944-E005-4A7B-96FC-DE31495309D9,KÖPRÜBAŞI AİLE SAĞLIĞI MERKEZİ,Sakarya,Serdivan,40.79158,30.35856,Sakarya,Correct
39C0F9D8-EBA4-4625-90DA-DECFD32324C6,EKREM TANRISEVEN MUAYENEHANESİ,Sakarya,Karasu,41.09442,30.69189,Sakarya,Correct
F5A16C62-973F-4903-B6A7-DF3EBA63BE5B,TÜRK TRAKTÖR FABRİKASI REVİRİ,Sakarya,Erenler,40.71669,30.45225,Sakarya,Correct
D8A64AD8-3187-4759-B5AA-E025F8BE88CC,MURAT ECZANESİ,Sakarya,Pamukova,40.50742,30.16882,Sakarya,Correct
90F8FB91-D213-4B2E-A68C-E0270673A04B,OZAN ECZANESİ,Sakarya,Erenler,40.76455,30.40587,Sakarya,Correct
9E5DA634-CD31-417C-A655-E0D7CCF7AAFE,DOĞANCAN ECZANESİ,Sakarya,Erenler,40.75654,30.40869,Sakarya,Correct
1631066D-6E3D-40BA-8987-E0DF009B6DAE,ŞENAY DOĞAN MUAYENEHANESİ,Sakarya,Adapazari,40.77364,30.37435,Sakarya,Correct
3EA15A92-22EF-42E6-904F-E12193CEA12C,TEBESSÜM ECZANESİ,Sakarya,Adapazari,40.75817,30.39005,Sakarya,Correct
89EAB323-5B21-473E-91B7-E20BCB147A52,YENİ ECZANESİ,Sakarya,Akyazi,40.6834,30.62457,Sakarya,Correct
4BB3D003-3A4E-4A7E-ACD6-E20DFE6A79B1,KARACA ECZANESİ,Sakarya,Geyve,40.504,30.2995,Sakarya,Correct
54C6B5CC-5C5B-45FA-8970-E2368C02F627,ZEYNEP ECZANESİ,Sakarya,Erenler,40.76164,30.41388,Sakarya,Correct
B7D638F7-85B9-495E-AB54-E25ECD992A46,SEZER ECZANESİ,Sakarya,Akyazi,40.78448,30.57012,Sakarya,Correct
AF793F22-40BB-463F-849E-E2B92733B35E,DUYGU ECZANESİ,Sakarya,Geyve,40.50978,30.29033,Sakarya,Correct
20AA9057-5357-4498-876D-E30278E3BA2B,İNCİ ECZANESİ,Sakarya,Arifiye,40.78747,30.42432,Sakarya,Correct
C6D98A8B-A3A2-4F40-A92E-E338322486EB,YALI ECZANESİ,Sakarya,Karasu,41.10588,30.69737,Sakarya,Correct
C17A7F04-34FF-4827-A3A4-E3513BD7DF6A,NUR ECZANESİ,Sakarya,Serdivan,40.7665,30.37394,Sakarya,Correct
20393FCE-BD5E-4D1A-9ACB-E3662D6E6394,SERHAN BERK MUAYENEHANESİ,Sakarya,Adapazari,40.77771,30.3999,Sakarya,Correct
455BE551-C525-4C7E-8088-E376FCEA26F6,BİZİM ECZANESİ,Sakarya,Adapazari,40.78476,30.39969,Sakarya,Correct
DD96C8F8-E44E-4E9D-89D0-E3EC6862B244,ÜSTÜN ECZANESİ,Sakarya,Ferizli,40.93882,30.48584,Sakarya,Correct
C99776C5-D921-47DE-8561-E3F4D3B30729,ÖZEL ADA DİYALİZ MERKEZİ,Sakarya,Adapazari,40.77937,30.3971,Sakarya,Correct
83EAC693-ED7F-4E12-BB16-E4A9C60FB837,AYŞE CANSEVEN MUAYENEHANESİ,Sakarya,Kaynarca,41.03283,30.30704,Sakarya,Correct
7080611F-DDCC-4E25-9DAE-E4E281E11C85,EDA ECZANESİ,Sakarya,Serdivan,40.77587,30.35482,Sakarya,Correct
63DB3885-B1B1-4A6F-8CF3-E53F9585EB00,ATLAS ECZANESİ,Sakarya,Ferizli,40.93881,30.48657,Sakarya,Correct
6464E7CB-7FD7-4A4E-803A-E5A2C2FC1775,NİDA ECZANESİ,Sakarya,Karasu,41.09531,30.6893,Sakarya,Correct
DB5790FB-93BC-47A7-8D8D-E5AAEA883A10,GÜNEŞ ECZANESİ,Sakarya,Hendek,40.79541,30.7453,Sakarya,Correct
9DA37466-F237-4AF2-9E14-E615913A67B8,ELÇİN ÇEKİÇ ÖZEL MUAYENEHANESİ,Sakarya,Serdivan,40.77954,30.36648,Sakarya,Correct
33B6602E-5D9C-4A94-8523-E63253A87E6E,NİLÜFER ŞİŞLİOĞLU YAMAN MUAYENEHANESİ,Sakarya,Adapazari,40.78152,30.40273,Sakarya,Correct
67615F68-7343-4933-8076-E67C1458A832,ERTUĞRUL KAPISIZ MUAYENEHANESİ,Sakarya,Serdivan,40.77799,30.36643,Sakarya,Correct
9C79FA53-DF1D-49AD-9043-E69FC72B9CE9,SAKARYA SERDİVAN VATAN AİLE SAĞLIĞI MERKEZİ,Sakarya,Serdivan,40.84366,30.63298,Sakarya,Correct
78019E02-A395-47D6-AAFA-E6CF0B67239B,ERDİNÇ İŞÇİLER MUAYENEHANESİ,Sakarya,Adapazari,39.08657,-76.77036,No Info,No Info
7DE5C51A-C4FB-4552-A333-E797E0663D4F,TUĞBA ADIYAMAN KLİNİĞİ,Sakarya,Adapazari,40.77045,30.39111,Sakarya,Correct
E58EF11F-7018-4FFE-9B7B-E8B3792932D2,SAKARYA KARASU AİLE SAĞLIĞI MERKEZİ,Sakarya,Karasu,41.09428,30.68826,Sakarya,Correct
13F1B2A7-9BF5-4E53-9316-E9E7A3CEDF7B,YUNUS EMRE ECZANESİ,Sakarya,Karasu,41.09408,30.69161,Sakarya,Correct
A2DF062A-D2EC-4121-9F14-EA12042FB7DF,SERKAN BİLGİÇ MUAYENEHANESİ,Sakarya,Serdivan,40.78221,30.36615,Sakarya,Correct
6B031785-5E50-46F3-9F8E-EA2970B0C57E,PAMUKÇU ECZANESİ,Sakarya,Serdivan,40.77502,30.35841,Sakarya,Correct
4577D4EA-CE69-40C2-A0B5-EA5AA72BA75C,MUSA KEREM KESER MUAYENEHANESİ,Sakarya,ADAPAZARI  MERKEZ,41.1663,29.038,İstanbul,Wrong
9E85A6FC-6832-426C-B66E-EABB97263E87,ÖZEL VATAN DİŞ POLİKLİNİĞİ,Sakarya,Serdivan,40.77296,30.36806,Sakarya,Correct
B401D36D-2563-46C6-9684-EAF0899A41CF,ALTUNTAŞ ECZANESİ,Sakarya,Adapazari,40.75737,30.38691,Sakarya,Correct
B3C9E0FF-511B-4B98-8C1C-EB048893174B,ÖZEL SAKARYA HİPERBARİK OKSİJEN TEDAVİ MERKEZİ,Sakarya,Adapazari,40.77129,30.40186,Sakarya,Correct
4361DD74-8B1E-4B58-9F21-EB6E32C6E0AF,SAKARYA ADAPAZARI MALTEPE AİLE SAĞLIĞI MERKEZİ,Sakarya,Adapazari,40.74739,30.38057,Sakarya,Correct
B25C0733-05A9-4406-B056-EB9E04223649,DİLARA ECZANESİ,Sakarya,Kocaali,41.09747,30.67644,Sakarya,Correct
18278BC1-30EF-4D1C-B206-EBEF4D5DFD84,SAKARYA ADAPAZARI DONATIM AİLE SAĞLIĞI MERKEZİ,Sakarya,Adapazari,40.9077,30.4768,Sakarya,Correct
B2236342-86F4-4396-9CC2-EC2DFC988518,BUĞRA ECZANESİ,Sakarya,Erenler,40.75279,30.39581,Sakarya,Correct
1D100CC4-B0A2-4BD3-9B79-ECBD04897B96,EMNİYET ECZANESİ,Sakarya,Adapazari,40.7669,30.41314,Sakarya,Correct
AC55CD82-3BAC-488A-BBB1-ECF16AE368FE,KORUCUK ECZANESİ,Sakarya,Adapazari,40.86051,30.29148,Sakarya,Correct
B76190EF-5A00-4340-93A8-ED70AB318B44,T.C SAKARYA ÜNİVERSİTESİ EĞİTİM VE ARAŞTIRMA HASTANESİ,Sakarya,Adapazari,40.7573,30.38985,Sakarya,Correct
70E0E830-040E-4C5B-83F5-EE0FA5C7F55A,YAVUZYİĞİT ECZANESİ,Sakarya,Karasu,41.09322,30.69142,Sakarya,Correct
0B7A352C-B156-4C90-9522-EEC7C619962C,GÜNEY ECZANESİ,Sakarya,Adapazari,40.78702,30.48484,Sakarya,Correct
0FA81BBD-8F3F-41C4-A426-EF10CD1D0FB3,DİNÇER ECZANESİ,Sakarya,Adapazari,40.77698,30.40248,Sakarya,Correct
1388ED51-F93B-49AF-A71A-EFA8313FE7BE,SAPANCA ECZANESİ,Sakarya,Sapanca,40.69225,30.26793,Sakarya,Correct
84D2A5AD-4EBF-4AD5-B057-F08E425FCB36,SAKARYA AĞIZ VE DİŞ SAĞLIĞI HASTANESİ,Sakarya,Arifiye,40.76608,30.37335,Sakarya,Correct
64499A6E-79C2-4E78-920E-F09CE80BA7E4,MERYEM ÇETİNKAYA MUAYENEHANESİ,Sakarya,Adapazari,40.7766,30.39961,Sakarya,Correct
B14F734E-236D-49F0-A87B-F0AB2F5B73BA,RAHİME HANIM ECZANESİ,Sakarya,Tarakli,40.50358,30.30555,Sakarya,Correct
4B6AE54D-3764-4C50-BAC6-F0C3E1C6B2C9,ÖZEL MARMARA GÖZ TIP MERKEZİ,Sakarya,Adapazari,40.77895,30.3981,Sakarya,Correct
0C995886-2251-4712-8B81-F23D4774BF9F,CEREN ECZANESİ,Sakarya,Pamukova,40.50728,30.16541,Sakarya,Correct
D4C4B433-07AB-49DB-B871-F29B435203C6,SAKARYA KOCAALİ İLÇE DEVLET HASTANESİ,Sakarya,Kocaali,41.07132,30.86162,Sakarya,Correct
752761F9-A57A-4AF0-B695-F32D684C28F4,TUĞBA AKKAR MUAYENEHANESİ,Sakarya,Adapazari,40.77248,30.40568,Sakarya,Correct
C5AC5421-ED60-4147-B3E2-F3812C68C66F,ÖZEL ADA PALMİYE AĞIZ VE DİŞ SAĞLIĞI POLİKLİNİĞİ,Sakarya,Adapazari,40.77369,30.40646,Sakarya,Correct
C9249496-BAF1-4B16-8A19-F399C0CDFF06,ŞENGÜL ECZANESİ,Sakarya,Adapazari,40.76443,30.41197,Sakarya,Correct
FBF2B2B7-5A88-4007-AA13-F3FB76EF080B,HAYAT ECZANESİ,Sakarya,Akyazi,40.68664,30.61926,Sakarya,Correct
B5BE6071-F5F4-4E93-9B57-F42AC7681D57,KÜBRA ECZANESİ,Sakarya,Serdivan,40.77635,30.3539,Sakarya,Correct
BA87C1C6-E5C2-494D-9599-F49D04778593,ŞEKEROĞLU ECZANESİ,Sakarya,Serdivan,40.76623,30.37339,Sakarya,Correct
ABEE93E1-D5A3-4FA5-AA88-F5E2995AE9BC,HACIOĞLU ECZANESİ,Sakarya,Erenler,40.7641,30.40521,Sakarya,Correct
781759E5-8293-4A61-84F3-F5FB674F5EF7,CANAN CANSU KÖKSAL MUAYENEHANESİ,Sakarya,Serdivan,40.76009,30.36419,Sakarya,Correct
FBD1D1F6-67D0-447C-8096-F626B639BBEA,MEHMET HAKAN ÖZDEN MUAYENEHANESİ,Sakarya,Adapazari,40.78148,30.40119,Sakarya,Correct
CDD4B22F-82F0-4360-9D52-F68293037D7A,CAN ECZANESİ,Sakarya,Serdivan,40.73901,30.30044,Sakarya,Correct
4581CCE7-EACE-4332-B177-F6B65DED13A4,MUSTAFA KEMAL BEYKAL MUAYENEHANESİ,Sakarya,Kocaali,41.05593,30.85083,Sakarya,Correct
3608744E-B608-44C7-BF3A-F755FF1307A8,METİN GÜNER MUTLU MUAYENEHANESİ,Sakarya,Adapazari,40.77305,30.39101,Sakarya,Correct
90173983-BF5B-42D3-A9AC-F7882925DFAE,AKSEL BALKANCI MUAYENEHANESİ,Sakarya,Serdivan,40.77365,30.37459,Sakarya,Correct
EF8A1B21-5527-444E-BA64-F7F741C47378,TURHAN ECZANESİ,Sakarya,Serdivan,40.73745,30.3525,Sakarya,Correct
474E3921-70D6-4D9E-9526-F989964A5797,YÜMNÜ ECZANESİ,Sakarya,Karasu,41.09441,30.6881,Sakarya,Correct
2AC3946A-32A2-42C7-9D86-FA7ED9C5277C,SAKARYA FERİZLİ L TİPİ KAPALI CEZA İNFAZ KURUMU,Sakarya,Ferizli,40.94222,30.50859,Sakarya,Correct
ABD6E5C9-59A4-4BF3-A02B-FAC0F0626F2D,CİHAN SARI MUAYENEHANESİ,Sakarya,Adapazari,40.77743,30.39619,Sakarya,Correct
9801CBF4-408F-48B7-9A00-FB1778F333A0,DENTAXİS AĞIZ VE DİŞ SAĞLIĞI POLİKLİNİĞİ,Sakarya,Serdivan,40.77962,30.36708,Sakarya,Correct
0C5A4084-3ACA-41E0-BF56-FB816FA19953,YENİGÜN ECZANESİ,Sakarya,Serdivan,40.75683,30.35093,Sakarya,Correct
A1A68874-3CA3-4328-A266-FBD1007A9405,REYHAN ŞENBAŞ MUAYENEHANESİ,Sakarya,Adapazari,40.78083,30.39362,Sakarya,Correct
6E20DA40-C21F-4CBA-AA22-FCDBC0B009C2,YAZILI ECZANESİ,Sakarya,Erenler,40.75425,30.39172,Sakarya,Correct
4DA5E2B1-6694-480E-A043-FDB0D06C37AF,ZEYNEP ECZANESİ,Sakarya,Ferizli,40.95318,30.49656,Sakarya,Correct
4366517E-A3ED-4550-9A4D-FE0F32E65A50,SAKARYA ARİFİYE AŞAĞI KİRAZ AİLE SAĞLIĞI MERKEZİ,Sakarya,Arifiye,40.70356,30.37537,Sakarya,Correct
ED7397FA-23B4-4339-A3F4-FE1A9A364355,BURAK BALCIOGLU MUAYENEHANESİ,Sakarya,ADAPAZARI  MERKEZ,41.1299,28.8709,İstanbul,Wrong
A58134D2-7350-4042-A862-FE44078C4020,FATMA SARI HOCALAR-CEREN YAVUZ BİLMEZ MUAYENEHANESİ,Sakarya,Adapazari,40.77336,30.40327,Sakarya,Correct
B1955EED-06D9-41E7-AE89-FF793906FBA8,YASEMİN BEYZA ECZANESİ,Sakarya,Erenler,40.75654,30.40839,Sakarya,Correct
8B8CBEF3-A9EB-4AF2-9FF4-FFE6DFDF562F,SAKARYA SERDİVAN BAHÇELİEVLER AİLE SAĞLIĞI MERKEZİ,Sakarya,Serdivan,40.76037,30.37843,Sakarya,Correct
