UnitId,UnitName,CityName,DistrictName,Latitude,Longitude,DetectedCity,Match
16C603C3-58CC-4C0C-BAF7-04C8D6C876EC,DERMAN ECZANESİ,Sinop,Merkez,37.57099,29.27285,Denizli,Wrong
25B0B1B2-07B3-4D03-9F1E-05C6673D2A5A,ERDOĞAN ECZANESİ,Sinop,Durağan,41.41967,35.0534,Sinop,Correct
651C2809-4A76-48EC-92B5-0B0DFB127160,YÜKSEL ECZANESİ,Sinop,Ayancik,41.94379,34.58835,Sinop,Correct
3B327717-47C8-4FE4-BEB0-0D1C2061F68D,SİNOP BOYABAT 75. YIL DEVLET HASTANESİ,Sinop,Boyabat,41.46233,34.78509,Sinop,Correct
2EA742CE-51A5-41E6-AF3C-0D95CF07D4AC,NURTEN ÇAKICI MUAYENEHANESİ,Sinop,Ayancik,41.94801,34.58468,Sinop,Correct
D4463C2D-4FAD-45EB-AC58-0F1F0CBF1ECC,AKAY ECZANESİ,Sinop,Boyabat,41.46317,34.78356,Sinop,Correct
6B8E0AA3-99FF-4326-B73B-16EE1B4E7CCF,SİNOP MERKEZ YAKAMOZ ASM,Sinop,Merkez,41.41659,35.05374,Sinop,Correct
7524518E-BB73-4B41-AF6A-1748E5443CB3,TOLGA DOĞRUER MUAYENEHANESİ,Sinop,Gerze,41.80274,35.19812,Sinop,Correct
98581394-6AD3-4645-B6CA-18CDE70FE993,BOYABAT ECZANESİ,Sinop,Boyabat,41.46625,34.76735,Sinop,Correct
8D37AE9A-5806-4577-84C1-19868D4CAFE5,ZEYTİNLİK ECZANESİ,Sinop,Merkez,42.02102,35.16252,Sinop,Correct
EE460266-0346-4AE9-A139-1A0FC0A66564,YILDIRIM ECZANESİ,Sinop,Durağan,41.4676,34.77097,Sinop,Correct
A6BB0202-2A1E-4ABF-B1EB-1B8CE66F1D0B,TÜRKELİ ECZANESİ,Sinop,Türkeli,41.94613,34.33742,Sinop,Correct
4C9F2DE6-883A-4DFA-86E8-1B9598CC8F11,ELİF ECZANESİ,Sinop,Merkez,42.02585,35.1457,Sinop,Correct
FF6E9C3E-5E99-4AA7-8B00-1BEE15E5ED64,DERMAN ECZANESİ,Sinop,Boyabat,41.46597,34.7687,Sinop,Correct
E0047AAE-D8D2-4F51-92BD-1C2CC10B5CBE,ELİF ECZANESİ,Sinop,Boyabat,41.46334,34.78359,Sinop,Correct
93697BBF-9395-44D1-86E5-1F55C9B2C967,SAĞLIK ECZANESİ,Sinop,Merkez,42.0231,35.15587,Sinop,Correct
3DE0555F-2652-4DEF-91E6-1F81856A460F,DİKMEN ASM,Sinop,Dikmen,41.65116,35.2659,Sinop,Correct
825FEAEC-EE9B-4DFA-9FCB-1FB91B5FD52E,TAYFUN AZİZOĞLU MUAYENEHANESİ,Sinop,Boyabat,41.46395,34.76957,Sinop,Correct
F9B715B3-6913-4819-BC3E-26F8762A3523,GELİNCİK ECZANESİ,Sinop,Merkez,42.01736,35.12465,Sinop,Correct
9A2A1FF5-3C5D-4DB5-81A4-274F4E5C4B51,SİNOP MERKEZ ZEYTİNLİK ASM,Sinop,Merkez,39.47357,-76.25436,Maryland,Wrong
EDF6D1A6-A513-4C1A-A3B1-2AB13CA6CCE1,ALTINKAYNAK ECZANESİ,Sinop,Durağan,41.41591,35.05634,Sinop,Correct
EF0964B8-9180-4813-88B2-2D6D10E27DCD,BOYABAT SAĞLIK ASM,Sinop,Boyabat,41.46247,34.77055,Sinop,Correct
1C3A0867-DE30-4065-A515-2F68B2252538,YENİCE ECZANESİ,Sinop,Gerze,41.80323,35.19637,Sinop,Correct
63CCB740-EA5B-424A-AE36-2FE8199A950A,BOYABAT 2 NOLU EGE AİLE SAĞLIĞI MERKEZİ,Sinop,Boyabat,41.46284,34.77424,Sinop,Correct
9676BD48-A659-48F5-B0E5-32EA5DACAF34,YENİ GERZE ECZANESİ,Sinop,Gerze,41.80269,35.19777,Sinop,Correct
BADC699E-36DF-4361-A1F7-399962295FA8,CEMRE ECZANESİ,Sinop,Merkez,42.0237,35.15664,Sinop,Correct
06836FEE-1B71-4D82-BEF5-3A67A68F4C3A,DRAMALI ECZANESİ,Sinop,Merkez,42.02608,35.14753,Sinop,Correct
1E489BC4-C5B0-4A45-824E-3DA26A7AC45C,KARADENİZ ECZANESİ,Sinop,Merkez,41.41773,35.05526,Sinop,Correct
271EBCF4-9DD5-4FB2-BF14-403D4BCB431B,SİNOP MERKEZ DENİZLER ASM,Sinop,Merkez,39.55997,-76.13916,Maryland,Wrong
0C1E1C17-0833-4620-9468-42C6ABC97116,ÖNCEL ECZANESİ,Sinop,Ayancik,41.94409,34.58832,Sinop,Correct
D1A64539-5410-4FFD-B867-42E49D6F8F56,DEMİR ECZANESİ,Sinop,Merkez,42.00424,35.08045,Sinop,Correct
5DE0359B-0172-4C55-93CA-44DF673F33D1,ESRA ECZANESİ,Sinop,Boyabat,41.46284,34.78368,Sinop,Correct
7BBB283F-2192-4E3C-97FE-45F943086F7F,ÜMİT ECZANESİ,Sinop,Merkez,42.02582,35.14549,Sinop,Correct
EDFEC475-0E0C-4A2B-A199-46855B527770,ŞİFA ECZANESİ,Sinop,Erfelek,36.76795,28.80242,Muğla,Wrong
0EB5F698-337F-4506-94B2-46D36A817E7A,ÇAĞLAR ECZANESİ,Sinop,Erfelek,38.02788,39.03465,Adıyaman,Wrong
307E945B-6921-41FC-941A-46FFC9EECE2E,BAŞAK ECZANESİ,Sinop,Merkez,42.02669,35.15217,Sinop,Correct
84E952B7-02FC-4426-90D0-4DB17165C9C5,AYANCIK MERKEZ ASM,Sinop,Ayancik,41.94723,34.58844,Sinop,Correct
890CFD2B-FDD1-48FC-B585-4EC3D17A510F,YÜKSEL ECZANESİ,Sinop,Dikmen,41.94379,34.58835,Sinop,Correct
FFF7641B-0C19-4365-993F-507C3B03E4E8,GENÇ ECZANESİ,Sinop,Boyabat,41.46509,34.76961,Sinop,Correct
12CA969C-1C89-46F8-BA27-5083BA6BCF60,BURAK ERDEM KALAFAT MUAYENEHANESİ,Sinop,Gerze,41.80301,35.19939,Sinop,Correct
3D0273CB-91FC-4538-B4BB-5164A2BBA110,BÜYÜK ECZANESİ,Sinop,Boyabat,41.46423,34.77037,Sinop,Correct
81562350-10CB-4EFE-ACE2-557EB68304E6,ERFELEK MERKEZ ASM,Sinop,Erfelek,41.87914,34.90875,Sinop,Wrong
D428FC2A-8595-4C9B-B3E4-5A45C79F5CAB,SİNOP MERKEZ 11 NOLU ASM,Sinop,Merkez,42.0264,35.14955,Sinop,Correct
E15DBF96-2F21-4776-BAB8-5AE866419198,DURAĞAN MERKEZ ASM,Sinop,Durağan,41.41902,35.05297,Sinop,Correct
D55832EB-61B8-4ACF-9B49-5BA2F23B154B,ŞEBNEM KARAÇAY ÖZKALAYCI MUAYENEHANESİ,Sinop,SİNOP MERKEZ,42.0207,35.1269,Sinop,Correct
9CCBC720-BD51-488D-81C1-5D49D5018B0E,FERİT SIRIMOĞLU MUAYENEHANESİ,Sinop,Durağan,41.41663,35.05679,Sinop,Correct
DDD100E7-B758-4342-91CF-65716CF27CCC,TEK ECZANESİ,Sinop,Durağan,41.41564,35.05502,Sinop,Correct
3BBD52B3-20F3-42D6-B16C-674B2807A00D,CUMHURİYET ECZANESİ,Sinop,Merkez,40.01765,32.77003,Ankara,Wrong
53D5530B-ECF8-4B6E-9AB2-69D3A6E9764D,ÖZEL SİNOP DİALİZ MERKEZİ,Sinop,Merkez,42.02183,35.13527,Sinop,Correct
3D63BF57-9CB8-4059-9EC0-6C9CFC8A0855,GERZE MERKEZ AİLE SAĞLIĞI MERKEZİ,Sinop,Gerze,41.80646,35.19734,Sinop,Correct
1A27FC8F-BAE7-4F21-BE11-6E570CC2B49C,ÖNSOY ECZANESİ,Sinop,Ayancik,41.94419,34.58721,Sinop,Correct
97D7F802-E006-4BE7-96FA-71EC0829D4C1,EKİN ECZANESİ,Sinop,Gerze,41.80689,35.19833,Sinop,Correct
96879BE5-AA59-4E31-9EC2-745BB898FB39,SİNOP AYANCIK DEVLET HASTANESİ,Sinop,Ayancik,41.92725,34.5837,Sinop,Correct
03340A58-48F4-4396-86DC-765CFBC724B2,GÜLYÜZ AKTAN YOPÇU MUAYENEHANESİ,Sinop,Merkez,42.02677,35.15055,Sinop,Correct
2E5A5D92-49E5-4A7C-BB3C-7740E81F85E7,ŞİMŞEK ECZANESİ,Sinop,Merkez,42.00334,35.07925,Sinop,Correct
0096BA0A-DA89-4E55-A426-7819C1BF4295,RIFAT CENKER SENCER MUAYENEHANESİ,Sinop,Merkez,42.02582,35.15145,Sinop,Correct
BE738F7B-09CD-4E5A-ABA9-78581C525B96,DENİZ SAKA MUAYENEHANESİ,Sinop,Merkez,42.02593,35.14516,Sinop,Correct
FE2B061B-C883-4CAB-83F6-7DAE2977A0FF,MERKEZ ECZANESİ,Sinop,Merkez,39.61307,-76.06836,Maryland,Wrong
0B1AB529-E7A6-43F9-8D3F-7FA6A7147F4C,BİLGE ECZANESİ,Sinop,Merkez,42.02013,35.13009,Sinop,Correct
52D3FE4D-2BD5-4AB2-A6A0-827763DC996F,ÇINAR ECZANESİ,Sinop,Boyabat,41.46407,34.78476,Sinop,Correct
6981773E-4383-470E-9FFA-8404054504F0,SİNOP GERZE DEVLET HASTANESI,Sinop,Gerze,41.80389,35.17342,Sinop,Correct
8675C33F-A132-4856-B40F-845F7B067F7A,MERVE ECZANESI,Sinop,Ayancik,41.94354,34.58833,Sinop,Correct
9A1CD435-D94B-43B5-9894-847E36A6FBC0,ABDULLAH TÜRK MUAYENEHANESİ,Sinop,Merkez,41.0815,28.97235,İstanbul,Wrong
AC6FD376-605F-4984-8C97-87A2193CFD63,SİNOP ADA ASM,Sinop,Merkez,41.26521,26.68851,Edirne,Wrong
DECB3FFA-5E8E-412B-94E2-8AD30242BD76,SİNOP İL SAĞLIK MÜDÜRLÜĞÜ,Sinop,Merkez,36.11504,36.24775,Hatay,Wrong
147D4803-87CB-41A2-9167-8BCBA78B2BBE,SERKAN ECZANESİ,Sinop,Merkez,41.41667,35.0555,Sinop,Correct
23FDD024-0783-4AAB-A171-8BD53355C621,GİZEM ECZANESİ,Sinop,Türkeli,41.94703,34.33804,Sinop,Correct
E440CAA2-B63B-436B-A075-8C035C95A088,SERAY ECZANESİ,Sinop,Gerze,41.79984,35.18818,Sinop,Correct
948EEBBF-211C-435D-9077-8CE068BCBD25,SIHHAT ECZANESİ,Sinop,Ayancik,41.9445,34.58722,Sinop,Correct
0FF022A0-B865-415D-9B9B-8D58E092442F,SELVER ECZANE,Sinop,Boyabat,41.46607,34.76961,Sinop,Correct
DFC9D126-2B98-4414-B132-922095E2DF9D,BERKAY ECZANESİ,Sinop,Boyabat,41.46412,34.78464,Sinop,Correct
E149DC4A-6E1C-4641-82CE-948111216F45,SİNOP MERKEZ YAŞAM ASM,Sinop,Merkez,42.02563,35.14739,Sinop,Correct
27AEBDC7-A834-43F8-986A-97D43A686074,BUGRA AYDEMİR MUAYENEHANESİ,Sinop,Merkez,42.02612,35.1473,Sinop,Correct
D62E69C6-7C7F-4096-81F6-981009175478,GERZE 2 NOLU ASM,Sinop,Gerze,41.80992,35.18877,Sinop,Correct
7CC4A148-0B46-4F56-9978-9C5274E01403,ADA ECZANESİ,Sinop,Merkez,42.02917,35.15653,Sinop,Correct
F7A1BF13-1FC7-4AC6-ACCA-9CA7D28F8239,HATİCE LATİFE TAHAOĞLU MUAYENEHANESİ,Sinop,Merkez,37.57365,29.27059,Denizli,Wrong
D4C680DE-CB67-46C1-85D3-9DB1AF7A29B2,SİNOP TÜRKELİ DEVLET HASTANESİ,Sinop,Türkeli,41.46323,34.78629,Sinop,Correct
03746149-8F3D-4DE9-AB1B-9E59258CA920,SİNOP MERKEZ KABALI ASM,Sinop,Merkez,41.85177,35.06334,Sinop,Correct
2C6BD439-8D61-4580-BEE8-9E86E32B134D,ANKA ECZANESİ,Sinop,Boyabat,41.46551,34.77253,Sinop,Correct
4B8C6A46-63E9-4425-A6DA-A0216BB25B63,YASEMİN ECZANESİ,Sinop,Merkez,41.41674,35.05549,Sinop,Correct
5FFB3B8F-828B-4596-9A1A-A08C50AB918C,SİNOP TÜRKELİ GIDA AİLE SAĞLIĞI MERKEZİ,Sinop,Türkeli,41.94683,34.33783,Sinop,Correct
4934ECF1-1F1B-49F7-96CD-A18E5C42C730,ESİN YAĞMUR TABAN MUAYENEHANESİ,Sinop,Merkez,42.02641,35.1496,Sinop,Correct
F5B524C9-82F3-4401-A07A-A6E3434C928A,SİNOP ATATÜRK DEVLET HASTANESİ,Sinop,Merkez,41.19281,40.99452,Rize,Wrong
DCABACE1-3064-45ED-8CB3-ADE6D402E3BF,DEVA ECZANESİ,Sinop,Boyabat,41.46557,34.77319,Sinop,Correct
872B7675-BFDE-4D7E-B922-ADF2B802DC2C,TÜRKELİ GÜZELKENT AİLE SAĞLIĞI MERKEZİ,Sinop,Türkeli,41.92586,34.26049,Sinop,Correct
08DC91A9-F171-47BB-929C-AF17F0A9561E,GÜZELKENT ECZANESİ,Sinop,Türkeli,41.80203,35.20302,Sinop,Correct
5A2D6D3C-343C-4D01-BCC2-B4BCDF1C1BC3,SİNOP ERFELEK İLÇE DEVLET HASTANESİ,Sinop,Erfelek,42.00463,35.08122,Sinop,Correct
6A8CC8A5-BEF5-4368-AB21-B4CC578685E0,KAYA ECZANESİ,Sinop,Merkez,42.00244,35.07805,Sinop,Correct
4B34FC16-C4F6-425E-AD43-BB018B989ED9,DENİZ ECZANESİ,Sinop,Merkez,42.02561,35.15134,Sinop,Correct
8D4DB849-6498-4053-B689-BC67E4D41C26,COŞKUN ECZANESİ,Sinop,Boyabat,41.46289,34.78351,Sinop,Correct
0CD0669E-AAD3-4158-A302-BEBA8B222FB4,BOYABAT ÇAMLICA ASM,Sinop,Boyabat,41.60563,34.83944,Sinop,Correct
8F6F45C9-9AA5-440B-97C2-BF69679E229D,HAYAT ECZANESİ,Sinop,Merkez,41.41649,35.05331,Sinop,Correct
8E96DFC1-1AF2-409F-AAF4-BFB2E154CA89,SİNOP MERKEZ 12 NOLU TURKUAZ ASM,Sinop,Merkez,42.02623,35.1516,Sinop,Correct
DADF2406-CC4C-499A-A601-BFD751DC5901,BUKET ECZANESİ,Sinop,Merkez,42.02318,35.15743,Sinop,Correct
A9BAB9FF-6D21-411C-BBD0-BFEC49BBEB2B,SİNOP AĞIZ VE DİŞ SAĞLIĞI MERKEZİ,Sinop,Merkez,42.0269,35.15614,Sinop,Correct
EEC2C270-D87A-4302-8EAF-C0B7229898F7,GÜVEN ECZANESİ,Sinop,Ayancik,41.94405,34.58832,Sinop,Correct
3A6EC62F-E4A5-4227-914D-C4FDB3C554AE,ÜNLÜ ECZANESİ,Sinop,Gerze,37.88015,41.12558,Batman,Wrong
E65AA68E-BC9C-47DF-A829-C60EB1EB7080,DOLGUN ECZANESİ,Sinop,Gerze,41.80302,35.19836,Sinop,Correct
59D5C71C-1E13-4332-984E-CB44DFA1BD7B,LAÇİN ECZANESİ,Sinop,Merkez,41.84377,35.00754,Sinop,Correct
9C1DA856-142E-4F44-880F-CCA3812A16B5,YAVUZ ECZANESI,Sinop,Ayancik,41.94376,34.58859,Sinop,Correct
8106DEF2-871D-42C0-9F51-CEF9D7E73360,FİLİZ ÇETİNKAYA ERKAYMAZ MUAYENEHANESİ,Sinop,Ayancik,41.94458,34.5878,Sinop,Correct
FDB6864D-B490-4176-AEE0-D08A97EE3722,BOYABAT YAŞAM ASM,Sinop,Boyabat,41.4653,34.77529,Sinop,Correct
B0EF3041-3C5E-411F-968A-D110C572A0A8,AYSEL KARACA ÜNLÜ MUAYENEHANESİ,Sinop,Merkez,42.02183,35.13524,Sinop,Correct
68E861D9-59D5-4DD3-B33D-D2443863D2C7,YAĞMUR ECZANESİ,Sinop,Merkez,42.02625,35.15158,Sinop,Correct
A74FE209-7479-4E56-A048-D29639FC1D53,YENİ ECZANESİ,Sinop,Boyabat,41.46641,34.77373,Sinop,Correct
7A7F5755-5EC6-4781-BAC2-D458645A75CA,İNCİ ECZANESİ,Sinop,Merkez,42.00227,35.0777,Sinop,Correct
19325D95-45E9-4989-A1F7-D676BE8524DA,ANIL ECZANESİ,Sinop,Merkez,42.02725,35.15041,Sinop,Correct
5EDEF6D3-0540-44D2-B19B-D6C94E0BBD74,ÖZLEM ECZANESİ,Sinop,Türkeli,38.24025,34.30761,Aksaray,Wrong
42ACF58C-4A75-43BA-AB88-D92ACFE8EEA5,MESUT SÖNMEZ MUAYENEHANESİ,Sinop,Merkez,37.45476,28.85403,Denizli,Wrong
2CF1050C-00A4-4BEA-A0C6-DB65F9DDC1A9,GÜLÇİN TOKMAK MUAYENEHANESİ,Sinop,Merkez,42.02565,35.14676,Sinop,Correct
611A3770-99D5-4F57-A720-DCF437CB3D3C,ŞİFA ECZANESİ,Sinop,Türkeli,36.76795,28.80242,Muğla,Wrong
52FD4A80-CCEF-4B3D-8F10-DD7DA79D792A,SİNOP MERKEZ GELİNCİK ASM,Sinop,Merkez,42.01847,35.12477,Sinop,Correct
E4770D10-78DB-4062-BA16-DE4847DAE4AE,BURCU ECZANESİ,Sinop,Merkez,42.02767,35.15175,Sinop,Correct
8D72E0A7-40BC-460A-BA52-DE55B8073938,GÖKÇE ECZANESİ,Sinop,Merkez,40.34706,26.68465,Çanakkale,Wrong
FFB801F4-8629-4989-9BE7-DEA0AF473E03,YAŞAM ECZANESİ,Sinop,Boyabat,41.46701,34.77103,Sinop,Correct
687379EC-7B33-4185-9EF4-E28F7641B813,SİNOP TÜRKELİ AİLE SAĞLIĞI MERKEZİ,Sinop,Türkeli,41.94515,34.33891,Sinop,Correct
61E1A65B-E752-4E64-ACB5-E4004340693D,KUMSAL ECZANESİ,Sinop,Erfelek,39.53297,-76.17516,Maryland,Wrong
7F97DF04-755D-4E8D-A3C1-E484818E1EFA,ERFELEK 4 NOLU DERMAN ASM,Sinop,Erfelek,42.0018,35.10583,Sinop,Correct
EEFCA91C-C071-4930-8D29-E5A20D601870,SİNOP MERKEZ ÖMÜR ASM,Sinop,Merkez,42.02606,35.14665,Sinop,Correct
B363351F-390E-4C49-810E-E6402E770D54,ÖZCAN ECZANESİ,Sinop,Boyabat,41.46476,34.77413,Sinop,Correct
DD26D904-E404-4BBF-B013-E7E7F66840DE,YAŞAM ECZANESİ,Sinop,Türkeli,41.80717,35.19852,Sinop,Correct
673C84A9-72CC-4B7F-8F9A-EA73780C7D24,RÜYA ECZANESİ,Sinop,Saraydüzü,41.32885,34.84802,Sinop,Correct
CB609431-A165-4BB5-813C-F01ED71F97FB,ELİF YILMAZ-MUSTAFA AYKUT ALP YILMAZ MUAYENEHANESİ,Sinop,Boyabat,41.46369,34.77767,Sinop,Correct
C1F0B344-5036-4EFB-B7E7-F062B58229AA,15 EYLÜL ASM,Sinop,Merkez,37.82844,28.19476,Aydın,Wrong
737D9699-BDCB-4F5B-AEE8-F0B7AE84C685,GÜÇLÜ ECZANESİ,Sinop,Gerze,41.80372,35.17323,Sinop,Correct
B6BB4061-406B-4B55-9177-F21300F68C98,EKREM DOĞRUÖZ MUAYENEHANESİ,Sinop,Merkez,42.02566,35.15132,Sinop,Correct
A884C4AD-E13E-49E7-BFE5-F246EA57E606,ERFELEK ECZANESİ,Sinop,Erfelek,41.8799,34.90594,Sinop,Wrong
55E74428-DF18-46AE-84A1-F6CF194F8169,ŞİFA ECZANESİ,Sinop,Merkez,42.00317,35.0789,Sinop,Correct
EC0B7E25-1A6F-4B1B-A50F-F6E81A79CA53,YUMUK ECZANESİ,Sinop,Gerze,41.80264,35.19799,Sinop,Correct
D642FF1B-E995-4FE2-AF87-F8616FB0FF33,BOYABAT MERKEZ TSM,Sinop,Boyabat,41.46494,34.76926,Sinop,Correct
3F5B5192-664A-47B4-9A50-F8E3DB43FD1F,BOYABAT KALE AİLE SAĞLIĞI MERKEZİ,Sinop,Boyabat,41.46131,34.77981,Sinop,Correct
D2604FCC-4C54-4158-841A-FC127A91A769,ERFELEK İLÇE DEVLET HASTANESİ,Sinop,Erfelek,41.87989,34.90839,Sinop,Wrong
0671AD8F-1B78-4B3C-AF56-FCE3FD550E93,BOYABAT AİLE SAĞLIĞI MERKEZİ,Sinop,Boyabat,41.46268,34.77976,Sinop,Correct
5339D5AB-DAEA-4C96-8277-FDD750A119F7,NİHAL ECZANESİ,Sinop,Merkez,42.0275,35.15616,Sinop,Correct
29D8CE6E-51CD-483B-B3BF-FEFE99314FAC,TÜRKELİ MERKEZ TSM,Sinop,Türkeli,41.94648,34.33726,Sinop,Correct
8821176A-C6E1-49DA-90FD-FF59296A7DCA,TC.S.B. DURAĞAN ŞEHİT HAKAN TANRIKULU DEVLET HASTANESİ,Sinop,Durağan,41.42016,35.04565,Sinop,Wrong
