UnitId,UnitName,CityName,DistrictName,Latitude,Longitude,DetectedCity,Match
1DB0A95E-F5AA-4BBB-B049-05BD2821DF5D,BİTLİS MERKEZ HÜSREVPAŞA AİLE SAĞLIĞI MERKEZİ,Bitlis,Merkez,38.42455,42.1252,Bitlis,Correct
25877C6D-95B9-49B2-82B9-06CB6351A0FF,BİTLİS AHLAT 1 NOLU AİLE SAĞLIĞI MERKEZİ,Bitlis,Ahlat,38.74805,42.46266,Bitlis,Correct
011CDD25-BF12-4386-B4FD-098259F1E123,HİZAN DERMAN ECZANESİ,Bitlis,Hizan,38.22415,42.42457,Bitlis,Correct
0E6596E8-B6AD-4176-92A2-0C484F1D48D8,BİTLİS AHLAT ŞHT.PYD. AST. ÇAVUŞ HALİT TOPUZ AİLE SAĞLIĞI MERKEZİ,Bitlis,Ahlat,38.75621,42.49719,Bitlis,Correct
5E8BFFDD-5F35-4C56-A1B7-0D72FB9D6FF8,BİTLİS GÜROYMAK DEVLET HASTANESİ,Bitlis,Güroymak,38.56846,42.05178,Bitlis,Correct
EA77057C-929B-420B-82BA-0DF468F1E7A9,MEYDAN ECZANESİ,Bitlis,Merkez,38.40649,42.10757,Bitlis,Correct
EB84A97C-9901-4BAE-B08A-0F7FABCFB9DD,GÖKDAĞ ECZANESİ,Bitlis,Tatvan,39.52667,-76.18356,No Info,No Info
5A1C0669-FE21-4D10-917D-12482508A07A,YAVUZ ECZANESI,Bitlis,Güroymak,38.57719,42.01933,Bitlis,Correct
6CE19F6B-A218-4D14-AFC4-16386ED87EAA,BİTLİS HİZAN DEVLET HASTANESİ,Bitlis,Hizan,38.22719,42.42323,Bitlis,Correct
0C30F802-CE29-4EE5-B3E8-1817B09EB9AA,DEVA ECZANESİ,Bitlis,Güroymak,38.57613,42.02121,Bitlis,Correct
80B3AC5E-E030-4BE2-9961-21E2CBF1EA57,HAYAT ECZANESİ,Bitlis,Merkez,39.35027,-76.41876,No Info,No Info
34708ABA-4B0F-4B56-9776-229FBEBB89B0,ECEM ECZANESİ,Bitlis,Ahlat,38.74802,42.47592,Bitlis,Correct
1C98130E-ACBC-42E7-B646-25C3AC8A5DDE,ŞİFA ECZANESİ,Bitlis,Hizan,38.22503,42.42648,Bitlis,Correct
A1617FD7-C460-447E-A700-25EB77F1D5EF,HALK ECZANESİ,Bitlis,Hizan,38.22524,42.42643,Bitlis,Correct
62881EAE-1C72-46A1-9BFE-2BBAA6641739,IHLAMUR ECZANESİ,Bitlis,Tatvan,38.50164,42.28057,Bitlis,Correct
D2CB8C0C-3C2D-4D03-ACBF-2DF01D566EB7,YENİ HİZAN ECZANESİ,Bitlis,Hizan,38.2217,42.41793,Bitlis,Correct
AB06268C-339A-402C-943D-31BB87C088C8,EMEK ECZANESİ,Bitlis,Güroymak,38.73092,41.48987,Muş,Wrong
126B8DFF-1735-4730-8DA9-3404F97FA368,CAN ECZANESİ,Bitlis,Tatvan,38.509,42.27893,Bitlis,Correct
62F6F98A-7311-4038-99B2-34E23B9A82D9,BİTLİS TATVAN 6 NOLU AİLE SAĞLIĞI MERKEZİ,Bitlis,Tatvan,38.50551,42.28192,Bitlis,Correct
C12AAE20-8969-4215-AE8D-38A67E4BF860,BİTLİS MERKEZ 5 NOLU (AÇSAP) AİLE SAĞLIĞI MERKEZİ,Bitlis,Merkez,38.40309,42.10771,Bitlis,Correct
584966EA-D031-4F7C-BD4C-3AD36C1946FD,SÜPHAN ECZANESİ,Bitlis,Ahlat,38.52342,42.27078,Bitlis,Correct
3762E8DE-89E3-46FD-BAE7-3BC0F33F1EB0,GÜNEŞ ECZANESİ,Bitlis,Merkez,38.42337,42.12552,Bitlis,Correct
9CCBDC82-DB57-46CD-A3F9-3F6E44C5F974,AYBAT ECZANESİ,Bitlis,Merkez,38.42824,42.13086,Bitlis,Correct
6BDDD03C-CC7B-4848-801B-4055CBC683B2,BİTLİS ADİLCEVAZ 1 NOLU AİLE SAĞLIĞI MERKEZİ,Bitlis,Adilcevaz,38.80615,42.74809,Bitlis,Correct
02335103-2C3C-43F9-B800-40B3C65EE860,NİSAN ECZANESİ,Bitlis,Tatvan,39.48347,-76.24116,No Info,No Info
BD238A9C-219D-4299-99A4-418DE04B4A05,BİTLİS TATVAN 1 NOLU AİLE SAĞLIĞI MERKEZİ,Bitlis,Tatvan,38.49441,42.28077,Bitlis,Correct
FFD0EB39-1018-4CE9-8774-46AA0539B1F2,IHLAMUR ECZANESİ,Bitlis,Merkez,38.44788,42.14519,Bitlis,Correct
F032CAE7-3084-44FD-8821-471E0C8CF05C,EYLÜL ECZANESİ,Bitlis,Hizan,39.32327,-76.45476,No Info,No Info
31C7B068-F1BF-4ABA-A585-4B14C209D0A6,HALK ECZANESİ,Bitlis,Merkez,38.22524,42.42643,Bitlis,Correct
62372F56-C9C0-4E84-B402-4F62827DC337,YILDIZ ECZANESİ,Bitlis,Ahlat,38.49241,42.18888,Bitlis,Correct
2F3D780F-DE5B-4DC5-A965-4FFC517E5E53,BAL ECZANESİ,Bitlis,Merkez,38.40362,42.10845,Bitlis,Correct
4B67BFFB-8A69-433A-8426-521B0693B98F,GÖL ECZANESİ,Bitlis,Tatvan,39.54467,-76.15956,No Info,No Info
19A5951D-8D81-48B0-A0F3-533E3C789154,FUAR ECZANESİ,Bitlis,Tatvan,38.48547,42.29474,Bitlis,Correct
762B9670-6F4D-460C-B35E-53959AD5B186,BİTLİS MUTKİ KAVAKBAŞI AİLE SAĞLIĞI MERKEZİ,Bitlis,Mutki,38.48512,41.8225,Bitlis,Correct
9260E68B-B5F8-48FE-8886-562CABF0F60F,BİTLİS AHLAT MERKEZ 2 NOLU ASM,Bitlis,Ahlat,38.75676,42.49698,Bitlis,Correct
72DC1D26-2DB3-4AFC-BAB8-5945E0A31DB9,YENİ ADİLCEVAZ ECZANESİ,Bitlis,Adilcevaz,38.51632,42.28862,Bitlis,Correct
C96B2BFF-240B-41F4-A2A5-599A2D3CA230,ÖZEL TATVAN AĞIZ VE DİŞ KLİNİĞİ,Bitlis,Tatvan,38.4904,42.28985,Bitlis,Correct
1628241F-1212-4717-9907-5E6C2A335ACA,HALK ECZANESİ,Bitlis,Ahlat,37.9411,32.51741,Konya,Wrong
9A72B6C7-54CE-4FB5-9085-5FAEB3658825,ÖZEL TATVAN CAN HASTANESİ,Bitlis,Tatvan,38.49187,42.29117,Bitlis,Correct
62CA6CDD-FA1F-470F-B5DF-638BEE815CEF,ÖZGÜL ECZANESİ,Bitlis,Merkez,38.44878,42.14639,Bitlis,Correct
8B5146DB-E0F6-47A0-A2D1-64979401DCE5,VİTAMİN ECZANESİ,Bitlis,Tatvan,38.5058,42.28014,Bitlis,Correct
04A16339-3986-44C5-8BC9-651D61598F6A,NUR ECZANESİ,Bitlis,Ahlat,38.74737,42.47607,Bitlis,Correct
55260AAF-FDA2-4EB8-A99D-6587AA85DD98,BİTLİS GÜROYMAK 1 NOLU AİLE SAĞLIĞI MERKEZİ,Bitlis,Güroymak,38.57838,42.01641,Bitlis,Correct
B9FCF942-4268-4220-AD80-6A4CC914294F,NİL ECZANESİ,Bitlis,Tatvan,38.50251,42.28099,Bitlis,Correct
480D1E95-57F6-4B8D-97B8-6BB2E10D5018,ÖZYEŞİL ECZANESİ,Bitlis,Merkez,38.42314,42.12535,Bitlis,Correct
5488C6E8-51DF-4C0E-BC4A-6D1826C7CB06,ÖZEL TATVAN DÜNYA DİŞ KLİNİĞİ,Bitlis,Tatvan,38.5007,42.2817,Bitlis,Correct
BDF412AD-4003-4419-B844-6DA2D345863C,KAĞAN ECZANESİ,Bitlis,Adilcevaz,38.80241,42.7378,Bitlis,Correct
0AB35FDF-0150-4180-88C1-6DC4D21CF136,TARÇIN ECZANESİ,Bitlis,Tatvan,38.50787,42.28489,Bitlis,Correct
53E643A3-41A0-4512-A9E1-77147B27A979,ŞİFA ECZANESİ,Bitlis,Güroymak,38.22503,42.42648,Bitlis,Correct
76C7AF14-0D9E-4652-865D-78F9B5D460BD,BİTLİS ECZANESİ,Bitlis,Merkez,38.92097,-76.99116,No Info,No Info
F27AA1A7-3AA4-4343-B8FD-79EFCB7398ED,BİTLİS ADİLCEVAZ MERKEZ TSM,Bitlis,Adilcevaz,38.80931,42.7322,Bitlis,Correct
DCD2B40F-5937-4F6C-A1CB-7A8F9226C71C,LOKMAN HEKİM ECZANESİ,Bitlis,Tatvan,38.49538,42.28778,Bitlis,Correct
990D039E-C2A2-4A5A-98CE-7BB760A8335D,BULVAR ECZANESİ,Bitlis,Adilcevaz,38.49207,42.2886,Bitlis,Correct
D1CB347B-0E73-49EE-B959-7D4A67F7A15E,HALK ECZANESİ,Bitlis,Güroymak,38.22524,42.42643,Bitlis,Correct
257DBD41-14EE-43B0-B88D-7DDBC169696F,SAĞLIK ECZANESİ,Bitlis,Hizan,38.22511,42.42807,Bitlis,Correct
5F00FBF6-3F5F-44B9-9624-8023B4D544C4,UMUT ECZANESİ,Bitlis,Merkez,38.94347,-76.96116,No Info,No Info
0E30BDFA-1AEF-4853-A334-812C0548780B,HAYAT ECZANESİ,Bitlis,Tatvan,38.50978,42.27993,Bitlis,Correct
96E3D52F-00AB-4908-95C3-8284D5E1F5E9,BİTLİS MERKEZ 7 NOLU TOKİ AİLE SAĞLIĞI MERKEZİ,Bitlis,Merkez,38.4894,42.16113,Bitlis,Correct
959928A8-DD6B-46D7-981C-8356213967E0,UĞUR ECZANESİ,Bitlis,Güroymak,38.57669,42.01975,Bitlis,Correct
9B4EC1CD-BB68-4CA1-A73A-83BB971598D2,BİTLİS TATVAN YAŞAM AİLE SAĞLIĞI MERKEZİ,Bitlis,Tatvan,38.50628,42.27956,Bitlis,Correct
CB203604-A966-4EAD-ACEB-8623C17446F7,MAVİ ECZANESİ,Bitlis,Adilcevaz,38.80067,42.7639,Bitlis,Correct
C9AB5805-B35F-480B-A755-868B2A3101FF,TURAN ECZANESİ,Bitlis,Güroymak,38.9972,41.49309,Muş,Wrong
3DF5A8E6-412F-4099-95B7-89B82698B74F,BİTLİS TATVAN MERKEZ TSM,Bitlis,Tatvan,38.49985,42.28408,Bitlis,Correct
C9B6ACD6-86E8-4A2A-9EE1-89B8A888A592,DENİZ ECZANESİ,Bitlis,Tatvan,38.52138,42.27421,Bitlis,Correct
754AA1E6-84E1-4CC4-8BB2-8BFCC208CB02,EMRE ECZANESİ,Bitlis,Adilcevaz,38.79703,42.76752,Bitlis,Correct
B2CA818B-D80D-49EF-84C1-8C9D9F5F23A9,MUTLU ECZANESİ,Bitlis,Tatvan,38.49082,42.18667,Bitlis,Correct
79ECC814-F7B7-469D-BD0F-8DC8AE998BD0,ZÜMRÜT ECZANESİ,Bitlis,Merkez,38.42308,42.12531,Bitlis,Correct
5647DD54-282C-4445-B267-9111EA4564E9,ŞEKER ECZANESİ,Bitlis,Ahlat,38.49151,42.18768,Bitlis,Correct
7871C9F4-FAD0-4988-8175-916B81031DDF,TATVAN ECZANESİ,Bitlis,Tatvan,38.5022,42.27428,Bitlis,Correct
97BE77D3-A7FB-47BC-9F68-91E2A3C6B9C4,KAYA MUMCUOĞLU MUAYENEHANESİ,Bitlis,Tatvan,38.49583,42.2871,Bitlis,Correct
FA8C00C9-8066-451A-AE65-95855867B9EE,TATLISU ECZANESİ,Bitlis,Ahlat,38.49247,42.28197,Bitlis,Correct
AEFB551D-D9F4-48D6-83DF-9C295A1C1D2D,CAN ECZANESİ,Bitlis,Mutki,38.40994,41.92318,Bitlis,Correct
EBD0A6EF-6200-49DB-BB7C-9C3E5E9037A3,ARYA ECZANESİ,Bitlis,Merkez,39.49337,-76.22796,No Info,No Info
8764F44A-CA08-4F29-B6A0-9E8218A589D0,BİTLİS AĞIZ VE DİŞ SAĞLIĞI MERKEZİ,Bitlis,Merkez,38.44608,42.14279,Bitlis,Correct
AB16D9CF-16BD-4400-A222-A3CF4ABA313C,DÜNYA ECZANESİ,Bitlis,Tatvan,38.50099,42.28259,Bitlis,Correct
3F400887-2F97-4120-906D-A5305D5CD991,ÇAĞLA ECZANESİ,Bitlis,Tatvan,38.49037,42.29001,Bitlis,Correct
C9F36B31-378A-4684-BFE1-A77A3CD27E43,GÜROYMAK MERKEZ TSM,Bitlis,Güroymak,38.55754,42.02687,Bitlis,Correct
8062F119-98DC-4F68-ABEA-A8062E683214,BİTLİS TATVAN ŞAHİDE ELVAN TURĞUT AİLE SAĞLIĞI MERKEZİ,Bitlis,Tatvan,38.50477,42.27349,Bitlis,Correct
C7617ADB-9231-44D4-B456-AAE7444669E1,MÜJDE ECZANESİ,Bitlis,Güroymak,38.5769,42.0193,Bitlis,Correct
49DE0801-1589-43F4-8366-AAFD0F40B4DD,ÖZEL BİTLİS ÖZLÜK DENT DİŞ KLİNİĞİ,Bitlis,Merkez,39.26837,-76.52796,No Info,No Info
90954939-E14B-4C42-B1A0-AB41CE919AE0,ÖZEL TATVAN BURDADENT DİŞ KLİNİĞİ,Bitlis,Tatvan,38.50656,42.28021,Bitlis,Correct
CBF3CBDE-1F09-4810-A9B2-AD6F98AEA8DC,MERKEZ ECZANESİ,Bitlis,Merkez,39.34127,-76.43076,No Info,No Info
E48E67D9-8CAF-4547-B182-ADB861CC2872,DAMLA ECZANESİ,Bitlis,Tatvan,38.48688,42.29213,Bitlis,Correct
C1055A2A-6C7B-42FD-B1D0-AE95C3155C49,BİTLİS TATVAN MERKEZ 4 NOLU AİLE SAĞLIĞI MERKEZİ,Bitlis,Tatvan,39.67517,-75.98556,No Info,No Info
B871B888-6DDA-4A59-A8BD-B0C4040A8986,DERMAN ECZANESİ,Bitlis,Ahlat,38.75213,42.48401,Bitlis,Correct
5C54FEBB-C22C-4CB1-99EA-B4B5A06BDBC9,BİTLİS GÜROYMAK GÖLBAŞI AİLE SAĞLIĞI MERKEZİ,Bitlis,Güroymak,38.63395,42.09356,Bitlis,Correct
3F651D61-54AC-4A3A-AA02-B93697756C8E,DEVA ECZANESİ,Bitlis,Tatvan,38.50703,42.22706,Bitlis,Correct
C3A81C81-044D-4928-8841-B983917A709B,ŞİFA ECZANESİ,Bitlis,Tatvan,38.50678,42.2853,Bitlis,Correct
BB84ED5E-31D3-4995-B635-BBFC635F0146,ZEHRA ECZANESİ,Bitlis,Tatvan,38.44268,42.14061,Bitlis,Correct
5D5B1C25-A99C-4B8D-B7D7-BCBE8857AF57,ÖZEL DENT CENTER TATVAN,Bitlis,Tatvan,38.4946,42.28745,Bitlis,Correct
0141A82B-C6C0-456D-ACFA-C1320CEEE543,BİTLİS TATVAN 3 NOLU AİLE SAĞLIĞI MERKEZİ,Bitlis,Tatvan,38.48457,42.29427,Bitlis,Correct
A32D063F-17D5-4BC2-8F02-C20BA5052C36,EREN ECZANESİ,Bitlis,Merkez,38.44298,42.142,Bitlis,Correct
99D67343-24AC-434E-992B-C50237A731C6,BİTLİS TATVAN 2 NOLU AİLE SAĞLIĞI MERKEZİ,Bitlis,Tatvan,38.5201,42.29485,Bitlis,Correct
AD17CF9E-64CE-47B4-965C-C76201E0A386,YENİ GÜN ECZANESİ,Bitlis,Adilcevaz,38.50768,42.2865,Bitlis,Correct
497D156A-0BA0-4CF0-A816-C7B29D5D4052,ESEN ECZANESİ,Bitlis,Adilcevaz,39.59957,-76.08636,No Info,No Info
6F451A50-2726-4125-985D-C8D99D046D23,RİHAN ECZANESİ,Bitlis,Ahlat,38.74969,42.47807,Bitlis,Correct
026FC520-FCF2-4CBE-AD33-CDDFD0F8C18A,ULUSOY ECZANESİ,Bitlis,Tatvan,38.49199,42.28865,Bitlis,Correct
055DEF77-B9F0-403F-80CD-D0C95174806D,ÖZEL ADA DİŞ KLİNİĞİ,Bitlis,Tatvan,38.49959,42.28164,Bitlis,Correct
DA8D149A-BDD2-41F4-94D7-D34FBB377FB0,BİTLİS MUTKI İLÇE HASTANESI,Bitlis,Mutki,38.40904,41.92198,Bitlis,Correct
F92DCD42-2F9D-4F43-995F-D3E24C0B95C2,BİTLİS MERKEZ 8 AĞUSTOS AİLE SAĞLIĞI MERKEZİ,Bitlis,Merkez,38.39289,42.12536,Bitlis,Correct
E28A4FCB-A6C1-468D-92A4-D47EADB42473,SU ECZANESİ,Bitlis,Tatvan,39.53117,-76.17756,No Info,No Info
15153C55-2BFD-465C-A7EB-D6037905070E,SAĞLIK ECZANESİ,Bitlis,Adilcevaz,38.79993,42.73287,Bitlis,Correct
D76C00EA-75F7-4BDF-99B3-D70E6E9008EB,DEFNE ECZANESİ,Bitlis,Tatvan,38.48677,42.29137,Bitlis,Correct
1019E5D1-93AD-4400-90C1-D748CF03D93A,BİTLİS MERKEZ 1 NOLU ASM,Bitlis,Merkez,38.22508,42.42651,Bitlis,Correct
4F7284A5-F095-4158-A8C4-DD8A71D8BC7D,ERDEM ECZANESİ,Bitlis,Tatvan,38.49282,42.28803,Bitlis,Correct
633C5CBB-FBCD-4A82-9282-E24EF93E6789,AHLAT ECZANESİ,Bitlis,Ahlat,38.75408,42.49022,Bitlis,Correct
862EA984-3044-4383-B2DF-E6C16D2A5520,ALTINDAL ECZANESİ,Bitlis,Tatvan,38.49101,42.18697,Bitlis,Correct
2D0E3CA0-6129-446D-B99B-E7658EF184A5,BİTLİS ADİLCEVAZ ONKOLOJİ HASTANESİ,Bitlis,Merkez,38.79919,42.76458,Bitlis,Correct
A3F6D3FF-66EB-446D-A1A6-E9C9781F2367,EYİGÜN DİŞ KLİNİĞİ,Bitlis,Tatvan,38.49384,42.28667,Bitlis,Correct
FCECCDE9-35AA-4DDC-9B4B-ED8429B47431,YENİ GÜVEN ECZANESİ,Bitlis,Tatvan,38.50498,42.2829,Bitlis,Correct
26E33196-5C57-4A0D-BCF7-EEDADD6A3612,ATALAY ECZANESİ,Bitlis,Ahlat,38.74815,42.47667,Bitlis,Correct
52D66970-D5E9-4802-BB4C-F155E6B48885,BİTLİS AHLAT DEVLET HASTANESI,Bitlis,Ahlat,38.74765,42.47724,Bitlis,Correct
B0DAF800-7F7C-42AA-9BEB-F18643E2A818,GÜROYMAK DİŞ KLİNİĞİ,Bitlis,Güroymak,38.57646,42.02023,Bitlis,Correct
761632D2-C7CB-48FD-B17D-F1E33CADFAB8,BÜŞRA ECZANESİ,Bitlis,Merkez,38.42469,42.12599,Bitlis,Correct
37637486-E6B1-4AC4-A2D7-F28B1C3A6447,BİTLİS 112 KOMUTA KONTROL MERKEZİ,Bitlis,Merkez,38.41394,42.11919,Bitlis,Correct
2F87576D-545E-4361-85B4-F2C0C17F8EB7,ÖZEL DENTALP AHLAT DİŞ KLİNİĞİ,Bitlis,Ahlat,38.75398,42.49255,Bitlis,Correct
99DCD6CB-4002-4548-A6E7-F552EDB02131,İLKAY ECZANESİ,Bitlis,Merkez,38.44698,42.14399,Bitlis,Correct
3960A9E7-2936-4582-BA12-F62D8459C060,BİTLİS DEVLET HASTANESI,Bitlis,Merkez,38.44358,42.14181,Bitlis,Correct
9BBA3BC5-77C7-41A3-A2F2-F710748D110B,TOPRAK ECZANESİ,Bitlis,Merkez,38.40081,42.10885,Bitlis,Correct
C28C12CB-AD05-477E-9C99-F997421B80E0,HİZAN GİZEM ECZANESİ,Bitlis,Tatvan,38.50588,42.2841,Bitlis,Correct
4E86E47B-CCF6-4BEE-9220-F9DC8B585275,BİTLİS TATVAN DEVLET HASTANESI,Bitlis,Tatvan,38.50799,42.28498,Bitlis,Correct
2DACAAC9-1446-48C1-A5DB-FA49B1E44737,ÖZEL BİTLİS DİDEBAN DİŞ KLİNİĞİ,Bitlis,Merkez,38.15135,40.97236,Diyarbakır,Wrong
84E70915-147F-4C88-8DD2-FD2A550BCA46,NUR ECZANESİ,Bitlis,Tatvan,38.74737,42.47607,Bitlis,Correct
