UnitId,UnitName,CityName,DistrictName,Latitude,Longitude,DetectedCity,Match
9BA3689A-D7B3-4811-A68A-0225DBF6F97B,YOZGAT KAMU HASTANELERİ BİRLİĞİ GENEL SEKRETERLİĞİ,Yozgat,Merkez,39.82899,34.81692,Yozgat,Correct
10944815-5139-499B-8573-04CEAA9E85E4,ENİSE NUR ECZANESİ,Yozgat,Sorgun,39.81523,35.16417,Yozgat,Correct
EA455780-A2EF-4C70-A4F8-069D6FBB9969,LEYLA ECZANESİ,Yozgat,Merkez,39.82515,34.81516,Yozgat,Correct
37F9488D-6C37-4FBB-8E1C-093FA56B0F7F,ÇAKIR ECZANESİ,Yozgat,Merkez,39.81794,34.79798,Yozgat,Correct
8A204DF2-91C5-41D9-8FAE-0988505BE8C4,YOZGAT SORGUN ŞEHİT ÖMER HALİSDEMİR 3 NOLU AİLE SAĞLIĞI MERKEZİ,Yozgat,Sorgun,39.81318,35.20064,Yozgat,Correct
7D3E592C-21CE-43C1-8DE8-0D51DE0024D1,YOZGAT MERKEZ 7 NOLU AİLE SAĞLIĞI MERKEZİ,Yozgat,Merkez,39.81587,34.79888,Yozgat,Correct
D4DC24E8-BFCB-47AC-99BC-0DD8073384A5,YOZGAT YERKÖY DEVLET HASTANESI,Yozgat,Yerköy,39.64137,34.46177,Yozgat,Correct
D276E17E-0BD4-4649-8A50-0E1A7A8D43E8,ÖZLEM ŞİMŞEK TANIN MUAYENEHANESİ,Yozgat,Merkez,40.901,28.9132,İstanbul,Wrong
9FC6A4EB-400E-4CDD-A112-0E67A77AB502,DERE ECZANESİ,Yozgat,Akdağmadeni,39.65925,35.88374,Yozgat,Correct
0B85F50A-9058-4D51-9496-0E7DD3116E04,FATİH ECZANESİ,Yozgat,Kadişehri,39.99782,35.79194,Yozgat,Correct
44698F29-EE42-4FEA-B047-0EBD9063752B,YOZGAT AYDINCIK DEVLET HASTANESİ,Yozgat,Aydincik,40.13491,35.28935,Yozgat,Correct
07A8F7E1-B164-44AB-8A4A-10A74F4695D8,HELİN ECZANESİ,Yozgat,Yerköy,39.63384,34.45636,Yozgat,Correct
F265A5EF-ED22-49D3-9ECD-10CE8066F27D,USLU ECZANESİ,Yozgat,Merkez,39.23687,-76.56996,Baltimore,Wrong
BFA43286-E0AD-4A99-8309-111D4698F701,YOZGAT SORGUN MERKEZ 6 NOLU AİLE SAĞLIĞI MERKEZİ,Yozgat,Sorgun,39.81256,35.18315,Yozgat,Correct
7B9C930A-2C9B-41F8-848F-113A83F0E6A2,YAĞMUR ECZANESİ,Yozgat,Sarikaya,39.49625,35.37871,Yozgat,Correct
03EF5F2E-EDB7-447B-9020-118AF8D57827,YOZGAT ŞEFAATLİ MERKEZ 1 NOLU AİLE SAĞLIĞI MERKEZİ,Yozgat,Şefaatli,39.49532,34.75646,Yozgat,Correct
51EA46D3-8AA0-4DEA-8872-14773B17F51C,BÜYÜKATA ECZANESİ,Yozgat,Şefaatli,39.64062,34.46621,Yozgat,Correct
4F442ACB-BD91-4FA1-8B4E-14BE3886243E,YOZGAT AKDAĞMADENİ DR.V.BÜLENT OĞUZ AİLE SAĞLIĞI MERKEZİ,Yozgat,Akdağmadeni,39.67297,35.87469,Yozgat,Correct
388B5495-0252-4DE3-9FAA-162406DB78A3,NİYAZİ DOĞAN MUAYENEHANESİ,Yozgat,Sarikaya,40.8225,28.9937,İstanbul,Wrong
382AA1B8-7A4B-4F54-9116-1839CE4A087F,GÜL ECZANESİ,Yozgat,Çekerek,40.06987,35.49395,Yozgat,Correct
4213B49C-75C3-42CA-9628-1A0441C5698E,YOZGAT MERKEZ 1 NOLU AİLE SAĞLIĞI MERKEZİ,Yozgat,Merkez,39.8163,34.80634,Yozgat,Correct
FF784A3B-A382-4BFF-92E9-1BE7B3149889,HAYAT ECZANESİ,Yozgat,Boğazliyan,39.8178,34.80213,Yozgat,Correct
81D3FB76-19B0-44AC-B94F-1D288BED1458,YOZGAT MERKEZ 3 NOLU AİLE SAĞLIĞI MERKEZİ,Yozgat,Merkez,39.82507,34.81486,Yozgat,Correct
897FA41B-659F-4CCD-BDFA-1E46D0297571,YOZGAT SARIKAYA MERKEZ 1 NOLU AİLE SAĞLIĞI MERKEZİ,Yozgat,Sarikaya,39.49151,35.38469,Yozgat,Correct
50B25DE5-6EF9-42AF-963D-1F8C02031061,YOZGAT SARİKAYA DEVLET HASTANESI,Yozgat,Sarikaya,39.48672,35.39162,Yozgat,Correct
1E41F76B-E5F3-445B-ADC4-20B4C4BE8C01,YOZGAT YERKÖY MERKEZ 4 NOLU AİLE SAĞLIĞI MERKEZİ,Yozgat,Yerköy,39.63632,34.47,Yozgat,Correct
D5663A50-F16C-4B25-A6F5-22F1B481FA77,BENİM ECZANESİ,Yozgat,Merkez,39.10727,-76.74276,Maryland,Wrong
0FEE7A92-B9E5-45F8-AFA0-2465C3D4F5AE,SEMA ECZANESİ,Yozgat,Akdağmadeni,39.65934,35.87871,Yozgat,Correct
8D9B4CC5-E8DB-44B2-AEF9-25E9D16C5EDA,YOZGAT AKDAĞMADENİ MERKEZ 3 NOLU AİLE SAĞLIĞI MERKEZİ,Yozgat,Akdağmadeni,39.67387,35.87589,Yozgat,Correct
44AFCDF3-A54F-44EE-83AE-270E3ECB5C53,DOĞAN ECZANESİ,Yozgat,Sarikaya,39.49485,35.37711,Yozgat,Correct
66959CDD-BB09-4CE7-8AF2-27F674D95645,ZÜLÜF ECZANESİ,Yozgat,Yerköy,39.65435,34.45944,Kırşehir,Wrong
0068F0F7-236A-48AF-8A80-2979E0D704B3,ŞENEL ECZANESİ,Yozgat,Akdağmadeni,39.66023,35.88073,Yozgat,Correct
5EB609F1-14F3-47F2-B72A-2B7F495BB966,KADIŞEHRİ İLÇE HASTANESİ,Yozgat,Kadişehri,39.99792,35.79192,Yozgat,Correct
92742D49-4879-4882-B78E-2FDB2140A282,ESENTEPE ECZANESİ,Yozgat,Merkez,39.83017,34.83409,Yozgat,Correct
5E823650-81BF-43E6-959C-30E9AB36AEF4,SORGUN DEVLET HASTANESİNE BAĞLI AĞIZ VE DİŞ SAĞLIĞI POLİKLİNİĞİ,Yozgat,Sorgun,39.81613,35.16537,Yozgat,Correct
6F95E5DF-6CB0-4898-B110-351BF4248BA7,MİRAÇ ECZANESİ,Yozgat,Merkez,39.99541,35.79407,Yozgat,Correct
8310E242-C14C-466F-A114-3702B982A009,ŞİFA ECZANESİ,Yozgat,Merkez,39.82213,34.80588,Yozgat,Correct
A274491A-AB9F-4B31-9111-38060E785CB1,YEŞİL ECZANESİ,Yozgat,Sorgun,39.81233,35.18796,Yozgat,Correct
83F68E18-FDB4-4BA1-98F0-38AB3C120853,İMAMOĞLU ECZANESİ,Yozgat,Boğazliyan,39.81797,34.80219,Yozgat,Correct
43B58169-6435-4421-A6D6-394083128D22,KAYA ECZANESİ,Yozgat,Yerköy,39.63916,34.46958,Yozgat,Correct
2D629AC5-CD64-46FC-9950-3D758ED2FDE8,KOÇAK ECZANESİ,Yozgat,Sorgun,39.80536,35.18815,Yozgat,Correct
DB49B0E5-E178-4C67-BD9E-40B8ACDAAB76,SARIKAYA ECZANESİ,Yozgat,Sarikaya,39.48589,35.37282,Yozgat,Correct
66A7D2F4-61A2-473B-98DB-4474912CEC2A,YILDIZ ECZANESİ,Yozgat,Sarikaya,39.49393,35.3759,Yozgat,Correct
664282CF-FFF2-4313-B8E1-44ECD95F4B2B,YILDIZ ECZANESİ,Yozgat,Çekerek,39.66056,35.88263,Yozgat,Correct
DB27E532-B9BE-4A49-A1BE-46310A135E09,YÜCEL ECZANESİ,Yozgat,Yenifakili,39.21187,35.00298,Yozgat,Correct
D9386443-EAF0-4C19-A608-46CACE85C2E2,YOZGAT ÇAYIRALAN AİLE SAĞLIĞI MERKEZİ,Yozgat,Çayiralan,39.30534,35.65145,Yozgat,Correct
9493AFF9-0E70-4AA2-9EFC-47914EE21051,MUTLU ECZANESİ,Yozgat,Sorgun,39.21797,-76.59516,Maryland,Wrong
37CAF4C8-8E3F-42CC-AF30-4801A4D2564E,İNCE ECZANESİ,Yozgat,Yerköy,39.63927,34.46815,Yozgat,Correct
443210D8-A3DC-41A5-AAD3-4BFA21A8D9B3,YOZGAT MERKEZ 10 NOLU AİLE SAĞLIĞI MERKEZİ,Yozgat,Merkez,39.82331,34.8092,Yozgat,Correct
90301612-9268-4A57-99CA-4CADBC332346,ÖZEL HACETTEPE DİŞ KLİNİĞİ,Yozgat,Merkez,39.82313,34.813,Yozgat,Correct
3AF0AC95-1DF0-46F4-B72B-4CC05D462C26,YOZGAT MERKEZ 2 NOLU AİLE SAĞLIĞI MERKEZİ,Yozgat,Merkez,39.83314,34.78623,Yozgat,Correct
962691C6-393C-472E-948D-4DC487ED841A,DENİZ ECZANESİ,Yozgat,Boğazliyan,39.18249,35.2395,Yozgat,Correct
327CE262-59ED-49AF-969D-4E2D20718ADC,YOZGAT SARAYKENT MERKEZ AİLE SAĞLIĞI MERKEZİ,Yozgat,Saraykent,39.6922,35.5131,Yozgat,Correct
FECCC6D4-A61B-4981-8035-4EC64F2041EF,ÇAKIROĞLU ECZANESİ,Yozgat,Çekerek,39.30011,35.64314,Yozgat,Correct
B8DCCB8E-1D5C-4A90-96DE-4F1F3BFDFA32,TAŞKIN ECZANESİ,Yozgat,Sarikaya,39.49299,35.38437,Yozgat,Correct
BDB0E452-38C6-4B6E-820F-5044D8F93F85,HANDE ECZANESİ,Yozgat,Sarikaya,39.49209,35.38317,Yozgat,Correct
E491568A-83D6-41C7-B874-531B7C620D1D,NİHAN ECZANESİ,Yozgat,Saraykent,39.69093,35.51176,Yozgat,Correct
FD8BC1A3-DFD3-43E9-9247-548B48D2474D,BOLAT ECZANESİ,Yozgat,Sorgun,39.81965,35.18987,Yozgat,Correct
3E0160F8-C734-48EB-91CE-55994A5B9259,ÇEKEREK MERKEZ TSM,Yozgat,Çekerek,40.07027,35.48727,Yozgat,Correct
BFA5D062-AE19-407E-A5E5-55B0BD96D124,TURAN ECZANESİ,Yozgat,Akdağmadeni,39.66284,35.87657,Yozgat,Correct
92E1EC26-C9B1-4E38-BC35-55CB8EDD8419,BAHAR ECZANESİ,Yozgat,Merkez,39.82342,34.80915,Yozgat,Correct
4CC5872F-3282-432A-96B8-563700B8D56E,AKIN ECZANESİ,Yozgat,Kadişehri,39.99349,35.78953,Yozgat,Correct
36AE6066-6385-4803-99B7-56E86C55C0D7,ÇANDIR İLÇE DEVLET HASTANESİ,Yozgat,Çandir,40.8145,33.07504,Çankırı,Wrong
107D8D59-6F99-428C-B858-57A6E0E57D21,DERMAN ECZANESİ,Yozgat,Sarikaya,39.49438,35.3765,Yozgat,Correct
1058051E-C2D1-4733-8C2D-5977F63B3CEA,AHSEN DİŞ KLİNİĞİ,Yozgat,Sorgun,39.80958,35.19226,Yozgat,Correct
1ED4EFC3-22FC-4E50-8ED3-59D97A4F9170,PİADENT ESTETİK DİŞ KLİNİĞİ,Yozgat,Sorgun,39.81009,35.18748,Yozgat,Correct
AFC4339C-C503-483F-B7EF-5AB7DD635800,YOZGAT AKDAĞMADENİ DEVLET HASTANESİ,Yozgat,Akdağmadeni,39.66485,35.86889,Yozgat,Correct
4EA94C64-279F-45F2-BABC-61A71BCB56FB,YOZGAT AKDAĞMADENİ MERKEZ 2 NOLU AİLE SAĞLIĞI MERKEZİ,Yozgat,Akdağmadeni,39.65714,35.89161,Yozgat,Correct
D2274948-4D8B-4F02-82F6-625CFC6D6883,YOZGAT SORGUN DOĞANKENT AİLE SAĞLIĞI MERKEZİ,Yozgat,Sorgun,39.68034,35.42955,Yozgat,Correct
4B5D51AD-7B60-4F53-BBDE-62C858445FBE,YOZGAT SORGUN MERKEZ 2 NOLU AİLE SAĞLIĞI MERKEZİ,Yozgat,Sorgun,39.81557,35.17543,Yozgat,Correct
D4DA361F-2ED9-403B-9855-62F71A5D567B,ZİHNİ ÖZTÜRK MUAYENEHANESİ,Yozgat,Akdağmadeni,40.9122,29.2295,İstanbul,Wrong
D64C62CB-5546-4299-96EE-642552E83BA5,DAMLA ECZANESİ,Yozgat,Merkez,39.81759,34.78775,Yozgat,Correct
468DFBBA-6CAA-4860-AB2B-660455A190D5,TIRAŞOĞLU ECZANESİ,Yozgat,Sorgun,39.81316,35.20064,Yozgat,Correct
4B1565E9-10F2-4C5B-8CAA-6610B765A49F,YOZGAT SORGUN EYMİR AİLE SAĞLIĞI MERKEZİ,Yozgat,Sorgun,40.01916,35.20535,Yozgat,Correct
2AD9FE9C-2DD7-4BE4-B959-6782130A74D4,ÖZEL YOZGAT GÖKMEDRESE DİYALİZ MERKEZİ,Yozgat,Merkez,38.39965,33.42032,Aksaray,Wrong
CE1FA186-8AD2-4F4E-9CAC-687877F46569,YAKUP GÜRCÜ MUAYENEHANESİ,Yozgat,Yerköy,41.1989,28.8461,İstanbul,Wrong
3A9AFEE0-2340-4B0A-B45E-6AE104F4280B,YILDIZLAR ECZANESİ,Yozgat,Akdağmadeni,39.66054,35.88166,Yozgat,Correct
F4357C48-B8B8-44F7-A6E6-6AF56543AD3A,MERVE ECZANESI,Yozgat,Merkez,39.63827,-76.03476,Maryland,Wrong
4ECC67E0-B419-44BB-8C15-6DD495E70071,YAMAÇLI ECZANESI,Yozgat,Boğazliyan,39.30705,35.65005,Yozgat,Correct
9B64398D-7AB2-40B3-8ADE-6EF8114FF6B3,YEŞER ECZANESİ,Yozgat,Merkez,39.82341,34.80859,Yozgat,Correct
E6B14500-CE24-4373-A3A2-6F451545354A,ARI ECZANESİ,Yozgat,Merkez,39.07146,35.12766,Yozgat,Correct
16D0ECEA-9A7A-4CE6-B960-71702E028664,YOZGAT SARIKAYA MERKEZ 2 NOLU AİLE SAĞLIĞI MERKEZİ,Yozgat,Sarikaya,39.49824,35.36908,Yozgat,Correct
09BC03F3-B76B-4202-9833-7249E1107161,KÜBRA ECZANESİ,Yozgat,Sorgun,39.81343,35.16177,Yozgat,Correct
276F4388-559F-4787-838C-73C7623A0792,OKTAY ECZANESİ,Yozgat,Sorgun,39.81034,35.18402,Yozgat,Correct
EC920F7D-A41B-4CB4-BAF7-7483C55F4A81,YOZGAT BOĞAZLIYAN MERKEZ 2 NOLU AİLE SAĞLIĞI MERKEZİ,Yozgat,Boğazliyan,39.18863,35.25077,Yozgat,Correct
5180A442-EB5D-43F6-9D3E-749E25B166AE,TURKUVAZ AĞIZ VE DİŞ SAĞLIĞI KLİNİĞİ,Yozgat,Sorgun,39.80814,35.18852,Yozgat,Correct
66FECF90-9358-4E5E-A192-75679371E39E,ŞEFAATLİ ŞEHİT OSMAN BELKAYA DEVLET HASTANESİ,Yozgat,Şefaatli,39.49862,34.75922,Yozgat,Correct
FA16DA27-A714-4A9D-9FD9-756A2E4E9A21,DERYA ECZANESİ,Yozgat,Merkez,39.82514,34.81512,Yozgat,Correct
D73B4CF2-3854-4FF7-99D2-77272203DA33,FATİH ECZANESİ,Yozgat,Çandir,39.24347,35.51556,Yozgat,Correct
85AAD903-D23C-48FC-A5D2-776151502EDA,ÖZEL BOZOK DİŞ KLİNİĞİ,Yozgat,Merkez,39.26927,-76.52676,Dundalk,Wrong
84D2AADC-4D52-43DE-8EF3-78F417C7CFF1,SÜRMELİ ECZANESİ,Yozgat,Merkez,37.88122,32.49327,Konya,Wrong
D34F3973-AB86-4821-B1A4-7955E4C623A3,YAŞAM ECZANESİ,Yozgat,Merkez,39.83085,34.82445,Yozgat,Correct
2BB2E4DA-DE36-4F95-B04C-79CBAA94688E,DİLAN ECZANESİ,Yozgat,Yerköy,39.63792,34.46895,Yozgat,Correct
3D6F9A5E-AA51-4FAC-A2CF-7C4E7CB02CEA,ÖZEL LAŞARA HASTANESİ,Yozgat,Sorgun,39.80725,35.18812,Yozgat,Correct
87B466FF-B9D6-4C40-B429-7CF68975853D,BEŞTAŞ ECZANESİ,Yozgat,Aydincik,39.6652,35.88308,Yozgat,Correct
2A26DFA2-B52F-453C-8FB7-7D4F233288B2,ANADOLU ECZANESİ,Yozgat,Sorgun,39.81433,35.16297,Yozgat,Correct
2AAD2AE9-F3AE-45D0-B434-7E1171C43354,YOZGAT MERKEZ 4 NOLU AİLE SAĞLIĞI MERKEZİ,Yozgat,Merkez,39.82878,34.83247,Yozgat,Correct
0221E930-EF55-45B2-B06C-7E1D0E83F7CF,SEDALİN ECZANESİ,Yozgat,Merkez,39.36107,-76.40436,Maryland,Wrong
3C4A6EA6-63C5-4B46-BB14-7E8E4E30C8E4,SAYDAM ECZANESİ,Yozgat,Sorgun,38.69534,35.54043,Kayseri,Wrong
3FE6DAFD-BFD1-4BC1-9ABD-85F9022CE64D,YOZGAT YERKÖY 5 NOLU AİLE SAĞLIĞI MERKEZİ,Yozgat,Yerköy,39.6354,34.46031,Yozgat,Correct
B6B263DE-EC44-4222-B3A8-8782DED221AE,YOZGAT AĞIZ VE DİŞ SAĞLIĞI MERKEZI,Yozgat,Merkez,39.83137,34.82285,Yozgat,Correct
838CC875-1C0F-46E2-BE2B-884230F2DD06,ÇAYIRALAN MERKEZ TSM,Yozgat,Çayiralan,39.30992,35.64679,Yozgat,Correct
0FF32F39-7B67-456F-8AF7-8973F3B3BBC3,ÖZEL SORGUN GÜVEN HASTANESI,Yozgat,Sorgun,39.80868,35.18633,Yozgat,Correct
D99CF96F-24E0-4439-8200-8B3BBC18A0D3,DEDEOĞLU ECZANESİ,Yozgat,Boğazliyan,39.55654,35.38472,Yozgat,Correct
FDFD4928-BD6E-421D-9149-8C0EACF13CA4,SARAY ECZANESİ,Yozgat,Çekerek,37.57161,44.282,Hakkâri,Wrong
ABD470DF-CAF3-447E-AB58-906857A1B811,YOZGAT YERKÖY MERKEZ 1 NOLU AİLE SAĞLIĞI MERKEZİ,Yozgat,Yerköy,39.64313,34.47572,Yozgat,Correct
FCACCFCD-FE55-4D1C-88E9-93827177D22C,YOZGAT SORGUN MERKEZ 5 NOLU AİLE SAĞLIĞI MERKEZİ,Yozgat,Sorgun,39.80533,35.18755,Yozgat,Correct
BDD7035E-D922-4942-846D-950E223E8580,YOZGAT KAMU HASTANELERİ BAŞKANLIĞI,Yozgat,Merkez,39.81486,34.80894,Yozgat,Correct
5BA0202C-1A29-49F4-B5F5-962DE5E40215,ÇAYIRALAN DEVLET HASTANESİ,Yozgat,Çayiralan,39.30558,35.64554,Yozgat,Correct
6842B711-1D83-410B-90AB-9736556B76EE,YOZGAT ŞEFAATLİ MERKEZ 2 NOLU AİLE SAĞLIĞI MERKEZİ,Yozgat,Şefaatli,39.50016,34.7569,Yozgat,Correct
236D135A-D31B-4AB8-9E3C-99B2826424F5,YOZGAT DEVLET HASTANESI,Yozgat,Merkez,39.49181,35.38274,Yozgat,Correct
04276AFB-4C25-4705-91D0-9D44306B8BB5,YOZGAT ÇEKEREK MERKEZ AİLE SAĞLIĞI MERKEZİ,Yozgat,Çekerek,40.06993,35.49447,Yozgat,Correct
66FE40B1-04C3-4402-BF13-9E5CF894C0B2,KAYA DİŞ KLİNİĞİ,Yozgat,Sorgun,41.1412,28.6192,İstanbul,Wrong
42E70007-CF29-4DA9-95E0-A0147BBF356C,ŞAHİN ECZANESİ,Yozgat,Sorgun,39.81561,35.17544,Yozgat,Correct
36957F02-D2EC-4FB6-B6EB-A052EF749C3C,MUHARREM CAN TUNCER MUAYENEHANESİ,Yozgat,Boğazliyan,40.9267,28.7935,İstanbul,Wrong
68446A8B-3C8E-44C6-8F99-A2CA0EEA65B4,ZAFER ECZANESİ,Yozgat,Sorgun,39.81875,35.18867,Yozgat,Correct
1015AC5E-5556-4FA0-80C2-A2E036659274,ÜNSAL ECZANESİ,Yozgat,Sorgun,37.16429,38.78911,Şanlıurfa,Wrong
44A7BB81-86CC-4797-89B8-A49CF2CE8AF5,AYDINCIK ECZANESİ,Yozgat,Aydincik,39.6661,35.88428,Yozgat,Correct
EB5C0BA8-9F5F-448E-BD7B-A53D1C13E09C,YOZGAT KADIŞEHRİ MERKEZ AİLE SAĞLIĞI MERKEZİ,Yozgat,Kadişehri,39.99515,35.79332,Yozgat,Correct
EB26BE59-5F28-4080-A189-A6185E918534,YOZGAT ŞEHİR HASTANESİ,Yozgat,Merkez,39.49241,35.38589,Yozgat,Correct
5B3B2C9D-47A3-4C2E-B9CD-A6AE815D8820,KAYTAN ECZANESİ,Yozgat,Merkez,38.96327,-76.93476,Maryland,Wrong
C3CE1821-778D-4749-A065-A823DEF1CE37,DEVA ECZANESİ,Yozgat,Merkez,39.83115,34.82511,Yozgat,Correct
4EB33E84-39AC-4137-993F-A9EA51949698,KUBİLAY ECZANESİ,Yozgat,Merkez,41.02098,39.57704,Trabzon,Wrong
32540DD5-DE15-4406-B6D5-ABE21B786257,GÜLSEDA ECZANESİ,Yozgat,Merkez,39.82218,34.80818,Yozgat,Correct
9CDBF843-72BA-475E-9D78-AE8DCA1FB01B,AYÇİÇEK ECZANESİ,Yozgat,Akdağmadeni,39.66256,35.87688,Yozgat,Correct
914C16E6-521E-447A-8B63-AEC87A265645,SORGUN ECZANESİ,Yozgat,Sorgun,39.80715,35.40421,Yozgat,Correct
83A9889B-E585-4DAF-9BF7-B26386EEF5E5,ARZUM ECZANESİ,Yozgat,Merkez,39.14507,-76.69236,Maryland,Wrong
2B0CBE18-E43D-418E-93E4-B3C3F85DCD60,YALÇIN ECZANESİ,Yozgat,Yerköy,38.8152,31.73392,Konya,Wrong
2BDC304A-5008-4EF4-8418-B5AFD10BB3E1,SOYBİR ECZANESİ,Yozgat,Sorgun,39.81038,35.18366,Yozgat,Correct
F2ACB99E-87E5-4900-AC68-B5DF74A778A1,YOZGAT BOĞAZLIYAN HUZUR AİLE SAĞLIĞI MERKEZİ,Yozgat,Boğazliyan,39.1924,35.24361,Yozgat,Correct
46F40B9F-433B-4317-A72A-B7C40C8CE4EC,YOZGAT SORGUN MERKEZ ŞEHİT MUSTAFA ERCİYAS AİLE SAĞLIĞI MERKEZİ,Yozgat,Sorgun,39.80579,35.1775,Yozgat,Correct
8B9108A4-6379-4B5B-9B0B-B806F278B6EA,PETEK ECZANESİ,Yozgat,Merkez,39.82297,34.81189,Yozgat,Correct
3582D430-35D0-4DBC-8E75-B8CC24CCB6D7,ALTAN ECZANESİ,Yozgat,Sorgun,39.8144,35.29494,Yozgat,Correct
502C6858-1225-4C6B-A08C-B923753B1026,AÇIKGÖZ DİŞ POLİKLİNİĞİ,Yozgat,Merkez,39.82253,34.8094,Yozgat,Correct
FDA23C0E-1F31-4CA3-AB59-BB7C84FB275F,SOLMAZ ECZANESİ,Yozgat,Merkez,39.82103,34.80845,Yozgat,Correct
2A6F6265-8D66-44C9-9AF7-BBEC39359A74,SİBEL ECZANESİ,Yozgat,Sorgun,39.81029,35.18441,Yozgat,Correct
62879BAD-9F2D-456E-845E-BC92ADDD67AF,YAŞA ECZANESİ,Yozgat,Şefaatli,39.64161,34.46153,Yozgat,Correct
8E0CEE8F-5244-4D84-A05E-BD3F29D910AC,SARAYKENT ECZANESİ,Yozgat,Saraykent,39.67823,35.5123,Yozgat,Correct
0DF9E1BA-4A9F-406A-A025-C03D547195CC,DİLAN ECZANESİ,Yozgat,Sorgun,39.80861,35.20909,Yozgat,Correct
3BD8E28F-1839-40D3-AB83-C1868437EBE9,YOZGAT ÇAYİRALAN İLÇE HASTANESI,Yozgat,Çayiralan,39.30479,35.64548,Yozgat,Correct
65ADCA7E-7FAE-4358-8E53-C25E47A7B584,HAVA ECZANESİ,Yozgat,Akdağmadeni,39.66186,35.87822,Yozgat,Correct
CDBB7926-7EFD-49A7-AF98-C40A08CBBE3B,YAŞAR ECZANESİ,Yozgat,Yerköy,39.6392,34.46749,Yozgat,Correct
DFBAD067-F978-477A-8DC2-C5724A9A5FED,YOZGAT BOZOK ÜNİVERSİTESİ ARAŞTIRMA VE UYGULAMA HASTANESİ,Yozgat,Merkez,39.81833,34.79602,Yozgat,Correct
99E6793D-A480-41E4-B209-C6AD7951312A,SORGUN KLİNİK,Yozgat,Sorgun,39.80946,35.18572,Yozgat,Correct
1543CB57-0391-4ED3-A0B4-C916BBB34CD4,YOZGAT MERKEZ 5 NOLU AİLE SAĞLIĞI MERKEZİ,Yozgat,Merkez,39.82031,34.8065,Yozgat,Correct
82DBF315-EF06-4E0C-9F7D-C9E716CF977E,YOZGAT AYDINCIK MERKEZ AİLE SAĞLIĞI MERKEZİ,Yozgat,Aydincik,40.13504,35.28967,Yozgat,Correct
4093237B-F539-4E4F-BE26-CB7B9932A48F,ÖZEL KADRİYE TURGUT MUAYENEHANESİ,Yozgat,Merkez,41.0115,29.371,İstanbul,Wrong
23917EED-44D4-48FB-A61B-CCE84F7D1378,YENİFAKILI DEVLET HASTANESİ,Yozgat,Yenifakili,39.21343,35.00817,Yozgat,Correct
C52C1013-2BD3-4E1F-8CC2-D034BFB98163,KARATAŞ ECZANESİ,Yozgat,Sarikaya,39.49564,35.37767,Yozgat,Correct
62781765-1A2D-4604-A033-D09FD8B2C1AD,FATİH ECZANESİ,Yozgat,Yerköy,39.63471,34.45847,Yozgat,Correct
19655AA2-B22D-4DF3-90FE-D18D56F1EC4A,DERMAN ECZANESİ,Yozgat,Sorgun,39.81785,35.18747,Yozgat,Correct
C58DFD0A-3424-429C-B9C6-D5766887F7C1,BAYINDIR ECZANESİ,Yozgat,Sorgun,39.80544,35.17775,Yozgat,Correct
A3B3A686-41AA-41AA-B00B-D7EB1F621E87,YOZGAT SORGUN MERKEZ 1 NOLU AİLE SAĞLIĞI MERKEZİ,Yozgat,Sorgun,39.80889,35.19788,Yozgat,Correct
1B06AA01-E358-47A6-92BF-D8AE587B5EE8,BİZİM ECZANESİ,Yozgat,Merkez,39.82296,34.80934,Yozgat,Correct
AD25660C-03D8-4D53-A189-D92481B1BE46,YOZGAT YERKÖY MERKEZ 3 NOLU AİLE SAĞLIĞI MERKEZİ,Yozgat,Yerköy,39.62884,34.47037,Yozgat,Correct
4861C6A0-BDE9-4CC9-B4C5-DAA043AB6877,BİLGE ECZANESİ,Yozgat,Akdağmadeni,39.66503,35.86912,Yozgat,Correct
6228AAE4-0E28-497C-A34D-DBC4EE6B0B96,YOZGAT ÇANDIR MERKEZ AİLE SAĞLIĞI MERKEZİ,Yozgat,Çandir,39.24266,35.52476,Yozgat,Correct
8AB8EB57-C34C-4CF5-A26C-DD7FA585E34A,SARAYKENT ŞEHİT BEYTULLAH YEŞİLAY İLÇE DEVLET HASTANESİ,Yozgat,Saraykent,39.6737,35.49974,Yozgat,Correct
7D6D15FF-416E-4036-948B-DDE47D7D4218,OVAKENT ECZANESİ,Yozgat,Boğazliyan,39.82179,34.80711,Yozgat,Correct
AAE7AB21-A097-451E-92B7-E0DACB1A533D,GÜNEŞ ECZANESİ,Yozgat,Sarikaya,39.49726,35.37043,Yozgat,Correct
1E65F6F6-61E0-4AB9-BBDE-E194BAB18993,EBRU ECZANESİ,Yozgat,Sorgun,39.81037,35.18373,Yozgat,Correct
5F12EDCE-C6A1-41AE-B6F8-E4315DABCE9F,SAĞLIK ECZANESİ,Yozgat,Boğazliyan,39.19251,35.24341,Yozgat,Correct
2257A098-D698-46C9-8C1F-E57057913434,AĞGÜL ECZANESİ,Yozgat,Sarikaya,39.49535,35.37751,Yozgat,Correct
427423D7-9534-4985-AA94-E6B86F4338FC,YASİN ECZANESİ,Yozgat,Yerköy,39.63779,34.46791,Yozgat,Correct
53BBF390-9FAD-46DD-AB14-E6E08246907B,ÖZLEM ECZANESİ,Yozgat,Sarikaya,39.49528,35.3777,Yozgat,Correct
46A5E4F5-C5E1-4D34-A8A9-E70F255A709B,ASLAN ECZANESİ,Yozgat,Akdağmadeni,39.65972,35.88288,Yozgat,Correct
A41652EF-30A3-4564-BF3A-EC5449BF7888,YOZGAT BOĞAZLIYAN MERKEZ 1 NOLU AİLE SAĞLIĞI MERKEZİ,Yozgat,Boğazliyan,39.19184,35.23457,Yozgat,Correct
0517B6A7-46DB-46FD-8F36-ED66FD75CDF6,ONUR ECZANESİ,Yozgat,Sorgun,39.21977,-76.59276,Baltimore,Wrong
31653F58-EA7E-4E3F-A158-EFCB6F03D574,YOZGAT BOĞAZLIYAN DEVLET HASTANESI,Yozgat,Boğazliyan,39.91056,35.85915,Yozgat,Correct
67A62607-406E-4852-8726-F15CA85AD2E1,YENİ ECZANESİ,Yozgat,Şefaatli,39.64127,34.46784,Yozgat,Correct
B8427CBE-32A4-4CAE-8E8F-F21660E6D32E,YOZGAT MERKEZ TOKİ AİLE SAĞLIĞI MERKEZİ,Yozgat,Merkez,39.80395,34.78997,Yozgat,Correct
CD24871A-9A00-40F9-9E57-F2CF46F2ECCD,SOYLU ECZANESİ,Yozgat,Çayiralan,39.30648,35.64474,Yozgat,Correct
22E77F60-446C-4C3E-ADDF-F37E4B31735E,YOZGAT SORGUN DEVLET HASTANESI,Yozgat,Sorgun,39.80453,35.18862,Yozgat,Correct
8D7EE996-E400-48F3-BAAD-F39E2A2FC63F,ÇEKEREK ŞEHİT HARUN KOÇAK DEVLET HASTANESI,Yozgat,Çekerek,40.06991,35.4866,Yozgat,Correct
11D9BB9E-7FAE-4D12-AAC2-F43C15868BB8,KARSLIOĞLU ECZANESİ,Yozgat,Akdağmadeni,39.66064,35.88147,Yozgat,Correct
5260A51B-6484-4FC6-9425-F47B3CDE9C7E,EMİN ECZANESİ,Yozgat,Boğazliyan,39.18246,35.23952,Yozgat,Correct
3D795879-F7C0-4B47-BAC3-F4C81B63B836,TEMEL ECZANESİ,Yozgat,Çayiralan,39.49432,35.36373,Yozgat,Correct
CE540ADE-7DF5-447F-BFCA-F5E2C57CB1CB,BOĞAZLIYAN ECZANESİ,Yozgat,Boğazliyan,39.49247,35.38221,Yozgat,Correct
5041D4BE-39D0-4F77-A88C-F600D6A847C2,ŞEKERPINAR ECZANESİ,Yozgat,Merkez,39.82772,34.79478,Yozgat,Correct
6AA0D2DE-9205-4D8A-8E57-F67AAF2DAE78,SEBİL ECZANESİ,Yozgat,Merkez,39.82301,34.81113,Yozgat,Correct
BE4BD494-8508-4D30-BF29-F80FC9D7673E,YUNUS ECZANESİ,Yozgat,Akdağmadeni,39.66101,35.88078,Yozgat,Correct
33E07F5A-4F39-4943-88DB-FAAA71B1C414,AYDIN ECZANESİ,Yozgat,Merkez,39.81589,34.79514,Yozgat,Correct
FFE9E484-3216-435E-9460-FD144B8744FA,MURAT ECZANESİ,Yozgat,Boğazliyan,39.19362,35.24734,Yozgat,Correct
64A72D90-629D-4113-9D7B-FE89F3ABB142,SAFA ECZANESİ,Yozgat,Merkez,39.60047,-76.08516,Maryland,Wrong
