UnitId,UnitName,CityName,DistrictName,Latitude,Longitude,DetectedCity,Match
5406357B-171E-4017-9011-015A9A20DE6F,ÖZEL BUCAK AĞIZ VE DİŞ SAĞLIĞI POLİKLİNİĞİ,Burdur,Bucak,37.45879,30.59735,Burdur,Correct
9A0F31FA-4DC2-4526-8060-017EA97BE18F,DURNA ECZANESİ,Burdur,Bucak,37.4588,30.59021,Burdur,Correct
2483A17E-EC57-4A36-BA56-026FD83BB8CA,ÖZLEM ECZANESİ,Burdur,Bucak,37.46086,30.59382,Burdur,Correct
02D49D9C-5E03-4D58-B593-059EADC97B8C,ŞİFA ECZANESİ,Burdur,Bucak,37.31594,30.73849,Burdur,Correct
85DE9AAE-753B-4E6F-93E8-06E2BCAE8FCF,MÜFİT YILDIZ MUAYENEHANESİ,Burdur,Bucak,37.45682,30.59319,Burdur,Correct
F7342960-2C01-425A-BC66-07256CE4DEB3,ÖZDOĞAN ECZANESİ,Burdur,Merkez,37.72191,30.28732,Burdur,Correct
16E3DFBE-5A6F-4840-8589-090A87DCF4F5,ALBAYRAK ECZANESİ,Burdur,Merkez,37.72461,30.29259,Burdur,Correct
43CF41BE-5673-4FC4-A6B2-0A3796E3482E,SÜMER ECZANESİ,Burdur,Bucak,37.45707,30.59176,Burdur,Correct
8F8D4D65-765A-42EB-A320-0A8E53C20164,VERESELİ BURCU ECZANESİ,Burdur,Merkez,37.72731,30.29619,Burdur,Correct
A69A6C2C-013D-47C4-AEF7-0A9A83DEE06C,VİTAMİN ECZANESİ,Burdur,Merkez,37.72084,30.28183,Burdur,Correct
F4FEF471-9298-4A21-8279-0B65D234C3B6,CANTÜRK ECZANESİ,Burdur,Merkez,37.71819,30.2757,Burdur,Correct
BCB128C8-9BB5-41AD-B802-0DEF83197F23,ANADOLU ECZANESİ,Burdur,Merkez,37.37959,29.82755,Burdur,Correct
405BCE27-21EA-4746-ADEF-10E47CC0227F,ŞİFA ECZANESİ,Burdur,Yeşilova,37.50601,29.75352,Burdur,Correct
0B766CB8-5154-4983-9871-13FFA51829FB,BURDUR MERKEZ 6 NOLU AİLE SAĞLIĞI MERKEZİ,Burdur,Merkez,37.72803,30.28771,Burdur,Correct
2741BBFD-CE3D-490E-8273-14C05AB3ECE1,BURDUR MERKEZ TSM,Burdur,Merkez,37.72297,30.29229,Burdur,Correct
AF7548A9-C9C8-4720-B4C2-15341D379283,ÇELTİKÇİ ŞENER ECZANESİ,Burdur,Çeltikçi,37.71763,30.28325,Burdur,Correct
23E87635-E303-45BC-ADCC-15AE78AC2567,ÖZEL BURDUR AĞIZ VE DİŞ SAĞLIĞI POLİKLİNİĞİ,Burdur,Merkez,37.72096,30.29004,Burdur,Correct
4F6DABE3-C8ED-4F67-BDDF-16B430E05708,GÜLŞAH ECZANESİ,Burdur,Bucak,37.46081,30.59372,Burdur,Correct
3BC87C16-CDC0-4B26-BB20-1702A143E5FD,DEMİREL ECZANESİ,Burdur,Bucak,37.45446,30.57053,Burdur,Correct
F7B0AB19-BB22-478C-B13D-177830777A4E,SABIR ECZANESİ,Burdur,Merkez,37.72371,30.29139,Burdur,Correct
3BD163C4-5581-441B-BF49-1894AD4C05D3,BURDUR MERKEZ 2 NOLU AİLE SAĞLIĞI MERKEZİ,Burdur,Merkez,37.72274,30.28257,Burdur,Correct
8DEC5786-791A-468D-94B0-1A6D4E8B30F9,ÖZBAĞCI ECZANESİ,Burdur,Merkez,37.72367,30.29149,Burdur,Correct
8BA64256-0FB5-4E04-AD9E-1A84B78AE4E0,SEVGİ ECZANESİ,Burdur,Bucak,37.3154,30.73721,Burdur,Correct
6A29337A-87BF-4A0A-888F-1AC470ABBC6F,ÖZCAN ECZANESİ,Burdur,Bucak,37.45662,30.59236,Burdur,Correct
4BBD1C8D-D7C9-4F6F-9D3A-1E1E9D83CB8D,GÖLHİSAR MERKEZ TSM,Burdur,Gölhisar,37.13974,29.50307,Burdur,Correct
B81021C1-E14D-491B-9222-1E4ACE812FD7,GÖZDE KALE MUAYENEHANESİ,Burdur,BURDUR MERKEZ,37.53062,30.47918,Burdur,Correct
87844390-4B99-4337-94B6-2599D34447E9,ÖZKARA ECZANESİ,Burdur,Çavdir,37.71979,30.28295,Burdur,Correct
DC8EC46D-5ED8-44EC-BC5C-279380D0857A,BİZİM ECZANESİ,Burdur,Merkez,37.73353,30.30206,Burdur,Correct
836BE9F8-27F2-497B-9964-288F6D8B14B1,ABDULLAH SELÇUK BARAN MUAYENEHANESİ,Burdur,Merkez,37.65236,30.54117,Burdur,Correct
B64E5125-3F82-40BE-B78C-298CC41FC6E6,ŞİFA ECZANESİ,Burdur,Gölhisar,37.14075,29.50742,Burdur,Correct
A471A2F6-FE76-4143-B2A9-2D4930FE438D,YAVUZ ECZANESI,Burdur,Merkez,37.71346,30.23176,Burdur,Correct
4A1E459C-E7D2-4D13-87C9-2DB2F918894E,BURDUR MERKEZ BÜĞDÜZ AİLE SAĞLIĞI MERKEZİ,Burdur,Merkez,37.62053,30.28167,Burdur,Correct
8F5D805E-4EB8-4651-9408-2E61028F4D19,ÇAVDIR İLÇE DEVLET HASTANESİ,Burdur,Çavdir,37.1569,29.68942,Burdur,Correct
33B144E8-DB54-47F3-B973-2F9959DEE71F,BURDUR GÖLHİSAR MERKEZ 1 NOLU AİLE SAĞLIĞI MERKEZİ,Burdur,Gölhisar,37.14026,29.50669,Burdur,Correct
652E6030-DC86-4553-8A44-31ACE54319C8,HÜSEYİN SERT MUAYENEHANESİ,Burdur,Bucak,37.45797,30.59292,Burdur,Correct
97CCD4BC-AD49-45AD-B2DF-33225CA4A929,BURDUR ÇAVDIR SÖĞÜT AİLE SAĞLIĞI MERKEZİ,Burdur,Çavdir,37.0329,29.823,Burdur,Correct
4EA61101-992A-49ED-8820-3457B55E55EB,BURDUR MERKEZ KOZLUCA AİLE SAĞLIĞI MERKEZİ,Burdur,Merkez,37.49458,30.13423,Burdur,Correct
432A9074-FB9E-4047-AB30-361D3769C026,AYAN ECZANESİ,Burdur,Bucak,37.46256,30.60077,Burdur,Correct
91077E05-A8CA-4ACC-8935-366E146D7B5E,KARDELEN ECZANESİ,Burdur,Bucak,37.45688,30.59003,Burdur,Correct
F60AC686-5B5A-4AA2-8A6D-36A8335E3547,ŞENEL ECZANESİ,Burdur,Gölhisar,37.14505,29.50875,Burdur,Correct
3E94041D-5FE9-4ABC-8196-3977A95E6C58,BURDUR BUCAK MERKEZ 1 NOLU AİLE SAĞLIĞI MERKEZİ,Burdur,Bucak,37.45773,30.58892,Burdur,Correct
17E8AB4B-BAEF-4F33-B7AC-3AC1515AE308,ÇELİK ECZANESİ,Burdur,Merkez,37.71773,30.26615,Burdur,Correct
03B0B05E-483B-4CEF-9DE6-3C7FABEB6264,BURDUR ALTINYAYLA MERKEZ AİLE SAĞLIĞI MERKEZİ,Burdur,Altinyayla,36.9976,29.54773,Burdur,Correct
AA1FC923-CBDE-4AFC-9487-3D78D12E02AA,AYŞE KALELİ AKŞİT MUAYENEHANESİ,Burdur,Merkez,37.7188,30.28822,Burdur,Correct
EB64683D-9528-4366-8E89-3DA2E81B6936,OSMAN AÇAN MUAYENEHANESİ,Burdur,Merkez,37.35053,30.06473,Burdur,Correct
1986BB29-0CEA-4972-B816-40BF3864152F,DURMAZER ECZANESİ,Burdur,Merkez,37.72551,30.29379,Burdur,Correct
2AD824EC-D067-4DC4-9118-439F0B0C00CB,ZAFER ECZANESİ,Burdur,Merkez,37.72669,30.29914,Burdur,Correct
C9738BBF-6C05-402A-BBCD-43CCE7E86B4B,NANE LİMON ECZANESİ,Burdur,Bucak,37.45672,30.58865,Burdur,Correct
1B9DEE82-4AF0-4B29-B033-4419BCE50418,ALPAGAN AGİZ VE DİS SAGLİGİ MERKEZİ,Burdur,Bucak,37.46495,30.76871,Burdur,Correct
459E2762-9895-4CC6-AF60-452813391473,BURDUR MERKEZ HACILAR AİLE SAĞLIĞI MERKEZİ,Burdur,Merkez,37.49368,30.13303,Burdur,Correct
1F608597-9FC4-46DE-B1B2-464F733A3023,BURDUR MERKEZ 11 NOLU AİLE SAĞLIĞI MERKEZİ,Burdur,BURDUR MERKEZ,37.72002,30.25435,Burdur,Correct
607B3AD5-1FC8-41F1-BFDA-48F882A6D2E1,ÖZEL BURDUR UZMAN DİYALİZ MERKEZİ,Burdur,Merkez,37.71644,30.25721,Burdur,Correct
C481DC18-7CF8-4A82-867F-49B5D21B8417,BURDUR TEFENNI İLÇE HASTANESI,Burdur,Tefenni,37.30576,29.7739,Burdur,Correct
B5265003-3C14-420E-9F8F-4C1B2709F1C7,SERCAN SENCER MUAYENEHANESİ,Burdur,Merkez,37.71962,30.28519,Burdur,Correct
5F0E6DEA-751D-483C-8DF7-4C650A554003,ELİF ECZANESİ,Burdur,Merkez,37.71619,30.24766,Burdur,Correct
3EEAC3BC-631D-4128-B02E-4D37C59DA6AF,MUAZZEZ MUTLU MUAYENEHANESİ,Burdur,Merkez,37.71946,30.28466,Burdur,Correct
19E8EB40-50FD-42CB-9BB9-4EB2323500DC,CAN ECZANESİ,Burdur,Merkez,37.02026,37.97997,Şanlıurfa,Wrong
FD64158D-7DE3-4A0B-BEAB-51742A785E35,İLHAN UYSAL MUAYENE,Burdur,Bucak,37.45789,30.59615,Burdur,Correct
28D6BABF-567F-4693-8549-51C78A7C0A27,BURDUR BUCAK KARAPINAR AİLE SAĞLIĞI MERKEZİ,Burdur,Bucak,37.35991,30.53348,Burdur,Correct
6560FAEF-55B3-40C6-900D-523D199C809C,BURDUR KEMER MERKEZ AİLE SAĞLIĞI MERKEZİ,Burdur,Kemer,37.35273,30.05908,Burdur,Correct
CBD3E23C-5CA5-4D73-8B3F-53033FDE37CC,İNAL ECZANESİ,Burdur,Bucak,37.45889,30.59045,Burdur,Correct
AC30CE50-DE12-49DC-BC8D-5450A5169FDF,SEVGİ ECZANESİ,Burdur,Merkez,37.73001,30.29979,Burdur,Correct
B0FAB7D8-179A-4AE2-A115-5497CCCCF5B5,BURDUR MERKEZ 8 NOLU AİLE SAĞLIĞI MERKEZİ,Burdur,Merkez,37.73037,30.29788,Burdur,Correct
36F05768-F6F0-40A2-8334-55D2C5FE67AD,YAŞAM ECZANESİ,Burdur,Ağlasun,37.65165,30.53028,Burdur,Correct
3BACD98F-1F27-4F6E-93B0-56BED14DC1F7,LAVANTA AĞIZ VE DİŞ SAĞLIĞI POLİKLİNİĞİ,Burdur,BURDUR MERKEZ,37.71904,30.27989,Burdur,Correct
69F2DD61-20F6-45AC-8E8C-5741CEB73C5E,KUTAY TEZCAN MUAYENEHANESİ,Burdur,Bucak,37.45705,30.59077,Burdur,Correct
81A9EA96-09ED-4660-9E76-586325BE6A40,ÖZEL BURDUR YAŞAM AĞIZ VE DİŞ SAĞLIĞI POLİKLİNİĞİ,Burdur,BURDUR MERKEZ,37.72231,30.28842,Burdur,Correct
134F30BC-86FA-4BED-B2BD-58FB8A35E71F,ONUR TARAKÇI MUAYENEHANESİ,Burdur,Bucak,37.45661,30.59229,Burdur,Correct
90258885-58A2-4E80-9D48-5984B95EF51F,ÇINAR ECZANESİ,Burdur,Ağlasun,37.65154,30.53048,Burdur,Correct
4D2949F1-69AD-45F1-A3C1-59CA79793D6A,ÖZCAN ECZANESİ,Burdur,Merkez,37.72221,30.29098,Burdur,Correct
187F4C7D-A907-4CC6-A446-5BA63891D741,BURDUR BUCAK KIZILKAYA AİLE SAĞLIĞI MERKEZİ,Burdur,Bucak,37.30354,30.44285,Burdur,Correct
4B609ABB-46A7-4F4E-93EB-5C4A07E3EC6F,BURDUR ÇELTİKÇİ MERKEZ AİLE SAĞLIĞI MERKEZİ,Burdur,Çeltikçi,37.52839,30.4977,Burdur,Correct
19279FB9-5A83-43BA-94B0-5D00EEB5D733,EROL ECZANESİ,Burdur,Merkez,37.72164,30.28946,Burdur,Correct
89AB680C-539C-4B0F-A8DB-5D4BF7DB4A9A,AYTAR ECZANESİ,Burdur,Merkez,37.72641,30.29499,Burdur,Correct
A22E4B68-142F-4B4F-BC3C-5DB36164699E,KÖPRÜBAŞI ECZANESİ,Burdur,Merkez,37.72024,30.28844,Burdur,Correct
2DACAEB2-00AF-4CEF-97F3-5F39DC88D218,ÖZER ECZANESİ,Burdur,Bucak,37.46176,30.59502,Burdur,Correct
FE351D16-928F-47D3-811D-5F7143C2FEC5,SULTAN ECZANESİ,Burdur,Bucak,37.53589,30.47908,Burdur,Correct
47204C86-1030-4F07-8365-5FA721E1278A,MEHMET ALTAY MUAYENEHANESİ,Burdur,Merkez,37.7198,30.28512,Burdur,Correct
62897656-1128-4634-B412-61EBD7DE8C23,YENİ TEKİN ECZANESİ,Burdur,Yeşilova,37.5051,29.75444,Burdur,Correct
57EC4469-58F7-4842-81DF-631C1BA62A14,BURDUR DEVLET HASTANESI,Burdur,Merkez,36.76909,28.79831,Muğla,Wrong
00979178-6F9C-4FA0-B1C2-65B29FA9A597,DEVA ECZANESİ,Burdur,Karamanli,37.36835,29.81843,Burdur,Correct
C0FC666B-7898-481E-92C6-683A9E029281,ERÇELİK ECZANESİ,Burdur,Gölhisar,37.14077,29.50743,Burdur,Correct
0B295724-2E3A-4D4A-B76B-6C26FDE2DDA7,DOĞA ECZANESİ,Burdur,Merkez,37.71621,30.27567,Burdur,Correct
2CF52F2F-159A-4603-A243-6D5A2890FDDA,MERKEZ ECZANESİ,Burdur,Gölhisar,37.14075,29.50743,Burdur,Correct
11F3CFD3-AADA-4D30-951E-6E0D12D1C1FA,MUSTAFA YÖNTEM MUAYENEHANESİ,Burdur,Bucak,37.45677,30.59025,Burdur,Correct
3E308DAE-2712-468C-B7BB-70ACC505DFBD,ASRİ ECZANESİ,Burdur,Gölhisar,37.15089,29.51102,Burdur,Correct
226C0DCF-2617-4D34-BCEF-70B24CA9B083,UÇAN ECZANESİ,Burdur,Merkez,37.72207,30.29088,Burdur,Correct
7F92E29D-33E1-417A-B86A-71B69A6F97EB,İLTER KEÇECİ MUAYENEHANESİ,Burdur,Merkez,37.65371,30.53928,Burdur,Correct
6690C0DC-ED6B-45E2-B371-733832F2718F,BURDUR 5 NOLU AİLE SAĞLIK MERKEZİ,Burdur,Merkez,39.44927,-76.28676,No Info,No Info
9A005399-252C-4D37-8232-73ADDE214EC4,ONAY ECZANESİ,Burdur,Bucak,37.31993,30.41316,Burdur,Correct
F75559D3-0DC8-4010-ADD8-75863B3FFD66,PELİN ECZANESİ,Burdur,Merkez,37.72397,30.29182,Burdur,Correct
3EFB0069-951E-479E-9C64-758B0D2A5590,TEFENNİ ECZANESİ,Burdur,Tefenni,37.5073,29.75345,Burdur,Correct
53C98787-2DCB-4F25-BD2E-75DFAE8C179C,GÜNHAN ÖZİLHAN MUAYENEHANESİ,Burdur,Merkez,37.7206,30.28869,Burdur,Correct
5E65A134-AF22-42AB-A347-79BCD7566211,ZAFER ECZANESİ,Burdur,Bucak,37.30332,30.45041,Burdur,Correct
CDDCD643-07DC-4B28-98A0-7A75649C63AB,HOŞGÖR ECZANESİ,Burdur,Bucak,37.45502,30.57028,Burdur,Correct
EE1E2196-38FB-4614-BCDA-7C34FA633C31,BAHAR ECZANESİ,Burdur,Bucak,37.4565,30.59025,Burdur,Correct
99ED6DB5-4106-4659-A71C-7C9BFFD70114,LAVANTA ECZANESİ,Burdur,Bucak,37.45488,30.57506,Burdur,Correct
CAB2FAC1-F42A-4513-B2F1-7F7B7968647A,FEYZA TARHAN MUAYENEHANESİ,Burdur,Merkez,37.34981,30.06569,Burdur,Correct
C0052B2D-0389-4078-A02A-7F7F575317A8,ADİL KONU MUAYENEHANESİ,Burdur,Bucak,37.45551,30.56367,Burdur,Correct
FC2D192D-A101-493C-B8B9-7FA92E462DA2,GÜLGÜN ECZANESİ,Burdur,Bucak,37.46266,30.59622,Burdur,Correct
7C3FCCD0-7310-49F6-B8B2-8185E9E2CF53,KARAMANLI MERKEZ ASM,Burdur,Karamanli,37.39154,29.83397,Burdur,Correct
2324BBB4-3301-42E9-83B2-8502C08024CC,GAMZE ECZANESİ,Burdur,Merkez,37.53035,30.48,Burdur,Correct
D5341AA6-24F6-46B6-A5C4-87462DA68D4C,EMRE ECZANESİ,Burdur,Gölhisar,37.14187,29.50766,Burdur,Correct
D3990957-B676-40B8-A045-8B41F9ADFE7E,CAN ESEN MUAYENEHANESİ,Burdur,BURDUR MERKEZ,37.50856,29.75398,Burdur,Correct
0139DF69-0588-41E9-9CB3-8CB1212B8A24,ÖZCİĞER ECZANESİ,Burdur,Merkez,37.5064,29.75319,Burdur,Correct
0CC03E78-4C1B-4B02-88D6-8CF6BD46EC71,ARLI ECZANESİ,Burdur,Bucak,37.45991,30.59252,Burdur,Correct
333E9745-4285-495E-A014-8DCD72AC8135,BURDUR MERKEZ 1 NOLU AİLE SAĞLIĞI MERKEZİ,Burdur,Merkez,37.72284,30.29045,Burdur,Correct
69C45A37-A132-4050-896E-8ECCF4D12C91,MERVE ARICAN MUAYENEHANESİ,Burdur,Bucak,37.45689,30.59046,Burdur,Correct
77C6D2F4-85CD-48BF-8FFB-907443A74F49,SEÇKİN ECZANESİ,Burdur,Bucak,37.45772,30.59439,Burdur,Correct
E3F86D80-C9FB-4E76-A176-90C555638C66,SAFA ECZANESİ,Burdur,Gölhisar,37.15073,29.51044,Burdur,Correct
7EC81C45-5BD0-441F-9388-912D478F5C34,SERHAN KELEŞ MUAYENEHANESİ,Burdur,Merkez,37.50594,29.75299,Burdur,Correct
F2B94BC7-9F8B-4EA1-A62D-92A2A64F49E7,YETİMOĞLU ECZANESİ,Burdur,Bucak,37.45882,30.59154,Burdur,Correct
C9C63072-91C3-4AF1-BA2A-93B1E24C5881,BURDUR BUCAK MERKEZ 2 NOLU AİLE SAĞLIĞI MERKEZİ,Burdur,Bucak,37.45391,30.57105,Burdur,Correct
6F0FDC13-E634-47F9-A7ED-9584303460CF,TUĞBA ECZANESİ,Burdur,Merkez,37.72463,30.27497,Burdur,Correct
64A58069-E941-43BE-8DBF-97BC2E62B575,KONAK ECZANESİ,Burdur,Gölhisar,37.15841,29.51859,Burdur,Correct
8A22DCBE-916B-4BA6-9139-9A070FC1F29D,BURAK ÇETİNER BESLENME DANIŞMANLIĞI MERKEZİ,Burdur,Bucak,37.45552,30.56367,Burdur,Correct
ECF71EF7-3D30-4088-95C4-9A95C1D266D6,GÜRCAN ECZANESİ,Burdur,Bucak,37.45705,30.5955,Burdur,Correct
B96830B8-CC7E-4DFA-8698-9C25AE03803D,BURDUR YEŞİLOVA MERKEZ AİLE SAĞLIĞI MERKEZİ,Burdur,Yeşilova,37.50534,29.75422,Burdur,Correct
7772CA9E-FA75-446F-A17C-9CB3B53D91DD,SÖNMEZ ECZANESİ,Burdur,Bucak,37.46969,30.56616,Burdur,Correct
ADC20685-F0B4-406A-9F82-9D30D979A876,BERİL-SÜLEYMAN ŞEN MUAYENEHANESİ,Burdur,Bucak,37.45663,30.59273,Burdur,Correct
DD16BC5B-5982-42C5-94FD-9DA762800EE0,GÜNDÜZALP ECZANESİ,Burdur,Merkez,37.72489,30.29674,Burdur,Correct
2E00285A-3F1E-42D7-8358-9F6CDF362BE3,ÖZGÜNER ECZANESİ,Burdur,Merkez,37.72307,30.29062,Burdur,Correct
DFFC57C1-E706-4813-A143-A0E50A8F6115,BURDUR GÖLHİSAR MERKEZ 2 NOLU AİLE SAĞLIĞI MERKEZİ,Burdur,Gölhisar,37.15757,29.51315,Burdur,Correct
55AEB4E0-91F6-4D29-B660-A3208886BD57,EKİM ECZANESİ,Burdur,Merkez,37.72309,30.29434,Burdur,Correct
8D9DDBF4-5BFB-45B2-B26D-A71CD853A560,MUTLU ECZANESİ,Burdur,Merkez,37.71918,30.28144,Burdur,Correct
86C9F889-7B8E-4D94-9062-A86B08D74D81,HASAN KANÇELTİK MUAYENEHANESİ,Burdur,Gölhisar,37.13687,29.50533,Burdur,Correct
A378733E-27BB-47DF-9530-A9707962424F,BURDUR İL SAĞLIK MÜDÜRLÜĞÜ,Burdur,Merkez,37.72433,30.29371,Burdur,Correct
39B1C306-C329-4469-8355-A9AF53FEC6A3,PAZAR ECZANESİ,Burdur,Karamanli,37.36989,29.82098,Burdur,Correct
7247947E-8D82-4AC7-B5EB-ABDFE1A2D31D,AKDENİZ ECZANESİ,Burdur,Yeşilova,37.50579,29.75278,Burdur,Correct
25621A1D-5D24-49BB-96FB-AC33E408CFFB,BURDUR MERKEZ 9 NOLU ABDİ-ŞEFİKA ÖZÖREN AİLE SAĞLIĞI MERKEZİ,Burdur,Merkez,37.71767,30.26565,Burdur,Correct
C02F1A77-41E4-4081-A1A5-ACF6EBDE85C6,İSMAİL BİRCAN MUAYENEHANESİ,Burdur,Merkez,37.53538,30.48333,Burdur,Correct
8DD748BD-2F78-41F7-A8DB-B2F9962CF023,UFUK ECZANESİ,Burdur,Çavdir,37.15047,29.51073,Burdur,Correct
7723AD63-F2AE-4BE3-8C15-B42A00B7DE3A,ŞENER ECZANESİ,Burdur,Merkez,37.6555,30.53802,Burdur,Correct
0845B29E-0C9A-4C91-8DA2-B462E5146ACF,FATMAGÜL DİKYAR ALTUN MUAYENEHANESİ,Burdur,Merkez,37.50483,29.75472,Burdur,Correct
BA1D9624-BAA0-440E-A1CF-B52AC540DCD8,BURDUR YAŞAM AĞIZ VE DİŞ SAĞLIĞI POLİKLİNİĞİ,Burdur,BURDUR MERKEZ,37.72342,30.29088,Burdur,Correct
8901DF6D-C76B-4916-985D-B53F7250A5CA,BURDUR MERKEZ 4 NOLU AİLE SAĞLIĞI MERKEZİ,Burdur,Merkez,37.74,30.30448,Burdur,Correct
8B35D435-30C9-4899-AF3D-B54ABDC9DDD4,UĞUR ECZANESİ,Burdur,Bucak,37.47059,30.56736,Burdur,Correct
D7A1A66D-4C93-4F36-8FD8-B613BE6098A0,BERBEROĞLU ECZANESİ,Burdur,Merkez,37.50755,29.7545,Burdur,Correct
B1E91EA5-CB8A-47C0-B694-B690C6C55009,BURDUR BUCAK 4 NOLU AİLE SAĞLIĞI MERKEZİ,Burdur,Bucak,37.45613,30.58141,Burdur,Correct
A7806923-E704-4B8C-A2C0-B767DA094162,YENİ ŞİFA ECZANESİ,Burdur,Merkez,37.72911,30.29859,Burdur,Correct
81F07685-9D33-4933-8666-BA386B11E526,GÖLHİSAR MERKEZ 3 NOLU ASM,Burdur,Gölhisar,37.14583,29.51585,Burdur,Correct
9A27086D-4965-47B4-A85C-BAD7AB46403C,SERPİL ARSLAN MUAYENEHANESİ,Burdur,Bucak,37.45661,30.59222,Burdur,Correct
8CA12A6D-395F-4A72-A8BB-BAE2F117DBE9,SARILAR ECZANESİ,Burdur,Bucak,37.4587,30.59203,Burdur,Correct
21F6B11A-A6DD-44F6-87A3-BBCA7F71CD2F,OLCAY ECZANESİ,Burdur,Bucak,37.31885,30.41629,Burdur,Correct
80C06EFC-1B27-4BF3-861F-BC8435345CC1,ERDEMİR ECZANESİ,Burdur,Merkez,37.72166,30.28183,Burdur,Correct
12F6E454-28CC-4B00-9A00-BEAED334C4F6,KARAMANLI ECZANESİ,Burdur,Karamanli,37.50733,29.75348,Burdur,Correct
CB62A284-366B-4BFB-A27D-BF0B9D8467D3,BUCAK İLÇE SAĞLIK MÜDÜRLÜĞÜ,Burdur,Bucak,37.46256,30.57346,Burdur,Correct
E9282038-2F55-4E5C-855C-BFF8B4CE0209,BÜŞRA ECZANESİ,Burdur,Bucak,37.35901,30.53228,Burdur,Correct
B71073FC-2B53-47B7-8294-C0ACAC0794CC,BURDUR BUCAK DEVLET HASTANESI,Burdur,Bucak,37.45636,30.58476,Burdur,Correct
6A9644DE-10BA-4D6C-99FC-C1803BF05932,VEDAT ACAR MUAYENEHANESİ,Burdur,Merkez,37.72267,30.29131,Burdur,Correct
B01D58C5-F1A2-454E-AD08-C3127409F979,BURDUR MERKEZ 3 NOLU AİLE SAĞLIĞI MERKEZİ,Burdur,Merkez,37.71037,30.23139,Burdur,Correct
3EAB81FD-6E48-43EA-AB1C-C36DB5D4133A,SERCAN ÇELİK KLİNİĞİ,Burdur,BURDUR MERKEZ,37.72821,30.29739,Burdur,Correct
D675662F-E570-4C2D-9BFA-C3E528DA9FF8,KAPLAN ECZANESİ,Burdur,Bucak,37.47274,30.56513,Burdur,Correct
29C4E1F8-1029-4507-ACBD-C4D65907BF43,BURDUR HALK SAĞLIĞI MÜDÜRLÜĞÜ,Burdur,Merkez,37.35285,30.06034,Burdur,Correct
4CF12B27-D2E6-4F02-8DFB-C60BCB2F89E6,DİRMİL ECZANESİ,Burdur,Altinyayla,36.99758,29.54774,Burdur,Correct
EE71AD31-9E34-4C37-BF9F-C725AF9220A9,ERAY KARABAY MUAYENEHANESİ,Burdur,Bucak,36.8866,30.68622,Antalya,Wrong
1F542B62-93AD-41A4-A845-C83C3631A9CB,ÇETİN ECZANESİ,Burdur,Merkez,37.35077,30.05746,Burdur,Correct
FF4893D6-4CC6-472D-A1AF-CA02F3E08890,DİLEK ECZANESİ,Burdur,Merkez,39.21527,-76.59876,No Info,No Info
36A46365-2F86-4200-A091-CA4E20B7CE90,YAŞAR TUNÇ MUAYENEHANESİ,Burdur,Merkez,37.72049,30.28633,Burdur,Correct
9613A806-E4E0-42B9-A2FB-CA96873CFD4A,TÜREN ECZANESİ,Burdur,Altinyayla,36.99683,29.54814,Burdur,Correct
1DA1CD94-0B48-44B7-9E0F-CB3ECBE898CE,SAĞLIK ECZANESİ,Burdur,Merkez,37.73091,30.30099,Burdur,Correct
504026DD-FFDA-4858-943F-CEDF56C91A80,KARAMANLI DEVLET HASTANESİ,Burdur,Karamanli,37.36769,29.81788,Burdur,Correct
17EB1634-0830-4FB3-9330-D0C68585EE0F,MERVE BALCI MUAYENEHANESİ,Burdur,BURDUR MERKEZ,37.50655,29.75311,Burdur,Correct
00285504-BAC0-49A8-9799-D21E9FB99F66,YILDIZ ECZANESİ,Burdur,Bucak,37.46904,30.56711,Burdur,Correct
F0C8EE3C-3519-4D4A-BAF5-D3AF89543306,HAYAT ECZANESİ,Burdur,Merkez,37.72307,30.29415,Burdur,Correct
440820BA-4E5B-472D-BA36-D7855ABB72E7,BURDUR MEHMET AKİF ERSOY ÜNİVERSİTESİ,Burdur,Merkez,37.69076,30.34484,Burdur,Correct
08B3ED97-8C68-4422-8F33-D8659C7B6D90,TÜREL ECZANESİ,Burdur,Merkez,37.72399,30.29554,Burdur,Correct
534C9670-09AC-41F3-AE9C-DBEDF602C89E,BURDUR ÇAVDIR MERKEZ AİLE SAĞLIĞI MERKEZİ,Burdur,Çavdir,37.15639,29.68916,Burdur,Correct
B6E87608-0E0F-4991-B546-DC7AB47F96C4,NESLİHAN ECZANESİ,Burdur,Merkez,37.73295,30.30161,Burdur,Correct
EAEABEFD-1047-4775-931D-DD27E27418FF,İBRAHİM ÖZKAN MUAYENEHANESİ,Burdur,Gölhisar,37.14405,29.50836,Burdur,Correct
7CFC5D7F-9A82-43D3-9715-DDC634D0AD9D,AVŞAR ECZANESİ,Burdur,Merkez,37.72579,30.29794,Burdur,Correct
AE6CA083-8008-4163-B958-E13BC9A1B9AB,BURDUR GÖLHISAR DEVLET HASTANESI,Burdur,Gölhisar,37.14475,29.50863,Burdur,Correct
E52E25F1-55F3-4344-BAF8-E27B6BD78F6E,YENİ ÇAVDIR ECZANESİ,Burdur,Çavdir,37.15592,29.68882,Burdur,Correct
AB67EE04-6DB6-4201-9F27-E2A41737AF79,CASİM KAHRAMAN MUAYENEHANESİ,Burdur,Bucak,37.45813,30.59327,Burdur,Correct
4C09117B-4A4C-419F-A9BA-E3D9F85038E2,BURDUR YEŞILOVA DEVLET HASTANESI,Burdur,Yeşilova,37.50576,29.75143,Burdur,Correct
D3494C8E-8D2C-4E5A-B933-E49BBB5B0A4B,SÜLEYMAN FAKİ MUAYENEHANESİ,Burdur,Merkez,37.35253,30.06229,Burdur,Correct
E5C84353-1229-436F-B1DA-E50A3262447A,ENGİN ECZANESİ,Burdur,Merkez,37.72029,30.28202,Burdur,Correct
FF10FFC1-6A67-457D-9F4E-E559B5296739,BURDUR AĞLASUN MERKEZ AİLE SAĞLIĞI MERKEZİ,Burdur,Ağlasun,37.64966,30.53416,Burdur,Correct
FF869DBB-18F5-42FC-86D9-E95C54C93ABE,BURDUR GÖLHİSAR 3 NOLU AİLE SAĞLIĞI MERKEZİ,Burdur,Gölhisar,37.15097,29.51104,Burdur,Correct
0EC8DD1B-1E80-49D0-B94E-E9BF19595483,SAĞLIK ECZANESİ,Burdur,Yeşilova,37.50478,29.75477,Burdur,Correct
DDC4F9BA-938B-4C22-AFBD-E9E0E202F778,BURDUR BUCAK ÜRKÜTLÜ AİLE SAĞLIĞI MERKEZİ,Burdur,Bucak,37.32314,30.3024,Burdur,Correct
BFFDA5B4-152F-4770-8B1B-EA40B4468179,DEMİROL ECZANESİ,Burdur,Tefenni,37.50848,29.75333,Burdur,Correct
877C027C-D216-4F21-9932-EA630F17573A,BURDUR AĞİZ VE DIŞ SAĞLİĞİ MERKEZI,Burdur,Merkez,37.72303,30.28349,Burdur,Correct
21F25B3B-DFAB-466F-9E10-EADBA4DBD858,MUTLU ECZANESİ,Burdur,Bucak,37.45642,30.56487,Burdur,Correct
83A19764-70E3-42D2-8934-EDCF22B0B07F,AĞLASUN İLÇE HASTANESİ,Burdur,Ağlasun,37.64873,30.5199,Burdur,Correct
9F19AB6B-D267-442B-B019-F2855D393D48,CIFTCIBASI ECZANESI,Burdur,Merkez,37.50665,29.7533,Burdur,Correct
CADDA761-391C-4540-9211-F3D70866961E,DAMAR ECZANESİ,Burdur,Bucak,37.45901,30.59132,Burdur,Correct
8640D6E0-11F8-40BA-BC1E-F491AA29EE73,PAZAR ECZANESİ,Burdur,Merkez,37.7204,30.28633,Burdur,Correct
A50DDD2F-CB5D-4429-9D33-F5AF4D6365F3,GEDİZ ECZANESİ,Burdur,Merkez,37.72067,30.28875,Burdur,Correct
04533085-36FB-4315-BDF7-F71F7F1AFDCA,AYTAÇ ECZANESİ,Burdur,Merkez,37.73007,30.29834,Burdur,Correct
B9B56FA4-186D-4292-A1B5-FB9BD3C10345,KEMER ECZANESİ,Burdur,Kemer,37.71803,30.2823,Burdur,Correct
D8D1F644-BCBC-46B5-80BD-FE5A643D7327,ARZU BAYINDIR MUAYENEHANESİ,Burdur,Bucak,37.45721,30.5917,Burdur,Correct
