UnitId,UnitName,CityName,DistrictName,Latitude,Longitude,DetectedCity,Match
56618308-BCEF-4B41-A907-015A7B1A4657,ÇİĞDEM ECZANESİ,Iğdir,Merkez,39.91098,44.05649,Iğdır,Correct
8819061C-79C0-45BD-BD36-03580064A820,TOLGAHAN BESLENME VE DİYET DANIŞMANLIĞI,Iğdir,IĞDIR MERKEZ,39.09917,-76.75356,Maryland,Wrong
1E38B3D3-99ED-4E5A-9E0D-05848B9BC57A,ABAKAY ECZANESİ,Iğdir,Merkez,37.27067,32.73345,Konya,Wrong
FA4499FA-3A88-40B3-A5DE-08172E753A5E,RAŞİT İLHAN KADIN HASTALIKLARI VE DOĞUM,Iğdir,Merkez,39.87348,44.51505,Iğdır,Correct
0D89A849-FA2E-491B-897C-08BCE3EA154F,BETÜL ECZANESİ,Iğdir,Merkez,41.02489,28.87229,İstanbul,Wrong
FC624CC0-D0F3-4143-A022-097608F4588B,KERİM ECZANESİ,Iğdir,Merkez,39.93389,44.04988,Iğdır,Correct
1E4CC2A1-C672-4DBF-8F34-0B13E28B9A6C,AHMET AKİF BEYOĞLU MUAYENEHANESİ,Iğdir,Merkez,41.33368,27.98051,Kapaklı,Wrong
4589E8F4-B096-46AC-A751-0B9C9A3213AE,IĞDIR MERKEZ MELEKLİ AİLE SAĞLIĞI MERKEZİ,Iğdir,Merkez,39.94516,44.09151,Iğdır,Correct
D04DDD45-0CDC-4AE2-8AAE-109B816493D9,HATİCE ECZANESİ,Iğdir,Merkez,39.91911,44.04025,Iğdır,Correct
AB731F82-9E52-470D-B599-12B52B6C48AC,DERMAN ECZANESİ,Iğdir,Merkez,41.02665,28.87476,İstanbul,Wrong
ACA61D60-BBF8-4926-9A36-13901F080DCA,BUSE DOĞAN BESLENME VE DİYET KLİNİĞİ,Iğdir,Merkez,37.76701,29.05268,Denizli,Wrong
446921AA-9276-4A42-91E0-2035F6E05124,SAĞLIK ECZANESİ,Iğdir,Merkez,40.9068,30.4756,Sakarya,Wrong
6F2858B5-4F58-4E75-9CA4-21D58D417177,TAN ECZANESİ,Iğdir,Merkez,39.93192,44.02632,Iğdır,Correct
B3EB9696-A698-473F-A430-23A8D6697A77,HÜLYA İMECE BESLENME VE DİYET DANIŞMANLIĞI,Iğdir,IĞDIR MERKEZ,38.65682,43.98477,Van,Wrong
3016AAB5-1070-4E1E-AB5C-2828895FB21F,IĞDIR MERKEZ 15 TEMMUZ ŞEHİTLER AİLE SAĞLIĞI MERKEZİ,Iğdir,Merkez,39.92316,44.04099,Iğdır,Correct
6BC8E39D-E96C-45C7-A67A-292CF17BC9EE,YENİ YAŞAM ECZANESİ,Iğdir,Merkez,39.92165,44.03738,Iğdır,Correct
2562FB61-ED22-420A-ACFB-300A1B0747ED,KORKMAZ ECZANESİ,Iğdir,Merkez,37.38596,36.84703,Kahramanmaraş,Wrong
D52FA466-37A9-42E3-B7E3-34D180255DB4,IĞDIR ECZANESİ,Iğdir,Merkez,39.35837,-76.40796,Maryland,Wrong
7F65B53D-7D35-4A7B-A7BE-3F069D4D94D7,ÖZCAN ECZANESİ,Iğdir,Merkez,39.91769,44.04515,Iğdır,Correct
1DCFE18C-4AB4-4080-BB38-3F525BFAFBA4,SEDA KARASU ORAL DİYET VE BESLENME KLİNİĞİ,Iğdir,IĞDIR MERKEZ,39.87438,44.51625,Iğdır,Correct
2A72DD6A-C3B6-4359-9C21-3F59663802BD,BÜYÜK ECZANESİ,Iğdir,Merkez,39.91901,44.04439,Iğdır,Correct
DB110BA4-52DA-4F19-9BA5-413BC03E5D83,LEMAN ECZANESİ,Iğdir,Aralik,39.87426,44.51522,Iğdır,Correct
1B4F29F5-33FC-4ECC-AE21-414EADD92428,IŞIL ECZANESİ,Iğdir,Merkez,39.91883,44.04496,Iğdır,Correct
25A743A8-DD2B-4478-92D6-47CD99FFA0D6,ABDÜLHAMİT BOZYİĞİT MUAYENEHANESİ,Iğdir,Merkez,39.91992,44.04339,Iğdır,Correct
8CD69350-598F-4B35-B7FA-4809688A9808,IĞDİR AĞİZ VE DIŞ SAĞLİĞİ MERKEZI,Iğdir,Merkez,39.93663,44.05555,Iğdır,Correct
7550E9D9-AC64-4DD4-ACBC-4BFC79835192,BAĞCI ECZANESİ,Iğdir,Merkez,41.02575,28.87356,İstanbul,Wrong
76679FBC-E23E-4B4F-AF1E-4C6033BDFA51,IĞDIR KARAKOYUNLU MERKEZ AİLE SAĞLIĞI MERKEZİ,Iğdir,Karakoyunlu,39.97126,44.17346,Iğdır,Correct
77E889E6-B931-4217-82CA-4C94BA31D454,ONUR ECZANESİ,Iğdir,Merkez,39.89908,44.06794,Iğdır,Correct
4CF8F283-A372-44F1-AE86-52060BC74FE0,LOKMAN ECZANESİ,Iğdir,Merkez,39.92009,44.04582,Iğdır,Correct
680ACEF1-C754-4659-B896-5D1C07DA2F3B,NAZ ECZANESİ,Iğdir,Merkez,39.91072,44.02733,Iğdır,Correct
6C09465A-39CE-4476-96B6-5EAD95F687D9,IĞDIR MERKEZ 5 NOLU 7 KASIM AİLE SAĞLIĞI MERKEZİ,Iğdir,Merkez,39.90387,44.05011,Iğdır,Correct
BF09A63A-DA3E-4B77-AE9B-5F1922986078,CANTEPE ECZANESİ,Iğdir,Merkez,39.91902,44.0464,Iğdır,Correct
59EC74D8-FC2C-4B02-A26A-6440FE98479C,KONAK ECZANESİ,Iğdir,Merkez,39.93194,44.02626,Iğdır,Correct
549BBCD2-87E5-4FDA-9B14-6654F7066707,NİMET ECZANESİ,Iğdir,Merkez,39.92762,44.04522,Iğdır,Correct
B14B77A3-28B3-49EA-956E-6C78306EC774,OBEN ECZANESİ,Iğdir,Merkez,39.67967,-75.97956,Maryland,Wrong
F60B3B3E-BFF0-45B9-BCAA-6D30B07AACC1,ÖZLEM ECZANESİ,Iğdir,Aralik,39.87392,44.51589,Iğdır,Correct
43C92A76-9DC9-4332-B507-6F0ED461E34B,HALFELİ ECZANESİ,Iğdir,Merkez,39.89064,43.98702,Iğdır,Correct
B5F597BE-BFF2-49C7-A403-7015C9DD13C8,DEVA ECZANESİ,Iğdir,Merkez,39.9228,44.03789,Iğdır,Correct
0EE028CC-5CA3-4924-8470-70AC0C7FBD78,YENİ DOLUNAY ECZANESİ,Iğdir,Merkez,39.872,44.51856,Iğdır,Correct
99F6A1DE-E7BD-4CED-A87C-7179E53A7F02,ÖZEL IĞDIR MODERN AĞIZ VE DİŞ SAĞLIĞI POLİKLİNİĞİ,Iğdir,Merkez,39.92255,44.04568,Iğdır,Correct
B2E580E5-EDAB-4BEB-9D01-7359D5E73594,ENGİN ECZANESİ,Iğdir,Merkez,39.9219,44.03669,Iğdır,Correct
797F8AE0-B5FA-4D88-A0F0-7482C5FCB02D,IĞDIR MERKEZ HALFELİ AİLE SAĞLIĞI MERKEZİ,Iğdir,Merkez,39.88697,43.99006,Iğdır,Correct
80E35D6E-6262-4D04-896A-7C1A2515B02F,TUZLUCA DEVLET HASTANESİ,Iğdir,Tuzluca,40.0457,43.6672,Iğdır,Correct
DEBA9A9A-0684-4CCB-AD57-87250BAA4BAE,IĞDİR DEVLET HASTANESİ,Iğdir,Merkez,36.77539,28.80671,Muğla,Wrong
8A8B9309-63CC-4BC9-A1D0-87D874759F87,DOĞAN ECZANESİ,Iğdir,Merkez,39.93554,44.06368,Iğdır,Correct
A8F00DDA-8FDA-4325-84E7-89A218742580,IĞDIR MERKEZ 14 KASIM AİLE SAĞLIĞI MERKEZİ,Iğdir,Merkez,39.92891,44.04826,Iğdır,Correct
FA64568A-BAB6-47FE-BA1B-8A88430AF459,GÜNEŞ ECZANESİ,Iğdir,Merkez,39.92391,44.04799,Iğdır,Correct
0109E6FD-E545-42F4-823A-8AFB4260E143,DİLARA SÖKMEN BESLENME VE DİYET KLİNİĞİ,Iğdir,Merkez,39.22247,-76.58916,Baltimore,Wrong
038FF068-5DB9-474D-AB3C-8B31615F9923,ÖZEL IĞDIR MEDLİFE HASTANESİ,Iğdir,Merkez,41.08243,28.97088,İstanbul,Wrong
C14E0C11-EA93-4343-BCCD-8B72359F908B,ARALIK MERKEZ ASM,Iğdir,Aralik,38.89405,40.50261,Bingöl,Wrong
8FF4EE36-C7A0-468A-8D8A-94321615CCBB,ESMA ECZANESİ,Iğdir,Merkez,39.48707,-76.23636,Maryland,Wrong
DBE82D57-13CB-4412-A625-971FF846A6C0,ARALIK İLÇE DEVLET HASTANESİ,Iğdir,Aralik,39.87606,44.51299,Iğdır,Correct
712B75DF-206B-46CF-A9EA-97CD2504A6B7,DOĞA ECZANESİ,Iğdir,Tuzluca,39.54647,-76.15716,Maryland,Wrong
1440927F-9DEF-4B58-A143-9A8EFF0AC69F,ARI ECZANESİ,Iğdir,Merkez,39.91881,44.04506,Iğdır,Correct
886B9148-C546-4CE0-8BB5-9E1102C00B31,ZÜLALOĞLU ECZANESİ,Iğdir,Merkez,39.92342,44.04577,Iğdır,Correct
8532C765-DC69-4487-B6D9-9E583226C715,KARAKOYUNLU ŞEHİT BAŞÇAVUŞ BÜLENT AYDIN ASM,Iğdir,Karakoyunlu,39.98342,44.24069,Iğdır,Correct
52152A70-0E36-4844-AE5A-9EC266B894CB,KARACA ECZANESİ,Iğdir,Merkez,39.92555,44.04594,Iğdır,Correct
3DA6D001-3878-4551-B2B1-A54C8B8A25F0,FÜSUN ECZANESİ,Iğdir,Merkez,40.0353,32.89731,Ankara,Wrong
2F8BFA1C-4928-4C39-856E-AAD32880829A,MERKEZ ECZANESİ,Iğdir,Merkez,39.87334,44.51648,Iğdır,Correct
70268884-18BA-42FE-9C45-AE06567A88E9,GÜNDERE ECZANESİ,Iğdir,Merkez,39.86804,36.60125,Sivas,Wrong
057918E2-1AB8-4ABA-B402-AF102976D296,NİHAT TANER MUAYENEHANESİ,Iğdir,Merkez,39.92465,44.04685,Iğdır,Correct
2680AA44-BEB7-4B60-A827-B1F46DB23BF1,SAĞLIK ECZANESİ,Iğdir,Tuzluca,40.9068,30.4756,Sakarya,Wrong
80FE6617-52B2-43AC-99F4-B32AA71A8A98,IĞDIR MERKEZ KÜLLÜK ASM,Iğdir,Merkez,41.54386,32.62638,Bartın,Wrong
2E0E489E-7B58-4110-A87F-B61BFB2D56AB,KAYSİM ECZANESİ,Iğdir,Tuzluca,40.04418,43.66579,Iğdır,Correct
1578FE3C-68A8-4C51-A313-BB253C7CDE1E,YAVUZ ECZANESI,Iğdir,Aralik,40.1448,43.12033,Kars,Wrong
A6A52FF2-E0D1-4907-83AA-C644FE280BC0,HAYAT ECZANESİ,Iğdir,Merkez,39.87173,44.519,Iğdır,Correct
D8C45E32-09B2-4E16-97B3-C8EAE05E0A9F,IĞDIR MERKEZ 2 NOLU AİLE SAĞLIĞI MERKEZİ,Iğdir,Merkez,39.9344,43.71468,Iğdır,Correct
BA890EBB-B66D-48E5-807F-C9F613AC9C8D,IĞDIR TUZLUCA MERKEZ AİLE SAĞLIĞI MERKEZİ,Iğdir,Tuzluca,40.041,43.66434,Iğdır,Correct
C86365ED-2F39-4A57-981B-CB6DD35668A7,IĞDIR MERKEZ 1 NOLU AİLE SAĞLIĞI MERKEZİ,Iğdir,Merkez,39.87234,44.51796,Iğdır,Correct
16CBA286-24E1-4063-9311-D0D7B71AA605,YEŞİL ELMA AĞIZ VE DİŞ SAĞLIĞI POLİKLİNİĞİ,Iğdir,IĞDIR MERKEZ,39.92663,44.03682,Iğdır,Correct
DA8B67BF-8E2E-48AD-82EB-D207A59E41D8,MURAT PARİM MUAYENEHANESİ,Iğdir,Merkez,37.50834,29.75279,Burdur,Wrong
2481D2CF-F134-4358-A1BB-D938B40BAB72,SULTAN ECZANESİ,Iğdir,Merkez,39.92525,44.0459,Iğdır,Correct
44017865-896F-4141-BC10-D9E598021C35,IĞDIR MERKEZ 3 NOLU AİLE SAĞLIĞI MERKEZİ,Iğdir,Merkez,39.91829,44.03846,Iğdır,Correct
CB9A2B79-9037-4439-9483-DD7B3B0481D3,AVUNÇ KLİNİK,Iğdir,IĞDIR MERKEZ,39.93184,44.02651,Iğdır,Correct
3CE2BDA5-6C87-4A9A-ABAB-DDBB9A50BBD0,HUZUR ECZANESİ,Iğdir,Merkez,39.92175,44.04508,Iğdır,Correct
1BC3E2CE-4D7C-4989-B930-DED6F2577C45,NİSA ECZANESİ,Iğdir,Merkez,39.92604,44.04656,Iğdır,Correct
77349720-8349-404F-BA0C-E0BCB26BD1D0,AYDIN ECZANESİ,Iğdir,Tuzluca,39.01727,-76.86276,Maryland,Wrong
24A8F85F-8B3A-464C-8D90-E198AA0CC057,IĞDIR MERKEZ 4 NOLU KARAAĞAÇ AİLE SAĞLIĞI MERKEZİ,Iğdir,Merkez,39.90762,44.03541,Iğdır,Correct
060B9F4C-A462-4ACE-9E45-E3F83360921F,ZEHRA ECZANESİ,Iğdir,Merkez,41.16886,29.05751,İstanbul,Wrong
E6028DEE-D512-4891-98AD-E9F3692F2B51,DENTIĞDIR AĞIZ VE DİŞ SAĞLIĞI POLİKLİNİĞİ,Iğdir,Merkez,39.94619,44.09467,Iğdır,Correct
039B53B3-8A90-4762-A10D-ED00974B057A,IĞDIR MERKEZ HOŞHABER ASM,Iğdir,Merkez,39.9031,43.96541,Iğdır,Correct
420CD1AB-4C31-4468-A2AB-F083D08A5818,ERSİN ÇİÇEK DİŞ KLİNİĞİ,Iğdir,Merkez,39.92762,44.04517,Iğdır,Correct
A6A1B017-85A9-432F-A657-F1D1D13F58AF,LALEZAR ECZANESİ,Iğdir,Merkez,39.93582,44.06587,Iğdır,Correct
CDCCA491-90C0-431A-8FCA-F725FD01A946,YILDIRIM ECZANESİ,Iğdir,Merkez,39.93595,44.06691,Iğdır,Correct
8C8F474F-EEB4-4AF2-A93B-FB5181FB4057,CAN ECZANESİ,Iğdir,Aralik,39.8715,44.51433,Iğdır,Correct
293B9234-38FB-4F12-9B5D-FBED36CAE8A0,ŞİFA ECZANESİ,Iğdir,Merkez,39.04247,-76.82916,Laurel,Wrong
