UnitId,UnitName,CityName,DistrictName,Latitude,Longitude,DetectedCity,Match
7E4D0B72-8A73-4220-B5E5-0059991AEB55,IŞIK ECZANESİ,Yalova,Merkez,39.84111,33.5098,Kırıkkale,Wrong
14D6C5AF-ABAA-456E-BFD3-011DEEE7B47C,IHLAMUR ECZANESİ,Yalova,Merkez,41.30553,32.14234,Zonguldak,Wrong
75E17AB2-C550-4A35-B5BA-01F5C24E8899,ZEYNEP YAZICI ÜNĞAN MUAYENEHANESİ,Yalova,Çiftlikköy,40.66685,29.32214,Yalova,Correct
769E7C71-E42A-4A97-8A2B-02CC93FFADD0,YALOVA ÇINARCIK HARMANLAR AİLE SAĞLIĞI MERKEZİ,Yalova,Çinarcik,40.64421,29.11353,Yalova,Correct
AB41294E-7E5C-4B95-ABAE-0370B97509C5,ATAŞ ECZANESİ,Yalova,Merkez,40.656,29.26365,Yalova Merkez,Correct
AFE0D735-F6E4-46D3-8013-03E8FC1F9D25,ATALAY ECZANESİ,Yalova,Merkez,40.64377,29.2596,Yalova Merkez,Correct
4A3DF4EA-C0C0-4EE6-BF2A-04D7A856FBD2,YALOVA EĞİTİM VE ARAŞTIRMA HASTANESİ,Yalova,Merkez,40.95256,39.86944,Trabzon,Wrong
245A857C-8E40-4901-A042-0510F5D831C6,BİZİM ECZANESİ,Yalova,Merkez,40.65722,29.27392,Yalova Merkez,Correct
E1C7AD3D-8A64-4810-8BD6-05B152A51FE6,ANADOLU ECZANESİ,Yalova,Merkez,40.6558,29.27299,Yalova Merkez,Correct
B8BBFB10-907C-4B2F-B6B6-0682F07B82C6,ABBAS KURUÇAY MUAYENEHANESİ,Yalova,Altinova,40.69727,29.51057,Yalova,Correct
4266DE89-A50A-4DCD-BD5D-075E86911102,DURU ECZANESİ,Yalova,Altinova,40.69912,29.51172,Yalova,Correct
A69DBC16-961C-41CC-B82B-07EA465C0B73,AYHAN ÖZGÜR MUAYENEHANESİ,Yalova,Merkez,41.1264,28.8143,İstanbul,Wrong
398753D3-F60E-4D57-BDAB-0955D6429F41,DEFNE ECZANESİ,Yalova,Altinova,40.69617,29.52788,Yalova,Correct
8E9D9332-080C-42DE-98FC-0F27B3653771,DOĞAN ECZANESİ,Yalova,Merkez,40.65382,29.27115,Yalova Merkez,Correct
6D343397-C492-419C-833B-0F4E5BC0AB64,ÇİFTLİKKÖY ECZANESİ,Yalova,Çiftlikköy,40.65449,29.2618,Yalova Merkez,Correct
A3D2CA3C-EDB8-428A-BA33-10783D1D63B3,İSTANBUL ECZANESİ,Yalova,Merkez,40.65578,29.27193,Yalova Merkez,Correct
AD87A2C8-7540-40B5-967E-118AAE0DBD17,PINAR ECZANESİ,Yalova,Çiftlikköy,40.67513,29.39378,Yalova,Correct
943D2942-15D9-4407-8F22-14F3A6D342D5,GÜLERYÜZ ECZANESİ,Yalova,Merkez,40.64698,29.26636,Yalova Merkez,Correct
743BDC7F-7EE1-49F2-8B9A-19851FF24CD5,TEŞVİKİYE AYLA ECZANESİ,Yalova,Çinarcik,40.69907,29.51045,Yalova,Correct
6BF23498-16B0-4A6D-9E55-1D3C8702404E,KOVANCI ECZANESİ,Yalova,Merkez,40.65634,29.29098,Yalova Merkez,Correct
9063177D-1FE1-492D-AA7A-2004DDC4E358,KARAMÜRSEL EĞİTİM MERKEZ KOMUTANLIĞI REVİRİ,Yalova,Altinova,40.6972,29.51053,Yalova,Correct
FC156D56-AE4C-47F5-9D14-202ECC1885EA,ERKAN KAYA MUAYENEHANESİ,Yalova,Merkez,40.8489,29.3586,İstanbul,Wrong
1F987600-FD7D-4D29-86AA-274F2C29F730,ALTINOVA MERKEZ TSM,Yalova,Altinova,40.69135,29.50916,Yalova,Correct
DB1969F5-7D85-4A31-AD81-2755F5BE113B,YENİ ECZANESİ,Yalova,Armutlu,40.5264,28.82721,Yalova,Correct
F1C2FE55-6DA7-43EF-A950-27939592311C,SERDAR UZUNOĞULLARI MUAYENEHANESİ,Yalova,Merkez,41.0461,29.0384,İstanbul,Wrong
B8F513BD-C096-4A88-89A7-27F4BF419273,MERKEZ ECZANESİ,Yalova,Merkez,39.62837,-76.04796,No Info,No Info
1DF28C16-AE7C-4447-9837-2B2A54157A85,YALOVA MERKEZ GAZİOSMANPAŞA AİLE SAĞLIĞI MERKEZİ,Yalova,Merkez,40.65627,29.29169,Yalova Merkez,Correct
AD7C27D2-BE1A-40BF-9272-2DB431FA45FF,IŞIL ECZANESİ,Yalova,Çinarcik,40.66039,29.3195,Yalova,Correct
2128C3E9-7FF5-41E9-A9CC-2E7CE725AE05,NERGİZ ECZANESİ,Yalova,Merkez,40.65784,29.30271,Yalova Merkez,Correct
2A79005F-95D2-4C41-9D3B-2EB467108F05,YALOVA ALTINOVA SUBAŞI AİLE SAĞLIĞI MERKEZİ,Yalova,Altinova,40.67722,29.48259,Yalova,Correct
FE959BF3-380F-4883-BBB6-2F201DE9E470,UĞUR ECZANESİ,Yalova,Merkez,40.65463,29.26184,Yalova Merkez,Correct
1E2A3DCC-6ABF-4487-ADC4-2F3D1972D707,MERVEM ECZANESİ,Yalova,Merkez,40.65546,29.30492,Yalova Merkez,Correct
DBEEF3C5-DFC8-48DB-8BD0-2F4DE791FC18,EMRE ECZANESİ,Yalova,Merkez,37.53449,30.47913,Burdur,Wrong
2D9FCA93-731B-4B87-8A55-2FE7B3B324E6,SEDA GUNGOR PEHLİVAN MUAYENEHANESİ,Yalova,Merkez,40.65717,29.26788,Yalova Merkez,Correct
05E7A242-AEED-4046-A0F9-300CA22673CA,AYSU ECZANESİ,Yalova,Merkez,40.65616,29.26044,Yalova Merkez,Correct
9A1AB16D-EF77-41CE-9F1F-31C8BD56C28D,HASTANE ECZANESİ,Yalova,Çiftlikköy,40.66319,29.3217,Yalova,Correct
91F294CC-8AB4-4B98-AF65-32625375A2E4,ALTINOVA İLÇE DEVLET HASTANESİ,Yalova,Altinova,40.68868,29.50398,Yalova,Correct
DB9FA6DE-B588-45B7-BD85-35D49C36E374,ÇAKIL ECZANESİ,Yalova,Çiftlikköy,39.29807,-76.48836,No Info,No Info
2DA0B5F8-73D7-44EF-A39E-3795BC76B94E,MUNGAN ECZANESİ,Yalova,Termal,40.60664,29.17534,Yalova,Correct
6EFB5797-7475-4662-A1EA-386A783FF645,SELİN ECZANESİ,Yalova,Çiftlikköy,40.66319,29.32171,Yalova,Correct
03EE94E0-7D64-4B60-A322-38FE1384A025,DERMAN ECZANESİ,Yalova,Merkez,40.65393,29.25591,Yalova Merkez,Correct
4E90E52E-FD11-4C9C-ACB3-391AAA7426A2,GÖKÇE ECZANESİ,Yalova,Merkez,40.65625,29.26525,Yalova Merkez,Correct
74F9C656-18D0-4882-BE25-3A08513DAC8F,YALOVA MERKEZ FEVZİ ÇAKMAK AİLE SAĞLIĞI MERKEZİ,Yalova,Merkez,40.65246,29.28057,Yalova Merkez,Correct
D7659AF5-52C1-4FB5-AA59-3B4193D90A9C,ARMUTLU DEVLET HASTANESİ,Yalova,Armutlu,40.52564,28.82815,Yalova,Correct
E63C4DB9-5FD4-4760-8F10-3B7F4522710F,YALOVA TERMAL AİLE SAĞLIĞI MERKEZİ,Yalova,Termal,40.60453,29.17569,Yalova,Correct
2964D7D7-09D7-4A08-879A-3BE83907FFD3,FEYZA ECZANESİ,Yalova,Merkez,40.65579,29.27247,Yalova Merkez,Correct
30FC2791-2E15-4E6B-B7A3-3EBB31000ABF,MERVE ECZANESI,Yalova,Merkez,39.84165,33.50989,Kırıkkale,Wrong
47DD772C-B9B1-4BFE-B0B9-4101166DAA4A,SEMBOL ECZANESİ,Yalova,Çiftlikköy,40.663,29.32364,Yalova,Correct
C35B63BA-B24D-477F-BAF0-43F109EB1866,YALOVA MERKEZ FUAT ZİLELİOĞLU AİLE SAĞLIĞI MERKEZİ,Yalova,Merkez,40.61896,29.22288,Yalova Merkez,Correct
85BBEA97-816F-428B-8D2C-46457B060FB1,UMUT ECZANESİ,Yalova,Altinova,40.65964,29.32582,Yalova,Correct
23B24BF1-10CC-4069-A857-46B04A1C4EAF,ALIŞ ECZANESİ,Yalova,Çiftlikköy,40.66436,29.31938,Yalova,Correct
A906BE9E-980A-4142-BBE1-46BDE3762BAB,SİBELİN ECZANESİ,Yalova,Merkez,40.65574,29.27096,Yalova Merkez,Correct
FBA195E6-1BA3-4DA5-B069-46D7AEFF3451,DAMLA ECZANESİ,Yalova,Merkez,40.65255,29.25996,Yalova Merkez,Correct
08782AE3-153E-456E-9B59-476D1C19BFB2,YALOVA ÇİFTLİKKÖY TAŞKÖPRÜ AİLE SAĞLIĞI MERKEZİ,Yalova,Çiftlikköy,40.67563,29.39371,Yalova,Correct
6FE53172-04A3-493D-87C5-479997220227,YALOVA MERKEZ KADIKÖY HACI KADİR KAHRİMAN AİLE SAĞLIĞI MERKEZİ,Yalova,Merkez,40.61986,29.22408,Yalova Merkez,Correct
B9CA11F3-21B4-4A61-8945-49559DF90C19,ŞAFAK ECZANESİ,Yalova,Merkez,40.65737,29.27047,Yalova Merkez,Correct
0066BA84-EB75-460E-95C9-4AF781B24260,KİĞILI ECZANESİ,Yalova,Merkez,40.63718,29.25809,Yalova Merkez,Correct
245E1051-AC9A-4696-A08D-4C294A43214B,GÜLCE ECZANESİ,Yalova,Merkez,40.65046,29.26653,Yalova Merkez,Correct
3BB06D20-51D8-475F-B8BD-4CBCA347B6AB,ESRA GÜL ECZANESİ,Yalova,Altinova,40.67226,29.38774,Yalova,Correct
7F6B79EF-02A8-467D-A33C-4D405066383E,SAHİL ECZANESİ,Yalova,Çinarcik,40.64286,29.2835,Yalova Merkez,Correct
92BE6661-BE02-4925-A801-4F2059E93E00,ATAV DİYET KLİNİĞİ,Yalova,Merkez,40.65556,29.27348,Yalova Merkez,Correct
9AF43F6F-4A27-472F-9584-4FB862600F5C,ARZU ECZANESİ,Yalova,Merkez,40.655,29.2709,Yalova Merkez,Correct
C4CAAFDE-B9E4-4B5B-97CB-521D06A98F49,YALOVA MERKEZ KAZIM KARABEKİR AİLE SAĞLIĞI MERKEZİ,Yalova,Merkez,40.65284,29.25545,Yalova Merkez,Correct
26B76B8C-72B2-40F8-9749-523EDCD7D984,KENT ECZANESİ,Yalova,Merkez,40.65468,29.27462,Yalova Merkez,Correct
3F41A396-638F-48DB-A036-5383643139D1,TÜLAY GÜNEY MUAYENEHANESİ,Yalova,Çiftlikköy,41.1406,29.007,İstanbul,Wrong
C344D7A8-A53B-4FDE-9091-53F38524F8A0,ÇINARCIK ECZANESİ,Yalova,Çinarcik,38.91107,-77.00436,No Info,No Info
0843D0B2-20BF-4D5A-98A0-598B5456627D,PAZAR ECZANESİ,Yalova,Merkez,40.65733,29.27173,Yalova Merkez,Correct
084BF8B3-CF42-4143-8B0E-5B7B453F5A4E,CAN ECZANESİ,Yalova,Altinova,40.69413,29.50904,Yalova,Correct
88525244-4F9B-4A0A-93A0-5B8A3CC24B7C,BURCU ASLAN MUAYENEHANESİ,Yalova,Merkez,41.0063,28.7796,İstanbul,Wrong
35E21B10-EFE7-4E0B-A3B3-5DC86ACAD773,YALOVA ALTINOVA ALTINOVA AİLE SAĞLIĞI MERKEZİ,Yalova,Altinova,40.69093,29.50465,Yalova,Correct
CA4A5A8A-803C-407C-A8D5-5F9CA8880FF4,NOKTA İŞ SAĞLIĞI MERKEZİ,Yalova,Merkez,39.36197,-76.40316,No Info,No Info
635F4D38-259D-4349-B445-5FD295FC3370,AYDAN YILMAZ MUAYENEHANESİ,Yalova,YALOVA MERKEZ,41.0913,28.6804,İstanbul,Wrong
C559E4BD-C851-4391-91F6-60461281E5E7,HASAN TAHSİN ŞAHİN MUAYENEHANESİ,Yalova,Merkez,40.9279,29.0285,İstanbul,Wrong
59934BAB-F098-4FA1-96AB-608166C9D2B9,YALOVA İNCİ AĞIZ VE DİŞ SAĞLIĞI MERKEZİ,Yalova,Merkez,40.65458,29.28207,Yalova Merkez,Correct
4B95F766-6432-4774-9E43-60EA8F3DCC75,İREM ECZANESİ,Yalova,Merkez,40.63432,29.26858,Yalova Merkez,Correct
F894F80B-3A88-430A-A2E4-64330A19003E,YALOVA SİTELER ASM,Yalova,Çiftlikköy,40.66769,29.33016,Yalova,Correct
B9844225-4253-450E-9DFD-674C529CBB7E,KARADENİZ ECZANESİ,Yalova,Çiftlikköy,40.66625,29.31517,Yalova,Correct
CA83FBC9-3210-417D-A3E8-68DE98B5D41A,MUZAFFER-MELİKE YILDIZ MUAYENEHANESİ,Yalova,Merkez,41.1382,28.9232,İstanbul,Wrong
085DC61F-009F-4B6B-9706-6BB815ECA37B,ÖZEL YALOVA HASTANESİ,Yalova,Merkez,40.65397,29.2748,Yalova Merkez,Correct
585DD054-2EA9-48D8-B13A-6C09E9BEE3A7,DEFNE ECZANESİ,Yalova,Merkez,39.54557,-76.15836,No Info,No Info
9AD7B7E5-79D2-4CFB-B0BF-6C8CF6EB916C,YALOVA ALTINOVA KAYTAZDERE AİLE SAĞLIĞI MERKEZİ,Yalova,Altinova,40.69264,29.54208,Yalova,Correct
A5E88643-1EE4-428D-9FEA-6D9A7BBC289D,SERRA ECZANESİ,Yalova,Çinarcik,40.60478,29.36316,Yalova,Correct
39AE4E01-DC2C-4A74-81FA-6EB04EF226B7,ARDA ECZANESİ,Yalova,Armutlu,40.67532,29.39043,Yalova,Correct
E272ECBB-31D7-40ED-B329-70662AD72E7D,YALOVA MERKEZ MEHMET ŞAHİN AİLE SAĞLIĞI MERKEZİ,Yalova,Merkez,40.62261,29.22642,Yalova Merkez,Correct
A5578B0C-DEB9-4C47-A606-71D9CC70DD45,ÖZEL YALOVA AĞIZ VE DİŞ SAĞLIĞI POLİKLİNİĞİ,Yalova,Merkez,40.99012,29.02313,İstanbul,Wrong
2F4C34B6-9795-42F9-B30F-74FEF7AEFB6B,HALİLOĞLU ECZANESİ,Yalova,Merkez,40.65996,29.30432,Yalova Merkez,Correct
82823322-F8DB-4823-B0EA-772CD8E9A765,BAHER BEDİR MUAYENEHANESİ,Yalova,Çiftlikköy,41.0689,28.7036,İstanbul,Wrong
3A49A18D-58FE-4A91-8DF6-7A2F068A4AC3,ALİ USTA CLİNİC,Yalova,Merkez,40.65627,29.26668,Yalova Merkez,Correct
5AE04350-1E01-41E8-811F-7B33D13965AF,YALOVA MERKEZ TOKİ AİLE SAĞLIĞI MERKEZİ,Yalova,Merkez,40.63666,29.25683,Yalova Merkez,Correct
556B337D-3801-448F-B8F9-7C630383A3FA,ALMİLA ECZANESİ,Yalova,Merkez,40.65581,29.27363,Yalova Merkez,Correct
0D0605E6-3472-4D0F-9BAE-7C8B39DF8E42,ÖZEL GAZİDENT AĞIZ VE DİŞ SAĞLIĞI POLİKLİNİĞİ,Yalova,Çiftlikköy,40.66239,29.32472,Yalova,Correct
FF96042D-0D78-4538-A859-7CD05A647E8B,NİHAL KAYA MUAYENEHANESİ,Yalova,Merkez,41.1911,29.2073,İstanbul,Wrong
2A80CDF5-3757-4CC0-817B-7DFCEF87D50B,YALOVA ÇINARCIK DEVLET HASTANESİ,Yalova,Çinarcik,40.64339,29.11935,Yalova,Correct
64DD07CB-C67F-4D7C-8442-7EC622799D17,BÜŞRA ECZANESİ,Yalova,Altinova,40.69272,29.50514,Yalova,Correct
5A0B2944-4B0B-4C52-B1E8-81463AD755A6,SEVGEN ECZANESİ,Yalova,Merkez,40.65075,29.26179,Yalova Merkez,Correct
5A7F112E-89C0-4800-AB37-83580855E660,MARS ESTETİK DİŞ,Yalova,Merkez,39.68597,-75.97116,No Info,No Info
9CC73268-7F1E-45BE-8E58-8389AD92958C,YALOVA TERMAL TSM,Yalova,Termal,40.59914,29.17573,Yalova,Correct
53BB3281-77D6-4321-BAC2-83A267FD695C,BANU ECZANESİ,Yalova,Çinarcik,40.64346,29.11935,Yalova,Correct
43A23725-00F6-4616-9020-84768979C0F7,MURAT ÇOBAN MUAYENEHANESİ,Yalova,Merkez,41.1742,28.7333,İstanbul,Wrong
EEA822F4-D11D-411E-8917-881EFD8B8CC8,EYLÜL ECZANESİ,Yalova,Çinarcik,40.69689,29.39633,Yalova,Correct
1AF87B5E-4F18-415E-B294-89602221230F,EBRU ECZANESİ,Yalova,Merkez,40.65658,29.26992,Yalova Merkez,Correct
99097E42-5AFB-41F7-A1DD-8A95C1AB57EC,İNCİ AKERSOY MUAYENEHANESİ,Yalova,Merkez,40.9176,29.048,İstanbul,Wrong
C89515DE-1885-423E-AE39-8C52B2A4BFCB,IRMAK ECZANESİ,Yalova,Merkez,40.65266,29.26672,Yalova Merkez,Correct
4247169C-FA42-4C75-8026-8CE9527E6312,TÜZÜN ECZANESİ,Yalova,Çinarcik,40.64376,29.2847,Yalova Merkez,Correct
0F018C84-3FE5-4883-A7D1-8D1312F7BC8B,YALOVA ARMUTLU ARMUTLU AİLE SAĞLIĞI MERKEZİ,Yalova,Armutlu,40.51823,28.82373,Yalova,Correct
4003E84B-5ECC-4527-8165-927AE79E0928,YAŞAR BAKİ AKYÜREK MUAYENEHANESİ,Yalova,Armutlu,40.9079,28.6485,İstanbul,Wrong
40F2051D-E8F0-40B7-8A9A-93295B26B201,YALOVA MERKEZ İSMETPAŞA AİLE SAĞLIĞI MERKEZİİ,Yalova,Merkez,40.65698,29.27057,Yalova Merkez,Correct
B2CBD048-8E80-4DA0-AB04-935961D0BF4E,YALOVA ÇİFTLİKKÖY ÇİFTLİKKÖY AİLE SAĞLIĞI MERKEZİ,Yalova,Çiftlikköy,40.66367,29.32769,Yalova,Correct
4559B306-7C98-4856-8B71-93CFC93651B7,İREM NAZ ECZANESİ,Yalova,Çiftlikköy,38.97047,-76.92516,No Info,No Info
493354FA-B963-4D2F-AFC3-941B67AFDF66,AKSOY ECZANESİ,Yalova,Merkez,40.65842,29.27868,Yalova Merkez,Correct
943AE0BD-42B8-4087-9D33-94B9D9834F5B,AKSA FABRİKA REVİRİ,Yalova,Çiftlikköy,40.64059,29.43463,Yalova,Correct
2D24455D-E3D4-4F76-B53B-955941AF3122,MELEKLER ÖZEL EĞİTİM VE REHABİLİTASYON MERKEZİ,Yalova,Merkez,40.65488,29.28419,Yalova Merkez,Correct
5174B4D7-5D19-4FBF-BCB0-95A77FEBB11E,NAZLI ECZANESİ,Yalova,Merkez,40.6501,29.26657,Yalova Merkez,Correct
3665015F-742E-4366-95AD-95E1B5B864F7,AYHAN ECZANESİ,Yalova,Merkez,40.65694,29.30146,Yalova Merkez,Correct
A2B3924C-3485-4AF4-A7D6-95EC47B8A596,MARMARA ECZANESİ,Yalova,Merkez,40.64254,29.25731,Yalova Merkez,Correct
64D9145F-0178-4F2C-A5CA-96A6A1FE75E8,İSKELE ECZANESİ,Yalova,Armutlu,40.66109,29.32421,Yalova,Correct
1D061342-EFFD-4160-90C4-980E8EB613BA,KARDELEN ECZANESİ,Yalova,Merkez,40.65217,29.28143,Yalova Merkez,Correct
43B09A0A-89A6-4625-8D26-9979E5A4A776,BESTE ERİŞKİN MUAYENEHANESİ,Yalova,Merkez,41.0653,28.8972,İstanbul,Wrong
E27FE0C7-9BFF-45CA-A5F3-99A0B4738AEA,LALE ECZANESİ,Yalova,Merkez,40.65962,29.28183,Yalova Merkez,Correct
44909C72-87C7-4079-9177-9F00B34D4C35,KADIKÖY ECZANESİ,Yalova,Merkez,40.61943,29.21856,Yalova Merkez,Correct
C42A48DA-C086-49C3-B599-9FD15AA49D48,YALOVA ÇINARCIK ESENKÖY AİLE SAĞLIĞI MERKEZİ,Yalova,Çinarcik,40.5937,28.91554,Yalova,Correct
1331EAF0-6B75-411C-AF93-A0FD97D8980F,ÖZEL AKTİF HASTANESİ,Yalova,Çiftlikköy,40.66396,29.32012,Yalova,Correct
69F955C3-F515-4CDB-80BA-A19139359A9F,DEVA ECZANESİ,Yalova,Merkez,40.65556,29.2708,Yalova Merkez,Correct
9CEDD16A-D203-42BE-A05A-A6D6673EDD10,FATİH ECZANESİ,Yalova,Merkez,40.65627,29.26779,Yalova Merkez,Correct
DECF22FA-9A3F-40F8-932A-A8027DEC6909,MELTEM VELİAĞAGİL MUAYENEHANESİ,Yalova,Merkez,40.8213,29.2523,İstanbul,Wrong
602CED89-2CCC-4874-A84F-A89B008D53C9,BÜLENT SOLMAZ MUAYENEHANESİ,Yalova,Merkez,40.8695,29.0311,İstanbul,Wrong
E81A6B29-424F-43DF-A001-A8BA930368EB,ESRA ECZANESİ,Yalova,Merkez,40.64683,29.26631,Yalova Merkez,Correct
EA3AAB6B-B160-4877-B574-AA450B1F9BD6,ÖZKAYA ECZANESİ,Yalova,Merkez,40.65872,29.28063,Yalova Merkez,Correct
25FA24A4-5530-4CE6-BA3E-AA7B828A2A3A,YALOVA ÇINARCIK ÇALICA KALICI KONUTLAR,Yalova,Çinarcik,40.64561,29.15719,Yalova,Correct
501FE409-7905-4D79-9F87-AAF2C2A18935,AYNUR SAĞOL MUAYENEHANESİ,Yalova,Merkez,40.9737,28.9442,İstanbul,Wrong
12089074-988E-460D-B9AA-AB44F6E5D3E5,DENİZ ECZANESİ,Yalova,Çiftlikköy,40.66479,29.31235,Yalova,Correct
7E84A8DA-9A10-4B5B-A15D-AB7E66AFAA3B,AYKUT ECZANESİ,Yalova,Merkez,39.61847,-76.06116,No Info,No Info
AD8A7723-C0B1-44CB-B4D0-AC4B81EC6C66,BEYZA ECZANESİ,Yalova,Merkez,40.6522,29.25771,Yalova Merkez,Correct
E790189C-7098-4370-96B8-AD11BF7146C4,BUĞDAY HEPŞEN DAYLAN TUNÇ MUAYENEHANESİ,Yalova,Merkez,41.1853,28.6249,İstanbul,Wrong
9F5CBAF7-DEAF-48B1-B026-ADA6487C1730,ELA NUR BESLENME MERKEZİ,Yalova,Merkez,40.65727,29.27139,Yalova Merkez,Correct
C6087AF9-1772-426B-A850-B0A9593CB1B8,ÖZEL MESAM AĞIZ VE DİŞ SAĞLIĞI POLİKLİNİĞİ YALOVA,Yalova,YALOVA MERKEZ,40.65457,29.27767,Yalova Merkez,Correct
D632A73E-683D-410B-BFAB-B188106C1F2C,HASAN TÜZÜN MUAYENEHANESİ,Yalova,Çinarcik,41.102,29.0072,İstanbul,Wrong
5FD7EF19-3E4A-4DDD-8D20-B1C5062FD463,SİMGE ECZANESİ,Yalova,Altinova,40.67263,29.48266,Yalova,Correct
93B6B1D1-42DE-4A48-88F8-B49633B462AE,ALTINOVA ECZANESİ,Yalova,Altinova,40.67301,29.38743,Yalova,Correct
7F427925-3479-463A-9921-B5902459FBB8,YUSUF GÜRSOY MUAYENEHANESİ,Yalova,Merkez,40.8727,28.7208,İstanbul,Wrong
16BBDD8C-FF72-4D1F-89C3-B9AA0B620A07,DENTOMİNE DİŞ POLİKLİNİĞİ,Yalova,Merkez,40.65761,29.27015,Yalova Merkez,Correct
ACE447C5-A315-48AD-ABAE-BC6C2A67FD0F,YALOVA ÇINARCIK MERKEZ AİLE SAĞLIĞI MERKEZİ,Yalova,Çinarcik,40.63981,29.1532,Yalova,Correct
1F7513B5-E141-485D-803E-C4A851783679,BAYRAK ECZANESİ,Yalova,Merkez,40.65875,29.2708,Yalova Merkez,Correct
CD354145-E3D9-4360-AA98-C4F3EE2C29F6,FUNDA ECZANESİ,Yalova,Merkez,40.65578,29.27213,Yalova Merkez,Correct
CDDDB887-4D37-48C0-9771-C555354C52BC,ALKIN MELİKOĞLU MUAYENEHANESİ,Yalova,Merkez,40.8805,29.0257,İstanbul,Wrong
C489B52F-BC8F-4096-8B32-C676C8D2502D,DENİZ ECZANESİ,Yalova,Merkez,40.65626,29.26676,Yalova Merkez,Correct
B4CD93EF-0200-4E85-AB77-C844A20F61A7,TOPRAK ECZANESİ,Yalova,Çinarcik,40.65721,29.32583,Yalova,Correct
B7841F8B-2993-4099-9E85-C89706520753,ÇİMEN ECZANESİ,Yalova,Altinova,40.64816,29.32694,Yalova,Correct
9AACEDC2-2A73-46C3-A408-C98183599A2E,YALOVA MERKEZ BAHÇELİEVLER AİLE SAĞLIĞI MERKEZİ,Yalova,Merkez,40.6534,29.25534,Yalova Merkez,Correct
279D4BD7-23BC-413A-B4C3-CA2663A96F02,ALPER ECZANESİ,Yalova,Merkez,40.6575,29.27391,Yalova Merkez,Correct
114698FE-4691-4540-B6C0-CA976109C12A,YALOVA ÇINARCIK TEŞVİKİYE AİLE SAĞLIĞI MERKEZİ,Yalova,Çinarcik,40.63151,29.08239,Yalova,Correct
71709B6A-FED2-422A-97DA-CACE9D78456F,KARADENİZ ECZANESİ,Yalova,Çinarcik,40.66625,29.31517,Yalova,Correct
8872DEE5-9E4D-4FB3-B56D-CBA2FC3FFF6A,BEYAZ KLİNİK AĞIZ VE DİŞ SAĞLIĞI MERKEZİ,Yalova,Merkez,40.6562,29.26801,Yalova Merkez,Correct
EB780B44-6C56-4AB6-8356-CE03A8C766FB,YAKAMOZ ECZANESİ,Yalova,Çiftlikköy,40.66144,29.32437,Yalova,Correct
DA9D61AF-4C88-46E9-B9C3-CEC8128B3941,ŞİFA ECZANESİ,Yalova,Çiftlikköy,40.66251,29.30926,Yalova,Correct
8A765D96-12BA-4BCF-9F3E-CF98AA7E1EAD,ZEYNEP ECZANESİ,Yalova,Merkez,40.65452,29.271,Yalova Merkez,Correct
CB096162-A7E1-4ACA-84CD-D8D6450D884F,DÖRTYOL ECZANESİ,Yalova,Merkez,40.6567,29.28083,Yalova Merkez,Correct
130D8958-C106-4D67-A00C-DA55FE1CEC7A,BAĞCI ECZANESİ,Yalova,Merkez,40.65615,29.27705,Yalova Merkez,Correct
A2095343-5D68-402A-8123-DACD34CB212A,ESRA IRAK MUAYENEHANESİ,Yalova,Çiftlikköy,41.097,29.2916,İstanbul,Wrong
B8C3FB33-2E41-4839-8274-DCE98FC83491,LİMAN ECZANESİ,Yalova,Çinarcik,40.64706,29.12558,Yalova,Correct
41EB8343-4087-418F-A4CC-DD866FEAC9E2,YAŞAM ECZANESİ,Yalova,Merkez,40.65529,29.27085,Yalova Merkez,Correct
765D3FE1-9F92-4FE7-A80E-DF8501D7E2A1,SERVET GÖKHAN BİNGÖL MUAYENEHANESİ,Yalova,Merkez,41.1316,29.3907,İstanbul,Wrong
5EA4D5DB-5774-4837-8C74-E04842E5D60F,ERCAN ECZANESİ,Yalova,Çiftlikköy,40.65758,29.3138,Yalova,Correct
D9610D20-144E-40ED-94A5-E0D25CEDC2EB,VATAN ECZANESİ,Yalova,Merkez,40.65391,29.27482,Yalova Merkez,Correct
5F16E9E9-3660-46C7-90BB-E2724D467869,KESKİN ECZANESİ,Yalova,Merkez,40.65387,29.28666,Yalova Merkez,Correct
09CAE013-FF7C-4319-AF70-E335085C1F88,NOSS FIT CLUP,Yalova,Merkez,41.1134,29.207,İstanbul,Wrong
0BAD8ED5-8817-4839-9313-E876248DC8AF,SERHAT ECZANESİ,Yalova,Merkez,40.65372,29.25588,Yalova Merkez,Correct
9D8A523C-D188-450F-92DA-E8A3806B859F,ÖMER AKPINAR MUAYENEHANESİ,Yalova,Merkez,41.1848,29.2179,İstanbul,Wrong
FBCD1A3F-8226-40C6-BF4F-E9BE226E5383,YALOVA MERKEZ PAŞAKENT AİLE SAĞLIĞI MERKEZİ,Yalova,Merkez,40.59222,29.26543,Yalova Merkez,Correct
603B0A75-C30B-47E7-9F0B-EB209C27E982,TUĞÇE ECZANESİ,Yalova,Çiftlikköy,40.66724,29.33008,Yalova,Correct
6DE377FB-B64A-41F9-A9AB-EDFEFF9E068B,YALOVA MERKEZ SÜLEYMANBEY AİLE SAĞLIĞI MERKEZİ,Yalova,Merkez,40.65862,29.27863,Yalova Merkez,Correct
F8F95EBB-A8DA-4C5C-A03C-F006E5A3610F,ÖZEL AKTİF HASTANESİ ECZANESİ,Yalova,Çiftlikköy,40.66373,29.31267,Yalova,Correct
AC77E5C4-583D-4803-8987-F05F4758AAA6,YALÇIN ECZANESİ,Yalova,Çiftlikköy,40.67108,29.38757,Yalova,Correct
24BA948E-CBB9-453F-BC6C-F208B5197128,ÖZEL ATAKENT HASTANESİ,Yalova,Merkez,40.65711,29.26727,Yalova Merkez,Correct
F37DD38F-263B-40C4-A762-F6A82487F425,YALOVA HALK SAĞLIĞI LABORATUVARI,Yalova,Merkez,40.65491,29.25414,Yalova Merkez,Correct
8E5527E7-E375-4B95-A5CD-F706CF146EAD,YALOVA MERKEZ GAZİ AİLE SAĞLIĞI MERKEZİ,Yalova,Merkez,40.65108,29.29521,Yalova Merkez,Correct
C5D0A24B-362B-4FE6-87E3-F8A7923EBC46,YALOVA ALTINOVA TAVŞANLI AİLE SAĞLIĞI MERKEZİ,Yalova,Altinova,40.68791,29.44526,Yalova,Correct
61563188-C9B5-442A-BA00-F9C1B6E67420,YALOVA ÇİFTLİKKÖY SAHİL AİLE SAĞLIĞI MERKEZİ,Yalova,Çiftlikköy,40.66595,29.31526,Yalova,Correct
E6FDE4A3-41AA-41D3-89C9-FC2D94A9FA32,SELİN AKÇIN ECZANESİ,Yalova,Merkez,40.65455,29.28268,Yalova Merkez,Correct
3DD2220F-7B3D-4279-A8A6-FD7E281CF129,BERİN ECZANESİ,Yalova,Merkez,39.61757,-76.06236,No Info,No Info
978E3A2B-F146-4854-9595-FF132856FBE1,TUNÇ ECZANESİ,Yalova,Çinarcik,40.60451,29.3628,Yalova,Correct
