UnitId,UnitName,CityName,DistrictName,Latitude,Longitude,DetectedCity,Match
4A8FFE44-0A96-414E-93D6-02DF938E8B14,ÖZGÜR KATRAN MUAYENEHANESİ,Kirklareli,Merkez,41.73336,27.22453,Kırklareli,Correct
E99F8683-74C2-4536-8B97-0337C0A1A71E,KIRKLARELİ LÜLEBURGAZ MERKEZ KASIM TAHİROĞLU 5 NOLU AİLE SAĞLIĞI MERKEZİ,Kirklareli,Lüleburgaz,41.41364,27.36018,Kırklareli,Correct
D029F50D-1644-41A2-BB37-0486C3EFD4AB,ÖZEL DOĞUŞ TIP MERKEZİ,Kirklareli,Merkez,41.72915,27.22042,Kırklareli,Correct
9E569372-A35E-4D17-B45D-04CCE144D782,ALİ NACİ ÇELİK MUAYENEHANESİ,Kirklareli,Lüleburgaz,41.31383,27.50433,Kırklareli,Correct
386AAB49-B1E5-4139-B564-051ABAD11600,MERKEZ ECZANESİ,Kirklareli,Pinarhisar,41.62349,27.51894,Kırklareli,Correct
C8F07C64-3150-40B5-936A-05FBAFE968AC,ATASOY ECZANESİ,Kirklareli,Lüleburgaz,41.39975,27.36688,Kırklareli,Correct
7F348FE2-D46C-4ACC-96F5-089E7184E000,KÜBRA ŞAHBAZ AYKURT MUAYENEHANESİ,Kirklareli,Merkez,41.73458,27.22132,Kırklareli,Correct
761896FF-6675-49EC-8BFF-09FB1B96F9B5,LÜLEBURGAZ AĞIZ VE DİŞ SAĞLIĞI MERKEZİ,Kirklareli,Lüleburgaz,41.39056,27.3655,Kırklareli,Correct
1E89EBFD-9CD8-4217-A986-0A3CD5D84DD5,ŞİFA ECZANESİ,Kirklareli,Merkez,39.45197,-76.28316,No Info,No Info
717F0447-9C7E-457B-A157-0A4D13D574AE,VİZE MERKEZ 2 NOLU ASM,Kirklareli,Vize,41.57064,27.76778,Kırklareli,Correct
6131F3DE-78D1-45AC-8592-0B29410F8DD5,BARIŞ ECZANESİ,Kirklareli,Merkez,41.73387,27.22138,Kırklareli,Correct
6FDA2F60-A545-4431-BD10-0B4EC20E831B,BARIŞ ECZANESİ,Kirklareli,Babaeski,41.42923,27.09159,Kırklareli,Correct
F7E9FDE1-9E77-487C-B3EA-0CAD4AE096D6,ERKAN GÖĞÜSLÜ MUAYENEHANESİ,Kirklareli,Lüleburgaz,41.40569,27.34908,Kırklareli,Correct
470E5C20-D321-4657-A155-0CEA31F5F9EA,KIRKLARELİ LÜLEBURGAZ MERKEZ 10 NOLU AİLE SAĞLIĞI MERKEZİ,Kirklareli,Lüleburgaz,41.40054,27.36489,Kırklareli,Correct
CFBC265D-90FD-441A-A0A0-0DBDDB653A46,ASİYE ÖZTÜRK MUAYENEHANESİ,Kirklareli,Lüleburgaz,41.40572,27.35426,Kırklareli,Correct
55E4A9D3-77F2-45C9-A19F-0DE0D8005D20,KIRKLARELİ DEREKÖY AİLE SAĞLIĞI MERKEZİ,Kirklareli,Merkez,41.93217,27.3659,Kırklareli,Correct
85BDDBAB-A278-4527-B35D-0E44DC168D4F,TÜLAY ECZANESİ,Kirklareli,Lüleburgaz,41.30004,27.54107,Kırklareli,Correct
8B1D96F8-2925-4C3F-97E2-0EB22E9BA855,ESİN ECZANESİ,Kirklareli,Merkez,38.95157,-76.95036,No Info,No Info
5E1A592E-2477-4688-B51E-10E318E04921,TUNCAY TÜRKER MUAYENEHANESİ,Kirklareli,Babaeski,41.42875,27.09434,Kırklareli,Correct
D723378C-08D7-44D3-8FAD-1245AF424087,AKSOY ECZANESİ,Kirklareli,Vize,41.65548,27.17169,Kırklareli,Correct
11F5F81D-B901-4925-96D2-1595CAC95B70,BALIKLI ECZANESİ,Kirklareli,Pinarhisar,41.62382,27.53743,Kırklareli,Correct
6BCF1EC0-1136-4885-BFBD-15D57BDB0678,ÇELİK ECZANESİ,Kirklareli,Babaeski,41.43087,27.09043,Kırklareli,Correct
055E7814-625B-48CC-988C-163BE7350FCF,ÖZEL BİR NEFES HASTANESİ,Kirklareli,Lüleburgaz,41.39305,27.35877,Kırklareli,Correct
32CC73E1-BC8B-4822-971D-17CE9E23204D,KIRKLARELİ BABAESKİ DEVLET HASTANESİ,Kirklareli,Babaeski,41.44078,27.06445,Kırklareli,Correct
63C59C39-0487-4D60-A05B-19E433DCCADF,ERDAL ÖZEN MUAYENEHANESİ,Kirklareli,Merkez,41.73492,27.21908,Kırklareli,Correct
C3C8DA91-8B7D-45B0-B882-1CB0C6D107C8,KIRKLARELİ LÜLEBURGAZ MERKEZ 2 NOLU AİLE SAĞLIĞI MERKEZİ,Kirklareli,Lüleburgaz,41.4043,27.36997,Kırklareli,Correct
CCD610DC-6121-46FE-B1D3-1D10593B7A42,ÇİSEM NUR ERTOPÇU MUAYENEHANESİ,Kirklareli,Lüleburgaz,41.40466,27.35541,Kırklareli,Correct
9C019A65-91AE-45E9-85AB-1F9C954127C9,KIRKLARELİ MERKEZ PINAR MAHALLESİ 6 NOLU ASM,Kirklareli,Merkez,41.72397,27.22354,Kırklareli,Correct
94088C24-E634-425C-98A1-1FC8BF1B4AAB,ÖZEL MEDİKENT HASTANESİ,Kirklareli,Lüleburgaz,41.40782,27.33306,Kırklareli,Correct
1D942115-4CCF-47E6-9F34-2081B26A7E5B,BURCU EREN MUAYENEHANESİ,Kirklareli,Lüleburgaz,36.1343,-86.8557,No Info,No Info
FA647D1E-00E8-4259-8105-2175ECDBD159,ÖZEL MEDİCA AĞIZ VE DİŞ SAĞLIĞI POLİKLİNİĞİ,Kirklareli,Lüleburgaz,41.40204,27.35897,Kırklareli,Correct
1B7282E0-8CF4-437F-BEAC-2214A7AFD433,FORM DA BESLENME EĞİTİMİ VE DANIŞMANLIK MERKEZİ,Kirklareli,Lüleburgaz,41.40745,27.35302,Kırklareli,Correct
440E54CE-2F9A-43DA-A151-2249DC1B5C8D,ÖZLEM ECZANESİ,Kirklareli,Merkez,41.7383,27.2146,Kırklareli,Correct
E6BFEF0E-A18C-4074-A83D-23B15A7ABD17,OSMAN KARAMAN MUAYENEHANESİ,Kirklareli,Babaeski,41.42982,27.09234,Kırklareli,Correct
59B70BDD-D35F-4C7B-9099-242A28BA9053,GİZEM SELİN KEŞLİ BESLENME VE DANIŞMANLIK,Kirklareli,Lüleburgaz,41.15853,27.80574,Çorlu,Wrong
4821364C-4BD7-4354-A2AD-244CC5B9232F,İREM ECZANESİ,Kirklareli,Lüleburgaz,41.39883,27.37677,Kırklareli,Correct
43779EFB-F283-44FC-800E-246DD2088919,ELİF NUR BAŞARAN MUAYENEHANESİ,Kirklareli,Lüleburgaz,41.40606,27.35487,Kırklareli,Correct
4CFC0788-DF40-49BF-BFDE-27AE7C8DB6E7,DUYGU ECZANESİ,Kirklareli,Merkez,41.73264,27.22873,Kırklareli,Correct
64596BD1-5AFA-4BFF-8330-27C34EA5C36B,ERMAN ECZANESİ,Kirklareli,Lüleburgaz,41.40924,27.35217,Kırklareli,Correct
F1552275-F1C3-464F-A0A4-27CC3158BB13,ANIL ECZANESİ,Kirklareli,Merkez,41.7433,27.22534,Kırklareli,Correct
D311B1E2-795F-4508-9A39-2801F9C95A9D,AYŞEN ECZANESİ,Kirklareli,Lüleburgaz,41.40052,27.36397,Kırklareli,Correct
D1B86112-997E-4047-8674-29584E92E557,YENI ÖZEN ECZANESI,Kirklareli,Pinarhisar,39.18557,-76.63836,No Info,No Info
D8E135A5-37F3-443C-BC34-298217B9DD65,SU ECZANESİ,Kirklareli,Lüleburgaz,41.39553,27.34497,Kırklareli,Correct
A29373B5-4429-451A-8259-2CAB56043DCD,HANDE ECZANESİ,Kirklareli,Lüleburgaz,41.40633,27.35458,Kırklareli,Correct
3A087B72-70C6-4898-98F4-2CB1971D4321,55.MEKANİZE PİYADE TUGAY KOMUTANLIĞI KIRKLARELİ,Kirklareli,Merkez,41.71236,27.26238,Kırklareli,Correct
6128F4A4-75DE-48D4-879B-2D2F14D140E5,ARZU ECZANESİ,Kirklareli,Lüleburgaz,41.40032,27.35007,Kırklareli,Correct
D0F693BB-08A6-4391-8BE0-2D653AF7BBD2,YEŞİM ECZANESİ,Kirklareli,Babaeski,41.43078,27.09175,Kırklareli,Correct
09ABBDDF-C0B3-41DC-AD2C-2F0190818441,KIRKLARELİ BABAESKİ MERKEZ 2 NOLU AİLE SAĞLIĞI MERKEZİ,Kirklareli,Babaeski,41.42167,27.09028,Kırklareli,Correct
A9F53894-51E5-4906-8E46-30318A16E0A8,KIRKLARELİ BABAESKİ BÜYÜKMANDIRA AİLE SAĞLIĞI MERKEZİ,Kirklareli,Babaeski,41.35017,27.10155,Kırklareli,Correct
2774E7E4-3979-439D-B2F8-308FF8655EDD,AYTEN ECZANESİ,Kirklareli,Pinarhisar,41.625,27.51549,Kırklareli,Correct
5B489EEE-22D0-46EB-969E-30A70921644C,KARAPINAR ECZANESİ,Kirklareli,Lüleburgaz,41.40378,27.35524,Kırklareli,Correct
60858F4E-8603-4520-81C9-32A420B42EDC,SELDA ECZANESİ,Kirklareli,Merkez,41.73645,27.22556,Kırklareli,Correct
01FFBDE1-D350-4EA3-9E30-33D5E090154B,SOKULLU ECZANESİ,Kirklareli,Lüleburgaz,41.40808,27.35237,Kırklareli,Correct
708DF158-CAB3-434E-9BE9-34009F21B7A2,KIRKLARELİ MERKEZ 2 NOLU AİLE SAĞLIĞI MERKEZİ,Kirklareli,Merkez,41.73243,27.22884,Kırklareli,Correct
7064C858-6A9F-4F93-A721-3516AFB962BB,AYÇA ECZANESİ,Kirklareli,Lüleburgaz,41.39878,27.37685,Kırklareli,Correct
1BDB3B07-CA6F-420D-9AC4-35C94CAD6F5D,PAŞABAHÇE CAM SANAYİ REVİRİ,Kirklareli,Lüleburgaz,41.29942,27.53748,Kırklareli,Correct
F5EAB7F6-E489-4158-AB86-37512C2056AC,AYLİN ECZANESİ,Kirklareli,Lüleburgaz,41.3988,27.36978,Kırklareli,Correct
75438C5C-157C-4569-B1D2-386A426A7FD5,BASKIN ECZANESİ,Kirklareli,Merkez,41.7457,27.21881,Kırklareli,Correct
4161509F-083B-4153-A937-389ABE3D80F2,KIRKLARELİ VİZE SERGEN AİLE SAĞLIĞI MERKEZİ,Kirklareli,Vize,41.70712,27.709,Kırklareli,Correct
865D36A4-8E54-4CE5-9149-3A877F75B21C,KIRKLARELİ VİZE MERKEZ 1 NOLU AİLE SAĞLIĞI MERKEZİ,Kirklareli,Vize,41.57406,27.76071,Kırklareli,Correct
48B27037-E60F-4790-B6EB-3A97B7C07313,SİBEL ECE ECZANESİ,Kirklareli,Lüleburgaz,41.40794,27.35173,Kırklareli,Correct
90393904-258C-4B36-BD49-3BC31FF67CEA,UYGAR ÇEŞME MUAYENEHANESİ,Kirklareli,Babaeski,41.43032,27.09354,Kırklareli,Correct
30033EFD-F634-496E-ABAB-3C21145FE78F,ÖZER ECZANESİ,Kirklareli,Babaeski,41.43146,27.08951,Kırklareli,Correct
EC5D38B4-3BBB-456C-BEB4-3CF2A9E1BE8E,SILA ECZANESİ,Kirklareli,Babaeski,41.42207,27.09039,Kırklareli,Correct
8B273B97-C69D-438B-8B17-3CF814252CCC,MUHAMMED TUZCU MUAYENEHANESİ,Kirklareli,Lüleburgaz,41.40692,27.3529,Kırklareli,Correct
7D90B242-0795-4BC6-B9DD-3DC545BF3610,ESRA ÇALIŞKAN MUAYENEHANESİ,Kirklareli,Merkez,41.73348,27.22373,Kırklareli,Correct
657515EB-8379-49E1-B8E8-3DC926AAF6C3,OSMAN İDRİSOĞLU MUAYENEHANESİ,Kirklareli,Lüleburgaz,41.40599,27.3543,Kırklareli,Correct
D03B3B21-E873-412B-9F24-3E813627CE2E,LÜLEBURGAZ DERMAN DİYALİZ MERKEZİ,Kirklareli,Lüleburgaz,41.40232,27.36073,Kırklareli,Correct
D5BD1134-6D9F-4D45-A537-4158CA22452B,TOPRAK ECZANESİ,Kirklareli,Lüleburgaz,41.39079,27.36177,Kırklareli,Correct
611DF9F5-D360-4DDD-B0C0-41B2CBFEB33A,DALGIÇ ECZANESİ,Kirklareli,Pehlivanköy,39.03257,-76.84236,No Info,No Info
0CC2393F-4C27-47A8-B60F-4283B34FE37E,ERSİN ECZANESİ,Kirklareli,Lüleburgaz,41.40908,27.35382,Kırklareli,Correct
E3E01865-9D9D-49C9-B965-4287BBF72227,ARİF NECATİ KOÇ MUAYENEHANESİ,Kirklareli,Lüleburgaz,41.40309,27.35538,Kırklareli,Correct
AD30C804-A943-4507-BD86-4368AF8B2522,ESRA ECZANESİ,Kirklareli,Merkez,41.7325,27.22902,Kırklareli,Correct
4957DABB-3039-4CA1-A771-438F1F411CE5,MUSTAFA ÖZBAY MUAYENEHANESİ,Kirklareli,Merkez,41.73495,27.2214,Kırklareli,Correct
0F2E5248-CA6C-454B-915B-445319553259,BAŞAK ECZANESİ,Kirklareli,Demirköy,41.63398,28.09355,Kırklareli,Correct
B75CE202-7E0B-4A05-A3AD-44638ED6EE84,KLİNİK AQUA AĞIZ VE DİŞ SAĞLIĞI MERKEZİ,Kirklareli,Lüleburgaz,41.40621,27.35329,Kırklareli,Correct
1B4C3DC0-878E-425F-B7AB-44E32800292E,KIRKLARELİ 55 MEKANİZE TUGAY KOMUTANLIĞI SAĞLIK REVİRİ.,Kirklareli,Merkez,41.58107,27.75419,Kırklareli,Correct
E5909FB6-DF39-43B3-B547-45A67F2618A2,EBRU MUTLU PEKTAŞ MUAYENEHANESİ,Kirklareli,Lüleburgaz,41.40612,27.35643,Kırklareli,Correct
59C5326A-8957-4B03-9981-460BF8F1910C,KIRKLARELİ PINARHİSAR MERKEZ 2 NOLU AİLE SAĞLIĞI MERKEZİ,Kirklareli,Pinarhisar,41.62626,27.51212,Kırklareli,Correct
6532E1B3-2F26-4252-8DBF-470F4FD6CF36,ERHAN BEYATLI MUAYENEHANESİ,Kirklareli,Merkez,41.73479,27.22204,Kırklareli,Correct
FB4279C7-4D2C-4542-B9ED-4747CC9C3863,FERHAT ECZANESİ,Kirklareli,Vize,41.57662,27.76067,Kırklareli,Correct
570A7DD2-4819-447C-8A5F-48946CE64737,BAŞAK ECZANESİ,Kirklareli,Merkez,41.73795,27.21884,Kırklareli,Correct
8A50FD4C-2DC0-4590-A23E-495DBA8CE79F,KIRIKKÖY ECZANESİ,Kirklareli,Lüleburgaz,41.44422,27.47305,Kırklareli,Correct
932188A1-7F26-42A6-8E7D-4A16A42D44D2,KIRKLARELİ LÜLEBURGAZ AHMETBEY AİLE SAĞLIĞI MERKEZİ,Kirklareli,Lüleburgaz,41.44417,27.58062,Kırklareli,Correct
542F423B-52E0-4138-BBF4-4AA454DD4E82,KIRKLARELİ BABAESKİ ALPULLU AİLE SAĞLIĞI MERKEZİ,Kirklareli,Babaeski,41.34985,27.09582,Kırklareli,Correct
41D93239-EF5A-44BA-A917-4C1DDC53C58C,ÇİSEM ARSLAN ECZANESİ,Kirklareli,Merkez,41.73581,27.2191,Kırklareli,Correct
064688B3-6DF9-4F58-A5C5-4D49F3432092,PİŞKİN ECZANESİ,Kirklareli,Lüleburgaz,41.40907,27.35323,Kırklareli,Correct
2FD478C4-ED4A-4B4C-9FAF-4D7AEABD0F75,BALKAN ECZANESİ,Kirklareli,Merkez,41.73574,27.22384,Kırklareli,Correct
4477292E-DDA1-453F-A9DC-4DA9E527DE94,REŞAT SUAT YILMAZ MUAYENEHANESİ,Kirklareli,Merkez,41.6555,27.17201,Kırklareli,Correct
4A3EA401-2D8C-4A38-AD0D-4E445FF38930,ÇEVİK ECZANESİ,Kirklareli,Babaeski,41.44033,27.06556,Kırklareli,Correct
F378968C-734E-4379-83C3-50CFB89D2831,MAİDE NUR ATAŞ MUAYENEHANESİ,Kirklareli,Lüleburgaz,41.40399,27.35658,Kırklareli,Correct
73E98960-B7F2-4A6A-B31A-51ADEA638A06,İPEK ECZANESİ,Kirklareli,Lüleburgaz,41.40032,27.35012,Kırklareli,Correct
4F3010E8-A57B-4BAD-BB27-535567CFC280,KIRKLARELİ LÜLEBURGAZ 9 NOLU AİLE SAĞLIĞI MERKEZİ,Kirklareli,Lüleburgaz,41.40736,27.35798,Kırklareli,Correct
99F98ECD-C0D9-498E-81CF-536FE991F016,ORHAN ECZANESİ,Kirklareli,Babaeski,41.36895,27.14233,Kırklareli,Correct
BBA9F8F8-F36E-4745-81D2-544902DA9038,GÜNEŞ ECZANESİ,Kirklareli,Lüleburgaz,41.40476,27.36953,Kırklareli,Correct
519946E7-02A4-40D4-AF67-549B192C742E,DENİZ BARIŞ MUAYENEHANESİ,Kirklareli,Lüleburgaz,41.40475,27.34859,Kırklareli,Correct
E1F763E1-B843-4292-9B2D-555828120F9F,ÖZGİRAY ECZANESİ,Kirklareli,Pinarhisar,41.6236,27.51878,Kırklareli,Correct
61315690-04AD-472E-BE64-58208BF79B8A,ALKAN ECZANESİ,Kirklareli,Merkez,41.73731,27.22578,Kırklareli,Correct
09027A56-DEC0-43FD-9BA0-58589D9D4141,İSTANBUL ECZANESİ,Kirklareli,Demirköy,41.73043,27.23134,Kırklareli,Correct
40371877-1DE8-4C3C-A1E0-5BA2C253AB50,TUNCA ECZANESİ,Kirklareli,Merkez,41.72923,27.22066,Kırklareli,Correct
BB55AD65-2062-4A2A-9C72-5BA6A4F4AD9B,YAŞAR ECZANESİ,Kirklareli,Lüleburgaz,41.40882,27.35295,Kırklareli,Correct
65319C7D-5084-4713-9816-5C844E0967B5,SAĞLIK ECZANESİ,Kirklareli,Lüleburgaz,41.39556,27.34486,Kırklareli,Correct
FD859038-A3E0-4BB4-92FF-5C8E29CD46F5,TRAKYA ECZANESİ,Kirklareli,Merkez,41.73596,27.22476,Kırklareli,Correct
2924056E-A3B7-497F-ABFB-5DA5F7DDB85E,NECATİ ŞENTÜRK MUAYEHANESİ,Kirklareli,Lüleburgaz,41.39598,27.3487,Kırklareli,Correct
80416531-17A2-4FAC-BDFB-5ED123EA6027,YÜCE ECZANESİ,Kirklareli,Lüleburgaz,41.39856,27.37236,Kırklareli,Correct
CF89ADE5-F4CC-4511-AC04-5ED51EA4E6D8,KIRKLARELİ BABAESKİ MERKEZ 1 NOLU AİLE SAĞLIĞI MERKEZİ,Kirklareli,Babaeski,41.43663,27.0936,Kırklareli,Correct
0F9AA5B5-7336-4078-9EEA-5F059AB1ED57,SAVAŞ ECZANESİ,Kirklareli,Lüleburgaz,41.40756,27.3544,Kırklareli,Correct
C792142C-0DE5-47ED-87AB-603C9388A59A,KIRKLARELİ MERKEZ 75. YIL 1 NOLU AİLE SAĞLIĞI MERKEZİ,Kirklareli,Merkez,41.73683,27.21793,Kırklareli,Correct
9A4F497B-EB88-4CBA-933E-607D0B59DADD,KIRKLARELİ LÜLEBURGAZ BÜYÜKKARIŞTIRAN AİLE SAĞLIĞI MERKEZİ,Kirklareli,Lüleburgaz,41.30079,27.54548,Kırklareli,Correct
59C3ABE7-0C46-48BC-933E-62CC28A584A1,KIRKLARELİ LÜLEBURGAZ MERKEZ 70. YIL CUMHURİYET 1 NOLU AİLE SAĞLIĞI MERKEZİ,Kirklareli,Lüleburgaz,41.40014,27.35181,Kırklareli,Correct
09A50FB6-1053-4B1B-96B8-63B7BDEFB887,KIRKLARELİ LÜLEBURGAZ MERKEZ HATİCE YAMAN 7 NOLU AİLE SAĞLIĞI MERKEZİ,Kirklareli,Lüleburgaz,41.39537,27.34539,Kırklareli,Correct
D556E96C-0668-428C-B300-64582A0DF74C,CAHİT İŞ MUAYENEHANESİ,Kirklareli,Babaeski,41.43049,27.09112,Kırklareli,Correct
51B4853B-6E17-471F-844F-647150969AB5,KIRKLARELI AĞIZ VE DİŞ SAĞLİĞİ MERKEZI,Kirklareli,Merkez,41.73667,27.22387,Kırklareli,Correct
64DCEAED-CAE2-4C9D-84D3-66FA9AAC770A,GÖNÜL ECZANESİ,Kirklareli,Merkez,41.73681,27.21798,Kırklareli,Correct
5EF9BCAF-C1DE-4A18-82E0-67049553EAA6,İBRAHİM AKKUŞ MUAYENEHANESİ,Kirklareli,Pinarhisar,41.6246,27.51543,Kırklareli,Correct
8086EA1A-C630-400D-857C-672D416A0D9A,TURGUT ECZANESİ,Kirklareli,Lüleburgaz,41.40434,27.36927,Kırklareli,Correct
24E0D934-C647-43D6-AE98-6744883AFB13,PEHLİVANKÖY MERKEZ TSM,Kirklareli,Pehlivanköy,41.34901,26.9146,Kırklareli,Correct
59DEAE74-0E74-46A8-92AE-67B8CEA51A7D,DERMAN HASTANESİ,Kirklareli,Lüleburgaz,41.40387,27.35507,Kırklareli,Correct
79D28137-6E9B-44BA-9E9A-69BE5CD60929,OKAN KARAPINAR MUAYENEHANESİ,Kirklareli,Merkez,41.73333,27.22331,Kırklareli,Correct
6A51141F-117D-4E97-B87C-6A2A7EF8AE5C,ANIL TUNA-İLKİN MEHMETOĞLU MUAYENEHANESİ,Kirklareli,Lüleburgaz,41.40421,27.35753,Kırklareli,Correct
ED9EF888-EF5F-483B-B80E-6A48425C51BC,ŞENAY ECZANESİ,Kirklareli,Lüleburgaz,41.40901,27.3512,Kırklareli,Correct
F60ECB0C-66BF-496F-A0A5-6A64A429AB34,BEGÜM ÖZTÜRKLER MUAYENEHANESİ,Kirklareli,Lüleburgaz,41.40036,27.35461,Kırklareli,Correct
CBE7626A-20EA-42AD-8DA7-6D93A804DA4E,BAŞAR ECZANESİ,Kirklareli,Babaeski,41.42814,27.09659,Kırklareli,Correct
0BCE8138-D526-4293-84BF-6DBE977CF6DA,SERKAN ECZANESİ,Kirklareli,Merkez,41.73705,27.21889,Kırklareli,Correct
9C338482-E051-40FF-9204-6F9D43E43B4D,VİZE ÇAKILLI AİLE SAĞLIĞI MERKEZİ,Kirklareli,Vize,41.51243,27.87423,Kırklareli,Correct
DAF69EBF-17C5-48AA-ADD4-72FFB42578C7,LÜLEBURGAZ KIRIKKÖYAİLE SAĞLIĞI MERKEZİ,Kirklareli,Lüleburgaz,41.37848,27.49907,Kırklareli,Correct
A89EA9B0-BA05-4710-A1D3-74E8CBFC9486,KIRKLARELİ MERKEZ 3 NOLU AİLE SAĞLIĞI MERKEZİ,Kirklareli,Merkez,41.73741,27.22559,Kırklareli,Correct
947D33A6-305F-46D4-8868-7565FA95B886,KIRKLARELİ İL SAĞLIK MÜDÜRLÜĞÜ,Kirklareli,Merkez,41.73565,27.21782,Kırklareli,Correct
B4BCA174-EF19-4DF3-9EE1-79396EBD7B4D,KIRKLARELİ MERKEZ 9 NOLU AİLE SAĞLIĞI MERKEZİ,Kirklareli,Merkez,41.72335,27.2095,Kırklareli,Correct
5C0895C6-424E-474B-BCCA-79C98DE01031,KIRKLARELİ MERKEZ 5 NOLU AİLE SAĞLIĞI MERKEZİ,Kirklareli,Merkez,41.73451,27.21375,Kırklareli,Correct
41B74AB3-6F5C-4968-885A-7A2F58117B6A,SERAP ECZANESİ,Kirklareli,Babaeski,41.35059,27.09865,Kırklareli,Correct
331F7E10-0FEE-43DE-B3EC-7A814F59FC6C,CAN ECZANESİ,Kirklareli,Lüleburgaz,41.40134,27.36887,Kırklareli,Correct
C8BF56E5-A9E0-4837-85C6-7B92B85B2DC0,METİN GÜVENÇ MUAYENEHANESİ,Kirklareli,Pinarhisar,41.62423,27.51747,Kırklareli,Correct
D1F067AB-D487-41A9-AD80-7C0C451457CE,SİBEL ECZANESİ,Kirklareli,Lüleburgaz,41.40249,27.37399,Kırklareli,Correct
A3E3E112-71D2-42A9-A5C2-7CC0A984EEF2,VİZE MERKEZ TSM,Kirklareli,Vize,41.57347,27.76373,Kırklareli,Correct
5AE4CC9D-1776-431F-B278-7E2F820A55C6,ASA KLİNİK,Kirklareli,Lüleburgaz,41.39386,27.35981,Kırklareli,Correct
CE3C326A-9058-4E7C-806D-7FE9F6C5C82B,DOĞA ECZANESİ,Kirklareli,Lüleburgaz,41.40915,27.35258,Kırklareli,Correct
0A44EB12-570E-4017-ACC2-82A96C920931,GİZEM ECZANESİ,Kirklareli,Lüleburgaz,41.4057,27.357,Kırklareli,Correct
9881B616-B6F8-4086-B2A9-82EF6B4C6965,AYHAN TOMAR MUAYENEHANESİ,Kirklareli,Lüleburgaz,41.40783,27.35447,Kırklareli,Correct
BE69EB82-B7E5-465D-A634-83904CA3B106,İĞNEADA AİLE SAĞLIĞI MERKEZİ,Kirklareli,Demirköy,41.88212,27.98586,Kırklareli,Correct
6F4D9644-6501-4D3A-AF80-83FD962254F1,KAĞAN CİNGÖZ MUAYENEHANESİ,Kirklareli,Merkez,41.72032,27.20616,Kırklareli,Correct
04D89485-2925-447C-BA61-850255916622,SUDE KARATAŞ MUAYEHANEHESİ,Kirklareli,Merkez,41.73554,27.22326,Kırklareli,Correct
98744220-A852-4EF6-BB6A-859C087E1819,KIRKLARELİ BABAESKİ KARAHALİL AİLE SAĞLIĞI MERKEZİ,Kirklareli,Babaeski,41.59871,27.0478,Kırklareli,Correct
6899E849-EE21-4821-A587-85B014263E27,FUNDA ECZANESİ,Kirklareli,Lüleburgaz,41.40993,27.35156,Kırklareli,Correct
D14E2B1E-01FC-4117-B8C9-862FA211A381,FATİH ÇAYLIKOCA MUAYENEHANESİ,Kirklareli,Lüleburgaz,41.39782,27.36932,Kırklareli,Correct
35EEFB04-EDEF-401F-B5E7-8649437BA8CC,VELİ AKYOL MUAYEHANESİ,Kirklareli,Lüleburgaz,41.40749,27.35439,Kırklareli,Correct
FD1D25AA-AEC7-4DF6-8249-873E880F8F5D,KAVAKLI ECZANESİ,Kirklareli,Merkez,39.15677,-76.67676,No Info,No Info
4F5FAD7C-D5BF-40EE-8D56-874766969653,AKIN ECZANESİ,Kirklareli,Lüleburgaz,41.39876,27.34392,Kırklareli,Correct
6A542173-E440-4113-A009-88E0657205EF,BÜYÜK MANDIRA ECZANESİ,Kirklareli,Babaeski,41.34991,27.09599,Kırklareli,Correct
7C7AADF9-46F0-4C58-AACC-890B147BD2D0,HAYAT ECZANESİ,Kirklareli,Lüleburgaz,41.40161,27.36468,Kırklareli,Correct
37A87451-98AC-436B-8B19-8A5DCF8DB42C,ÖZGE ECZANESI,Kirklareli,Babaeski,41.43769,27.09375,Kırklareli,Correct
4A6A9ADB-14A2-443C-8999-8AD4AFC4F44F,KIRKLARELİ ÖZEL ESEN TIP MERKEZİ,Kirklareli,Lüleburgaz,41.40672,27.35187,Kırklareli,Correct
DA5D4A71-F929-4CDF-8EB9-8AFE9C2EE8AD,HONGURLAR ECZANESİ,Kirklareli,Lüleburgaz,41.40552,27.35447,Kırklareli,Correct
B0FDD35F-1F90-4E1C-A78C-8BD8983F1A94,ESKI ECZANESI,Kirklareli,Vize,41.57171,27.7691,Kırklareli,Correct
4E0FE25E-D0F2-4E06-B2BE-8C09830A179C,KIRKLARELİ DERMAN DİYALİZ MERKEZİ,Kirklareli,Merkez,41.31279,27.53842,Kırklareli,Correct
22A66C40-453B-4820-9062-8EF4666541A8,KIRKLARELİ VİZE KIYIKÖY AİLE SAĞLIĞI MERKEZİ,Kirklareli,Vize,41.63382,28.0949,Kırklareli,Correct
8970D00C-3E1D-4EE8-BB98-8F13E085A3C7,ÖZALP ECZANESİ,Kirklareli,Lüleburgaz,41.40624,27.35611,Kırklareli,Correct
E0F1287C-39F2-4820-9766-8FFFB002CC49,KIRKLARELİ PEHLİVANKÖY MERKEZ AİLE SAĞLIĞI MERKEZİ,Kirklareli,Pehlivanköy,41.35028,26.91464,Kırklareli,Correct
AAAF82F5-F762-4BC9-8FC8-903CAC7BB478,BULVAR ECZANESİ,Kirklareli,Merkez,41.73217,27.21506,Kırklareli,Correct
0D6892FA-4EE5-4144-ACF5-9240C3E02D42,PINARHİSAR KAYNARCA ASM,Kirklareli,Pinarhisar,41.66096,27.47652,Kırklareli,Correct
1574AE29-3EA3-4872-AAB0-92BD18FB0FC4,EMRECAN EREN MUAYENEHANESİ,Kirklareli,Lüleburgaz,41.40418,27.35833,Kırklareli,Correct
792326EC-B96B-42AA-B57D-961EEF7EB8C6,KIRKLARELİ VİZE İLÇE HASTANESİ,Kirklareli,Vize,41.5745,27.7612,Kırklareli,Correct
66009940-7FEB-42E2-AE62-96D96CAFD673,VERESELİ CELAYİR ECZANESİ,Kirklareli,Lüleburgaz,41.39287,27.35874,Kırklareli,Correct
ED9DA7BE-E89E-4511-8F7E-9851FAD8766D,GÜZELLİK KULÜBÜ,Kirklareli,Lüleburgaz,41.40503,27.35518,Kırklareli,Correct
A8544E5D-A350-462A-A5B5-988EDAAD36DA,ECE ECZANESİ,Kirklareli,Babaeski,41.43128,27.08977,Kırklareli,Correct
276854B4-187C-4AED-98BD-9AEEAA2CBAF9,MEHMET SERKAL ARMAN MUAYENEHANESİ,Kirklareli,Lüleburgaz,41.40304,27.34956,Kırklareli,Correct
205AC75F-F036-40E8-8307-9B8DC00D3FC3,DEMET DALCA ECZANESİ,Kirklareli,Merkez,39.61217,-76.06956,No Info,No Info
E6D291DD-1764-4890-98A0-9C8277F1F6DA,MELİKE ÖZEFSUN DİYET KLİNİĞİ,Kirklareli,Lüleburgaz,41.40876,27.3564,Kırklareli,Correct
6462C7B7-956D-4D65-A398-9D1C1160985A,NERGİZ ECZANESİ,Kirklareli,Babaeski,41.36985,27.14353,Kırklareli,Correct
7F76E23C-641B-4ABB-9AF2-9D65E4571C35,AYSU ECZANESİ,Kirklareli,Lüleburgaz,41.40634,27.35586,Kırklareli,Correct
A0D15D98-0683-49B2-9E92-9ED825B29FC3,ÖZEL BALKAN HASTANESİ,Kirklareli,Lüleburgaz,41.40685,27.28519,Kırklareli,Correct
27CF5BF4-6D5D-4AEA-B974-9F26543FCBDA,SİNEM ECZANESİ,Kirklareli,Lüleburgaz,41.4002,27.37333,Kırklareli,Correct
8A765890-69E3-420A-8BD8-A181E253C9AE,D-MED LÜLEBURGAZ DİYALİZ MERKEZİ,Kirklareli,Lüleburgaz,41.40211,27.3499,Kırklareli,Correct
D5CCFEE4-158A-4A68-8AFC-A19238EAE25B,BİZİM ECZANESİ,Kirklareli,Babaeski,41.4276,27.09208,Kırklareli,Correct
0C72A689-7627-4F79-A479-A343E115D1E4,ÖZEL BALKAN HASTANE ECZANESİ,Kirklareli,Lüleburgaz,41.1704,29.3485,İstanbul,Wrong
B20689FB-98B1-484B-8645-A39BB8750A47,HAKAN GENÇ MUAYENEHANESİ,Kirklareli,Lüleburgaz,41.7347,27.22286,Kırklareli,Correct
B8E0E87F-1BA3-4203-88F7-A5182D0511EE,DEMİRKÖY MERKEZ TSM,Kirklareli,Demirköy,41.82546,27.76918,Kırklareli,Correct
1D04B52C-B39E-4C9F-8B96-A57B1E08C415,DENİZ ECZANESİ,Kirklareli,Merkez,41.73711,27.21874,Kırklareli,Correct
BD466372-83C4-4C21-A35E-A59FD53A21EB,MUTLU ECZANESİ,Kirklareli,Babaeski,41.42109,27.09037,Kırklareli,Correct
D42F2A0E-7A2A-4D3D-9033-A601F2F4B71B,KIRKLARELİ KOFÇAZ MERKEZ AİLE SAĞLIĞI MERKEZİ,Kirklareli,Kofçaz,41.94365,27.15534,Kırklareli,Correct
AE9DC002-184A-46BB-90D0-A6E4F2A82943,LÜLEBURGAZ İLÇE SAĞLIK MÜDÜRLÜĞÜ,Kirklareli,Lüleburgaz,41.40166,27.36468,Kırklareli,Correct
4A083EE4-3C17-4B63-BFEA-A82CD4B50F98,ECEM ECZANESİ,Kirklareli,Lüleburgaz,41.393,27.35642,Kırklareli,Correct
C99A8DE9-6663-4879-9E3D-A8ABF48D86DA,HAŞİMLER ECZANESİ,Kirklareli,Babaeski,41.43644,27.09275,Kırklareli,Correct
E241F0F5-48D0-495F-99B5-AA6086AEB136,KIRKLARELİ LÜLEBURGAZ MERKEZ NİYAZİ DÜVENCİ 3 NOLU AİLE SAĞLIĞI MERKEZİ,Kirklareli,Lüleburgaz,41.39178,27.36218,Kırklareli,Correct
0FF83AF3-01F9-4947-9385-AB1F188F526C,UTKU ECZANESİ,Kirklareli,Lüleburgaz,41.38994,27.36113,Kırklareli,Correct
0C58EF43-0B39-485B-9700-ACC69FC7A2F7,MURAT ULUDÜZ MUAYENEHANESİ,Kirklareli,Merkez,41.73356,27.2233,Kırklareli,Correct
536F61AA-5ECD-415D-B485-AD2DFC19ABB1,ADA ECZANESİ,Kirklareli,Demirköy,41.87667,27.98465,Kırklareli,Correct
975BB167-1BC9-463D-8B7F-AE57E94AE624,YUSUF TÜRKYILMAZ MUAYENEHANESİ,Kirklareli,Lüleburgaz,41.40526,27.35411,Kırklareli,Correct
EFE0A7E7-CAA8-4D4E-B290-AED5C82ED7C6,NEDİM ECZANESİ,Kirklareli,Lüleburgaz,41.40863,27.35394,Kırklareli,Correct
646F8476-888B-421C-A866-AF0456EB6A94,KIRKLARELİ EĞİTİM VE ARAŞTIRMA HASTANESİ,Kirklareli,Merkez,41.02924,28.86974,İstanbul,Wrong
4710CB10-5D39-487B-8455-AF7FBF347B39,DİLEK TULGA MUAYENEHANESİ,Kirklareli,Babaeski,41.43025,27.09329,Kırklareli,Correct
4058B01B-EDF3-488B-86FC-B0FD32F5515A,HAKAN DEMİRALP MUAYENEHANESİ,Kirklareli,Vize,41.51925,27.77836,Kırklareli,Correct
815EAF4E-6873-4AB3-A70E-B15EBBBBA8E6,YENİGÜN ECZANESİ,Kirklareli,Lüleburgaz,41.39297,27.3579,Kırklareli,Correct
987E6AC0-BE1D-4719-8461-B1D34E4B0FCD,BİRSEN SAĞLAM MUAYENEHANESİ,Kirklareli,Lüleburgaz,41.40485,27.35521,Kırklareli,Correct
0B833E1F-7A3F-4DEA-A3ED-B3D2376989DB,ÇAĞLAR ECZANESİ,Kirklareli,Merkez,41.6768,27.06964,Kırklareli,Correct
F08D4080-E68E-465B-B1C8-B3E094F29196,DAMLA ECZANESİ,Kirklareli,Merkez,41.73677,27.21962,Kırklareli,Correct
20316F45-7729-45DA-999B-B3F708EF9C76,ŞIPKA ECZANESİ,Kirklareli,Lüleburgaz,41.40597,27.35202,Kırklareli,Correct
184EAF4E-DFC0-4FEE-909C-B4299B576466,MURAT ÖZDİLEK MUAYENEHANESİ,Kirklareli,Lüleburgaz,41.40607,27.34915,Kırklareli,Correct
11D95A16-0527-4401-8C03-B6A1C94C2A5A,KAYNARCA ECZANESİ,Kirklareli,Pinarhisar,41.57405,27.76277,Kırklareli,Correct
0625A601-30D4-4175-85C2-B74468B4EBD2,ATLAS ECZANESİ,Kirklareli,Merkez,39.64817,-76.02156,No Info,No Info
830541AA-580D-434F-AA6F-B799ECBB52B8,KAYA ECZANESİ,Kirklareli,Lüleburgaz,41.37268,27.49133,Kırklareli,Correct
BDCB29D2-2170-4452-8A7D-B82455DB02DE,KIRKLARELİ PINARHİSAR MERKEZ 1 NOLU AİLE SAĞLIĞI MERKEZİ,Kirklareli,Pinarhisar,41.62296,27.51687,Kırklareli,Correct
C2CDDFE5-C45E-4C53-9FC2-B8A58A7AF4F2,PELİN ECZANESİ,Kirklareli,Lüleburgaz,41.40701,27.35428,Kırklareli,Correct
7CE2034B-0F8C-4D95-8F42-B99AEC0F616B,KARTAL ECZANESİ,Kirklareli,Vize,41.57279,27.76774,Kırklareli,Correct
3AC1BD89-AAD7-41DB-9A3B-BA4AC4343E76,OKYAY ECZANESİ,Kirklareli,Lüleburgaz,41.40697,27.35285,Kırklareli,Correct
EDD77244-51AE-4D79-AF78-BA5432511E0E,KIRKLARELİ LÜLEBURGAZ MERKEZ 6 NOLU AİLE SAĞLIĞI MERKEZİ,Kirklareli,Lüleburgaz,41.40997,27.35107,Kırklareli,Correct
9E0260D0-C8E1-4EDD-8340-BCBBE52616B1,MEYDAN ECZANESİ,Kirklareli,Merkez,41.65615,27.17242,Kırklareli,Correct
7985736A-8111-43A1-AA53-BD5146A2D06E,KIRKLARELİ BABAESKİ MERKEZ 3 NOLU AİLE SAĞLIĞI MERKEZİ,Kirklareli,Babaeski,41.43137,27.09101,Kırklareli,Correct
EEF44376-1CC2-4799-803F-BDAC46F0E494,KIRKLARELİ KAVAKLI DR. TANSEL USLU AİLE SAĞLIĞI MERKEZİ,Kirklareli,Merkez,41.65598,27.17326,Kırklareli,Correct
9EF0F5F7-888F-4AD1-85E3-BDD69EDF42C7,KIRKLARELİ LÜLEBURGAZ MERKEZ 4 NOLU AİLE SAĞLIĞI MERKEZİ,Kirklareli,Lüleburgaz,41.35579,27.33385,Kırklareli,Correct
849D7104-F286-47F6-BC8C-BE8175EF72CC,ECE ECZANESİ,Kirklareli,Lüleburgaz,41.40054,27.3649,Kırklareli,Correct
FBE10E2A-D187-4288-B71F-BE8B55651F23,ZORLU ECZANESİ,Kirklareli,Merkez,41.72946,27.22084,Kırklareli,Correct
FCB9AD27-24DE-4784-AFD7-BEA626D98C2F,PEHLİVANKÖY ECZANESİ,Kirklareli,Pehlivanköy,41.34796,27.09168,Kırklareli,Correct
B54724CB-BC15-4454-8450-BF04666F44D8,MİNE ECZANESİ,Kirklareli,Babaeski,41.43188,27.09181,Kırklareli,Correct
4BAC1940-B8AA-44F4-B954-BFB60AE752B7,KIRKLARELİ MERKEZ 7 NOLU AİLE SAĞLIĞI MERKEZİ,Kirklareli,Merkez,41.73049,27.21282,Kırklareli,Correct
39E86B25-4BFC-4833-AD0D-C08B13853404,YAŞAM ECZANESİ,Kirklareli,Lüleburgaz,41.35065,27.39233,Kırklareli,Correct
4FB8217F-39EE-45DE-9332-C1A200C024F1,BULUT ECZANESİ,Kirklareli,Lüleburgaz,41.40452,27.35575,Kırklareli,Correct
A6986A0B-1143-4075-99CF-C2AF675CBE4E,KIRKLARELİ LÜLEBURGAZ 8 NOLU AİLE SAĞLIĞI MERKEZİ,Kirklareli,Lüleburgaz,41.39974,27.36695,Kırklareli,Correct
677A7007-9FAB-475E-832E-C469434D3286,SEMA ECZANESİ,Kirklareli,Merkez,41.73676,27.21938,Kırklareli,Correct
23E6AD56-0D56-4E68-9C96-C4E1A60CC8CD,ARI ECZANESİ,Kirklareli,Merkez,41.73679,27.21956,Kırklareli,Correct
67B9A3FC-6817-4D71-A50D-C601D1058D61,KIRKLARELİ MERKEZ TOKİ 8 NOLU ASM,Kirklareli,KIRKLARELİ MERKEZ,41.75379,27.22776,Kırklareli,Correct
8B17CD6F-A176-4ED6-8A8B-C6C4E3F9B7BA,SAĞLIK ECZANESİ,Kirklareli,Merkez,39.10367,-76.74756,No Info,No Info
D395B030-D79C-43AC-9659-C6CC484B5152,ÇAĞLAR ECZANESİ,Kirklareli,Lüleburgaz,41.4073,27.35356,Kırklareli,Correct
B4E6343F-B249-4811-AC1F-C6DDD2048A78,ONUR ECZANESİ,Kirklareli,Merkez,41.74315,27.22552,Kırklareli,Correct
26B0CA0B-A851-4408-B3FE-C99A21381312,İLAÇ EVİ ECZANESİ,Kirklareli,Lüleburgaz,41.40018,27.35149,Kırklareli,Correct
36FF314F-FFA9-4A2D-934B-CA05E845DCBC,KIRKLARELİ LÜLEBURGAZ EVRENSEKİZ AİLE SAĞLIĞI MERKEZİ,Kirklareli,Lüleburgaz,41.37293,27.49492,Kırklareli,Correct
2E50F960-E15C-4F86-92D8-CD36027AFB3C,ALPULLU ECZANESİ,Kirklareli,Babaeski,41.35092,27.10145,Kırklareli,Correct
FE7F1B4F-3EF5-409F-AC43-CDAE624B02D7,LÜLEBURGAZ ECZANESİ,Kirklareli,Lüleburgaz,41.40048,27.35446,Kırklareli,Correct
5FABC664-2289-4083-9A5D-CE65F0996343,DANONE SAĞLIK BİRİMİ,Kirklareli,Lüleburgaz,41.40712,27.3583,Kırklareli,Correct
FF008BD1-EC60-40C8-886B-CE9D90A72306,NİLAY ECZANESİ,Kirklareli,Babaeski,41.42929,27.09332,Kırklareli,Correct
CE48C02B-BF7E-4CEC-BA1D-CEAC0C0FD3AB,PINARHİSAR DEVLET HASTANESİ,Kirklareli,Pinarhisar,41.62959,27.51635,Kırklareli,Correct
0404A478-B793-42D6-9EFA-CEF99FDCF46C,KIRKLARELİ LÜLEBURGAZ DEVLET HASTANESİ,Kirklareli,Lüleburgaz,41.39701,27.37707,Kırklareli,Correct
A2DE3428-5994-4A17-A3DF-CFFA46F51DE7,ERTAŞ DİŞ KLİNİĞİ,Kirklareli,Merkez,41.73358,27.2278,Kırklareli,Correct
A0EDACAE-8316-4789-ADDC-D246BEEEE444,GÜNEŞ ECZANESİ,Kirklareli,Merkez,39.02897,-76.84716,No Info,No Info
62DCE8B7-332E-4C7C-BF8D-D31F982262F8,KAYMAZ ECZANESİ,Kirklareli,Lüleburgaz,41.40792,27.35175,Kırklareli,Correct
9C68F329-D80C-4550-AFF0-D3402EFE9471,KIVANÇ ECZANESİ,Kirklareli,Lüleburgaz,41.40783,27.34249,Kırklareli,Correct
09FE709B-B385-4519-8250-D4AD4E36224F,KIRKLARELİ LÜLEBURGAZ HAMİTABAT AİLE SAĞLIĞI MERKEZİ,Kirklareli,Lüleburgaz,41.53012,27.27801,Kırklareli,Correct
E94D9170-2596-424F-AF90-D656DDE9A788,HAKAN ECZANESİ,Kirklareli,Merkez,41.79728,27.42568,Kırklareli,Correct
F72A89BF-2DFA-4BF8-B00A-D7106C0C6703,GÖKHAN ERÇELİK MUAYENEHANESİ,Kirklareli,Merkez,41.73389,27.22084,Kırklareli,Correct
73609EA1-2474-4D16-B9C4-D71C4DE8D2D4,MURAT VOLKAN BALCI MUAYENEHANESİ,Kirklareli,Lüleburgaz,41.40476,27.3553,Kırklareli,Correct
F209A189-7C68-4F04-ABCE-D990F8DDA595,ALP ECZANESİ,Kirklareli,Vize,41.57075,27.75607,Kırklareli,Correct
F7C49E3A-7600-4147-851E-D9B67AB51707,ELİF ECZANESİ,Kirklareli,Lüleburgaz,41.40275,27.36657,Kırklareli,Correct
0B7491B2-FA6C-4EAF-9109-DA1E01F6A3BE,ÖZGÜR ECZANESİ,Kirklareli,Vize,41.57079,27.76791,Kırklareli,Correct
28FE5D69-E4D2-4EB8-A395-DBB4F4B596A5,AYDIN ECZANESİ,Kirklareli,Vize,41.57287,27.75893,Kırklareli,Correct
975E260F-7960-4B7F-8252-DC0275B3D157,LÜLEBURGAZ MERKEZ TSM,Kirklareli,Lüleburgaz,41.40058,27.36465,Kırklareli,Correct
4FCF0178-3B6B-479E-900A-DEF4FDDE0775,DALCA ECZANESİ,Kirklareli,Pinarhisar,41.62172,27.522,Kırklareli,Correct
DDE67136-A7F0-4595-B86D-DF123140A4D6,ŞİFA ECZANESİ,Kirklareli,Lüleburgaz,41.40184,27.36402,Kırklareli,Correct
8767411D-29DA-4804-8F3D-DF4819066DAB,EMİNE ÖZGÜR-EROL ÇALIŞKAN MUAYENEHANESİ,Kirklareli,Lüleburgaz,41.407,27.35281,Kırklareli,Correct
14016187-AEB6-47D0-8146-E05417E5F249,KIRKLARELİ DEMİRKÖY MERKEZ AİLE SAĞLIĞI MERKEZİ,Kirklareli,Demirköy,41.82563,27.76699,Kırklareli,Correct
09110844-3ABE-4504-BC86-E070404C1209,GÜRPINAR ECZANESİ,Kirklareli,Lüleburgaz,41.39294,27.35837,Kırklareli,Correct
ED329382-9995-48B2-B5B8-E231DAB426A4,ÇAKILLI ECZANESİ,Kirklareli,Vize,41.51158,27.87446,Kırklareli,Correct
D6C42722-F859-4379-8FA2-E43E848081F2,İNCİ ECZANESİ,Kirklareli,Merkez,41.73716,27.21862,Kırklareli,Correct
1002B2BC-B537-4C81-931E-E528368984A4,ELİF ÖZTÜRKLÜ BESLENME VE DİYET,Kirklareli,Lüleburgaz,41.40001,27.35428,Kırklareli,Correct
14AB78AC-463A-4923-A3A7-E6AA8C335E0C,DENİZ ECZANESİ,Kirklareli,Lüleburgaz,41.30079,27.54547,Kırklareli,Correct
58F313C0-AAC5-4E0C-97AA-E7EAA6EE9DB9,NEOVADENT DİŞ KLİNİĞİ,Kirklareli,Merkez,41.73705,27.21764,Kırklareli,Correct
9FC2CC82-5373-4C7C-88F0-E922F50DE310,EMEK ECZANESİ,Kirklareli,Merkez,41.73641,27.20903,Kırklareli,Correct
7F72E596-BF89-4560-92B2-EA5FB5E2F6C0,LÜLEBURGAZ 11 NOLU ÖZDEN GÖKÇE AİLE SAĞLIĞI MERKEZİ,Kirklareli,Lüleburgaz,41.40553,27.36672,Kırklareli,Correct
034C7F23-9537-42AD-BC2E-EB5C260583B7,ÖZEN ECZANESİ,Kirklareli,Lüleburgaz,41.40683,27.35298,Kırklareli,Correct
62A0F603-0AB0-4042-86D6-ED1FE0727049,ÖZEL LÜLEBURGAZ TIP MERKEZİ,Kirklareli,Lüleburgaz,41.40001,27.36465,Kırklareli,Correct
059E73ED-61CC-43FB-9219-ED325EE2055C,BİLGE ECZANESİ,Kirklareli,Lüleburgaz,41.40177,27.36468,Kırklareli,Correct
058530E9-CF28-4B45-AA1F-EE6BE41BC741,EFE ECZANESİ,Kirklareli,Lüleburgaz,41.40025,27.364,Kırklareli,Correct
DC4889DD-0B7D-4E51-B7CC-F09D72003922,ARIM ECZANESİ,Kirklareli,Lüleburgaz,41.40026,27.37317,Kırklareli,Correct
42388887-3748-4A2B-8CDB-F1240C8886E0,IŞIK ECZANESİ,Kirklareli,Babaeski,41.42944,27.09253,Kırklareli,Correct
455FCF73-49A4-49CE-8685-F2FBA105F1F3,MEHTAP ECZANESİ,Kirklareli,Lüleburgaz,41.40588,27.33427,Kırklareli,Correct
AA15D626-A922-408E-8A94-F4AFE97FEDBA,DİYETİSYEN ALEYNA AŞIK BESLENME VE DİYET,Kirklareli,Merkez,41.7334,27.23022,Kırklareli,Correct
1AAA6C4A-5DA3-4F6B-BFD9-F6656CE490C3,YILMAZ ECZANESİ,Kirklareli,Merkez,41.73055,27.22313,Kırklareli,Correct
9FB99B53-3AE7-4D57-B5E1-F6C330B9ED0C,OKUMUŞ ECZANESİ,Kirklareli,Merkez,41.7365,27.2205,Kırklareli,Correct
10F4C43D-323C-4EB0-A411-F7606AE655DB,ERTUĞRUL KAZGAN MUAYENEHANESİ,Kirklareli,Merkez,41.73634,27.2232,Kırklareli,Correct
F437AAA6-E63C-4091-AE9D-F852F1123FAA,KIRKLARELİ LÜLEBURGAZ TURGUTBEY AİLE SAĞLIĞI MERKEZİ,Kirklareli,Lüleburgaz,41.48677,27.40478,Kırklareli,Correct
9962CD38-9D28-44E0-A108-FA039DF6CF0C,GAMZE BAVBEK MUAYENEHANESİ,Kirklareli,Lüleburgaz,41.40699,27.35432,Kırklareli,Correct
AF0F46B5-3B76-4A31-95E7-FC01659E4D69,NİLSU DÜZEN MUAYENEHANESİ,Kirklareli,KIRKLARELİ MERKEZ,41.73468,27.2231,Kırklareli,Correct
FDC76DB1-9151-475A-A1A2-FD05A0CD9D2B,GÖNÜL ECZANESİ,Kirklareli,Lüleburgaz,41.40173,27.36564,Kırklareli,Correct
