UnitId,UnitName,CityName,DistrictName,Latitude,Longitude,DetectedCity,Match
BB9FDA5C-41BC-40B5-9DE2-003877CF585E,ÖZDEN ECZANESİ,Sivas,Merkez,39.75089,37.01822,Sivas,Correct
2CED1844-7DD0-4BB1-97A6-00D263735561,SİVAS GÜRÜN MERKEZ AİLE SAĞLIĞI MERKEZİ,Sivas,Gürün,38.72056,37.26968,Sivas,Correct
A0B66425-656F-4B0C-9D9B-00D6AFEEF123,AYHAN ÖZTÜRK MUAYENEHANESİ,Sivas,Gemerek,39.20972,36.09714,Sivas,Correct
8B0045A4-DF37-4E1A-A692-00DC0E8B049B,ÖMÜR ECZANESİ,Sivas,Merkez,38.90117,-77.01756,Washington,Wrong
51DDA032-8F61-46A9-9808-012E781F9E2F,KESKİN ECZANESİ,Sivas,İmranli,39.87629,38.11307,Sivas,Correct
4B00463F-C0E0-49C7-85E2-013706C8887F,CUMHURİYET ÜNİVERSİTESİ DİŞ HEKİMLİĞİ FAKÜLTESİ,Sivas,Merkez,39.70458,37.0151,Sivas,Correct
D526D51D-DC6B-43B8-9B4E-023210A7877A,ÖRNEKOL ECZANESİ,Sivas,Merkez,39.75177,37.01411,Sivas,Correct
CFCD2104-81E0-4E78-8A72-0265C9365622,AYBÜKE ECZANESİ,Sivas,Merkez,39.74322,37.01178,Sivas,Correct
897B319A-AA69-40CB-9846-02D9ED624118,SİVAS HAFİK MERKEZ AİLE SAĞLIĞI MERKEZİ,Sivas,Hafik,39.8542,37.37222,Sivas,Correct
45C83D35-1A46-461E-A0D3-02E9E209F508,MEHMET AKİF ECZANESİ,Sivas,Merkez,39.74546,37.03678,Sivas,Correct
542F9E62-F85C-4258-9957-03197E63842D,TİMURBOĞA ECZANESİ,Sivas,Merkez,39.38897,-76.36716,Maryland,Wrong
8D288A24-539F-4299-8D3D-03D8C493AD02,TUĞRA ECZANESİ,Sivas,Merkez,38.48092,31.62683,Konya,Wrong
098E464A-1AE1-43E2-961E-04B2C1F5A0ED,EBRU ECZANESİ,Sivas,Merkez,39.74649,37.00881,Sivas,Correct
798BCC31-E428-4DFE-A4AB-05276DFCD341,AKER ECZANESİ,Sivas,Merkez,39.74648,37.01264,Sivas,Correct
6616BE29-06E5-4242-BD31-058CC2656B3F,SİVAS KANGAL MERKEZ AİLE SAĞLIĞI MERKEZİ,Sivas,Kangal,39.23972,37.39697,Sivas,Correct
B2A31C57-3B2D-4038-AE05-067B5E36FED1,OSMAN GÖNÜLAL MUAYEHANESİ,Sivas,Merkez,40.08072,38.34481,Sivas,Correct
2E7B80E0-A64D-44F0-A051-067BD377E570,SİVAS E TİPİ KAPALI CEZA İNFAZ KURUMU REVİRİ,Sivas,Merkez,39.77261,37.06025,Sivas,Correct
D7401CB4-B6D2-471A-B884-06C261079444,GÜLERSİN ECZANESİ,Sivas,Merkez,39.7532,37.01326,Sivas,Correct
0C37249F-2ADA-4A14-B09A-078CE7F932AE,CAN ECZANESİ,Sivas,Merkez,39.75222,37.03714,Sivas,Correct
B890BF00-C3DF-4D0F-AF18-079166EDFE91,VEFA ECZANESİ,Sivas,Merkez,38.72378,37.37854,Sivas,Correct
6293CC4B-0AC5-4901-A970-08CA2EF8CFA3,ASYA AĞIZ VE DİŞ SAĞLIĞI MERKEZİ,Sivas,Merkez,39.74829,37.02456,Sivas,Correct
0C810CF0-8A0D-49D3-8A1B-08CB1BEDFC37,SİVAS KOYULHİSAR MERKEZ AİLE SAĞLIĞI MERKEZİ,Sivas,Koyulhisar,40.30215,37.84389,Sivas,Correct
8136595D-8A60-4FFD-8E97-08D933891812,AYKUT ALDEMİR DERMATOLOJİ KLİNİĞİ,Sivas,Merkez,39.73937,37.03625,Sivas,Correct
4A9FF8C9-1C2F-463E-BDA9-0AA6138469B7,SİVAS ZARA DEVLET HASTANESI,Sivas,Zara,39.89444,37.75083,Sivas,Correct
A24030B0-E625-479F-B58A-0C8EF24FDC44,ŞARKIŞLA MERKEZ TSM,Sivas,Şarkişla,39.35506,36.41315,Sivas,Correct
D99D2AA0-4DFD-4172-A753-0CCC7FE3CA88,AHMET TURAN PAYLAN KLİNİĞİ,Sivas,Merkez,39.75173,37.01811,Sivas,Correct
871A32F7-A8C6-4722-AAA3-0E1F7AEC23D7,BURAK DURMAZ MUAYENEHANESİ,Sivas,Merkez,39.74494,37.01052,Sivas,Correct
91B671A7-59A6-4252-80DD-0E29F2C3A990,AHMET TURAN GAZI ECZANESİ,Sivas,Merkez,39.89761,37.75397,Sivas,Correct
78DCB675-3A80-41B6-A556-0EBA5AED9136,HAYAT ECZANESİ,Sivas,Suşehri,40.16264,38.09182,Sivas,Correct
53880C40-5A80-481F-9D38-0F11EB24D1EF,GÜRÜN MERKEZ TSM,Sivas,Gürün,38.72135,37.26673,Sivas,Correct
8137855A-8065-4DB0-B825-105DDE3A2A1B,SİVAS MERKEZ MEHMET AKİF ERSOY AİLE SAĞLIĞI MERKEZİ,Sivas,Merkez,39.74551,37.03742,Sivas,Correct
9A625F6F-C0BC-4DE1-A969-1297B470927C,HAKAN ECZANESİ,Sivas,Merkez,39.74513,37.04302,Sivas,Correct
2B6DE458-4210-4E49-BC6F-1312D40DFC11,YENİ ECZANE,Sivas,Suşehri,40.1623,38.08477,Sivas,Correct
7EC387CA-E7B3-4C5B-8391-132D1B1D0443,BUÇE EVCİ ERDOĞAN DİYETİSYEN KLİNİĞİ,Sivas,SİVAS MERKEZ,39.73318,37.03643,Sivas,Correct
A7DF63D9-7F17-40E5-84B7-13495217BBF0,SÜHA ECZANESİ,Sivas,Merkez,39.56087,-76.13796,Maryland,Wrong
C922A7CF-DDCE-4710-9C34-13E5DF5792E4,VERESELİ SUŞEHRİ ECZANESİ,Sivas,Suşehri,40.16235,38.08489,Sivas,Correct
3974399D-1934-4E12-A0D9-155E8435E86C,DOĞA ECZANESİ,Sivas,Divriği,39.35472,38.10828,Sivas,Correct
533FFBE8-E443-4F6A-B5FB-17BA5785B53E,SİVAS ŞARKIŞLA GÜRÇAYIR AİLE SAĞLIĞI MERKEZİ,Sivas,Şarkişla,39.32373,36.34866,Sivas,Correct
7D20DE93-04A6-48F6-A293-184F0D15E665,TÜDEMSAŞ MAKİNA VE SANAYİ AŞ,Sivas,Merkez,39.74137,37.00974,Sivas,Correct
C5D8BF29-A6EA-4062-AB5D-18AC30EDC645,ANADOLU ECZANESİ,Sivas,Zara,40.16402,38.09197,Sivas,Correct
5D3B921C-6A55-410A-92C8-1A5E5C0DA457,ŞEYMA ECZANESİ,Sivas,Gürün,38.72189,37.26986,Sivas,Correct
88AA2C0A-9E7D-499E-B20E-1BB1B67FFFB2,SİVAS ŞARKIŞLA MUSTAFA KARACA AİLE SAĞLIĞI MERKEZİ,Sivas,Şarkişla,39.34275,36.40137,Sivas,Correct
B573997A-1BE4-4ACB-A9F2-1C889EC3CAE0,SIVAS NUMUNE HASTANESI,Sivas,Merkez,39.75458,37.01236,Sivas,Correct
802CD64D-5F86-4E38-85CE-1CDE746C9905,REMZİ ÖZKAN MUAYENEHANESİ,Sivas,Merkez,39.75191,37.01503,Sivas,Correct
043D3CD4-C686-4CA8-9DC6-1E16D8869058,SİVAS YILDIZELİ YAVU AİLE SAĞLIĞI MERKEZİ,Sivas,Yildizeli,39.79451,36.20503,Sivas,Correct
9456975A-3D37-46EB-9D15-1EE05C45F031,4 EYLÜL ECZANESİ,Sivas,Merkez,39.09088,28.97946,Kütahya,Wrong
6D8ECFC7-327B-4075-8D32-1F0FC9425AE5,ADA ECZANESİ,Sivas,Merkez,39.74558,37.01144,Sivas,Correct
E1ACF600-134B-4549-B235-2037CA8FF72F,BAYGÜNEŞ ECZANESİ,Sivas,Merkez,39.70513,36.96008,Sivas,Correct
0A5D4B8E-D176-40B9-BF24-20784BC29BE2,SİVAS NUMUNE HASTANESİ ECZANESİ,Sivas,Merkez,39.74693,37.04542,Sivas,Correct
61BF3E90-9D2D-4B11-A65A-20D86F50EA14,ESMA ECZANESİ,Sivas,Koyulhisar,40.30183,37.83108,Sivas,Correct
0C7F0F1A-6DD8-495E-A8E3-20FA99EE640B,EKİCİ ECZANESİ,Sivas,Merkez,38.32899,38.29154,Malatya,Wrong
987711E2-CE34-42A4-83D3-21FB0B0F1F9E,ANIL ECZANESİ,Sivas,Merkez,39.72593,37.05138,Sivas,Correct
934C30D9-4351-49B4-906C-24B1307559C8,DOĞANŞAR İLÇE HASTANESİ,Sivas,Hafik,40.30246,37.83332,Sivas,Correct
2BAEE2EF-71EF-48EE-A94E-259365A79713,İLKER ECZANESİ,Sivas,Merkez,38.35194,38.30144,Malatya,Wrong
025D0D11-582B-4F81-B5E9-2740B750D5A4,SEVİNÇ ECZANESİ,Sivas,Merkez,39.7518,37.00275,Sivas,Correct
FE26E01E-01CE-4009-96CC-290D6D37DDBA,DOĞANŞAR MERVE ECZANESİ,Sivas,Merkez,39.75106,37.01739,Sivas,Correct
A41268B6-2010-4E77-8075-29685393AF60,SİVAS ALTINYAYLA MERKEZ AİLE SAĞLIĞI MERKEZİ,Sivas,Altinyayla,39.27272,36.75788,Sivas,Correct
086A92E8-0D5E-4474-B99C-29E4D7423981,ŞİFA ECZANESİ,Sivas,Gemerek,39.21371,36.09951,Sivas,Correct
58559EF0-5A66-44E9-AD75-2A744071BBD6,SİVAS YILDIZELİ KAVAK AİLE SAĞLIĞI MERKEZİ,Sivas,Yildizeli,39.83711,36.45118,Sivas,Correct
61341171-827B-42BD-99ED-2AEFEAB2BFB2,BÜŞRA ECZANESİ,Sivas,Yildizeli,39.31798,36.46604,Sivas,Correct
3CF717E5-37C1-4D15-92A5-2BA82777C2E2,ÖZGE KARABAĞ OFLAZ MUAYENEHANESİ,Sivas,Merkez,41.08082,28.97275,İstanbul,Wrong
EC1FC5A1-306B-40B3-8EF9-2D0F444AE504,SİVAS MERKEZ DEMİRCİLERARDI AİLE SAĞLIĞI MERKEZİ,Sivas,Merkez,39.75244,37.02545,Sivas,Correct
A07EA4AF-2BC2-4E0E-826D-2D39329AF2C3,SİBEL ECZANESİ,Sivas,Suşehri,40.1623,38.08441,Sivas,Correct
14AFB897-35EF-418A-84A7-2DD521540610,VİTAMİN ECZANESİ,Sivas,Merkez,39.52487,-76.18596,Maryland,Wrong
92BAC88D-3F77-4C2A-92B8-2E19C831FCF1,DENT BAĞDAT DİŞ KLİNİĞİ,Sivas,SİVAS MERKEZ,39.73343,37.03623,Sivas,Correct
092A4E0B-4C6C-4A7D-AECB-2F3BBF88BB6F,ESENTEPE ECZANESİ,Sivas,Merkez,39.7551,36.99336,Sivas,Correct
3C2EFD00-FEBC-49B6-972A-2FDB1E2475B1,SİVAS ZARA MERKEZ AİLE SAĞLIĞI MERKEZİ,Sivas,Zara,39.89411,37.75173,Sivas,Correct
06F3B43A-A83C-41F7-B2BE-3018A088DCD3,BEYZA KUZU MUAYENEHANESİ,Sivas,SİVAS MERKEZ,39.74729,37.01539,Sivas,Correct
71340FF5-F3A9-448B-ABB5-311F43E543E1,MEHMET KORKMAZ MUAYENEHANESİ,Sivas,SİVAS MERKEZ,39.749,37.01433,Sivas,Correct
D665CF12-9B9A-4F2D-87DC-31369AEBE5AE,GÜLDEŞ ECZANESİ,Sivas,Merkez,39.74328,37.0415,Sivas,Correct
8D512807-AD06-4BD3-924D-3300B51F8CCB,AYDIN ŞENGÖK,Sivas,SİVAS MERKEZ,39.74905,37.0179,Sivas,Correct
35117835-DB85-47F2-8B09-33335E60281B,SALİH GÜL MUAYENEHANESİ,Sivas,Merkez,39.75179,37.01942,Sivas,Correct
2912F083-E478-4636-A65A-3381F090C54A,ÖMÜR ECZANESİ,Sivas,Divriği,37.76519,30.64659,Isparta,Wrong
CC618116-6F81-4F1E-BE9E-349E055F3BD7,SİVAS MERKEZ İBNİ SİNA TSM,Sivas,Merkez,39.75085,37.01127,Sivas,Correct
E1BFE60A-0F8A-4824-AF3C-34A0CB784613,TÜLAY ECZANESİ,Sivas,Merkez,39.75277,37.01358,Sivas,Correct
E9C491A9-7BDB-4B67-9158-35FD87917219,MEVLANA ECZANESİ,Sivas,Merkez,39.75975,37.01132,Sivas,Correct
5B5BD1C8-0142-44EC-857C-39D7505D67EE,CEYHUN ECZANESİ,Sivas,Merkez,38.72337,37.37878,Sivas,Correct
9ECF744D-9328-48FA-9EF9-39F7D2ED86AC,FERHAT ECZANESİ,Sivas,Merkez,38.30759,32.86981,Konya,Wrong
696663EB-F49B-49B5-BE2A-3AAF6E6BCCF0,DİVRİĞİ SADIK ÖZGÜR DEVLET HASTANESİ,Sivas,Divriği,38.72203,37.27932,Sivas,Correct
D7660923-3D70-4B71-9B14-3ABD6A8BA1C9,SİVAS MERKEZ KILAVUZ AİLE SAĞLIĞI MERKEZİ,Sivas,Merkez,39.75209,37.03823,Sivas,Correct
E3625A18-0837-4D0E-B754-3AD3FE9A3634,KENT ECZANESİ,Sivas,Merkez,39.74549,37.01164,Sivas,Correct
BECBF804-059F-4EDC-8A97-3C399D6F500B,IŞIN ECZANESİ,Sivas,Merkez,39.38447,-76.37316,Maryland,Wrong
52305BDF-FAF5-4C89-81E0-3CF04E568D42,ÖZ IŞIK ECZANESİ,Sivas,Merkez,39.7611,36.99475,Sivas,Correct
37926924-7F62-4E30-9872-3DBE87D82E0E,SIZIR ECZANESİ,Sivas,Gemerek,39.36827,-76.39476,Maryland,Wrong
039BBEE3-02AE-42BC-A100-3F66FF7800E2,BEYAZ DÜNYA DİŞ POLİKLİNİĞİ,Sivas,Merkez,38.75525,30.53886,Afyonkarahisar,Wrong
15F43596-C8AB-4DE6-9B3C-41F618A036A5,MURAT ECZANESİ,Sivas,Merkez,39.76054,37.01322,Sivas,Correct
472A4B08-9E80-4914-B27C-4234354E4B40,SİVAS AĞIZ VE DİŞ SAĞLIĞI HASTANESİ,Sivas,Merkez,39.73596,37.03234,Sivas,Correct
FAA48481-E8EB-431C-9288-4240E37E165C,ÖZEL BETÜL ÖZTÜRK DİYETİSYEN KLİNİĞİ,Sivas,SİVAS MERKEZ,39.74708,37.01616,Sivas,Correct
907506E6-34BE-4DF2-8243-42C24E309045,SAĞLIK ECZANESİ,Sivas,Merkez,39.7383,37.03709,Sivas,Correct
7D063F35-E1D1-4881-968F-4337569B971B,ÜNİVERSİTE ECZANESİ,Sivas,Merkez,39.51317,-76.20156,Maryland,Wrong
691AEE4D-352E-491E-A9B6-43993DF6B1E1,YILDIRIM ECZANESİ,Sivas,Merkez,39.73241,36.97178,Sivas,Correct
9A3EBFF5-1690-4E09-85AB-4412E20E5736,HAFİK HACI ESMA KOCACIK DEVLET HASTANESİ,Sivas,Hafik,39.10907,-76.74036,Maryland,Wrong
AE49ADA7-D665-485D-B2F8-458C710B01F8,MAHİR IŞIK MUAYENEHANESİ,Sivas,Suşehri,40.1624,38.08828,Sivas,Correct
B4C89FFA-143E-41A8-B6E7-45DECB4E8510,EĞRİKÖPRÜ ECZANESİ,Sivas,Merkez,39.73126,37.03749,Sivas,Correct
8ECDD55D-7B2F-42FE-953F-468EF7BC5A7E,SİVAS MERKEZ ŞEYHŞAMİL AİLE SAĞLIĞI MERKEZİ,Sivas,Merkez,39.75938,37.05154,Sivas,Correct
30BEA775-575F-4331-958A-46B8D79BD0DF,ERSİN ECZANESİ,Sivas,Merkez,39.74418,37.0427,Sivas,Correct
A8F18A10-B768-4247-BB4F-46C8B66C370F,MEYDAN ECZANESİ,Sivas,Merkez,37.04215,31.78631,Antalya,Wrong
5F62A5EA-622A-445D-A73E-4705328E18CB,ÇİĞDEM ECZANESİ,Sivas,Merkez,39.755,36.99332,Sivas,Correct
AECE5957-5C63-4196-A193-48F1B7AA16AF,DOĞU ECZANESİ,Sivas,Merkez,39.74207,37.02876,Sivas,Correct
1F41169E-9085-4A92-A354-4A21C27147AC,ÖZTÜRK ECZANESİ,Sivas,Gemerek,39.35029,36.41324,Sivas,Correct
90004D67-7E7D-4FA1-AB07-4A4311ABBA34,SİVAS ŞARKIŞLA AKÇAKIŞLA AİLE SAĞLIĞI MERKEZİ,Sivas,Şarkişla,39.53546,36.34139,Sivas,Correct
F1A678E6-6AA3-46B2-BD45-4AA6DD2895C6,ERTUĞRUL ECZANESİ,Sivas,Merkez,39.73953,37.02008,Sivas,Correct
08B2CDB7-DDB0-4DA0-B5AC-4AED9BDD8B9A,HÜSEYİN CEYLAN MUAYENEHANESİ,Sivas,SİVAS MERKEZ,39.73534,37.03761,Sivas,Correct
B1D67A1D-5B18-4BFF-921D-4BA43961ACFD,ŞİFA ECZANESİ,Sivas,Divriği,39.86659,36.59575,Sivas,Correct
66525B64-AF67-41FB-8868-4BB1526924AA,KARACA ECZANESİ,Sivas,Merkez,39.74719,37.01303,Sivas,Correct
6E649D08-1699-4D78-9072-4C9520A39A46,ŞİFA ECZANESİ,Sivas,Kangal,39.86659,36.59575,Sivas,Correct
74AEFEBC-FA4E-47D1-864E-4D70791EF8C2,DÖRTYOL ECZANESİ,Sivas,Merkez,41.41608,35.05734,Sinop,Wrong
6244C6C8-E71C-4F6D-802A-4D797C3DDCAF,DOĞRUYOL ECZANESİ,Sivas,Merkez,39.08027,-76.77876,Maryland,Wrong
25958991-90AE-41C9-86C9-4D87802D228C,VATAN ECZANESİ,Sivas,Merkez,38.72288,37.37734,Sivas,Correct
1330AE20-A825-4454-9F21-4EF2038B41C0,KEPENEK ECZANESI,Sivas,Merkez,39.75339,37.01855,Sivas,Correct
637E958F-A9F3-4712-8CFA-4EF5CC5B93AA,NİYAZİ YEŞİL DİŞ KLİNİĞİ,Sivas,SİVAS MERKEZ,39.74791,37.01288,Sivas,Correct
7C0A4226-D49C-4111-AF4F-4F5B3267E34C,SAMİ SÖNMEZ MUAYENEHANESİ,Sivas,Merkez,39.86669,36.59927,Sivas,Correct
EE2C80BF-576A-477B-8252-5057390758E3,BURHAN AVCI,Sivas,SİVAS MERKEZ,39.75009,37.01867,Sivas,Correct
24065F72-C985-49CB-AD47-506D58B5B2CE,SIVAS GÜRÜN DEVLET HASTANESI,Sivas,Gürün,38.72293,37.28052,Sivas,Correct
31F4C78B-CB02-488B-9553-50DEC67E4FA4,ÇOLAKOĞLU ECZANESİ,Sivas,Merkez,39.75042,37.01947,Sivas,Correct
13E197EA-5004-43AE-862C-50F2EA140CD7,FORMEASY BESLENME VE DİYET DANIŞMANLIĞI,Sivas,SİVAS MERKEZ,38.70069,30.77963,Afyonkarahisar,Wrong
6CFDF589-9C31-4F1E-BC04-5257AB210AE3,TAŞHAN ECZANESİ,Sivas,Merkez,38.49946,29.6798,Uşak,Correct
60A81E20-2447-4B97-AEE9-538E328E5C24,BAŞER ECZANESİ,Sivas,Kangal,39.23584,37.39278,Sivas,Correct
FC4A5166-6FF3-4A2A-BD3A-54E4878998ED,NASUHOĞLU ECZANESİ,Sivas,Merkez,39.75991,37.01241,Sivas,Correct
5CBB2A5C-16C0-40D2-9343-55D6731E6C7E,CEREN ECZANESİ,Sivas,Merkez,39.74969,37.01735,Sivas,Correct
6091BA4B-9A08-4DB6-8E98-570745BA3FD7,DEĞİŞİM DİYET BESLENME VE DANIŞMA MERKEZİ,Sivas,Merkez,39.74535,37.00979,Sivas,Correct
E091DDD4-AC13-435F-AA9A-57D07EFB4F37,ÇAĞAN ECZANESİ,Sivas,Merkez,39.85562,37.39108,Sivas,Correct
7EEE722E-3C20-404B-90F3-581BC30DFB11,ALTINYAYLA ECZANESİ,Sivas,Altinyayla,39.32326,36.46421,Sivas,Correct
70E6E269-1091-4351-87F6-581E0E144FC5,SONGÜL PARLAK MUAYENEHANESİ,Sivas,Merkez,38.35003,38.28443,Malatya,Wrong
8ADC66BE-35E3-43CD-A743-588EA3F124F9,ULAŞ ECZANESİ,Sivas,Ulaş,39.18578,36.0834,Sivas,Correct
350922A3-881D-488C-A64F-593C2BE5E608,ŞİFA ECZANESİ,Sivas,Gürün,39.86659,36.59575,Sivas,Correct
368E61A7-2243-405E-A877-5A6E4E7DD490,KARACALAR ECZANESİ,Sivas,Merkez,39.44447,37.04113,Sivas,Correct
677CF456-B06D-4403-9210-5BA6311D1BE7,GÜRÜN ECZANESİ,Sivas,Gürün,39.7504,37.01684,Sivas,Correct
15A6F3A0-6B9F-4F05-8DD5-5BB3C75484FC,FIRAT ECZANESİ,Sivas,Merkez,38.49977,29.6831,Uşak,Correct
FE795832-745D-4933-9508-5CF080326286,ÖZEL ANADOLU AĞIZ DİŞ SAĞLIĞI POLİKLİNİĞİ SİVAS,Sivas,Merkez,39.74919,37.01747,Sivas,Correct
80349B48-AD6C-40B2-8103-5DBCF917EA68,SİVAS ORTA ANADOLU DİYALİZ MERKEZİ,Sivas,Merkez,39.74091,37.00121,Sivas,Correct
DA843ECD-6860-4D84-99CA-5EBB4ED00882,ADİL ECZANESİ,Sivas,Şarkişla,39.3503,36.41586,Sivas,Correct
D114F6F1-EBB4-4751-B22A-5EF9ABCBBCB7,İÇTEN ECZANESİ,Sivas,Merkez,39.75402,37.0127,Sivas,Correct
22FEDB59-160C-4024-8A88-5F07721FF644,ANADOLU ECZANESİ,Sivas,Merkez,39.74036,36.99536,Sivas,Correct
40438868-2597-431A-89BF-622D654B3FFE,ŞENYURT ECZANESİ,Sivas,Merkez,39.75177,37.01647,Sivas,Correct
E087065B-C5A9-4CEF-BF3C-62654ECFEC3D,SİVAS ULAŞ MERKEZ AİLE SAĞLIĞI MERKEZİ,Sivas,Ulaş,39.44934,37.03946,Sivas,Correct
F1479CEB-BCCA-4A86-992A-63DA9F128742,CAN ECZANESİ,Sivas,Yildizeli,39.35134,36.41103,Sivas,Correct
9C563E5B-0BBD-4FE3-A16C-64627F4BE72A,YÖRÜKOĞLU ECZANESİ,Sivas,Merkez,39.75328,37.01838,Sivas,Correct
9E08CE7C-1420-4A24-BB24-64B32BEC8D2B,MAVİ ECZANE,Sivas,Merkez,39.74502,37.00587,Sivas,Correct
33A0EE6A-E68D-4C18-958C-65EA0914F85F,BÜŞRA ECZANESİ,Sivas,Kangal,39.23523,37.39075,Sivas,Correct
E14C3205-5CF5-48F6-82D6-688449007C86,YAPRAK ECZANESİ,Sivas,Kangal,38.84005,37.17492,Sivas,Correct
56301ADD-37FD-4137-92BD-692B6B0E8D71,SİVAS MERKEZ MEDİKO SOSYAL AİLE SAĞLIĞI MERKEZİ,Sivas,Merkez,39.74076,37.02166,Sivas,Correct
7A9FD2CE-99C9-4EE0-ADA3-693DCC3D17A4,ULAŞ İLÇE DEVLET HASTANESİ,Sivas,Ulaş,38.70135,30.77779,Afyonkarahisar,Wrong
26027519-698F-428D-9AF7-69B3408FC4B8,ELİF ECZANESİ,Sivas,Merkez,39.27377,-76.52076,Dundalk,Wrong
81FFABFE-716D-4213-B99B-6A55CD52F9B5,BUKET ECZANESİ,Sivas,Merkez,39.74455,37.02425,Sivas,Correct
74F436F4-4241-4C75-945F-6AC17F405ADC,GÜMÜŞ ECZANESİ,Sivas,Merkez,39.73521,36.98359,Sivas,Correct
8FD950E0-54FB-4D9A-86DE-6EB8F82395AA,ZEREN ECZANESİ,Sivas,Merkez,39.7529,37.00287,Sivas,Correct
98A7B09F-083F-4959-8137-6F911C21A304,ANADOLU ECZANESİ,Sivas,Kangal,38.72247,37.37758,Sivas,Correct
DA32C14E-FD6E-4BFB-B224-70BB1E0074D0,ÇARŞI ECZANESİ,Sivas,Merkez,39.74991,37.01934,Sivas,Correct
BDE5ABC5-0BF8-4AC1-B412-70EF655E5B64,AKSU ECZANESİ,Sivas,Merkez,39.73983,37.02161,Sivas,Correct
256768F2-0771-4688-93BD-71FF9E3005AF,PERA PSİKOLOJİ VE BESLENME DANIŞMANLIK MERKEZİ,Sivas,Merkez,38.70086,30.78151,Afyonkarahisar,Wrong
25E3F25E-C4CC-43AF-9CB2-7205642EC0A9,ZİKRULLAH APAYDIN MUAYENEHANESİ,Sivas,Merkez,39.08207,-76.77636,Maryland,Wrong
349C33BC-F981-4FDD-B2C5-723FBB5F0D14,SİVAS İMRANLI MERKEZ AİLE SAĞLIĞI MERKEZİ,Sivas,İmranli,39.86837,38.11576,Sivas,Correct
265DB189-EF34-444B-8321-72EA3F66DB80,DENTAPOL SİVAS,Sivas,SİVAS MERKEZ,38.75546,30.53833,Afyonkarahisar,Wrong
09F4683D-965C-457F-9036-734B0C2C7972,DERMAN ECZANESİ,Sivas,Şarkişla,39.34992,36.40714,Sivas,Correct
A7C05230-9B36-4124-B67C-7405986864EC,SİVAS DEVLET HASTANESİ,Sivas,Merkez,36.77809,28.81031,Muğla,Wrong
6BEB3812-9850-43B5-A855-7459884781E9,SİVAS MERKEZ ORHANGAZİ AİLE SAĞLIĞI MERKEZİ,Sivas,Merkez,39.76956,37.03089,Sivas,Correct
A0A28AA2-B36B-49B8-9293-748B1C254957,IHLAMUR ECZANESİ,Sivas,Merkez,39.73932,37.03819,Sivas,Correct
CB2E88B5-DD70-4F08-A4BD-749D56D7D873,SİVAS MERKEZ KARDEŞLER AİLE SAĞLIĞI MERKEZİ,Sivas,Merkez,39.73179,37.03722,Sivas,Correct
3ED69987-381C-455F-8761-75CF05D7C8AC,SEVGİ ECZANESİ,Sivas,Suşehri,40.16319,38.08539,Sivas,Correct
C873237A-0FC6-46F5-9525-779E2B6C9782,SIHHAT ECZANESİ,Sivas,Merkez,39.74636,37.03798,Sivas,Correct
4B67A8B1-550E-4E30-9BF4-77C8F88CA552,ÖZDEMİR ECZANESİ,Sivas,Merkez,40.16601,34.39262,Çorum,Wrong
B9DB9BA5-BB45-479F-AC3D-788C2ADAB960,SEVGİ ECZANESİ,Sivas,Merkez,38.91467,-76.99956,Washington,Wrong
8B3EDDFD-EDF1-47DF-8EF7-78BEED4DC3C6,CUMHURIYET ÜNİVERSİTESİ UYGULAMA VE ARAŞTIRMA HASTANESİ,Sivas,Merkez,39.71049,37.02987,Sivas,Correct
1D070AE5-776A-4984-A529-7A771E20156B,KÜBRA ECZANESİ,Sivas,Merkez,39.74238,37.0403,Sivas,Correct
9BA5F59F-A583-4941-8577-7B2BE4D147EE,SİVAS MERKEZ ÇARŞIBAŞI AİLE SAĞLIĞI MERKEZİ,Sivas,Merkez,39.75157,37.01231,Sivas,Correct
D9184C7E-A940-492F-BD01-7B65709185DD,LALEZAR ECZANESİ,Sivas,Merkez,39.74788,36.9958,Sivas,Correct
8DA25045-1440-4FF1-B877-7BA640BD7114,NUR ECZANESİ,Sivas,Merkez,39.7352,36.98356,Sivas,Correct
BBEE7D5B-9574-4653-A4AD-7BB7DE77E2D6,GÖLOVA ECZANESİ,Sivas,Gölova,39.43744,37.04798,Sivas,Correct
EE8668EB-B5B3-478E-BFAE-7BEE50601DCA,NİHAT KUŞAKÇI MUAYENEHANESİ,Sivas,Merkez,37.36233,33.68819,Karaman,Wrong
BEA5FFB4-F2B4-41F6-B93C-7BF246EA20BE,KILIÇKAYA ECZANESİ,Sivas,Merkez,39.75181,37.03741,Sivas,Correct
E70F96BD-ABAE-4E4A-916E-7C2E8EC9B0D9,ARMAĞAN ECZANESİ,Sivas,Altinyayla,39.35561,36.41007,Sivas,Correct
72D03D90-547F-49B8-85F9-7C6B96730024,CİHAN ECZANESİ,Sivas,Şarkişla,39.31891,36.46351,Sivas,Correct
EEB52660-0704-48FA-A4DB-7CE8EE312B25,ÖZEL SİVAS DİYALİZ MERKEZİ,Sivas,Merkez,39.73994,37.03447,Sivas,Correct
F608B6DB-A7B4-4169-A497-7CEDAF499574,SIVAS ECZANESI,Sivas,Merkez,39.75014,37.02181,Sivas,Correct
01D95803-C721-4F47-BDFB-7CF90202065B,KAĞAN ECZANESİ,Sivas,Merkez,39.73524,36.96838,Sivas,Correct
D47B410C-F963-4CAE-B147-7DA6CB6B3F6B,SİVAS ŞARKIŞLA MERKEZ 4 NOLU AİLE SAĞLIĞI MERKEZİ,Sivas,Şarkişla,39.35186,36.42596,Sivas,Correct
541455FF-ECDD-4DBF-8C61-800035AEF1C5,PINAR ECZANESİ,Sivas,Şarkişla,39.35268,36.40795,Sivas,Correct
0C945FB7-675D-40D0-93BE-80AAF723D84E,ŞİFA ECZANESİ,Sivas,Merkez,39.76321,36.99373,Sivas,Correct
0BC03295-AF36-4F33-9F2A-80B2CAFB32E4,SİVAS MERKEZ HANLI AİLE SAĞLIĞI MERKEZİ,Sivas,Merkez,39.73986,37.02046,Sivas,Correct
E6DFA17E-BC62-4DA3-9964-80CE698EB749,ŞAHİN ECZANESİ,Sivas,Merkez,36.26968,36.56892,Hatay,Wrong
B377D6BF-A326-438E-9CC0-828F297215AE,DEMİREL ECZANESİ,Sivas,Gölova,40.05956,38.60794,Sivas,Correct
7082D3FA-1103-4038-B1AE-831DA3E74A2D,TÜRKİSTAN ECZANESİ,Sivas,Zara,39.87183,37.01922,Sivas,Correct
446B322B-DCDC-499D-9A64-84C44353716E,SIVAS GEMEREK DEVLET HASTANESİ,Sivas,Gemerek,39.19251,36.08244,Sivas,Correct
8AA0132B-B040-4830-B0DF-84EC22F63777,KEVSER ECZANESİ,Sivas,Şarkişla,39.35202,36.42573,Sivas,Correct
A741B61A-CCB3-492C-B14E-85A57E58B04F,SİVAS MERKEZ YUNUS EMRE AİLE SAĞLIĞI MERKEZİ,Sivas,Merkez,39.75432,36.99355,Sivas,Correct
C9698A59-CB75-4FAB-B625-87B5D76A59CE,SİVAS MERKEZ ŞEHİT ÖMER GÜNEY AİLE SAĞLIĞI MERKEZİ,Sivas,Merkez,39.7347,36.98378,Sivas,Correct
364B5864-147A-4133-949B-87D32A199B5B,YENİ EMEK ECZANESİ,Sivas,Merkez,39.7353,36.98387,Sivas,Correct
46CF1BCD-8440-443F-9A27-887B1046FD49,ALTİNYAYLA İLÇE HASTANESI,Sivas,Altinyayla,40.30516,37.83692,Sivas,Correct
D0AC018A-B993-4329-96FA-889E44473F6B,ALİ BAL MUAYENEHANESİ,Sivas,Merkez,38.70143,30.78154,Afyonkarahisar,Wrong
900A7D52-A0EE-4D5F-877D-89F5C8B2C074,ESRA ECZANESİ,Sivas,Merkez,39.75156,37.01886,Sivas,Correct
2D54FEC1-4EAD-44BB-A875-8AB7C45AF33B,AYDENT SİVAS DİŞ KLİNİĞİ,Sivas,SİVAS MERKEZ,39.73838,37.03746,Sivas,Correct
B2D8ACDB-AC6A-4CB1-900D-8AF0BCA21E68,ASLAN ECZANESİ,Sivas,Merkez,39.73416,37.03558,Sivas,Correct
444AA28A-C808-47AC-ACFB-8B17A6D8468E,SİVAS SUŞEHRİ MERKEZ AİLE SAĞLIĞI MERKEZİ,Sivas,Suşehri,40.16549,38.0932,Sivas,Correct
17D8D592-117A-46FE-9B70-8EACCAC1D6F0,TUĞUT ECZANESİ,Sivas,Merkez,39.74999,37.01702,Sivas,Correct
63B1E98B-30B7-487C-9E32-8FE55D4C1C10,CEYLAN ECZANESİ,Sivas,Merkez,39.76055,37.05092,Sivas,Correct
DAAA0503-9271-41DB-BFE6-90D366D04C84,HAMDİ SADEGÜZEL MUAYENEHANESİ,Sivas,Merkez,39.74958,37.01611,Sivas,Correct
F3AE0618-9026-43DB-A8F2-90D5F450CC89,AKINCILAR DEVLET HASTANESİ,Sivas,Akincilar,39.74501,37.0107,Sivas,Correct
BE0D3CD2-A033-4510-A687-90DF2A2B012F,KARADAYI ECZANESİ,Sivas,Merkez,39.75337,37.01314,Sivas,Correct
7C2EB180-452F-403E-9FFB-9145AAC3B7EF,ERDAL DEĞERLİ MUAYENEHANESİ,Sivas,Divriği,39.36741,38.11496,Sivas,Correct
1EC7AF84-B379-44AA-BD12-91841810F121,SİVAS YILDIZELİ MERKEZ AİLE SAĞLIĞI MERKEZİ,Sivas,Yildizeli,39.86657,36.58839,Sivas,Correct
554AF6F2-F09D-4EA2-870B-91C6691E39F8,DİLARA ECZANESİ,Sivas,Hafik,39.17297,-76.65516,Glen Burnie,Wrong
39F5EF39-FF33-426C-AB4F-920F1E9C4458,BAYBARS İMRE MUAYENANESİ,Sivas,SİVAS MERKEZ,39.7481,37.01313,Sivas,Correct
7EB7AA4B-EFD6-491F-81AA-940CB66356DF,SİVAS MERKEZ GÖKMEDRESE AİLE SAĞLIĞI MERKEZİ,Sivas,Merkez,39.74673,37.0112,Sivas,Correct
FC0B177E-8B1A-42B8-8221-9580FCB6C94E,DOĞANAY ECZANESİ,Sivas,Merkez,39.76138,37.02504,Sivas,Correct
67CFD2BF-A34B-4250-82B1-95B344CA3FE3,EKEN ECZANESİ,Sivas,Merkez,39.73936,37.03626,Sivas,Correct
A903D792-34A7-4E4E-A726-9657DD7578BB,SİVAS AKINCILAR MERKEZ AİLE SAĞLIĞI MERKEZİ,Sivas,Akincilar,40.07946,38.34569,Sivas,Correct
DC0E4377-EF95-400C-99CA-969165B69835,SİVAS MERKEZ KIZILIRMAK AİLE SAĞLIĞI MERKEZİ,Sivas,Merkez,39.74083,37.02331,Sivas,Correct
87A89DBC-8180-412D-9BCF-976BD6E8D4CD,MARMARA ECZANESİ,Sivas,Merkez,39.76006,37.02293,Sivas,Correct
1EBF1EE0-F188-4687-B0BB-993E2FA26A08,TANER ECZANESİ,Sivas,Merkez,39.75246,37.03667,Sivas,Correct
6CEEC0BC-4955-4092-935F-997F481B0073,SIVAS YİLDİZELI DEVLET HASTANESI,Sivas,Yildizeli,39.87059,36.60038,Sivas,Correct
47A58281-6AB2-4FD9-BDE5-99FA9908BBFF,ÖZKAYNAK ECZANESİ,Sivas,Merkez,39.74808,37.01312,Sivas,Correct
0E3DE07E-C129-4ED7-B0D9-9A22C227E0F0,SEMA ECZANESİ,Sivas,Merkez,39.75091,37.0126,Sivas,Correct
5A3E6F44-DBC5-4E30-B346-9AD0DE2EDF4C,GÖKHAN ECZANESİ,Sivas,Merkez,39.73806,36.98912,Sivas,Correct
F8E1D083-0F60-4842-A29F-9ADDE748EAD6,UMUT ŞİFA ECZANESİ,Sivas,Hafik,40.1627,38.09344,Sivas,Correct
A7E928BC-FF8C-4793-B42A-9B4F70647E85,SİVAS GEMEREK SIZIR AİLE SAĞLIĞI MERKEZİ,Sivas,Gemerek,39.31376,35.94554,Sivas,Correct
8CA59F75-ECE5-4B3B-93CC-9C0BBFC791C5,ÖZDAL ECZANESİ,Sivas,Şarkişla,39.34988,36.40706,Sivas,Correct
14300011-5156-4739-AE70-9C305A5FDF5E,ALPEREN ECZANESİ,Sivas,Merkez,39.74169,37.02717,Sivas,Correct
09F377AF-1A08-449F-B0B7-9C37F865266B,YENİ MERT ECZANESİ,Sivas,Koyulhisar,39.23418,28.17175,Balıkesir,Wrong
076BFC57-1786-4CD9-B2F6-9C47D9FEAE57,AKIN ECZANESİ,Sivas,Merkez,39.75137,37.02375,Sivas,Correct
044D0A2E-6815-43B2-8BCC-9D921AF1EFC4,VERESELİ HALK ECZANESİ,Sivas,Hafik,40.16408,38.08629,Sivas,Correct
D3FECDD7-E180-49A5-908D-9F53FB12CF56,SİVAS GÖLOVA MERKEZ AİLE SAĞLIĞI MERKEZİ,Sivas,Gölova,40.06298,38.60002,Sivas,Correct
A77857A8-1A30-4846-961A-9FFF7816C63A,DUYGU ECZANESİ,Sivas,Merkez,39.73177,36.97265,Sivas,Correct
2B369C30-4492-4DBD-AA53-A017BE756F2B,AHMET MERTCAN KOLDAŞ DİŞ KLİNİĞİ,Sivas,Merkez,41.43342,31.74762,Zonguldak,Wrong
3EC06798-CCDE-4803-B9B8-A19E9865FD82,SUBAŞILAR ECZANESİ,Sivas,Şarkişla,39.35417,36.42216,Sivas,Correct
40E08AA8-F2D5-4FF3-8F65-A3581EE562C1,UFUK ÇAVUŞ MUAYENEHANESİ,Sivas,Merkez,39.7498,37.01695,Sivas,Correct
8DE94E63-EB36-43FA-8F5C-A45B599B7434,ALTINAY ECZANESİ,Sivas,Merkez,39.7476,37.0152,Sivas,Correct
3764B289-7580-4347-9FD0-A4A9476BC51E,ŞEYDA ECZANESİ,Sivas,Merkez,39.73624,37.03881,Sivas,Correct
41662557-E7A0-4A55-9C75-A5755D983085,SELÇUK ECZANESİ,Sivas,Merkez,38.97677,-76.91676,College Park,Wrong
B8D3B206-C136-4B16-B785-A59482432345,UMUT ECZANESİ,Sivas,Gemerek,39.20911,36.09789,Sivas,Correct
D3CFC63F-0170-4B48-AA97-A5BDD4705277,SİVAS MERKEZ GÜLTEPE AİLE SAĞLIĞI MERKEZİ,Sivas,Merkez,39.72946,36.99955,Sivas,Correct
EF5421DA-2BE6-48BF-A33E-A5FC41DFEF41,SİVAS MERKEZ ALİBABA AİLE SAĞLIĞI MERKEZİ,Sivas,Merkez,39.76016,37.02293,Sivas,Correct
73D56E32-DE65-4B95-AB29-A631C872B944,AKYOL ECZANESİ,Sivas,Merkez,39.76175,37.01439,Sivas,Correct
2A32A622-B0B7-4FC5-ACF0-A8B5BFDE37C2,YUNUS EMRE ECZANESİ,Sivas,Merkez,39.74491,37.0056,Sivas,Correct
58D21A94-EC9D-4FD3-BD2B-A8F0034702E9,SİVAS GEMEREK MERKEZ AİLE SAĞLIĞI MERKEZİ,Sivas,Gemerek,39.1865,36.08012,Sivas,Correct
1D08B2FD-FBB0-4AEF-844F-A93EB40FCB65,ŞURA ECZANESİ,Sivas,Yildizeli,39.34964,36.40025,Sivas,Correct
85478683-6C8C-47CD-8687-A9FA31EF4AD3,HİKMET ECZANESİ,Sivas,Merkez,39.7541,37.01266,Sivas,Correct
523BC242-5CEF-4718-ADE4-AA7CC8FB5A80,AYBERK ŞAFAK BENLİ MUAYENEHANESİ,Sivas,Merkez,38.93897,-76.96716,Maryland,Wrong
48A698FC-714B-4824-8AA8-AAC78938EB33,SERDAR ECZANESİ,Sivas,Merkez,39.75185,37.00471,Sivas,Correct
B1CB444C-A256-4DE1-96E0-AB4B61B51694,SIVAS ŞARKİŞLA DEVLET HASTANESI,Sivas,Şarkişla,39.35752,36.41742,Sivas,Correct
D75A9A81-12C0-4A5E-B5D7-AB65DD2580E9,SİVAS ŞARKIŞLA MERKEZ 1 NOLU AİLE SAĞLIĞI MERKEZİ,Sivas,Şarkişla,39.35508,36.4134,Sivas,Correct
62564D2C-35FE-4E2D-A7FA-AB7BF3A7CA56,KOÇAK ECZANESİ,Sivas,Merkez,39.74656,37.01169,Sivas,Correct
526B3EF1-8702-4348-92A3-ABDC2C434A12,DİVRİĞİ MERKEZ TSM,Sivas,Divriği,39.37324,38.11677,Sivas,Correct
BC1923E0-B0DE-45FF-B70B-ABE6915D5565,GÖKÇE ÜNAL,Sivas,SİVAS MERKEZ,38.69979,30.77843,Afyonkarahisar,Wrong
C2703562-F885-42CA-A344-AC54CC533BDC,DİVRİĞİ ECZANESİ,Sivas,Divriği,39.3714,38.11592,Sivas,Correct
004A90D3-992C-4E4D-9CEF-AD881A5BF440,BENGİSU ECZANESİ,Sivas,Merkez,39.7526,37.02159,Sivas,Correct
EB94E371-4780-416F-8C74-ADBAEF54D119,SİVAS CUMHURİYET ÜNİVERSİTESİ HASTANE ECZANESİ,Sivas,Merkez,40.29245,37.8408,Sivas,Correct
CB248459-AA55-44D3-9226-AE5145FC214B,AKİF ACIPINAR DİŞ KLİNİĞİ,Sivas,Merkez,39.74663,37.01188,Sivas,Correct
F90D54C1-DEFC-4579-8246-AEB170A819DC,MURAT UĞUR GÜRER MUAYENEHANESİ,Sivas,Merkez,41.43376,31.74735,Zonguldak,Wrong
27EA6C79-3260-488A-97F3-B17A08CE092B,EMRE ECZANESİ,Sivas,Gemerek,39.21134,36.09896,Sivas,Correct
412872F3-27EA-4F01-82F7-B1DAC0D34257,SİVAS MERKEZ KADIBURHANETTİN AİLE SAĞLIĞI MERKEZİ,Sivas,Merkez,39.74396,37.00553,Sivas,Correct
F26EB671-5488-4C89-AC2F-B23B831E5F34,LOKMAN ECZANESİ,Sivas,Divriği,39.3719,38.11689,Sivas,Correct
B42DE3E3-34F8-4484-8B45-B2D662CD4FBA,SİVAS MERKEZ KARŞIYAKA AİLE SAĞLIĞI MERKEZİ,Sivas,Merkez,39.70648,36.96291,Sivas,Correct
8DF918BD-133B-422B-A597-B360936019E2,ÖZEL BEYAZ AY AĞIZ VE DİŞ SAĞLIĞI POLİKLİNİĞİ,Sivas,Şarkişla,39.35018,36.40776,Sivas,Correct
7B062EB4-FC49-431E-8536-B37FDA59F3FB,UĞUR ECZANESİ,Sivas,Merkez,41.0254,28.87383,İstanbul,Wrong
2BDEAD26-3F10-44F8-A172-B3C7F4BFD890,SİVAS MERKEZ ÇAYYURT MAHALLESİ MUHİTTİN ALTINOK AİLE SAĞLIĞI MERKEZİ,Sivas,Merkez,39.76116,37.0149,Sivas,Correct
637B74A9-F6AB-4607-BB45-B505AAB20C8E,MUHAMMED KOÇAK MUAYENEHANESİ,Sivas,SİVAS MERKEZ,39.74705,37.01231,Sivas,Correct
1E89AF96-6F5B-4BA5-9B98-B5E8372D6CED,MERT ECZANESİ,Sivas,Yildizeli,39.32799,36.46179,Sivas,Correct
D6970495-905C-4861-945B-B61D1051FD6E,ARIKAN ECZANESİ,Sivas,Merkez,39.75965,37.04972,Sivas,Correct
BC19EEA7-678E-486B-8DD0-B6940ADB68B8,SİVAS MERKEZ TUZLUGÖL AİLE SAĞLIĞI MERKEZİ,Sivas,Merkez,39.74093,36.98131,Sivas,Correct
591AA1A3-F691-4312-BF22-B7B0722C3AAA,PAPATYA ECZANESİ,Sivas,Merkez,39.73502,36.983,Sivas,Correct
00A34324-31AF-4900-8FB2-B7D166E27E5D,SİVAS MERKEZ AYDOĞAN AİLE SAĞLIĞI MERKEZİ,Sivas,Merkez,39.75454,37.00418,Sivas,Correct
A5597BB2-A32C-4F09-B37C-B9CF9AF0B09E,AYKUT ECZANESİ,Sivas,Merkez,39.05417,-76.81356,Maryland,Wrong
EA84B3AA-CE19-4A23-BA6B-BA0BB47D631D,İSTANBUL ECZANESİ,Sivas,Merkez,39.75376,37.0131,Sivas,Correct
C2BB4252-BC18-4765-808E-BB3E88DA74C9,LOKMAN ECZANESİ,Sivas,Divriği,39.3719,38.11689,Sivas,Correct
94C859D9-EAD8-425F-A7F7-BC765B3CC97A,GÜL ECZANESİ,Sivas,Merkez,39.75185,37.01637,Sivas,Correct
43D017AE-53F9-4C04-9696-BD5361C91FDF,ŞEYMA AYDİN MUAYENEHANESİ,Sivas,Merkez,38.03602,29.89421,Afyonkarahisar,Wrong
4D3EA329-0458-4B66-9DE4-BDC59D5A864E,ALPER DURAK MUAYENEHANESİ,Sivas,Merkez,39.74955,37.01625,Sivas,Correct
FDDDBE76-29B0-4E68-BBB7-C0B12341A37A,AHMET YALÇIN MUAYENEHANESİ,Sivas,Gemerek,39.2118,36.10058,Sivas,Correct
76E9B93A-595A-4DF6-A338-C14A70D3BE6B,KANDEMİR ECZANESİ,Sivas,Şarkişla,39.35042,36.40887,Sivas,Correct
64B9031D-CF51-4DB8-BD77-C19BB0195B62,EREN SEYHAN MUAYENEHANESİ,Sivas,Merkez,39.74622,37.01313,Sivas,Correct
7D55BB55-5E9F-4CA0-AB22-C1D082744393,TUĞBA ECZANESİ,Sivas,Merkez,39.14777,-76.68876,Maryland,Wrong
A2587E36-D7AD-406F-8DF2-C2C73E827EB8,BAĞDAT ECZANESİ,Sivas,Merkez,39.73485,37.03482,Sivas,Correct
32B5746B-FCD3-45EB-AC26-C39FD0A1C542,ECEM ECZANESİ,Sivas,Şarkişla,39.35148,36.4258,Sivas,Correct
76A9438A-6225-4E0E-B414-C3FE926D95DB,RUMEYSA ECZANESİ,Sivas,Merkez,39.74612,37.02724,Sivas,Correct
EDCD774E-2DB1-49C2-BC62-C4F0D38E7EB7,SIVAS KANGAL DEVLET HASTANESI,Sivas,Kangal,39.2356,37.39045,Sivas,Correct
79852921-5438-42E9-A6E6-C88BD3FEB7C5,SIVAS KOYULHISAR İLÇE HASTANESI,Sivas,Koyulhisar,40.30426,37.83572,Sivas,Correct
17131888-BFB2-4324-AC8B-C8AF385D6C7E,SİVAS GEMEREK YENİÇUBUK AİLE SAĞLIĞI MERKEZİ,Sivas,Gemerek,39.21244,36.09968,Sivas,Correct
78FFB20D-3A89-4595-93DD-CA70C2628867,SUŞEHRİ MERKEZ TSM,Sivas,Suşehri,40.16826,38.07417,Sivas,Correct
BDD97C06-0007-42BE-9266-CBC016D072D5,SELMA UÇAR MUAYENEHANESİ,Sivas,Merkez,36.10137,32.96908,Mersin,Wrong
9E62E68D-77E5-44FA-811F-CC5A9DBFD783,ÜNAL ECZANESİ,Sivas,Merkez,39.75894,37.01147,Sivas,Correct
8C2BA399-91FA-4FED-9747-CD0D89AE6AEA,KURUGÖL ECZANESİ,Sivas,Merkez,39.7361,36.98476,Sivas,Correct
AE083DEF-AD7A-4F8A-BBB7-CD4C7E8731A4,İRFAN ECZANESİ,Sivas,Merkez,38.70012,30.77988,Afyonkarahisar,Wrong
D867B4CB-E385-488A-912D-CF04F2B97019,ÖZEL DENT SİVAS AĞIZ VE DİŞ SAĞLIĞI MERKEZİ,Sivas,Merkez,39.74781,37.01443,Sivas,Correct
92628248-23A2-41D4-B5D7-CF0CD85DD6CB,SEZGİ ECZANESİ,Sivas,Merkez,39.74663,37.01714,Sivas,Correct
AC5E3808-4397-4592-8A42-CF46068A64B9,SİVAS MERKEZ YILDIZ AİLE SAĞLIĞI MERKEZİ,Sivas,Merkez,40.0794,36.92206,Sivas,Correct
9722C965-C6DF-4DEF-B35A-CF4E669C826A,SİVAS ÖZEL ONR DİYALİZ MERKEZİ,Sivas,Merkez,39.73901,37.03594,Sivas,Correct
B23944F5-D532-4128-8968-CF7197390157,GÖLOVA DEVLET HASTANESİ,Sivas,Gölova,40.06124,38.60373,Sivas,Correct
C3F007A6-3B71-429A-A343-D025A4195DE2,LOKMAN ECZANESİ,Sivas,Merkez,39.74962,37.01683,Sivas,Correct
59DC62C4-1828-412B-A224-D1249570123B,DEVA ECZANESİ,Sivas,Merkez,39.32057,-76.45836,Maryland,Wrong
4D37DA55-454B-4C10-BF85-D26CE72DCA67,SİVAS DENTAL,Sivas,SİVAS MERKEZ,39.75079,37.01902,Sivas,Correct
FFE58ADE-75B4-4402-AE8F-D28A5ED14AC9,IŞIK ECZANESİ,Sivas,Merkez,39.62117,-76.05756,Maryland,Wrong
98A996D5-E5A3-4905-A043-D31F7ED268DD,TOPRAK ECZANESİ,Sivas,İmranli,40.16256,38.09189,Sivas,Correct
B5517323-2324-4780-8FFF-D43A9F45A1C1,SERKAN ÇİFTÇİ KLİNİĞİ,Sivas,Merkez,39.7465,37.01187,Sivas,Correct
894D1D74-C139-4E61-9A53-D5F6E284DB48,BULVAR ECZANESİ,Sivas,Merkez,40.34737,26.68508,Çanakkale,Wrong
937465AC-4A68-49BD-B203-D708773A1961,NURİ BERK MUAYENEHANESİ,Sivas,Şarkişla,39.35044,36.40983,Sivas,Correct
4C6EB76F-9376-46EA-8382-D74EE33A5CCE,DERMAN ECZANESİ,Sivas,Merkez,39.67599,29.14833,Bursa,Wrong
E5E5603D-66A4-42B9-B231-D8293B70EA88,SUBAŞI ECZANESİ,Sivas,Merkez,38.72468,37.37974,Sivas,Correct
5E0C84DC-C5DA-4AEE-94F9-D83FFADCE71E,KARSLIOĞLU ECZANESİ,Sivas,Merkez,39.75311,37.01333,Sivas,Correct
57B6CC88-5DD9-4EDB-9BC3-D8B609C8BB7D,GUNES ECZANESI,Sivas,Merkez,39.75725,37.01069,Sivas,Correct
9A63A10F-0D3F-423C-AC58-D9ED28F325A7,İSTASYON ECZANESİ,Sivas,Merkez,39.74758,37.0096,Sivas,Correct
9C01E203-8965-4923-8C22-DA736A210E4F,SİVAS MERKEZ TOKİ AİLE SAĞLIĞI MERKEZİ,Sivas,Merkez,39.77927,37.06758,Sivas,Correct
EFD31B73-3791-4296-BAF0-DAD7946C1C5D,KARABULUT ECZANESİ,Sivas,Gemerek,39.1865,36.06971,Sivas,Correct
087051B8-9EF8-4DE0-B5B7-DCD26E8FD04A,EREN ECZANESİ,Sivas,Merkez,39.74992,37.01699,Sivas,Correct
C11FB01B-D101-4A7B-ADB2-DD57377C41B8,İMRANLI İLÇE HASTANESİ,Sivas,İmranli,40.30336,37.83452,Sivas,Correct
6B4FC5CF-9EFB-49A3-AE13-DD7FC971BF58,ZEHRA ECZANESİ,Sivas,Merkez,39.75334,37.00339,Sivas,Correct
59D06A12-D204-4EFC-90F4-DE987E0F4557,EMRE ECZANESİ,Sivas,Zara,39.89371,37.75086,Sivas,Correct
29451CAD-0CE4-4C2C-A29E-DEFE3EB197EC,HARUN SAVUN DİŞ KLİNİĞİ,Sivas,SİVAS MERKEZ,38.70137,30.78154,Afyonkarahisar,Wrong
BD6455B9-AFD5-47AA-AC69-DF699BD8D99C,DUMAN ECZANESİ,Sivas,Merkez,39.74171,37.02906,Sivas,Correct
D424206F-00CE-47D3-A576-DF9FBFAD2DF8,SİVAS ŞARKIŞLA MERKEZ 2 NOLU MUSTAFA ÖZBUDAK AİLE SAĞLIĞI MERKEZİ,Sivas,Şarkişla,39.35402,36.39846,Sivas,Correct
54048BDF-2854-4AE7-9F5E-DFA71803523C,ŞİFA ECZANESİ,Sivas,Zara,39.89131,37.7469,Sivas,Correct
26F5077F-E0BF-41AB-A1F0-E204CF89CF0B,TOLGA ECZANESİ,Sivas,Merkez,39.76949,37.03074,Sivas,Correct
2EE3816A-E6BF-4E8E-A407-E24768B18EE4,SAGLIK ECZANESI,Sivas,Şarkişla,39.35344,36.43015,Sivas,Correct
19E0F778-264C-46DD-A84F-E25414408A7D,ÖMER ALTUNSAY,Sivas,SİVAS MERKEZ,39.44465,37.04103,Sivas,Correct
34A9E707-6AD0-480B-A2DC-E3296ACCCD99,AYDIN ECZANESİ,Sivas,Merkez,39.75263,37.02419,Sivas,Correct
BB17155F-16A3-419E-B282-E384DF580CD0,FATİH ECZANESİ,Sivas,Merkez,38.03685,29.8928,Afyonkarahisar,Wrong
E3DF4B53-C9FF-402E-878B-E43A02126CD7,SİVAS MERKEZ GÜMÜŞDERE AİLE SAĞLIĞI MERKEZİ,Sivas,Merkez,40.04343,37.01286,Sivas,Correct
AC85DFA1-D02F-4F90-AC10-E5F48717533F,YILDIZ ECZANESİ,Sivas,Merkez,39.74878,36.997,Sivas,Correct
2581EDB1-85F5-4FDB-9817-E68B612475DA,GÖKÇE ECZANESİ,Sivas,Merkez,39.74259,37.02837,Sivas,Correct
BF749375-CA8A-4B34-B778-E6EBC9EE665D,SELVİ ECZANESİ,Sivas,Gemerek,39.18866,36.0815,Sivas,Correct
48D927DF-44FC-4BCA-B1C4-E703FFEB4606,BEYZA ECZANESİ,Sivas,Merkez,39.74603,37.04422,Sivas,Correct
F564370B-E2D2-4F8E-B225-E7100873E98B,BESTE ECZANESİ,Sivas,Merkez,39.75208,37.01228,Sivas,Correct
CA76D253-5129-4EBA-98D9-E7A67CC3AB71,TARIK ECZANESİ,Sivas,Merkez,38.91377,-77.00076,Washington,Wrong
5EB3EDAE-E245-4818-BF2B-E9F89BC12895,RABİA TEBER DURNA,Sivas,SİVAS MERKEZ,39.74882,37.01269,Sivas,Correct
6FF06B0D-BFC4-4BC4-B54F-EA24B03EA179,MANSUR DOĞAN MUAYENEHANESİ,Sivas,Şarkişla,39.3512,36.41706,Sivas,Correct
6ECE58AE-DE7B-47EE-8BF3-EBF1A46F3E5B,ÇELİK ECZANESİ,Sivas,Şarkişla,39.34981,36.40804,Sivas,Correct
13C48E59-BFF7-4AEC-A896-EC2D45BE9541,GÜLAÇTI ECZANESİ,Sivas,Merkez,39.75268,37.01535,Sivas,Correct
9F3A12E6-363B-4E32-A1F7-EC320E3C3845,BAHAR ECZANESİ,Sivas,Merkez,39.74581,37.0068,Sivas,Correct
4CE3BE4E-1238-4E1B-AA13-ED113E285A24,AKINCILAR ECZANESİ,Sivas,Akincilar,40.16265,38.09236,Sivas,Correct
30326995-EFB9-40AA-BEBD-ED632D16AC89,ÖZLEM ECZANESİ,Sivas,Gürün,38.72051,37.27141,Sivas,Correct
9164A378-A7B8-4AC4-B9B6-EEC648EF655E,MUSA BAHADIR BEKTAŞ KLİNİĞİ,Sivas,Merkez,39.75045,37.01745,Sivas,Correct
64E50EA6-3B00-4544-AA82-EEF8999754DC,SİVAS MERKEZ MİMARSİNAN AİLE SAĞLIĞI MERKEZİ,Sivas,Merkez,39.73298,36.97105,Sivas,Correct
CA1D3D71-97E0-48B4-8385-EF617101A65C,ÇETİNKAYA ECZANESİ,Sivas,Merkez,39.74653,37.01629,Sivas,Correct
10645D97-3E51-4942-BD5A-EF8EED4BCC48,DEMET ECZANESİ,Sivas,Merkez,39.87026,38.11071,Sivas,Correct
5716A2A8-A172-4649-9830-EFA62AEFBC77,YENİŞEHİR ECZANESİ,Sivas,Merkez,39.20627,-76.61076,Glen Burnie,Wrong
0D4EBD07-6B17-4D28-A35B-EFA6E4D6D307,SİVAS MERKEZ 4 EYLÜL AİLE SAĞLIĞI MERKEZİ,Sivas,Merkez,39.74501,36.99476,Sivas,Correct
953C9A89-C540-4106-B10B-EFC6F037F89D,SİVAS DİVRİĞİ MERKEZ AİLE SAĞLIĞI MERKEZİ,Sivas,Divriği,39.35781,38.10835,Sivas,Correct
27744F9B-F4E5-4800-855C-F123AEBB6518,GÜL ECZANESİ,Sivas,Yildizeli,39.32889,36.46299,Sivas,Correct
E69B5C10-58BC-4635-A029-F282A4CFBD43,DERMAN ECZANESİ,Sivas,Gürün,39.74522,37.02604,Sivas,Correct
8E26BF14-94CE-4F47-BAA9-F53F174C30F9,MUHLİS ÖZKARS MUAYENEHANESİ,Sivas,Merkez,39.7424,37.01204,Sivas,Correct
62FA3ADB-7926-4BC7-9590-F5C86E843E20,DOĞA ECZANESİ,Sivas,Merkez,40.16396,38.09189,Sivas,Correct
67D53BE5-0807-4082-B442-F6CBF55A7C9B,ESRA KAYA ECZANESİ,Sivas,Merkez,39.73543,37.03448,Sivas,Correct
84CC8004-B52F-4E9D-89FB-F7DC2EF7FAD0,ŞİFA ECZANESİ,Sivas,Suşehri,39.89131,37.7469,Sivas,Correct
986BAEB1-2A4F-4E38-9F30-F82318321219,BERKAY ECZANESİ,Sivas,Merkez,39.7591,37.02497,Sivas,Correct
DA9F9CB3-9E91-4929-8803-F82641D2FC05,RUMEYSA KENDİRCİOĞLU,Sivas,SİVAS MERKEZ,39.7528,37.01781,Sivas,Correct
1BC358B8-4E99-42F3-B100-F8D043B4523A,BAŞAK ECZANESİ,Sivas,Merkez,39.75138,37.02443,Sivas,Correct
889A2B09-166D-4F92-B6EE-F93F6BFD9A57,HİLAL ECZANESI,Sivas,Merkez,39.75941,37.02487,Sivas,Correct
B7090F14-06C0-4214-A449-F9EAACDEE6BB,SİVAS MERKEZ ŞEYHŞAMİL 1 NOLU ASM,Sivas,Merkez,39.74697,37.06098,Sivas,Correct
3C07338B-F99E-439A-9D76-FAA66AAFAE3F,ENGİN ECZANESİ,Sivas,Suşehri,40.16409,38.08659,Sivas,Correct
1E5C497B-DE3C-4BFB-8A77-FB35A96D1BD2,SİVAS MERKEZ ŞÜKRÜ BEYAZIT AİLE SAĞLIĞI MERKEZİ,Sivas,Merkez,39.76111,36.98828,Sivas,Correct
8D80C250-364A-470D-9DB7-FB705540B79E,AYDENT KLİNİK,Sivas,Merkez,39.73037,37.01061,Sivas,Correct
1772C6EA-722A-4176-B0D8-FB82820B6F4C,MUHAMMET İKBAL TAŞTAN MUAYENEHANESİ,Sivas,Merkez,39.74743,37.0112,Sivas,Correct
E52C24E1-895D-4602-889E-FB8901AC7588,GÜRÜN ECZANESİ,Sivas,Gürün,39.7504,37.01684,Sivas,Correct
134ABCE6-D320-40A1-9BF1-FCACF746B021,DOLUNAY ECZANESİ,Sivas,Merkez,39.75365,36.99968,Sivas,Correct
3D25DF69-C044-4DCE-9847-FCFDD38ED6D2,SELMA ECZANESİ,Sivas,Merkez,37.19188,28.28223,Muğla,Wrong
8488F38A-CD42-4F1C-A34A-FDF3012D686E,ONUR ECZANESİ,Sivas,Merkez,40.07329,36.91145,Sivas,Correct
2BB2585B-5E73-4AFB-A525-FE1E6C40E167,AYDOĞAN ECZANESİ,Sivas,Merkez,39.75399,37.00567,Sivas,Correct
817811D7-66B3-49FB-8DBE-FF96AC9883C9,GÖZDE ECZANESİ,Sivas,Zara,40.16382,38.09173,Sivas,Correct
A45BCAA9-183E-4F30-89E8-FFB98C614476,ERGÜN ECZANESİ,Sivas,Merkez,39.73842,37.03699,Sivas,Correct
69E51A11-BD49-46D8-810C-FFDC141577EF,UMUT ECZANESİ,Sivas,Şarkişla,39.20911,36.09789,Sivas,Correct
