UnitId,UnitName,CityName,DistrictName,Latitude,Longitude,DetectedCity,Match
CA2AE87B-7614-40DE-9349-00C25FB6E1D9,ÇANAKKALE MERKEZ İNTEPE AİLE SAĞLIĞI MERKEZİ,Çanakkale,Merkez,40.01283,26.33564,Çanakkale,Correct
0A53039E-D4F0-4A4A-AFDE-00E15A047C35,FATİH ECZANESİ,Çanakkale,Bayramiç,39.60329,26.39986,Çanakkale,Correct
5E0C1D7C-6B14-491C-8979-0113BCDF1BA6,ONSEKİZ MART ECZANESİ,Çanakkale,Merkez,40.09699,26.39098,Çanakkale,Correct
16E32052-5C4B-437F-B725-0266A33D27C4,EBRUCAN ECZANESİ,Çanakkale,Lapseki,40.23488,26.60692,Çanakkale,Correct
EECB1B9C-CF5C-43E9-8400-028236D58B4B,YILMAZ KISACIK MUAYENEHANESİ,Çanakkale,Biga,40.2249,27.24248,Çanakkale,Correct
67BE0363-5D8E-45E7-AA52-02A0F0312C1A,ÇANAKKALE ÇAN CUMHURİYET AİLE SAĞLIĞI MERKEZİ,Çanakkale,Çan,40.02565,27.04354,Çanakkale,Correct
AE6B58C6-058E-4405-8A94-03D074DE0064,ÖZDEMİR ECZANESİ,Çanakkale,Merkez,40.11616,26.40983,Çanakkale,Correct
9AF4DB8D-C8BB-4A81-85BB-03DC4AB619D7,AYBÜKE TEKİN BESLENME DİYET KLİNİĞİ,Çanakkale,Biga,40.2278,27.24184,Çanakkale,Correct
1A86A410-B225-4ED7-9DD7-0409AA8C9E2A,ÇANAKKALE MERKEZ ESENLER AİLE SAĞLIĞI MERKEZİ,Çanakkale,Merkez,40.15978,26.42106,Çanakkale,Correct
15DE880E-BB9D-42FF-BACB-04559D3A5E6C,ÇANAKKALE BİGA SAKARYA AİLE SAĞLIĞI MERKEZİ,Çanakkale,Biga,40.21692,27.24132,Çanakkale,Correct
AF79B31E-3276-4B43-8FBE-04598115B1CC,LADİN ECZANESİ,Çanakkale,Merkez,40.15634,26.41011,Çanakkale,Correct
5077A0BF-4F8B-4FC8-A003-047C03BE2C3A,ÖZGE ECZANESI,Çanakkale,Merkez,40.14774,26.40806,Çanakkale,Correct
CD22D515-B645-43C8-9A80-0595FF4E139E,EMRE ERSAN SARP MUAYENEHANESİ,Çanakkale,Merkez,40.1472,26.40574,Çanakkale,Correct
077A2D85-1038-497F-AD4E-082AF92DDD92,ÇANAKKALE GÖKÇEADA AİLE SAĞLIĞI MERKEZİ,Çanakkale,Gökçeada,40.19615,25.90301,Çanakkale,Correct
11E1EF59-E0D0-4CAA-B767-08756D66ED3E,ÇANAKKALE SAHİL SAĞLIK DENETLEME MERKEZİ,Çanakkale,Merkez,40.1204,26.41054,Çanakkale,Correct
B81046CF-E23C-4296-AAC4-088F7044A53A,ÇANAKKALE MERKEZ KEPEZ AİLE SAĞLIĞI MERKEZİ,Çanakkale,Merkez,40.09626,26.39302,Çanakkale,Correct
1918FE22-C9F9-432F-AA56-08D55886F6E7,ÖZHAN ECZANESİ,Çanakkale,Merkez,40.14728,26.40678,Çanakkale,Correct
DF255B89-CD75-489A-B18C-090EB3B1BA5F,CAN KEREM MUAYENEHANESİ,Çanakkale,Merkez,40.14703,26.40713,Çanakkale,Correct
04CD1A03-3BE9-4FAF-90E4-094EFE518690,ÇANAKKALE AĞIZ VE DİŞ SAĞLIĞI MERKEZİ BAŞTABİPLİĞİ,Çanakkale,Merkez,40.04302,26.34571,Çanakkale,Correct
F7D6F6AA-B3B0-4737-942E-09AF0DA4D3B9,HASAN SUCUKA MUAYENEHANESİ,Çanakkale,Biga,40.22784,27.24402,Çanakkale,Correct
179F107D-2FD2-4D05-9B3D-0D30CAF0FF7A,ASSOS İREM ECZANESİ,Çanakkale,Ayvacık,39.60118,26.40393,Çanakkale,Correct
DEED355C-9907-40E3-B69E-0D77C9ECF893,FATMA ÇELİKER MUAYENEHANESİ,Çanakkale,Merkez,40.14833,26.41097,Çanakkale,Correct
2EEC8CCC-FE33-4FCE-9827-0D910BF24D5D,KALE SERAMİK ANONİM ŞİRKETİ,Çanakkale,Çan,40.03032,27.05069,Çanakkale,Correct
A9D8C6C2-3E4C-4AEC-90CC-0DD140CD47A7,DENİZ ECZANESİ,Çanakkale,Merkez,40.15663,26.42073,Çanakkale,Correct
4AFE69F9-21D2-4EBE-AE5D-0E021AE1E171,AHMET İZZET DURGUNOĞLU MUAYENEHANESİ,Çanakkale,Gelibolu,40.40712,26.64505,Çanakkale,Correct
C061F4C0-6A8F-4A8B-88A7-0E668EA26FD0,UMUT ECZANESİ,Çanakkale,Merkez,40.1514,26.40845,Çanakkale,Correct
AB44690C-E63F-4650-A239-0EB0204645DF,EMİNE ŞENGÖREN MUAYENEHANESİ,Çanakkale,Merkez,40.14684,26.40803,Çanakkale,Correct
25CC91D8-4B02-4832-A58A-10CFF083E9B2,BATI ECZANESİ,Çanakkale,Çan,40.03867,27.07506,Çanakkale,Correct
C30A267C-76C5-4C69-92DD-122D605752BF,MEDİNE AYDIN AKSOY MUAYENEHANESİ,Çanakkale,Ayvalık,40.9897,29.0841,İstanbul,Wrong
3087347C-1293-4324-AB2D-1260FFF2557E,EVREN ERBAŞ MUAYENEHANESİ,Çanakkale,Biga,40.22645,27.24236,Çanakkale,Correct
2C5B86FF-6210-46DB-9F2B-126926207CF7,ÇANAKKALE BAYRAMİÇ ÇARŞI AİLE SAĞLIĞI MERKEZİ,Çanakkale,Bayramiç,39.81191,26.61754,Çanakkale,Correct
F239F219-3ED7-40E9-9586-127FFACEAAE5,MEHMET ALPAY YÖRÜK MUAYENEHANESİ,Çanakkale,Gelibolu,40.40801,26.67342,Çanakkale,Correct
4B37E941-BF9E-49AE-8381-1377437D5937,ÇANAKKALE BİGA DEVLET HASTANESİ,Çanakkale,Biga,40.23908,27.26494,Çanakkale,Correct
FB45D40C-D78C-469A-AFAF-16D38560F47E,UMURBEY ECZANESİ,Çanakkale,Lapseki,40.23478,26.60768,Çanakkale,Correct
43EEF725-C098-42FD-915B-17321356CC11,ÇANAKKALE YENİCE PAZARKÖY AİLE SAĞLIĞI MERKEZİ,Çanakkale,Yenice,39.85233,27.40097,Çanakkale,Correct
294737F3-23F4-40E0-8ED9-18FBB7EE7004,ÇANAKKALE LAPSEKİ DEVLET HASTANESİ,Çanakkale,Lapseki,40.15042,26.40994,Çanakkale,Correct
3F3C99B0-4184-4669-A9F8-1A0C849F817E,DİYET D ÖZEL SAĞLIK HİZMETLERİ,Çanakkale,Merkez,37.65698,30.52877,Burdur,Wrong
CE62CCA2-4459-458E-B3DE-1A9A9F86CAE5,EYLÜL ECZANESİ,Çanakkale,Eceabat,40.40541,26.67213,Çanakkale,Correct
622CB49C-9A8E-4EAB-AD41-1C65A55104EC,ÇANAKKALE SAĞLIKLI YAŞAM MERKEZİ,Çanakkale,Merkez,40.33946,26.69261,Çanakkale,Correct
0C95D208-9DEE-4D28-B950-1D7100D83CF2,GÜRKAN ECZANESİ,Çanakkale,Çan,39.98078,26.89884,Çanakkale,Correct
4BB0C0E8-F660-48A0-9968-1DD8EAA263B9,ÇANAKKALE LAPSEKİ CUMHURİYET AİLE ESAĞLIĞI MERKEZİ,Çanakkale,Lapseki,40.34603,26.68184,Çanakkale,Correct
8FEE5F33-24CF-4996-A3EE-1E55B204D79D,ÇANAKKALE 116 JANDARMA REVİRİ,Çanakkale,Merkez,40.03122,27.05189,Çanakkale,Correct
BF08456A-17B8-4B5C-9F3E-205D450CE5AE,YEDİTEPE ECZANESİ,Çanakkale,Merkez,40.14715,26.40493,Çanakkale,Correct
A75EEA42-E74F-4DA1-A4D9-20F58ED258B8,AYLİN ECZANESİ,Çanakkale,Gelibolu,40.40972,26.65827,Çanakkale,Correct
848D45DE-D9A9-44C7-BF53-228F5C63EDDA,YENİCE ECZANESİ,Çanakkale,Yenice,40.19478,25.91325,Çanakkale,Correct
322F0CFB-C2F9-4411-9B37-22AB145DBDE1,GİZEM ECZANESİ,Çanakkale,Çan,40.02782,27.04762,Çanakkale,Correct
1F86A8B1-AC94-4473-A64A-22B7C9C1EF68,BİGA GÜMÜŞÇAY ASM,Çanakkale,Biga,40.28233,27.27885,Çanakkale,Correct
82490214-1B49-4AC7-AF70-23789B86D906,YAKUP TUNÇ MUAYENEHANESİ,Çanakkale,Gelibolu,40.34563,26.68181,Çanakkale,Correct
A9B11DE4-828A-4328-9614-24AD0311DB7F,BEGÜM KURAN ÖZEL MUAYENEHANESİ,Çanakkale,Merkez,40.14726,26.40142,Çanakkale,Correct
0F0B0B30-4EC0-4E98-977B-2506A5B79292,SAĞLIK ECZANESİ,Çanakkale,Lapseki,40.34661,26.68553,Çanakkale,Correct
C2C3E0E5-DF47-44B3-9C55-252CEFA490F7,ALPER KÖSE MUAYENEHANESİ,Çanakkale,Biga,40.22492,27.24339,Çanakkale,Correct
98A08D8E-6C1C-4B23-B5CA-25A3C56FF2BF,GAZI ECZANESİ,Çanakkale,Merkez,40.15923,26.41565,Çanakkale,Correct
2C424B45-EA88-43A1-94F1-25E08EF53409,GELİBOLU 2 KOLORDU KOMUTANLIĞI YILDIRIM KIŞLA REVİRİ,Çanakkale,Gelibolu,40.41917,26.68093,Çanakkale,Correct
A8CA0C44-C68B-45AD-BC94-263E0AA7AC04,İZZET DURMAZ MUAYENEHANESİ,Çanakkale,Bayramiç,39.81061,26.61175,Çanakkale,Correct
5190B5C0-557C-41DE-908C-26978B40EB0F,İDİL ECZANESİ,Çanakkale,Merkez,40.14934,26.4033,Çanakkale,Correct
C87330C0-7356-4E26-B45A-2789F531020A,BAYRAKTAR ECZANESİ,Çanakkale,Ayvacık,39.60098,26.40137,Çanakkale,Correct
F57AAE58-7BA8-4DEE-8B7B-27A7F12FE1F3,ÇELİK ECZANESİ,Çanakkale,Biga,40.22342,27.24252,Çanakkale,Correct
DBA7B61D-BB49-49E4-9371-27DB40F941F1,SEYFULLAH DEMİR MUAYENEHANESİ,Çanakkale,Yenice,39.92968,27.25889,Çanakkale,Correct
DFFE37C8-9E21-41A2-9021-27E9B084AC95,ÖZEL DİPNOT GÜZELLİK MERKEZİ,Çanakkale,Merkez,40.15388,26.41286,Çanakkale,Correct
BEAF1454-E525-449F-B510-27F6C482014B,İBRAHİM ÖZMEN MUAYENEHANESİ,Çanakkale,Merkez,40.1312,26.40908,Çanakkale,Correct
B2A4BFBF-508A-42D0-B9F6-29AAA59FA1B0,DERMAN ECZANESİ,Çanakkale,Ezine,39.78647,26.33894,Çanakkale,Correct
4B943C48-B511-459C-BECE-2A9D349CDB31,ÇANAKKALE MERKEZ ANAFARTALAR AİLE SAĞLIĞI MERKEZİ,Çanakkale,Merkez,40.04212,26.34451,Çanakkale,Correct
E44DA6DF-4926-44E4-81DA-2AFAB9C0F797,KOÇER ECZANESİ,Çanakkale,Bayramiç,39.60282,26.39874,Çanakkale,Correct
014BECDB-4D84-4919-B7ED-2B77AA2DF565,GÜVEN ECZANESİ,Çanakkale,Yenice,39.80908,27.21156,Çanakkale,Correct
F2D6D4CD-3B5A-4B4A-A5EA-2C4A49E650B6,ÇEVRE ECZANESİ,Çanakkale,Çan,40.02865,27.04933,Çanakkale,Correct
EB852659-A8EC-4C69-BCA1-2CD52AC5DD1E,HAKAN ÇETİN MUAYENEHANESİ,Çanakkale,ÇANAKKALE MERKEZ,40.18066,26.3587,Çanakkale,Correct
5356093F-4BB1-4B30-8026-2DED64AE3530,PINAR IŞIKÇI FİZİK TEDAVİ VE REHABİLİTASYON MERKEZİ,Çanakkale,Merkez,39.57707,-76.11636,No Info,No Info
DD9C33E7-93D7-4837-8C50-2ECC18CAD33F,NARİN ECZANESİ,Çanakkale,Merkez,40.14465,26.44926,Çanakkale,Correct
59E914A9-A2C8-4A0F-B386-303B9B986F78,ÇANAKKALE ÇAN KOCAYAYLA AİLE SAĞLIĞI MERKEZİ,Çanakkale,Çan,40.02839,27.04677,Çanakkale,Correct
57310A40-AB9D-4929-BF06-31945EE59019,ÇANAKKALE BOĞAZ KOMUTANLIĞI,Çanakkale,ÇANAKKALE MERKEZ,40.19938,26.41307,Çanakkale,Correct
4388FEFF-175F-474E-8CD0-31FD8E8D619D,ÇAĞRI ECZANESİ,Çanakkale,Merkez,40.16559,26.41943,Çanakkale,Correct
E60EDA85-C8C0-48D5-BED4-320C29207FED,ADA ECZANESİ,Çanakkale,Merkez,40.69646,30.33944,Sakarya,Wrong
DF2A34EF-7407-4EFA-BAFE-32FD9E2E7B2A,EZİNE ECZANESİ,Çanakkale,Ezine,39.78368,26.34369,Çanakkale,Correct
FC82EB24-7818-4DB9-BB4F-3350CBCA8E07,EMİRAY ECZANESİ,Çanakkale,Merkez,39.09287,-76.76196,No Info,No Info
2097E5DF-B643-4EDF-BEC3-337892AFC224,BOZCAADA ECZANESİ,Çanakkale,Bozcaada,39.07037,-76.79196,No Info,No Info
F397AF24-82E8-4EFD-B424-338A96989B9F,SONER VURAL MUAYENEHANESİ,Çanakkale,Merkez,40.34336,26.68256,Çanakkale,Correct
6DFF474B-B570-4A7B-A31C-33B4F8EDBA9A,ZUHAL ECZANESİ,Çanakkale,Ezine,39.87381,26.23879,Çanakkale,Correct
D876F971-6BD3-44C1-A1D7-36D3F84145F6,AHMET ŞAŞMAZ MUAYENEHANESİ,Çanakkale,Ayvalık,40.8437,29.2751,İstanbul,Wrong
146D805C-E158-466E-9D1C-36F50CB1B6EC,GÖZDE ECZANESİ,Çanakkale,Merkez,40.16064,26.41613,Çanakkale,Correct
A1FAE820-9CB5-426B-A61C-3881E7AAAC40,ÖZEL KLİNİKKA AĞIZ VE DİŞ SAĞLIĞI POLİKLİNİĞİ,Çanakkale,Merkez,40.14822,26.40399,Çanakkale,Correct
199BEEE0-481C-4A6B-B39C-39F2F475D437,ÇAN MERKEZ TSM,Çanakkale,Çan,40.02626,27.04425,Çanakkale,Correct
EF4286EC-E4FD-4765-99B3-3A2FBF10ED2B,TARIK KARA MUAYENEHANESİ,Çanakkale,Çan,40.02788,27.04695,Çanakkale,Correct
41150E32-D9D9-4F08-A6F6-3B1B618F30E1,ÇAĞLAR GÜRBÜZ MUAYENEHANESİ,Çanakkale,Merkez,40.16391,26.41618,Çanakkale,Correct
00F3F411-8936-4020-8C98-3B58633B64A8,DOĞA ECZANESİ,Çanakkale,Merkez,40.10008,26.39774,Çanakkale,Correct
3989D26C-0115-4368-BB0C-3C77611E9344,YENİ ECZANESİ,Çanakkale,Merkez,40.09641,26.39132,Çanakkale,Correct
8682058E-5036-40BF-9DC0-3CBC869F2BEA,BUSE ARSLAN,Çanakkale,Biga,40.13664,26.41394,Çanakkale,Correct
CC51C7DB-C55E-483F-B05E-3CF2604CB773,YAĞMUR ECZANESİ,Çanakkale,Merkez,40.09668,26.39073,Çanakkale,Correct
D5713522-EDF5-47D6-AD32-3D7ACD647675,UĞUR KOLAT MUAYENEHANESİ,Çanakkale,Merkez,40.15296,26.41026,Çanakkale,Correct
7CED7080-B24A-4E69-A9BD-3DA1DA196AF1,SAĞLIK ECZANESİ,Çanakkale,Ezine,39.77695,26.35094,Çanakkale,Correct
D9F3DB2D-A0EB-4832-9024-3E032DBADA56,MEHMET ALİ KILÇIK MUAYENEHANESİ,Çanakkale,Merkez,40.34352,26.68274,Çanakkale,Correct
264CD41C-824E-4844-8410-3E26BB244749,YAPRAK ECZANESİ,Çanakkale,Merkez,40.14673,26.4081,Çanakkale,Correct
4CAA409D-8100-4C19-8445-3E79C808BC5D,ÇANAKKALE BOZCAADA AİLE SAĞLIĞI MERKEZİ,Çanakkale,Bozcaada,39.83385,26.06818,Çanakkale,Correct
D51CFE35-CC4F-44E6-B56D-3E7F0606D7CD,ECEABAT ECZANESİ,Çanakkale,Eceabat,40.60736,26.88657,Çanakkale,Correct
678C6AFC-11C6-4571-AEE0-3ECCABDC7FEB,AYDOĞDU ECZANESİ,Çanakkale,Merkez,40.13015,26.41067,Çanakkale,Correct
44717EB8-DDEE-4525-BA71-3F78D80C0006,FERİHA KANTEMUR BESLENME VE DANIŞMANLIK,Çanakkale,Merkez,40.1478,26.40205,Çanakkale,Correct
79B058B2-AE53-4CF6-BDBB-3F9FA9D1F78B,ERDAL DOĞAN MUAYENEHANESİ,Çanakkale,Lapseki,40.3456,26.68515,Çanakkale,Correct
E55E5F6B-CF19-45EB-9786-3FCBE30D02D3,GÜLER ECZANESİ,Çanakkale,Çan,40.0286,27.04859,Çanakkale,Correct
D59F45B3-3896-4F79-B256-40285791038A,GÖKER ECZANESİ,Çanakkale,Merkez,40.14696,26.40756,Çanakkale,Correct
6FDBFE2C-4BA2-4231-B7BD-414C127EB35B,TROYDENT AĞIZ VE DİŞ SAĞLIĞI POLİKLİNİĞİ,Çanakkale,Merkez,40.15296,26.40857,Çanakkale,Correct
56BDE14B-5A64-4C50-B83A-4273DF17D0FC,ÇANAKKALE GELİBOLU GAZİ SÜLEYMAN PAŞA AİLE SAĞLIĞI MERKEZİ,Çanakkale,Gelibolu,40.4196,26.66695,Çanakkale,Correct
ADE0E398-709C-4330-8C9E-42CD537BEB8F,GELİBOLU DİRİKÖY İSTİHKAM ALAY KOMUTANLIĞI,Çanakkale,Gelibolu,40.57893,26.84361,Çanakkale,Correct
1471A8A3-3104-4E86-A4AE-434802108306,SERTAN DOĞAN MUAYENEHANESİ,Çanakkale,Merkez,40.14884,26.40393,Çanakkale,Correct
F03AB75E-BBBD-43D7-B723-44782CBBFAD1,SELİN ECZANESİ,Çanakkale,Bayramiç,39.59996,26.40285,Çanakkale,Correct
71C8251A-924D-4CEE-9B6A-44B9035F483E,SERHAT KURU MUAYENEHANESİ,Çanakkale,Merkez,40.14734,26.40518,Çanakkale,Correct
0B8C685C-C062-4F1A-A0B0-45087539F507,İSTIKLAL ECZANESİ,Çanakkale,Çan,40.03119,27.05448,Çanakkale,Correct
29B9D6FD-B31D-4D16-AE2C-4661F6685742,D ART DİYET,Çanakkale,Merkez,40.14791,26.40374,Çanakkale,Correct
F7CE3EFB-50FA-4183-A5AD-4666DD77B401,DEVA ECZANESİ,Çanakkale,Merkez,40.14521,26.40391,Çanakkale,Correct
94652871-9211-4DA5-9D6B-468D02EDEF8E,AHMET BALCI MUAYENEHANESİ,Çanakkale,Merkez,40.34746,26.68519,Çanakkale,Correct
856B6D5D-1AA0-4D06-8648-493B64066930,ERTAN YALÇIN MUAYENEHANESİ,Çanakkale,Merkez,40.14736,26.40658,Çanakkale,Correct
1218A118-C808-4618-ABC9-4A9AFA91AD0E,ÇETİN ECZANESİ,Çanakkale,Merkez,39.31877,-76.46076,No Info,No Info
6AF90354-182D-4531-84EC-4AAEAF4420F5,İBRAHİM TAŞ MUAYENEHANESİ,Çanakkale,Çan,40.02732,27.04751,Çanakkale,Correct
52BBC2A0-1C78-4A75-9270-4B01E7D02F2F,İNTEPE ECZANESİ,Çanakkale,Merkez,40.01204,26.33107,Çanakkale,Correct
3C934FF8-8847-4EC1-99E4-4B1E99AFF804,EGE AYTAP ECZANESİ,Çanakkale,Merkez,40.15125,26.41154,Çanakkale,Correct
888B2DF9-9B94-450E-850C-4B52B7CA1882,UĞUR BAYKURT MUAYENEHANESİ,Çanakkale,Biga,40.22638,27.24254,Çanakkale,Correct
58595523-025E-4597-AF4E-4B808F0D8706,GÜLAY KÜTÜKÇÜLER MUAYENEHANESİ,Çanakkale,Eceabat,40.1844,26.35918,Çanakkale,Correct
1110F3D4-3085-4313-B828-4CAEA5D4BA3E,ONUR ECZANESİ,Çanakkale,Merkez,40.13965,26.41839,Çanakkale,Correct
F14E0D6A-9CBB-47DF-BC1E-4CEE78763A53,ÇANAKKALE ÇAN ATATÜRK AİLE SAĞLIĞI MERKEZİ,Çanakkale,Çan,40.02776,27.04794,Çanakkale,Correct
E46DD840-8D70-41A2-946E-4D231B4B8DE5,ÇELİK ECZANESİ,Çanakkale,Yenice,39.93058,27.26009,Çanakkale,Correct
430579DC-9D30-4F89-B118-4DBCBDA211A3,BARBAROS ECZANESİ,Çanakkale,Merkez,40.09993,26.41602,Çanakkale,Correct
A66531D0-E1D1-4F60-92B2-4E0E4DB49523,ŞİFA ECZANESİ,Çanakkale,Lapseki,40.34587,26.68131,Çanakkale,Correct
5C2FC10F-5BFD-4A63-968B-4FD3D05A45B0,AKBAY ECZANESİ,Çanakkale,Merkez,40.14677,26.40831,Çanakkale,Correct
0F71A839-28F8-4435-95AE-4FD57556F9E6,GEYİKLİ ECZANESİ,Çanakkale,Ezine,39.80307,26.20593,Çanakkale,Correct
F08003CE-EFFD-4CD2-91E5-4FF0290832D0,ÇANAKKALE ECZANESİ,Çanakkale,Merkez,40.10654,26.40205,Çanakkale,Correct
C99DB3EA-65E0-4741-AB00-5046DF9E2C41,ÇANAKKALE ÇAN 18 MART AİLE SAĞLIĞI MERKEZİ,Çanakkale,Çan,40.02386,27.057,Çanakkale,Correct
814F3A8F-03C8-430F-952B-5055933690D0,ÇANAKKALE MEHMET AKİF ERSOY DEVLET HASTANESİ,Çanakkale,Merkez,38.67886,29.44804,Uşak Merkez,Wrong
6EE36F79-8134-4431-9E3C-5073D13DDC0D,ÇANAKKALE EZİNE SEFERŞAH AİLE SAĞLIĞI MERKEZİ,Çanakkale,Ezine,39.78678,26.33749,Çanakkale,Correct
9B1FE52B-D5C1-4861-BB2C-50AAFE306250,ÇANAKKALE BAYRAMİÇ TÜRKMENLİ AİLE SAĞLIĞI MERKEZİ,Çanakkale,Bayramiç,39.77317,26.50313,Çanakkale,Correct
C6830434-571C-41FF-9CBB-5200FA2536B6,YANIK ECZANESİ,Çanakkale,Çan,40.03029,27.05105,Çanakkale,Correct
831EB5A4-3E5E-4C2D-BC77-52484C841B74,ÇANAKKALE MERKEZ BARBAROS AİLE SAĞLIĞI MERKEZİ,Çanakkale,Merkez,40.13107,26.41227,Çanakkale,Correct
92AC4D70-9745-41C4-9DAA-526D663ACA7D,ERTUĞRUL ECZANESİ,Çanakkale,Merkez,40.15134,26.40732,Çanakkale,Correct
CA6F9656-C2E8-411E-9251-52AF9FD9C4DB,SAĞLIK ECZANESİ,Çanakkale,Bayramiç,39.76219,26.50126,Çanakkale,Correct
A30F65B0-58CE-4D0C-974B-53811ECED29A,ÇANAKKALE MERKEZ CEVATPAŞA AİLE SAĞLIĞI MERKEZİ,Çanakkale,Merkez,40.16477,26.41489,Çanakkale,Correct
E5F68AB5-93C1-4ACC-8E40-539AD7F5AD01,NUR ECZANESİ,Çanakkale,Biga,40.22841,27.24121,Çanakkale,Correct
EDD6FAC9-0248-4EE0-A962-53B89E463529,HÜSNÜ ŞEKEROĞLU MUAYENEHANESİ,Çanakkale,Gelibolu,39.78569,26.34294,Çanakkale,Correct
8640C789-A720-4F67-8DC3-5484A8C0C96D,ÇANAKKALE YENİCE DEVLET HASTANESİ,Çanakkale,Yenice,40.15132,26.41114,Çanakkale,Correct
E3A08F88-70C1-454D-87E8-55A19178702F,MERVE ECZANESI,Çanakkale,Biga,40.22562,27.24244,Çanakkale,Correct
21ADA86A-AF06-41AB-B30A-567128BC4861,ÖZEL DARDANEL DİYALİZ MERKEZİ,Çanakkale,Merkez,40.10232,26.37553,Çanakkale,Correct
0D2764D9-58D4-4F23-AE73-57FA90C1DA4A,GÜMÜŞÇAY ECZANESİ,Çanakkale,Biga,40.23873,27.26584,Çanakkale,Correct
AF827643-BCAF-476A-A989-58388538AF6E,EYÜP LEVENT BİNGÖL MUAYENEHANESİ,Çanakkale,Merkez,40.14761,26.40527,Çanakkale,Correct
6E574624-D5B6-443C-B8E0-58B7581C96F9,AYVACIK MERKEZ ECZANESİ,Çanakkale,Ayvacık,39.6005,26.40533,Çanakkale,Correct
B3D45901-61D1-4343-A34C-591DB15A4427,GÜZEL DİŞ KLİNİĞİ,Çanakkale,Merkez,40.14743,26.40977,Çanakkale,Correct
86578C01-6850-4C4A-99B1-591FBCB11BB4,BAHAR ECZANESİ,Çanakkale,Merkez,40.14449,26.40738,Çanakkale,Correct
F69CE47A-05F5-4B09-9D95-59B8EE9BE993,ECEABAT İLÇE DEVLET HASTANESİ,Çanakkale,Eceabat,40.14852,26.40822,Çanakkale,Correct
83F10696-915E-4B4F-90CC-5A212A562BC9,SEVİNÇ ECZANESİ,Çanakkale,Merkez,40.03043,27.05046,Çanakkale,Correct
DB5C7510-0DDF-4831-9036-5B4A5BCB534A,ÖZTÜRK ECZANESİ,Çanakkale,Lapseki,40.37507,26.71701,Çanakkale,Correct
4D5FE3E2-DF51-414F-9B79-5BB58DE87474,BAŞAK SATAR KURTPINAR,Çanakkale,Merkez,40.15207,26.40627,Çanakkale,Correct
6AC7C9CA-81BC-441F-9BD4-5C051C12CE77,ÇANAKKALE BİGA 70.YIL AİLE SAĞLIĞI MERKEZİ,Çanakkale,Biga,40.22658,27.24307,Çanakkale,Correct
5A8BAF42-E013-4B8E-9521-5D23F673B921,ÇİÇEKLİ DEDE ECZANESİ,Çanakkale,Biga,40.2212,27.24177,Çanakkale,Correct
14364BBB-7212-4273-AE49-5D52AF54E5DB,ÖZEL ÖZHABEŞ AĞIZ VE DİŞ SAĞLIĞI POLİKLİNİĞİ,Çanakkale,Biga,40.22569,27.24154,Çanakkale,Correct
F02E3C15-36CD-44B1-93EE-5D5F4D08D35A,ÇANAKKALE BİGA YENİÇİFTLİK AİLE SAĞLIĞI MERKEZİ,Çanakkale,Biga,40.30212,27.18329,Çanakkale,Correct
EF5B926F-8217-44CC-ADE6-5D8F1C7BB832,ÖZGÜR MERİÇ MUAYENEHANESİ,Çanakkale,Merkez,40.14923,26.41217,Çanakkale,Correct
D544C7E2-2217-43DD-9CE7-5DF7D932AB0F,GÖKÇEADA MERKEZ TSM,Çanakkale,Gökçeada,40.19505,25.90398,Çanakkale,Correct
758E8103-7380-4B7F-9E94-5E6BE1A71226,ÇANAKKALE EZİNE DEVLET HASTANESİ,Çanakkale,Ezine,39.77677,26.35028,Çanakkale,Correct
0B28DE20-1A1E-47DD-BC2E-5EC8B6C82B38,ÇANAKKALE MERKEZ HAMİDİYE AİLE SAĞLIĞI MERKEZİ,Çanakkale,Merkez,40.09735,26.41425,Çanakkale,Correct
18DA7D2D-65F7-4C89-A62C-5FA0DB9585A0,DAMLA ECZANESİ,Çanakkale,Merkez,40.14171,26.40247,Çanakkale,Correct
44F90021-27EA-4431-92F4-60783FACCB54,ÇANAKKALE BİGA KARABİGA AİLE SAĞLIĞI MERKEZİ,Çanakkale,Biga,40.40235,27.30129,Çanakkale,Correct
82A29233-020A-4319-B501-612259C98504,CAN ECZANESİ,Çanakkale,Yenice,39.81307,27.22425,Çanakkale,Correct
55E6C3DA-CEED-49B7-988C-61A0DD66DF94,ÇANAKKALE GELİBOLU PİRİ REİS AİLE SAĞLIĞI MERKEZİ,Çanakkale,Gelibolu,40.41266,26.67251,Çanakkale,Correct
6DD7480B-3891-46F6-9429-61AB37EEE1B4,TROYFİZT FİZYOTERAPİ,Çanakkale,Merkez,40.13384,26.41204,Çanakkale,Correct
4BB77505-00BB-4426-A8E0-61D908E2132E,ÇANAKKALE AYVACIK 21 EYLÜL AİLE SAĞLIĞI MERKEZİ,Çanakkale,Ayvalık,40.8418,29.0482,İstanbul,Wrong
1B232C35-2CC3-4939-B8AB-625B58E39104,ÇANAKKALE ANA ÇOCUK SAĞLIĞI VE AİLE PLANLAMASI MERKEZİ,Çanakkale,Merkez,40.13142,26.41139,Çanakkale,Correct
FA9DAD45-DF20-47D9-9252-637DF22ACB4F,ÇANAKKALE YAŞLI BAKIM VE HUZUREVİ,Çanakkale,Merkez,40.19517,25.90438,Çanakkale,Correct
15192A0C-4403-4060-A17F-648EA976A872,HALİL KOCABIYIKOĞLU MUAYENEHANESİ,Çanakkale,Çan,40.02721,27.04825,Çanakkale,Correct
6D175CC2-A2D5-47EA-984F-6494146F6BCD,BÜLENT YÜCEL MUAYENEHANESİ,Çanakkale,Merkez,40.14706,26.40548,Çanakkale,Correct
20543940-5A6C-49DA-9107-6505DD859465,SERHAT ECZANESİ,Çanakkale,Ezine,39.77726,26.35031,Çanakkale,Correct
128AE948-2E47-43B9-BC10-652389E854D7,AKIN ECZANESİ,Çanakkale,Merkez,40.09711,26.38958,Çanakkale,Correct
D6B0DA51-4182-44A9-9B4D-6575F1CBB3FA,ÇANAKKALE BAYRAMİÇ DEVLET HASTANESİ,Çanakkale,Bayramiç,39.81065,26.61199,Çanakkale,Correct
EFDB8362-5698-4DDF-8C1A-664698EEDC61,SUZAN ECZANESİ,Çanakkale,Biga,40.23252,27.26012,Çanakkale,Correct
B5B0AEC1-3EEC-450E-8CBA-66ADD965427C,ERDAL ECZANESİ,Çanakkale,Biga,40.22748,27.2431,Çanakkale,Correct
C77EA747-5594-44BF-BE58-6746E4648535,ÇANAKKALE YENİCE HAMDİBEY AİLE SAĞLIĞI MERKEZİ,Çanakkale,Yenice,39.84976,27.24928,Çanakkale,Correct
372C902C-1AFF-4A4E-8242-674D0DDCF07A,HALE ECZANESİ,Çanakkale,Merkez,40.09622,26.39174,Çanakkale,Correct
8B3CBF43-3F97-49A1-A64A-675AAEA2C6F4,SEDA ECZANESİ,Çanakkale,Bayramiç,39.81918,26.61061,Çanakkale,Correct
71BE1C3A-5A15-4663-A496-681A25181A68,ÖMER NACİ KINRAN MUAYENEHANESİ,Çanakkale,Merkez,40.13457,43.11726,Kars,Wrong
94E0814E-E394-42FE-92CA-6822AF6239D5,ŞULE ÜNSAL OKUMUŞ MUAYENEHANESİ,Çanakkale,Merkez,40.14768,26.40565,Çanakkale,Correct
E90A695E-FD68-41EC-ACF9-693F63861E72,SEHER ECZANESİ,Çanakkale,Merkez,40.14715,26.40492,Çanakkale,Correct
155C6B33-42FB-4D42-AA07-6986DB647E62,KÜÇÜKKUYU DENİZ ECZANESİ,Çanakkale,Ayvacık,39.5474,26.60604,Çanakkale,Correct
5E60D5FA-EA0A-40C5-94D4-69A693EBDE54,SUAT DİNÇER MUAYENEHANESİ,Çanakkale,Merkez,39.78779,26.33633,Çanakkale,Correct
E5E0E51E-33C1-4AC4-9E42-6A78F9294463,İMREN ECZANESİ,Çanakkale,Biga,40.22478,27.24249,Çanakkale,Correct
D8489686-6378-4FB0-A99C-6AD17C7A259A,SERHAT ECZANESİ,Çanakkale,Gelibolu,40.41038,26.67517,Çanakkale,Correct
2E4897F3-2F22-4739-BF50-6AF6DA89FBC1,ÇANAKKALE YENİCE KALKIM AİLE SAĞLIĞI MERKEZİ,Çanakkale,Yenice,39.80918,27.20969,Çanakkale,Correct
53590EF9-E55E-44C7-AFAD-6B4F16DAC00C,İBRAHİM NALBANT MUAYENEHANESİ,Çanakkale,Gelibolu,40.40526,26.67242,Çanakkale,Correct
EF152681-46BF-4C2B-A9EB-6B57C353A555,EZİNE 3 NCÜ JANDARMA ER EĞİTİM TABUR KOMUTANLIĞI REVİRİ,Çanakkale,Ezine,39.78897,26.33445,Çanakkale,Correct
5EF5338A-2818-40F0-8E7D-6BAE4F93D004,ÇANAKKALE MERKEZ NAMAZGAH AİLE SAĞLIĞI MERKEZİ,Çanakkale,Merkez,40.09626,26.39575,Çanakkale,Correct
2AEC4284-C92E-4E24-8408-6C99F9E3CC3A,ZERRİN US MUAYENEHANESİ,Çanakkale,Merkez,40.34571,26.68433,Çanakkale,Correct
030860BB-CFE1-4D41-B77D-6CAF9D973FC5,ÇANAKKALE ÇAN HÜRRİYET AİLE SAĞLIĞI MERKEZİ,Çanakkale,Çan,40.03336,27.05629,Çanakkale,Correct
9295ACD1-B830-4AC3-88A4-6E34B4B2340A,BOĞAZ ECZANESİ,Çanakkale,Merkez,39.84912,27.24993,Çanakkale,Correct
9BA3942A-2CF1-49D4-A1D6-6ED075A91478,CADDE ECZANESİ,Çanakkale,Biga,40.22067,27.24084,Çanakkale,Correct
22B1BA10-B005-49FA-80CD-6F0C72428616,DERYA ECZANESİ,Çanakkale,Merkez,40.14752,26.40878,Çanakkale,Correct
1C7A1908-41BC-4974-AF36-6F290F37216F,ÇANAKKALE GELİBOLU EVREŞE AİLE SAĞLIĞI MERKEZİ,Çanakkale,Gelibolu,40.65319,26.87009,Çanakkale,Correct
BE61A1A7-D121-410B-AB79-6FA040BD1205,ÇANAKKALE BAYRAMİÇ MENDERES AİLE SAĞLIĞI MERKEZİ,Çanakkale,Bayramiç,39.82114,26.61282,Çanakkale,Correct
3CEC4FCB-8438-48C7-8EC2-6FAFD24062E6,ŞİFA ECZANESİ,Çanakkale,Bayramiç,39.78306,26.33791,Çanakkale,Correct
83B68C18-2002-4024-B81C-7038305BA019,GÖKTÜRK ECZANESİ,Çanakkale,Merkez,40.13033,26.41091,Çanakkale,Correct
270F5626-2ECC-4751-B862-72E002D69063,ÇANAKKALE ÇAN DEVLET HASTANESİ,Çanakkale,Çan,40.02084,27.06113,Çanakkale,Correct
17EB0E53-BC96-4BEE-94FA-73C4CC1BD143,HASİBE KASÇI-SEDAT KASÇI MUAYENEHANESİ,Çanakkale,Biga,40.22593,27.24206,Çanakkale,Correct
69E06835-E1D6-4B8E-8936-74185E71ACE4,TAŞKENT ECZANESİ,Çanakkale,Ayvacık,39.54795,26.60599,Çanakkale,Correct
EBE714C8-515C-4734-9A8D-746BA2500183,ÖZGÜR ZİLELİ MATCHETT MUAYENEHANESİ,Çanakkale,Merkez,40.14455,26.40749,Çanakkale,Correct
2948B45F-E4B8-4956-A10E-74F4F0210B01,YAŞAM ECZANESİ,Çanakkale,Merkez,40.34398,26.68318,Çanakkale,Correct
AFB33C70-0852-495C-BEC4-7557B53D737C,DİCLE SAPMAZ MUAYENEHANESİ,Çanakkale,Merkez,40.09366,26.39529,Çanakkale,Correct
94FC1A06-0913-492D-9000-7563170AAEEC,CADDE ECZANESİ,Çanakkale,Merkez,40.13181,26.41135,Çanakkale,Correct
9B29BD27-0767-47F4-AC5C-75B8DB3294CF,CUMHURİYET ECZANESİ,Çanakkale,Merkez,40.14427,26.40754,Çanakkale,Correct
2F11C54A-8C37-4C85-9C47-7639F728C226,ÖZEL BİGA ROYAL HASTANESİ,Çanakkale,Biga,40.22743,27.24308,Çanakkale,Correct
5FE189AF-FE6C-4AE3-9A4D-77A37913434E,EBRU BAL ECZANESİ,Çanakkale,Merkez,40.16569,26.41494,Çanakkale,Correct
2BEC3E18-946A-4420-9AA3-78C2FE04CC08,HANDE ECZANESİ,Çanakkale,Merkez,40.14748,26.41727,Çanakkale,Correct
18DA8A20-3C3A-49E9-AD0E-78DA14D1A0A4,ÇANAKKALE ECEABAT ŞERİFE MELİS ZİLELİ AİLE SAĞLIĞI MERKEZİ,Çanakkale,Eceabat,40.18132,26.35887,Çanakkale,Correct
3204F4B8-B274-4607-8B77-78E630124E9B,SEVGİ HÜŞAN MUAYENEHANESİ,Çanakkale,Merkez,40.14708,26.40725,Çanakkale,Correct
980859AF-BFF4-4533-B6C9-796FD16B82B4,GÜLHAN ECZANESİ,Çanakkale,Ezine,39.80305,26.20621,Çanakkale,Correct
EEDD8D70-E44C-46D3-9D19-79A326001994,ERTUĞRUL 17 ECZANESİ,Çanakkale,Merkez,40.13889,26.41811,Çanakkale,Correct
90D5138E-037D-47F6-89CF-7AE7986A3417,BİRSEL UÇKUN MUAYENEHANESİ,Çanakkale,Merkez,40.15182,26.40884,Çanakkale,Correct
A887FF6B-EB0D-4360-8989-7B6601CE3AE7,YÜKSEL ECZANESİ,Çanakkale,Gelibolu,40.41366,26.67076,Çanakkale,Correct
D1B3DB93-C31E-4159-B543-7B69B3E5F53B,ÇİĞDEM ECZANESİ,Çanakkale,Merkez,40.09481,26.39498,Çanakkale,Correct
0D763E83-23A8-44DF-BA15-7C7B4A3B1F0E,GELİBOLU ECZANESİ,Çanakkale,Gelibolu,40.4066,26.67228,Çanakkale,Correct
89B1F2D8-5834-4FB6-AD40-7D29C2DC5192,ÇANAKKALE ÖZEL MUAYENEHANELER BİRLİĞİ,Çanakkale,Merkez,39.90836,32.86166,Ankara,Wrong
25C13FBC-4312-4828-8DE1-7DAA7C89AA98,ÇANAKKALE MERKEZ AİLE SAĞLIĞI MERKEZİ,Çanakkale,Merkez,40.15173,26.41104,Çanakkale,Correct
9E033A50-3906-475C-8F9A-803A66080C6B,SADRETTİN GÜRBÜZ MUAYENEHANESİ,Çanakkale,Merkez,40.14735,26.40661,Çanakkale,Correct
5054FDD0-174D-40E5-B7E4-808F2469A458,MARMARA ECZANESİ,Çanakkale,Biga,40.21779,27.24018,Çanakkale,Correct
5FDD3B7E-F7A3-44C1-ABD9-80AFD0EC2595,ÇANAKKALE İL SAĞLIK MÜDÜRLÜĞÜ,Çanakkale,Merkez,40.1589,26.41604,Çanakkale,Correct
FB77B50B-C763-4430-AD2B-8112CEBE42A0,METE ECZANESİ,Çanakkale,Gelibolu,40.40677,26.67028,Çanakkale,Correct
599F43C9-A3BE-4F7D-BC39-8125EBD5B349,AŞKIN ŞİMŞEK MUAYENEHANESİ,Çanakkale,Lapseki,40.34485,26.68367,Çanakkale,Correct
02D6B994-6375-46F8-BF67-81A8D4E17DE6,HAYRUNNİSA ECZANESİ,Çanakkale,Çan,40.31248,27.08118,Çanakkale,Correct
23F878BC-29B5-4432-8BD8-82657DA518C8,MARMARA ECZANESİ,Çanakkale,Merkez,40.14678,26.40464,Çanakkale,Correct
498DE8F8-4B33-44F4-9474-82AAF69D01DA,17 BURDA ECZANESİ,Çanakkale,Merkez,40.12516,26.40995,Çanakkale,Correct
63A9A074-AEBF-4DFA-987A-82AB889A30AC,ÇAKIR ECZANESİ,Çanakkale,Ayvacık,39.54612,26.60447,Çanakkale,Correct
F34D7CA9-6FFE-4149-81A3-82C8206EA546,TOLGA KURT MUAYENEHANESİ,Çanakkale,ÇANAKKALE MERKEZ,40.12926,26.41067,Çanakkale,Correct
C3422162-2B46-4AAC-835A-833D1C222498,ÇANAKKALE EZİNE YAHYA ÇAVUŞ AİLE SAĞLIĞI MERKEZİ,Çanakkale,Ezine,39.78647,26.33879,Çanakkale,Correct
3046209A-FF1D-4925-B68C-838B37915965,ELİF ECZANESİ,Çanakkale,Biga,40.21913,27.24,Çanakkale,Correct
DFCC816D-5C8C-4C08-AE36-83D129001AEA,GENÇER ECZANESİ,Çanakkale,Biga,40.23814,27.26496,Çanakkale,Correct
695BEAA3-12ED-42C9-B9CF-8433FC31BD13,ŞİMAL ECZANESİ,Çanakkale,Gelibolu,40.41726,26.67376,Çanakkale,Correct
C143E1CB-0EF3-46FA-9EE1-84356D2A7443,ÇANAKKALE AYVACIK İLÇE DEVLET HASTANESİ,Çanakkale,Ayvacık,39.6006,26.40684,Çanakkale,Correct
C4D8D469-B993-441E-85B2-8470E3D7A5D1,SİBEL ECZANESİ,Çanakkale,Merkez,40.13043,26.41191,Çanakkale,Correct
71BC7E4B-BE42-4507-87CE-84DD21095CE9,NEYİR ECZANESİ,Çanakkale,Gelibolu,40.40731,26.67302,Çanakkale,Correct
ACC3A0D7-F78B-45BB-8285-856CA17F0663,YENİ EVREŞE ECZANESİ,Çanakkale,Gelibolu,40.66578,26.88197,Çanakkale,Correct
B6CB62FD-4EEA-4001-970C-85D068E5A5AB,GÜLCAN ÇÜRÜKSULU MUAYENEHANESİ,Çanakkale,Biga,40.22728,27.24374,Çanakkale,Correct
39E3B95B-F555-4D8F-9B37-8600929A2207,ORTO KİDS DİŞ KLİNİĞİ,Çanakkale,Merkez,40.15604,26.40982,Çanakkale,Correct
B52807E7-6952-4612-9FEF-86B7E98E87E5,BİGA ORTODONTİ,Çanakkale,Biga,40.22563,27.24215,Çanakkale,Correct
2C5EB7A6-0B74-4543-A6B5-888E1A572235,ÖZLEM ÖZTÜRK MUAYENEHANESİ,Çanakkale,Merkez,40.15328,26.40754,Çanakkale,Correct
27EA0BFB-2FB2-47E9-80A8-89B38FC4C5F2,ÇANAKKALE 18 MART SAĞLIK UYGULAMA VE ARAŞTIRMA HASTANESİ TERZİOĞLU YERLEŞKESİ EK HİZMET BİNASI,Çanakkale,Merkez,39.37457,-76.38636,No Info,No Info
42B70011-5BE6-4BF8-AAD1-8A4B434F91C7,İREM ECZANESİ,Çanakkale,Gelibolu,40.40771,26.67233,Çanakkale,Correct
D4608F8E-2549-4E4B-AC95-8A63B3E5B2CB,SİNEM PINAR ÇELİK MUAYENEHANESİ,Çanakkale,Merkez,40.14706,26.4073,Çanakkale,Correct
09893CC1-C6F1-4EA8-9C0E-8B317C0771DD,DURMAZ ECZANESİ,Çanakkale,Bayramiç,39.81064,26.61221,Çanakkale,Correct
B6B2FE6A-3476-4D7C-B9B8-8B346DD636B7,BERNA KAMACI GÜRSOY MUAYENEHANESİ,Çanakkale,Merkez,39.23777,-76.56876,No Info,No Info
04E3BA39-8A7A-4E2E-95DE-8DA810977ACD,ÖZEL DOĞA DENİZ DİYALİZ MERKEZİ,Çanakkale,Ayvalık,40.9263,29.1996,İstanbul,Wrong
6D7CCBF3-0F9D-4A0E-8724-8DDA7CD0933D,SAĞLIK ECZANESİ,Çanakkale,Merkez,40.15442,26.41081,Çanakkale,Correct
3849E1F3-9FEB-487F-9CE6-8E3399AE3BA6,SAVAŞ GÜR MUAYENEHANESİ,Çanakkale,ÇANAKKALE MERKEZ,39.49787,-76.22196,No Info,No Info
EBBD0A62-BE64-4DFF-B822-8EA33B4BA78B,ŞADIRVAN ECZANESİ,Çanakkale,Biga,40.22661,27.24287,Çanakkale,Correct
4DE8D76F-9B5D-46B0-AA5A-8EB880939143,ÇANAKKALE AYVACIK GÖKÇETEPE AİLE SAĞLIĞI MERKEZİ,Çanakkale,Ayvalık,41.1066,28.668,İstanbul,Wrong
8E0DE9FE-9300-4F2C-B61B-8EFAEE122E60,ÇANAKKALE MERKEZ SEYİT ONBAŞI AİLE SAĞLIĞI MERKEZİ,Çanakkale,Merkez,40.16613,26.41993,Çanakkale,Correct
A9B15A2A-A16D-49CC-BC81-8F0EB6FAC1EF,MEHMET ŞEVKET ECZANESİ,Çanakkale,Ezine,39.78725,26.33488,Çanakkale,Correct
671182EC-5C72-446B-9C40-8FEA31AA18F3,YAŞAM ECZANESİ,Çanakkale,Lapseki,40.37153,26.7185,Çanakkale,Correct
28853B5F-FC5F-4272-8694-9022175B43CC,ÇANAKKALE EZİNE GEYİKLİ AİLE SAĞLIĞI MERKEZİ,Çanakkale,Ezine,39.80359,26.20302,Çanakkale,Correct
A2D1E402-F8B3-4DE1-9C5A-90C67EC4119F,AYVACIK GÖZDE ECZANESİ,Çanakkale,Ayvacık,39.60064,26.40498,Çanakkale,Correct
EAE6AE6D-0BE7-4CF4-8906-927592B93A85,BETÜL ECZANESİ,Çanakkale,Merkez,40.09801,26.39078,Çanakkale,Correct
766CA59C-519B-4152-81B4-937311BA1BEE,MERT ECZANESİ,Çanakkale,Eceabat,40.14618,26.42663,Çanakkale,Correct
302104B6-BC79-4A2C-956B-93E8E03ED9B0,EDA ECZANESİ,Çanakkale,Ayvacık,39.54795,26.60581,Çanakkale,Correct
D1444F27-B1F1-440F-8203-94F7D8C6FD56,HAFİZE ÜNAL KAYA MUAYENEHANESİ,Çanakkale,Merkez,40.14703,26.40737,Çanakkale,Correct
2161182E-B52A-4561-89C7-9583176013E1,MEYDAN ECZANESİ,Çanakkale,Biga,40.22651,27.2426,Çanakkale,Correct
C4DD0E0A-09F0-4AC0-9B16-95DDC2D5111D,İREM ŞAHİN ECZANESİ,Çanakkale,Merkez,40.0993,26.39935,Çanakkale,Correct
0DF86599-EAF5-4AE9-9AD6-9628D31DA2D5,ORÇUN ECZANESİ,Çanakkale,Merkez,40.15113,26.4082,Çanakkale,Correct
CC457886-70F9-4448-83CB-972EA9366F0F,KOCAMAN ECZANESİ,Çanakkale,Biga,40.22663,27.24266,Çanakkale,Correct
DF994D4B-985C-4FC5-8445-97A3A5156C39,ÇANAKKALE ÇAN KARŞIYAKA AİLE SAĞLIĞI MERKEZİ,Çanakkale,Çan,40.02015,27.05568,Çanakkale,Correct
5D425476-B48F-4680-8FC9-9831840D7B8D,KARŞIYAKA ECZANESİ,Çanakkale,Çan,40.02157,27.05395,Çanakkale,Correct
AB806A7C-0C8C-4442-B93C-98999FA29D6F,KEPEZ ECZANESİ,Çanakkale,Merkez,39.84968,27.24994,Çanakkale,Correct
78A66323-E53D-4310-9ACA-98C2194FC14D,ŞENOL ECZANESİ,Çanakkale,Merkez,40.09764,26.395,Çanakkale,Correct
455F20F1-7550-4FE8-8832-99785F423312,GELİBOLU ŞEHİT KORAY ONAY DEVLET HASTANESİ,Çanakkale,Gelibolu,40.41767,26.67505,Çanakkale,Correct
1E5B4ED2-427A-4849-A128-99829DFCB618,LALE ECZANESİ,Çanakkale,Yenice,39.93284,27.25845,Çanakkale,Correct
C64E45FC-5BE1-4B87-BA6B-998AA3EF0222,SAPANCI ECZANESİ,Çanakkale,Merkez,40.14658,26.41607,Çanakkale,Correct
5EB60830-CAAD-433B-BA01-9A3E53B457BB,ÇANAKKALE GELİBOLU MEHMETÇİK AİLE SAĞLIĞI MERKEZİ,Çanakkale,Gelibolu,40.4085,26.66081,Çanakkale,Correct
C234CCB9-4670-4423-991A-9A9F995B6EF5,ALINTERİ ECZANESİ,Çanakkale,Merkez,40.09895,26.40095,Çanakkale,Correct
9C5A6928-441C-4812-8365-9C6E84BC7138,ÖZEL KEPEZ KLİNİKKA AĞIZ VE DİŞ SAĞLIĞI POLİKLİNİĞİ,Çanakkale,Merkez,40.09597,26.39379,Çanakkale,Correct
1D7F1D0A-F2C1-440F-AA63-9EF702794A55,BATI ECZANESİ,Çanakkale,Merkez,39.68777,-75.96876,No Info,No Info
F4193FBB-5494-4630-A943-9F13A25AF675,ÖZLEM ECZANESİ,Çanakkale,Yenice,39.92973,27.25804,Çanakkale,Correct
C184A7AC-22CB-425B-A690-9F64BDEAA05A,MAHMUT SAYIN MUAYENEHANESİ,Çanakkale,Ezine,39.78717,26.33701,Çanakkale,Correct
EECB06B1-2E3E-4372-9F2D-A1F2D7515340,SAĞLIK ECZANESİ,Çanakkale,Biga,40.22818,27.24494,Çanakkale,Correct
6EF78F84-093C-4524-B610-A201195A8A41,ÇANAKKALE BİGA BALIKLIÇEŞME AİLE SAĞLIĞI MERKEZİ,Çanakkale,Biga,40.31195,27.08086,Çanakkale,Correct
790A21C5-6892-41EC-92F3-A22A3A5D839E,FİZYANKA SAĞLIKLI YAŞAM MERKEZİ,Çanakkale,Merkez,40.14765,26.40591,Çanakkale,Correct
C0D38827-850F-44DF-A763-A262DFE5CB2E,ÇANAKKALE MERKEZ 100. YIL AİLE SAĞLIĞI MERKEZİ,Çanakkale,Merkez,40.13872,26.41826,Çanakkale,Correct
EBC3CD05-4186-4BA9-9676-A3B4FA99B869,BAYRAMİÇ MERKEZ TSM,Çanakkale,Bayramiç,39.81009,26.61092,Çanakkale,Correct
7135A2AA-2516-4AD7-8F04-A5461C60CDD9,BİLGE ECZANESİ,Çanakkale,Merkez,40.09903,26.41482,Çanakkale,Correct
1F8BEFA5-0922-48FC-A7DA-A59E89ACA4F2,ELİFCAN ECZANESİ,Çanakkale,Merkez,40.13943,26.41826,Çanakkale,Correct
EF246899-0F32-4592-93D8-A6CB756A839B,ÇANAKKALE MERKEZ KÖŞDERE AİLE SAĞLIĞI MERKEZİ,Çanakkale,Merkez,40.14671,26.41587,Çanakkale,Correct
B8D5073B-773A-4757-92AF-A6E5D34E16D4,ÇANAKKALE MERKEZ TURGUT REİS AİLE SAĞLIĞI MERKEZİ,Çanakkale,Merkez,40.14251,26.40295,Çanakkale,Correct
7018373C-0152-4E90-891E-A6EE6D4A966B,SEDA ÇIRAK MUAYENEHANESİ,Çanakkale,Merkez,39.16037,-76.67196,No Info,No Info
06160F76-F965-4D83-B406-A71E047A6C61,EZİNE MERKEZ TSM,Çanakkale,Ezine,39.78657,26.33703,Çanakkale,Correct
752EA186-8FDD-4391-A6EB-A776073EB8A3,DİDEM ECZANESİ,Çanakkale,Ayvacık,39.54728,26.60674,Çanakkale,Correct
E1FD14BA-83E4-4548-9C8E-A7C45DF85E7C,HAKAN ÇAPALOV MUAYENEHANESİ,Çanakkale,Biga,40.22808,27.24225,Çanakkale,Correct
E0DBC2C7-2221-4E8D-9B04-A8D0550D7918,İLKSİN ECZANESİ,Çanakkale,Merkez,40.14761,26.40784,Çanakkale,Correct
B6830969-16AF-44FC-9426-A937220676EC,FAHRİYE ÖZKURT KAVAK BESLENME VE DANIŞMANLIK MERKEZİ,Çanakkale,Biga,40.22531,27.24264,Çanakkale,Correct
DD934F81-4E5F-486D-BA12-AA1A87E1E42F,SAĞLIK ECZANESİ,Çanakkale,Çan,40.22316,27.24198,Çanakkale,Correct
DDAD6420-FB58-4BB9-8F02-ACE57E56B78B,ERCAN NAİN MUAYENEHANESİ,Çanakkale,ÇANAKKALE MERKEZ,40.14948,26.40805,Çanakkale,Correct
60EB4DCD-136C-49F8-AB03-ADC503A666DE,ÇANAKKALE LAPSEKİ ÇARDAK AİLE SAĞLIĞI MERKEZİ,Çanakkale,Lapseki,40.378,26.72349,Çanakkale,Correct
CEA5F006-0D06-47FC-9F90-AE83CA553924,HÜSEYİN ARAS MUAYENEHANESİ,Çanakkale,Biga,40.40509,27.30117,Çanakkale,Correct
8D598109-3AA1-4FF7-AE8F-AED88F88EE31,TÜRKER ECZANESİ,Çanakkale,Bayramiç,39.60287,26.39891,Çanakkale,Correct
41558232-AB65-4AAD-A7F1-AF0257595F30,METİN TUNALI MUAYENEHANESİ,Çanakkale,Biga,40.22527,27.24197,Çanakkale,Correct
A4BD0C33-F19F-4FB1-A83D-B004E781C6ED,ÇANAKKALE ÇAN TERZİALAN AİLE SAĞLIĞI MERKEZİ,Çanakkale,Çan,39.96352,27.02216,Çanakkale,Correct
72C25ADA-BFD3-42F0-A807-B0215D51CB34,VENÜS ESTETİK AĞIZ VE DİŞ SAĞLIĞI POLİKLİNİĞİ,Çanakkale,Merkez,40.15455,26.41528,Çanakkale,Correct
1A225662-DD15-4B6A-A36F-B0B544EBCF88,GİRGİN ECZANESİ,Çanakkale,Biga,40.22497,27.24247,Çanakkale,Correct
0E1C96F4-E617-44AF-9BD4-B0B8CE56508D,ÇANAKKALE AYVACIK GÜLPINAR AİLE SAĞLIĞI MERKEZİ,Çanakkale,Ayvalık,40.8222,28.822,İstanbul,Wrong
4287CED5-B8E6-496D-97FF-B11DD8C1DD90,ZAFER SUBAŞI MUAYENEHANESİ,Çanakkale,KEPEZ,40.10173,26.41842,Çanakkale,Correct
C49E6C24-C484-40AB-81E3-B1553E8415A9,HAYAT ECZANESİ,Çanakkale,Biga,40.22558,27.24244,Çanakkale,Correct
EB8EFDCF-59D7-4F02-80D5-B15E6C0B069A,SİTELER ECZANESİ,Çanakkale,Merkez,40.14665,26.41728,Çanakkale,Correct
89EAA999-A3F4-4098-8C62-B20F3C8E3576,NEŞE SAVRAN MUAYENEHANESİ,Çanakkale,Merkez,40.13645,26.41313,Çanakkale,Correct
CCBCED04-2E19-436E-A2B9-B2158D1C3D70,DR FATMA TOPÇU SAĞLIKLI YAŞAM VE DANIŞMANLIK MERKEZİ,Çanakkale,Merkez,40.14789,26.40334,Çanakkale,Correct
0A25CBB6-90B4-4B0D-A687-B30F02201184,BERİL ECZANESİ,Çanakkale,Biga,40.23706,27.26494,Çanakkale,Correct
ACCDBD6F-12F9-41D2-B023-B311753D34F0,DEFNE ECZANESİ,Çanakkale,Merkez,40.14773,26.4081,Çanakkale,Correct
84E600F7-1F11-4614-A7F4-B355B8FA3D51,KÖKSAL ECZANESİ,Çanakkale,Lapseki,40.37668,26.71936,Çanakkale,Correct
48079D9A-1268-478F-9E5B-B3E6FB957592,KURTUL ECZANESİ,Çanakkale,Biga,40.22755,27.2423,Çanakkale,Correct
A483BB56-7F22-4E50-B63B-B4895F58F648,İLKAY KAHRAMAN MUAYENEHANESİ,Çanakkale,Gelibolu,40.40829,26.67198,Çanakkale,Correct
9D410D69-13B2-400A-B106-B5B0D9052BB2,GÖZDE ENGİN,Çanakkale,ÇANAKKALE MERKEZ,40.42273,26.67073,Çanakkale,Correct
19706681-DE6C-4F86-BFC1-B5FCC28E8B3E,SEBAHATTİN ERKAN MUAYENEHANESİ,Çanakkale,Merkez,40.34714,26.68556,Çanakkale,Correct
1136B867-29D1-4511-A986-B6761D4E1412,NİL ECZANESİ,Çanakkale,Merkez,40.14745,26.40635,Çanakkale,Correct
A18EF04F-FD56-4216-BB0D-B6C66FA45EAC,ANAFARTALAR ECZANESİ,Çanakkale,Merkez,40.34108,26.67803,Çanakkale,Correct
998FB8B1-CA8F-4901-9A49-B7B8171070DB,SERAP AŞGÜN ÖZEL POLİKLİNİK,Çanakkale,Merkez,39.64122,43.3726,Ağrı,Wrong
2F96E636-9FB4-4880-ADE4-B80C8C5F1265,GELİBOLU DEVLET HASTANESİ EK BİNASI,Çanakkale,Gelibolu,40.41888,26.67562,Çanakkale,Correct
2EEC6A10-4DF3-4E67-A7DA-B82A5EC86652,VEYSEL ACAR MUAYENEHANESİ,Çanakkale,Yenice,39.92818,27.25809,Çanakkale,Correct
691965CE-B98A-409D-955B-B9080A5F3DA2,KÖKSAL ECZANESİ,Çanakkale,Merkez,40.33813,26.67301,Çanakkale,Correct
3547A3C7-0C5D-41A5-B198-B91CBC895AA7,ÇANAKKALE BİGA ŞİRİNTEPE AİLE SAĞLIĞI MERKEZİ,Çanakkale,Biga,40.23716,27.26507,Çanakkale,Correct
0DEEF8D5-E762-4CEE-92F1-B9950E537DA6,TERZİALAN ECZANESİ,Çanakkale,Çan,38.23312,28.20745,İzmir,Wrong
EB2F444B-2666-4445-924F-B9CCA031CA62,ŞİFA ECZANESİ,Çanakkale,Biga,40.22718,27.24321,Çanakkale,Correct
B3AAEA89-72B7-4BDD-94A9-BA0A06443215,ÇAĞRI ECZANESİ,Çanakkale,Lapseki,40.34593,26.68406,Çanakkale,Correct
DD8E23D3-9289-4DEA-9BCC-BC3182C775C0,ELMAS ECZANESİ,Çanakkale,Merkez,39.80808,27.21192,Çanakkale,Correct
5078A40C-22B3-4503-86FD-BD40A3B3E8C8,BİZİM ECZANESİ,Çanakkale,Yenice,39.92872,27.25896,Çanakkale,Correct
834B8754-A6C9-4C20-B5EC-BD415C18516C,BAYRAMİÇ ECZANESİ,Çanakkale,Bayramiç,39.78341,26.33767,Çanakkale,Correct
3D591D0B-CCE9-45B4-B21E-C06B12091931,KUMKALE ECZANESİ,Çanakkale,Merkez,40.03131,27.05156,Çanakkale,Correct
A1933606-DF55-4FC5-A125-C14B5BD2DF90,MARMARA ECZANESİ,Çanakkale,Gelibolu,40.41321,26.67108,Çanakkale,Correct
3B53F382-CEB5-40A0-AD51-C1DD58D0C57E,UĞUR ECZANESİ,Çanakkale,Ezine,39.78778,26.33832,Çanakkale,Correct
43BF4B0F-B709-4BA6-94A8-C20166977823,AKIN ECZANESİ,Çanakkale,Çan,40.02791,27.0478,Çanakkale,Correct
677C96A2-FC0C-4505-8294-C22C97756DDB,UMURBEY AİLE SAĞLIĞI MERKEZİ,Çanakkale,Lapseki,40.34836,26.68639,Çanakkale,Correct
3990E2D9-743F-41EA-9941-C29080EAEAB1,ATA ECZANESİ,Çanakkale,Merkez,39.60211,26.40429,Çanakkale,Correct
75052752-8C10-4B36-BC5E-C35B49DC932E,DENİZ ECZANESİ,Çanakkale,Gelibolu,40.11247,26.40781,Çanakkale,Correct
9FFA139A-6BF8-4ED7-819D-C3B260DD0672,İÇDAŞ ÇELİK ENERJİ TERSANE VE ULAŞIM SANAYİ ANONİM ŞİRKETİ,Çanakkale,Biga,40.43475,27.11863,Çanakkale,Correct
20BF8FB3-A6F1-44C5-BC0C-C45C3B89E3EE,ÇANAKKALE YENİCE KURTULUŞ AİLE SAĞLIĞI MERKEZİ,Çanakkale,Yenice,39.93207,27.26052,Çanakkale,Correct
E2874A36-ED81-4B39-B8DC-C4D91D2D65A7,BERAY ECZANESİ,Çanakkale,Biga,39.60327,26.39981,Çanakkale,Correct
374E93B3-54B9-41DA-9D5C-C5AAB320949A,ELÇİN ECZANESİ,Çanakkale,Merkez,40.14943,26.40675,Çanakkale,Correct
71F0825D-F65A-486D-A504-C5CA8BCF2536,ÇANAKKALE MERKEZ KUMKALE AİLE SAĞLIĞI MERKEZİ,Çanakkale,Merkez,39.97888,26.24267,Çanakkale,Correct
852AC03C-78B6-48E5-8E2E-C68A68EBFAAD,DOĞAN AKYEL MUAYENEHANESİ,Çanakkale,Merkez,40.14885,26.40357,Çanakkale,Correct
32C5E1BE-F4B3-4E16-85EE-C75CA69C40D2,YENİ ECZANESİ,Çanakkale,Biga,40.23845,27.26541,Çanakkale,Correct
BCB120F2-EDD6-4D7F-9F30-C823B3559E94,ÇANAKKALE ONSEKİZ MART ÜNİVERSİTESİ HASTANESİ,Çanakkale,Merkez,40.34225,26.68143,Çanakkale,Correct
04B5EE61-672A-417E-A480-C8BA5DA2E309,CANSU ECZANESİ,Çanakkale,Biga,40.2263,27.2425,Çanakkale,Correct
88F4ECC9-3317-42AC-ADDE-C9193EA0FC99,HALK ECZANESİ,Çanakkale,Merkez,40.18165,26.35454,Çanakkale,Correct
DCD28AD8-0799-44C8-A442-C984D666EA4C,TROYA ECZANESİ,Çanakkale,Merkez,40.13271,26.41255,Çanakkale,Correct
F700A9B8-3FD7-4928-B321-C9A8B3BC552F,HUZUR ECZANESİ,Çanakkale,Bayramiç,39.81018,26.61107,Çanakkale,Correct
F8C01469-6D06-4E96-8651-C9C5C98CB078,DURAN ECZANESİ,Çanakkale,Merkez,40.14711,26.4049,Çanakkale,Correct
3FD4A494-F206-4C7E-90EE-C9E0CF9D36C6,YILMAZ ECZANESİ,Çanakkale,Ayvacık,39.60011,26.40429,Çanakkale,Correct
68737569-74A1-491C-BE9B-CA140771B9ED,DENT CLİNİC,Çanakkale,ÇANAKKALE MERKEZ,40.15227,26.40619,Çanakkale,Correct
B1245418-D652-435C-82AD-CA4F7F4C7E40,ÖZEL MEDİCAL PARK ÇANAKKALE HASTANESİ,Çanakkale,Merkez,37.01276,37.97673,Şanlıurfa,Wrong
BD3A5DE4-F8A8-4F14-9A59-CAD67291F788,GÜLER ECZANESİ,Çanakkale,Bayramiç,39.81053,26.61164,Çanakkale,Correct
E90641A7-75DD-4234-AD15-CBFDFA913711,ÖZCAN ECZANESİ,Çanakkale,Merkez,40.41986,26.67168,Çanakkale,Correct
22778412-713D-4D54-B3CA-CCD37D98E1BC,UTKU ECZANESİ,Çanakkale,Gökçeada,39.80186,26.16164,Çanakkale,Correct
926F1B5C-ADF7-473B-AA49-CD0979966C18,ÇANAKKALE EZİNE MAHMUDİYE AİLE SAĞLIĞI MERKEZİ,Çanakkale,Ezine,39.8767,26.23782,Çanakkale,Correct
E32E39DF-745F-4220-9523-CD1ECE3F12D4,SEVİL AKBABA TÜRKOĞLU MUAYENEHANESİ,Çanakkale,Merkez,40.09875,26.41522,Çanakkale,Correct
4EB5D896-9912-4DC1-B92B-CE8189E9E52A,BİZİM ECZANESİ,Çanakkale,Biga,40.22962,27.2414,Çanakkale,Correct
1E579E48-B3F5-475C-A58F-D0BCE1744CDB,MERKEZ ECZANESİ,Çanakkale,Biga,40.23841,27.26535,Çanakkale,Correct
D60FFB55-2820-4BAA-95C0-D19F98C1A40F,ÇANAKKALE BİGA 75.YIL AİLE SAĞLIĞI MERKEZİ,Çanakkale,Biga,40.22104,27.24167,Çanakkale,Correct
D4236AB3-B3CC-42DC-85F3-D1CFF3A97FBF,ÇANAKKALE GÖKÇEADA DEVLET HASTANESİ,Çanakkale,Gökçeada,40.14952,26.40874,Çanakkale,Correct
10778F2B-3672-4F88-B543-D228D2E70EA7,NECMETTİN HURKU MUAYENEHANESİ,Çanakkale,Biga,40.23704,27.26492,Çanakkale,Correct
50FDFF5F-722A-4113-A3ED-D23E7964D518,AYVACIK MERKEZ TSM,Çanakkale,Ayvalık,41.0352,29.0212,İstanbul,Wrong
91ED40B9-EC44-49DE-83C3-D242FCF594A6,ÇANAKKALE BİGA SİNEKÇİ AİLE SAĞLIĞI MERKEZİ,Çanakkale,Biga,40.26766,27.40282,Çanakkale,Correct
454EBEF0-C150-4CFF-B2DD-D26099F8F0D9,YELİZ KASAP MUAYENEHANESİ,Çanakkale,ÇANAKKALE MERKEZ,40.14855,26.40711,Çanakkale,Correct
0A67470E-E6C5-401E-9455-D2A94FE4ADCB,AKİF ECZANESİ,Çanakkale,Biga,39.60314,26.39952,Çanakkale,Correct
6FB947F6-DD14-4A49-B489-D34AAA2CA172,ÖZTÜRK ECZANESİ,Çanakkale,Çan,40.22712,27.24255,Çanakkale,Correct
31CE0FA6-575D-4F92-BB41-D4EFE3994724,İLKNUR ECZANESİ,Çanakkale,Merkez,40.41877,26.67284,Çanakkale,Correct
F5AD0645-9B9B-4316-B864-D607C1DB9507,BULUT ECZANESİ,Çanakkale,Merkez,40.16491,26.41489,Çanakkale,Correct
D09AC1F5-A233-491D-B73A-D66060EC1B12,ÇARŞI ECZANESİ,Çanakkale,Merkez,40.14543,26.40582,Çanakkale,Correct
AC3895CC-A331-44C2-A1D8-D902AE56E104,ÖZEL BARBAROS POLİKLİNİĞİ,Çanakkale,ÇANAKKALE MERKEZ,40.13985,26.40815,Çanakkale,Correct
5D48A577-6768-4C1E-8F34-D9E7EDDF930E,SABRİ GAZİ MUAYENEHANESİ,Çanakkale,Merkez,40.10263,26.41962,Çanakkale,Correct
0FB78D84-8B81-4ABF-9CD9-DA0D231865AE,GÖKHAN ECZANESİ,Çanakkale,Merkez,40.13156,26.41297,Çanakkale,Correct
1FC04977-DFA0-4F48-B097-DB283FA01F25,EVCİM ECZANESİ,Çanakkale,Merkez,40.15796,26.41912,Çanakkale,Correct
7D57647A-8110-4C0F-AEC5-DB3F86E12F31,KÜÇÜKKUYU NİL ECZANESİ,Çanakkale,Ayvacık,39.54625,26.60635,Çanakkale,Correct
6A33535A-8C13-404C-9D91-DB771B9BFB2B,DERMAN ECZANESİ,Çanakkale,Çan,40.0277,27.04739,Çanakkale,Correct
AF0B3A3F-F9B5-4048-98C9-DCFAEABAFE80,FUNDA TÜTÜNCÜLER TAMAMLAYICI TIP POLİKLİNİGİ,Çanakkale,Merkez,40.14654,26.40844,Çanakkale,Correct
9D7D31AC-6467-4E54-AF9C-DDA8BE2B028A,ASLIHAN ECZANESİ,Çanakkale,Merkez,40.02975,27.05199,Çanakkale,Correct
B994C52E-2FDD-4DC8-9753-DECCDF821983,YAĞMUR ECZANESİ,Çanakkale,Gelibolu,40.4133,26.67103,Çanakkale,Correct
E5588757-1348-4404-B9FB-DEDEC5FB4C29,17 ECZANESİ,Çanakkale,Merkez,40.16027,26.42019,Çanakkale,Correct
79EA417B-46F6-4A97-8A96-DF19C61D8B9C,SEVDA ÇILDAN ECZANESİ,Çanakkale,Çan,40.21997,27.24054,Çanakkale,Correct
3F89081C-7E7E-4253-B7AA-DF744B59E469,HÜSNÜ KURTULUŞ MUAYENEHANESİ,Çanakkale,Merkez,40.15206,26.40906,Çanakkale,Correct
E5642AB7-FFCA-4470-A578-E01E1F307FEF,ÇANAKKALE ÇAN ETİLİ AİLE SAĞLIĞI MERKEZİ,Çanakkale,Çan,39.98194,26.88414,Çanakkale,Correct
31974063-5C8A-432A-A93F-E06DC891A32B,ERDİNÇ ERGUN MUAYENEHANESİ,Çanakkale,Merkez,40.14798,26.40845,Çanakkale,Correct
E42E8E39-E538-4000-BA04-E08FDB5310E5,KALKIM ECZANESİ,Çanakkale,Yenice,39.93026,27.25966,Çanakkale,Correct
10A6665F-0ABF-4E46-B1C9-E186B18AD5B8,LOTUS ECZANESİ,Çanakkale,Merkez,40.10087,26.40817,Çanakkale,Correct
EA015C63-03D1-4B8D-AD62-E3953A5B5C35,AYDIN ECZANESİ,Çanakkale,Merkez,40.16777,26.4241,Çanakkale,Correct
61D60B16-B1B2-4F0B-9F49-E47990399C79,ÇANAKKALE GELİBOLU HACI MUSTAFA TARMAN AİLE SAĞLIĞI MERKEZİ,Çanakkale,Gelibolu,40.42183,26.66953,Çanakkale,Correct
C5DF36C6-B3B6-42AB-B78A-E4A5ED718665,EZCAN YALÇINER MUAYENEHANESİ,Çanakkale,Merkez,40.15238,26.40634,Çanakkale,Correct
872A152F-264E-4B29-8F05-E63CBCD33837,BALIKLIÇEŞME ECZANESİ,Çanakkale,Biga,40.22733,27.24211,Çanakkale,Correct
2F0C98AA-68C9-4558-AE5C-E77AEA4FF9D9,ÖZTÜRK ORTODONTİ,Çanakkale,ÇANAKKALE MERKEZ,40.14636,26.4098,Çanakkale,Correct
479AD3A0-92AE-4058-833D-E7C702BCFF48,MERKEZ ECZANESİ,Çanakkale,Merkez,40.14723,26.40634,Çanakkale,Correct
AA523267-DCF3-4EEB-ABF3-E825BC4F174E,YEŞİM ECZANESİ,Çanakkale,Merkez,40.1494,26.40673,Çanakkale,Correct
B12C0086-C1B4-4435-8F7C-E8D01E59B1AF,SARAÇOĞLU MUAYENEHANESİ,Çanakkale,Merkez,40.15111,26.40819,Çanakkale,Correct
6C38732D-8D72-416A-BC17-E9CA3749FB68,YAREN ECZANESİ,Çanakkale,Ayvacık,39.54725,26.6031,Çanakkale,Correct
901C0A24-3604-4AFD-BE69-E9E2E18EACF3,AKKUŞ ECZANESİ,Çanakkale,Çan,40.02935,27.05085,Çanakkale,Correct
9E4636F6-EC08-4E70-8E45-EADEA0E6826B,ÇANAKKALE ÖZEL ATLAS TIP MERKEZİ,Çanakkale,Merkez,40.14826,26.40778,Çanakkale,Correct
DC894182-7164-4BA0-8EA8-EAF711D64ACD,UMUT ÖZER MUAYENEHANESİ,Çanakkale,Merkez,40.14965,26.40668,Çanakkale,Correct
AE698993-B1B9-4354-8856-EB25BC6A8220,ÇANAKKALE AYVACIK KÜÇÜKKUYU AİLE SAĞLIĞI MERKEZİ,Çanakkale,Ayvalık,41.1263,29.2842,İstanbul,Wrong
D1D471C4-205C-4431-894C-EBF5E3E09A2D,MELTEM TÜRKER ECZANESİ,Çanakkale,Merkez,40.10083,26.41722,Çanakkale,Correct
09E535F3-09D3-4B73-861C-EC1BE70EC3EF,ÇANAKKALE BİGA İSTİKLAL AİLE SAĞLIĞI MERKEZİ,Çanakkale,Biga,40.23102,27.24097,Çanakkale,Correct
0AEC3F5C-3511-4A62-B080-EC3417D57D60,ARZU ECZANESİ,Çanakkale,Gelibolu,40.41435,26.67518,Çanakkale,Correct
E3CBD2CE-53CD-4122-A72E-EDD7B99B3B2E,İSKELE ECZANESİ,Çanakkale,Merkez,40.14963,26.40313,Çanakkale,Correct
97C372DC-54B1-4A35-B95F-EEEFD506D0DC,MAHMUT SATAN MUAYENEHANESİ,Çanakkale,Merkez,40.14653,26.40857,Çanakkale,Correct
3547E4F3-6539-4B25-AF43-EFB03B7A1CD6,ÇANAKKALE BİGA HAMDİ GENÇOĞLU AİLE SAĞLIĞI MERKEZİ,Çanakkale,Biga,40.23614,27.23369,Çanakkale,Correct
FF4109F1-B7ED-41BD-89EF-F016C15281E0,ÖZEL DOĞANGÜN AĞIZ VE DİŞ SAĞLIĞI POLİKLİNİĞİ,Çanakkale,Merkez,40.14858,26.40685,Çanakkale,Correct
BC4B0E38-7ED4-4628-A76A-F08BFB9D94DD,YÜCEL ECZANESİ,Çanakkale,Ayvacık,39.56357,-76.13436,No Info,No Info
048A6BA9-0210-40C2-AFC9-F20D0647F2A5,ÇARDAK ECZANESİ,Çanakkale,Lapseki,40.37592,26.71651,Çanakkale,Correct
2BD6A6CB-C62E-4703-A53A-F217CA2CD786,NUR ECZANESİ,Çanakkale,Çan,40.02891,27.0534,Çanakkale,Correct
CAA62B70-2B46-413F-ADA3-F2BCBF7E4A3C,VATAN ECZANESİ,Çanakkale,Biga,40.22607,27.24238,Çanakkale,Correct
C8CF19BB-4A18-42C2-BB24-F2EC3A367A80,MİNE ECZANESİ,Çanakkale,Biga,40.22808,27.24441,Çanakkale,Correct
33E43759-3A2B-49D7-93C7-F34D2CA21216,BİGA ECZANESİ,Çanakkale,Biga,40.22694,27.24282,Çanakkale,Correct
637F0DEB-7583-4EC0-B306-F3EEF082273F,BİGA TOKİ ASM,Çanakkale,Biga,40.23252,27.22771,Çanakkale,Correct
D7A8A817-6A60-4644-ADA1-F4D3405B0DB9,TUNCA ECZANESİ,Çanakkale,Gökçeada,40.19771,25.90288,Çanakkale,Correct
36655D59-2E31-4E52-8456-F5D2AECEF0AC,SEDANUR KILINÇ MUAYENEHANESİ,Çanakkale,KEPEZ,40.41787,26.67164,Çanakkale,Correct
022887B2-05C6-48D4-A48A-F618853D106D,SITKI ÖNKAYA MUAYENEHANESİ,Çanakkale,Merkez,40.147,26.4072,Çanakkale,Correct
A6725FA2-A22F-4BA4-B93D-F6C33153A1D4,İBRAHİM HALDUN ERDEM MUAYENEHANESİ,Çanakkale,Merkez,39.83396,26.07108,Çanakkale,Correct
D90C7825-B4CD-4901-BEAD-F72C8DCF9D10,HASAN ÇETİN MUAYENEHANESİ,Çanakkale,Merkez,40.13434,26.41248,Çanakkale,Correct
1535B2A0-126B-405B-B16C-F7F04675FA33,NERGİS ECZANESİ,Çanakkale,Merkez,40.15331,26.41493,Çanakkale,Correct
9CF91834-E75B-4291-B723-F8D5ED22A4D7,İREM ECZANESİ,Çanakkale,Merkez,40.14873,26.40633,Çanakkale,Correct
EAEDF6C4-23BF-45D6-8C29-F8D817A28607,HANIM ECZANESİ,Çanakkale,Ezine,39.78407,26.33549,Çanakkale,Correct
80DCB563-8F9D-4502-8EC9-F94F8B38F661,OĞUZ ECZANESİ,Çanakkale,Biga,40.40348,27.30287,Çanakkale,Correct
A679F071-1AEE-4960-8B81-F9BF5E99FEDA,TANER CAN TELEK MUAYENEHANESİ,Çanakkale,Bayramiç,39.80782,26.61323,Çanakkale,Correct
442981B7-DCC7-477E-86DC-F9CE5A8F80A9,PETEK KUŞTEPE SAĞLIKLI YAŞAM MERKEZİ,Çanakkale,Biga,40.2255,27.24209,Çanakkale,Correct
65DA1705-553F-4A43-B7D5-FAE5286D89E4,DOST ECZANESİ,Çanakkale,Yenice,39.92984,27.2573,Çanakkale,Correct
A9AE86E3-5E07-4F7E-99C3-FAFFB03A3383,ERDEM ŞEN MUAYENEHANESİ,Çanakkale,Ayvalık,41.1352,29.2259,İstanbul,Wrong
7F8B7D41-6B14-4F49-ABCB-FBCC5882469F,GEMİCİ REZORANS,Çanakkale,Biga,40.22657,27.24315,Çanakkale,Correct
5BDCEBBF-EC00-4467-86FB-FBFB3DB0EA38,EDA ECZANESİ,Çanakkale,Biga,40.22598,27.24233,Çanakkale,Correct
C9EF1108-A56C-4712-85CC-FF9CFAA71C4A,BİLGE ŞİMŞEK MUAYENEHANESİ,Çanakkale,Merkez,40.14712,26.40763,Çanakkale,Correct
09EFE9DF-3F0E-43D5-89A1-FFAFA04F9FE5,BEGÜM ECZANESİ,Çanakkale,Yenice,39.93031,27.25969,Çanakkale,Correct
