UnitId,UnitName,CityName,DistrictName,Latitude,Longitude,DetectedCity,Match
297CC97C-3901-436C-A4D9-00BE3F47C9F0,ARI ECZANESİ,Ordu,Ünye,41.14227,37.28055,Ordu,Correct
22B99942-519F-4B61-9DD9-0139FF5A1966,TAN ECZANESİ,Ordu,Ünye,41.12674,37.28557,Ordu,Correct
A31A3F77-59A3-4745-8399-027BE1E1CFDD,ÖZEL MEDİ TECH HASTANESİ,Ordu,Fatsa,41.03296,37.48566,Ordu,Correct
4B28E72F-3E19-4FB3-B0E1-02CC494378BA,LOTUS ECZANESİ,Ordu,Mesudiye,39.80091,29.61243,Kütahya,Wrong
A90A4ED5-7873-4ED0-9334-02D11459FD06,PINAR ECZANESİ,Ordu,Altinordu,40.97124,37.88859,Ordu,Correct
B7B5464E-0AF0-4180-A490-032555ADB19A,ORDU PERŞEMBE EFİRLİ AİLE SAĞLIĞI MERKEZİ,Ordu,Perşembe,41.01852,37.82897,Ordu,Correct
402B3B03-BFF2-4545-9956-036CE7C42FD2,BORAN ECZANESİ,Ordu,Altinordu,40.96503,37.89985,Ordu,Correct
8C0A8838-2E2F-44DD-9964-03C883EE49A3,SÜLEYMAN SAİD SEN MUAYENEHANESİ,Ordu,Fatsa,41.02975,37.49657,Ordu,Correct
493034A1-69EA-4104-8ACE-054F583DC960,ASYA ECZANESİ,Ordu,Altinordu,40.98076,37.87567,Ordu,Correct
C814E357-6273-439E-8697-05754C2F60C2,ORDU KORGAN TEPEALAN AİLE SAĞLIĞI MERKEZİ,Ordu,Korgan,40.74293,37.3066,Ordu,Correct
2BB4FC6F-2130-482B-A85D-0677A00D0285,HALİL İBRAHİM ÖZKAN MUAYENEHANESİ,Ordu,Ünye,41.12925,37.28705,Ordu,Correct
FAAAB6DE-903C-43C1-A411-06872996F4B6,ORDU KABADÜZ MERKEZ AİLE SAĞLIĞI MERKEZİ,Ordu,Kabadüz,40.8594,37.88962,Ordu,Correct
522130BD-ABA3-4489-8B4F-069C6D02DBA7,LALELİ ECZANESİ,Ordu,İkizce,41.05336,37.07802,Ordu,Correct
FE9990E0-2AAD-4C62-B35C-074F785C4029,OKTAY FAZLA MUAYENEHANESİ,Ordu,Altinordu,40.98411,37.87902,Ordu,Correct
9ADB5155-8F9E-4919-A820-07CBB67B85C4,SEÇKİN ECZANESİ,Ordu,Fatsa,41.02977,37.50221,Ordu,Correct
BD1A129A-6F93-4614-9C01-084D72DFE863,ÖZEL FMC ORDU DİYALİZ MERKEZİ,Ordu,Altinordu,40.97687,37.89927,Ordu,Correct
5DA05F31-6996-4EC2-ADC6-08D94437FB8F,ORDU ÜNYE MERKEZ BAYRAMCA AİLE SAĞLIĞI MERKEZİ,Ordu,Ünye,41.11883,37.28066,Ordu,Correct
18A22C07-7767-4D32-876D-0A3BF1C8A93D,YAVUZ GÖZÜKAN MUAYENEHANESİ,Ordu,Altinordu,40.98441,37.88037,Ordu,Correct
8E93669E-61AA-4277-8492-0A3E4BB7340C,AHMET RIZA ÇOLUK MUAYENEHANESİ,Ordu,Perşembe,41.06884,37.7713,Ordu,Correct
856D1A55-232D-4472-BE8C-0A6AE47FA2C8,İSTIKLAL ECZANESİ,Ordu,Akkuş,40.79603,37.01718,Ordu,Correct
22AE97FF-7DD1-4366-85F8-0B247333FEF2,KALE ECZANESİ,Ordu,Fatsa,41.03164,37.58698,Ordu,Correct
C4C5CD41-9273-42CA-B752-0B6007BAA61E,SAHİL ECZANESİ,Ordu,Fatsa,41.06651,37.46238,Ordu,Correct
EDDC83C0-CF0D-40FE-82E9-0BDB4BF82D8F,YEŞİLOVA ECZANESİ,Ordu,Altinordu,40.9846,37.88001,Ordu,Correct
2387277E-C22B-4B5B-BBEC-0CB7D9EC9F90,ORDU ÜNYE 3 NOLU AİLE SAĞLIĞI MERKEZİ,Ordu,Ünye,41.12669,37.28222,Ordu,Correct
85257FA0-4145-4107-8686-0CCF2DB6BEF8,ORDU AĞIZ VE DİŞ SAĞLIĞI MERKEZİ,Ordu,Altinordu,40.97712,37.88423,Ordu,Correct
E57FBBC9-9DD4-41E5-8E8F-0D9F52ECBF6B,ORDU ALTINORDU SELİMİYE AİLE SAĞLIĞI MERKEZİ,Ordu,Altinordu,40.98476,37.88013,Ordu,Correct
4C682D34-BA1F-4E5D-80C0-0F3600788D44,ÜNYE BURUNUCU AİLE SAĞLIĞI MERKEZİ,Ordu,Ünye,41.14035,37.29147,Ordu,Correct
B6C0D7F5-50C6-487B-8FDE-0F53556EDB87,DEMİREL UZUN MUAYENEHANESİ,Ordu,Altinordu,40.98525,37.88189,Ordu,Correct
4B859EC0-4C82-4810-A0EA-10A158C3FF5A,ÖZEL ORDU SEVGİ HASTANESİ,Ordu,Altinordu,40.97558,37.90587,Ordu,Correct
AB35D2DA-1399-46E6-BC59-11513C774E5E,ORDU ALTINORDU DÜZMAHALLE AİLE SAĞLIĞI MERKEZİ,Ordu,Altinordu,40.98382,37.87848,Ordu,Correct
7AFF48A8-7AD0-429B-9F44-125A5B8EC9D0,ESER ECZANESİ,Ordu,Altinordu,40.98034,37.87964,Ordu,Correct
6CEE7F2E-0C34-41B4-AC2E-125D740C73C3,SANAYİ ECZANESİ,Ordu,Altinordu,40.9719,37.89339,Ordu,Correct
65A9B5E9-4036-4C55-9D2E-1359F06A88E9,YILMAZ ECZANESİ,Ordu,Altinordu,40.97154,37.88642,Ordu,Correct
8A54737B-5F68-441A-8CE5-1438802D8F6E,İSTANBUL ECZANESİ,Ordu,Fatsa,41.03076,37.49879,Ordu,Correct
96383436-585A-4A72-8B28-1496EBED18A7,ORDU FATSA MERKEZ SAKARYA AİLE SAĞLIĞI MERKEZİ,Ordu,Fatsa,41.02875,37.49745,Ordu,Correct
AE453EE2-BAB6-4DAF-B51E-155779842148,ORDU FATSA MERKEZ BOLAMAN AİLE SAĞLIĞI MERKEZİ,Ordu,Fatsa,41.03066,37.58693,Ordu,Correct
5E2377C2-E91F-4DB7-AC37-1619BC0E9073,ABDÜLKADİR ÜNEL MUAYENEHANESİ,Ordu,Altinordu,40.97677,37.88445,Ordu,Correct
92BFE608-F115-4BBD-BAC2-16FA06479382,GÜRGENTEPE ECZANESİ,Ordu,Gürgentepe,40.78988,37.60044,Ordu,Correct
FDB686C9-459A-4F43-8888-176C6CC3C03E,ORDU AKKUŞ MERKEZ AİLE SAĞLIĞI MERKEZİ,Ordu,Akkuş,40.79219,37.01617,Ordu,Correct
0E49BFA6-C78D-455C-9EF3-17F5548308BA,ECEMNAZ ŞEN MUAYENEHANESİ,Ordu,Altinordu,40.98573,37.87929,Ordu,Correct
F2597C57-85BB-4DDF-9605-181C891B6491,NOKTA ECZANESİ,Ordu,Fatsa,41.02941,37.49882,Ordu,Correct
D4B91BE3-3D7C-4ECC-BD77-1836172ED887,KOÇ ECZANESİ,Ordu,Fatsa,41.02938,37.50319,Ordu,Correct
2C855A15-912C-4C22-B2C4-18940C3DDDB0,ORDU ALTINORDU MERKEZ ASM,Ordu,Altinordu,40.97073,37.90474,Ordu,Correct
1A3BC5A3-09C4-442E-BADE-18C7A7848BA8,GÜLYALI ECZANESİ,Ordu,Gülyali,39.07937,-76.77996,No Info,No Info
7290B687-1D78-433C-9358-1A040150EAC7,METE ECZANESİ,Ordu,Gölköy,40.68499,37.61026,Ordu,Correct
7E51C768-7550-4A0F-BEC8-1AB50C1F5400,ABDULLAH ZAFER SERİN MUAYENEHANESİ,Ordu,Fatsa,41.02984,37.50144,Ordu,Correct
A5867C75-C3A1-4FF6-9BD4-1AE776E3870F,İLAYDA GÖKÇEN SAĞLIKLI BESLENME VE DİYET MERKEZİ,Ordu,Fatsa,41.03059,37.49813,Ordu,Correct
E56154DB-D240-48AE-8547-1BDBF2A61B47,AKAR ECZANESİ,Ordu,Fatsa,41.03714,37.47925,Ordu,Correct
5555CFF4-9B95-4F4C-9440-1CD577B19B3A,ÖZEL DENT ÜNYE AGİZ VE DİS SAĞLIĞI POLİKLİNİĞİ,Ordu,Ünye,41.12701,37.28735,Ordu,Correct
507E381F-8A7D-4C6A-9BE7-1D0AC0291857,SEBAHATTİN ÖZOĞLU MUAYENEHANESİ,Ordu,Altinordu,40.98474,37.87792,Ordu,Correct
9C66BC8B-C6DD-40F3-9C0B-1D11DB52CBAB,T.C. S.B. ORDU ULUBEY DEVLET HASTANESİ,Ordu,Ulubey,40.98941,37.73486,Ordu,Correct
D87A47E6-80A8-467B-84B9-1D95B53E98CD,SOYSAL ECZANESİ,Ordu,Ünye,40.98554,37.16037,Ordu,Correct
465966AD-9545-46E8-8002-1ED512E186FE,NEVA ECZANESI,Ordu,Ünye,41.10652,37.35702,Ordu,Correct
148832DD-87FC-4026-B489-1F39133038D1,BİROL COŞKUN MUAYENEHANESİ,Ordu,Fatsa,41.02913,37.50274,Ordu,Correct
9A25E67A-B27E-4312-B415-1FE8C31C19BB,IRMAK ECZANESİ,Ordu,Ulubey,40.62575,37.29985,Ordu,Correct
920442B3-7675-4A2E-911A-20E405210F3E,ŞİFA ECZANESİ,Ordu,Fatsa,41.03691,37.49931,Ordu,Correct
D9869929-2E0C-432B-AD3E-21EE11E792A2,DİLARA CECELOĞLU MUAYENEHANESİ,Ordu,Fatsa,41.03011,37.50221,Ordu,Correct
B4FD7E8F-3775-48A8-8D79-2268562432A9,ELİF ECZANESİ,Ordu,Kumru,40.87276,37.26108,Ordu,Correct
4A412CCE-DC7C-492C-965A-2353BD0228CA,DEMİR ECZANESİ,Ordu,Altinordu,40.97141,37.88668,Ordu,Correct
D81F931D-1FA0-4DE1-AC44-239925D0B7CC,ORDU FATSA 1 NOLU AİLE SAĞLIĞI MERKEZİ,Ordu,Fatsa,41.0313,37.49215,Ordu,Correct
B35D2356-7A2F-4669-BBC5-23A6C391C4DB,NİSAN ECZANESİ,Ordu,Altinordu,40.96257,37.88666,Ordu,Correct
AFD4E14F-0C70-4617-8FF7-23D00D306FFD,HIZIR ECZANESİ,Ordu,Altinordu,40.97718,37.88476,Ordu,Correct
7DA9B973-EE9E-4C93-8C7C-23D9E2BAC709,SAFA ECZANESİ,Ordu,Ünye,41.12057,37.27714,Ordu,Correct
B5D9BCAD-05D3-4C79-8AFE-2443FE8785D7,KUZEY ECZANESİ,Ordu,Ünye,41.10832,37.35942,Ordu,Correct
89A2BECF-7682-4C26-A2FB-249A42F596AD,GÜNAYDIN ECZANESİ,Ordu,Altinordu,40.97575,37.90517,Ordu,Correct
445F0F66-F102-408D-8AAE-24E28F058225,MEHMET FATİH KINIK MUAYENEHANESİ,Ordu,MERKEZ,40.8324,29.1615,İstanbul,Wrong
C6B717B8-6C1F-4F76-845D-250E0A16D5B1,POYRAZ ECZANESİ,Ordu,Altinordu,40.97648,37.88929,Ordu,Correct
85621FFD-F0F3-41DF-827F-25804CC9BC4A,ÖZGÜR KESKİN MUAYENEHANESİ,Ordu,Altinordu,40.97928,37.89672,Ordu,Correct
1E35598A-DFED-40DB-9BE2-25BE0F353069,BERRİN ECZANESİ,Ordu,Altinordu,40.98292,37.88533,Ordu,Correct
890A01C8-FA62-41AD-AC37-260AC307D039,ESRA YANCAR DEMİR MUAYENEHANESİ,Ordu,Altinordu,40.98347,37.90638,Ordu,Correct
28E775EC-1B45-4796-AB8B-26D680E0C745,ÖZEL FATSA ŞİFA TIP MERKEZİ,Ordu,Fatsa,41.03037,37.49817,Ordu,Correct
751EE639-9AEE-402B-9D94-270429BD5065,BETÜL GÜL ŞAHİN BESLENME DANIŞMANLIĞI,Ordu,Altinordu,40.98469,37.88156,Ordu,Correct
BDD2074C-B62A-4442-A64B-2734C7BF4B94,ORDU FATSA 3 NOLU AİLE SAĞLIĞI MERKEZİ,Ordu,Fatsa,41.02718,37.50915,Ordu,Correct
C71ACC08-727F-4440-AA30-27D33B9D93CC,UĞUR ECZANESİ,Ordu,Korgan,40.86756,37.30114,Ordu,Correct
C69302BA-C600-4314-B878-280807AD9556,HEKİMOĞLU ECZANESİ,Ordu,Altinordu,40.98324,37.91162,Ordu,Correct
C9E9E93C-3F7D-4DA8-8743-292AB54B82D2,BURUNUCU ECZANESI,Ordu,Ünye,41.14225,37.29283,Ordu,Correct
C4C9C99B-F3E7-40F3-8B46-2967E1E781A4,ERTUĞRUL ŞAHİN DİŞ KLİNİĞİ,Ordu,Altinordu,40.98367,37.87905,Ordu,Correct
78410474-A1D4-4706-8BBF-2A7D2E45E194,ORDU GÜRGENTEPE MERKEZ AİLE SAĞLIĞI MERKEZİ,Ordu,Gürgentepe,40.79116,37.5998,Ordu,Correct
7086DB62-37A4-4147-B828-2AA829A134AD,MERVE KARYİGİT MUAYENEHANESİ,Ordu,Ünye,41.1265,37.28591,Ordu,Correct
59DB9448-C620-438B-8847-2AFD4C22C358,DOLUNAY ECZANESİ,Ordu,Kabataş,40.68191,37.40187,Ordu,Correct
CA5D0C29-1641-4AA4-B550-2B0431348D62,T.C. S.B. ORDU GÜRGENTEPE DEVLET HASTANESİ,Ordu,Gürgentepe,40.78989,37.60038,Ordu,Correct
F0638845-0118-44C6-9F65-2BED37265FF3,HÜSNÜ ÇUHADAR MUAYENEHANESİ,Ordu,Altinordu,40.98384,37.87873,Ordu,Correct
8E5A1989-9A25-41A0-BA81-2BF50A76226F,BOŞCU ECZANESİ,Ordu,Ünye,41.12477,37.28221,Ordu,Correct
F5E9B7B7-5A03-4DE6-81A8-2D33C520F927,ORDU ALTINORDU CUMHURİYET AİLE SAĞLIĞI MERKEZİ,Ordu,Altinordu,40.97857,37.95417,Ordu,Correct
ED14D9B2-E18B-4C6D-BBFE-2E24810638FF,KARAMANOĞLU ECZANESİ,Ordu,Altinordu,40.98556,37.87831,Ordu,Correct
9F7B9FC7-6951-4B49-8776-2E5895954049,MEMLEKET ECZANESİ,Ordu,Kumru,40.87277,37.26102,Ordu,Correct
86F9040D-652A-4265-AF57-2E807799F1D3,HAZEL ECZANESİ,Ordu,Çaybaşi,41.01834,37.09981,Ordu,Correct
8EB9C449-A798-4CEC-B508-2F10FFF09906,DOĞA ECZANESİ,Ordu,Fatsa,41.03031,37.50119,Ordu,Correct
60413ECA-5C7D-44B3-A039-2F39B2BDC3A9,T.C. S.B. ORDU GÖLKÖY DEVLET HASTANESİ,Ordu,Gölköy,40.69039,37.6211,Ordu,Correct
C67D161E-E6E9-4DB4-9EB5-2FE4648C3B2F,MUSTAFA GÜNDOĞDU MUAYENEHANESİ,Ordu,Altinordu,40.97921,37.90466,Ordu,Correct
7B372A27-74E5-487C-8725-2FF49284426D,KARŞIYAKA ECZANESİ,Ordu,Altinordu,40.97487,37.90578,Ordu,Correct
5002BDBC-C855-42F1-A44F-30D7BA3FF29E,HASTANELER ECZANESİ,Ordu,Altinordu,40.97678,37.88445,Ordu,Correct
E41E62E8-FC5D-4326-AC54-326C70EFF19C,ORDU ÜNYE MERKEZ ATATÜRK AİLE SAĞLIĞI MERKEZİ,Ordu,Ünye,41.14181,37.28043,Ordu,Correct
BA7EA528-A164-48ED-A69E-32AF203C5BAD,VECDİ BEKAR MUAYEHANEHESİ,Ordu,Altinordu,40.97711,37.88828,Ordu,Correct
6A979C52-1761-402B-8E2E-32CEA2832D7F,DENT-İNN OZEL ORDU AGİZ VE DİS SAĞLIĞI POLİKLİNİĞİ,Ordu,Altinordu,40.98076,37.8878,Ordu,Correct
F859C3C4-283E-4439-BA01-32E8F476B623,BEGÜM ECZANESİ,Ordu,Altinordu,40.9844,37.8826,Ordu,Correct
62A21B97-160C-4FD9-A41D-3331AED63E49,BOZTEPE ECZANESİ,Ordu,Altinordu,40.98544,37.87745,Ordu,Correct
4D4070F1-09EC-4680-9A04-34DC2D83EE23,MUSTAFA ÖNCÜ MUAYENEHANESİ,Ordu,Altinordu,40.98435,37.88069,Ordu,Correct
06B70E5C-827E-4125-8813-34E743A8AEFA,ÖZEL DENTOPTİMA AGİZ VE DİS SAĞLIĞI POLİKLİNİĞİ,Ordu,Altinordu,40.97852,37.90971,Ordu,Correct
537363C5-5E75-48EB-A5CB-34E85E1BE4F8,ORDU ALTINORDU TOKİ AİLE SAĞLIĞI MERKEZİ,Ordu,Altinordu,40.95074,37.91255,Ordu,Correct
945199F0-8C2C-4DA8-9E02-36652BF76ADB,ÜMİT ECZANESİ,Ordu,Çamaş,40.68562,37.39948,Ordu,Correct
0C9930C9-B48B-4400-8489-36B4896E901C,ŞAN ECZANESİ,Ordu,Gürgentepe,40.7873,37.60486,Ordu,Correct
3E249E7A-E437-444A-98B8-36F2A3A78549,GÜZELBİLEN ECZANESİ,Ordu,Altinordu,40.94828,37.90065,Ordu,Correct
FBB3162D-0523-4B88-920E-37605B53B79A,DENTAGROSS ORDU AĞIZ VE DİŞ SAĞLIĞI POLİKLİNİĞİ,Ordu,Altinordu,40.97766,37.8852,Ordu,Correct
FBA8F8EF-DB49-4AC9-A923-37B2AD16336B,DİLARA ECZANESİ,Ordu,Altinordu,40.97544,37.91757,Ordu,Correct
2B62226E-D9C0-4176-A669-38E93DBCC05E,UFUK ECZANESİ,Ordu,Altinordu,40.98255,37.88067,Ordu,Correct
98E30B71-3BA9-4314-BE96-3985F5D7B54A,AYSE NİL TEKİNKAYA MUAYENEHANESİ,Ordu,Altinordu,40.98137,37.8827,Ordu,Correct
6B55520A-1CE6-4D19-AA42-39AB006D1134,ANADOLU ECZANESİ,Ordu,Korgan,40.82928,37.34306,Ordu,Correct
68078F3E-88BD-4374-B184-3A381EDC1C6D,ZEHRA ECZANESİ,Ordu,İkizce,41.05451,37.07987,Ordu,Correct
C3D6CC81-8DC9-489C-864A-3AECDB7A1502,ÖZGE ERSOY MUAYENEHANESİ,Ordu,Altinordu,40.97779,37.88563,Ordu,Correct
4E8D43B7-0861-4689-A0A6-3B6A00A809B2,BÜLENT YILDIRIM MUAYENEHANESİ,Ordu,Altinordu,40.98457,37.88196,Ordu,Correct
B7820577-7DD7-4653-837C-3B938B2AB638,ALTAŞ ECZANESİ,Ordu,Altinordu,40.97263,37.89348,Ordu,Correct
A9F334FD-2257-4BD3-84F0-3BF875A593A4,KARAMUSTAFA ECZANESİ,Ordu,Fatsa,41.02973,37.50237,Ordu,Correct
EEE16869-029D-472A-9714-3C6608DB6D22,ORDU KORGAN MERKEZ AİLE SAĞLIĞI MERKEZİ,Ordu,Korgan,40.82267,37.34888,Ordu,Correct
B70FA3DF-66A1-43EC-AE7A-3C664AAC28F7,ORDU GÖLKÖY MERKEZ AİLE SAĞLIĞI MERKEZİ,Ordu,Gölköy,40.67967,37.59752,Ordu,Correct
B2064493-7F84-462C-9010-3CEA413F8AC2,İYİ ECZANESİ,Ordu,Fatsa,41.03712,37.47922,Ordu,Correct
92D44B98-C749-41B4-A667-3E1795888A25,KONAK ECZANESİ,Ordu,Altinordu,40.97789,37.92426,Ordu,Correct
05BA35BA-69F8-46E5-9C16-3FCBE5451A2D,FATSA SAHİL AİLE SAĞLIĞI MERKEZİ,Ordu,Fatsa,41.06836,37.46313,Ordu,Correct
019C8711-66F9-411F-ABF6-4092D025E34C,ORDU ALTINORDU CİVİL AİLE SAĞLIĞI MERKEZİ,Ordu,Altinordu,40.96799,37.90819,Ordu,Correct
DF821C3F-7330-4866-93F2-40F7A3EE2112,DURAK ECZANESİ,Ordu,Ünye,41.12072,37.27706,Ordu,Correct
297AACC7-DE54-43F9-B0A5-4102A8A51458,DENİZ ECZANESİ,Ordu,Altinordu,40.98493,37.87836,Ordu,Correct
C1B71B92-D790-49A0-AD97-4202ACD99853,AB-I HAYAT ECZANESİ,Ordu,Fatsa,41.02877,37.49878,Ordu,Correct
B274D75C-2A5A-48B9-9AB0-425CD3AD02EA,FATMA ECZANESİ,Ordu,Kumru,40.87277,37.26098,Ordu,Correct
A9CCDED1-F1A3-4A0E-BAF6-4289D7B2A46C,ÖZEL ÜNYE DİYALİZ MERKEZİ,Ordu,Ünye,41.14309,37.27218,Ordu,Correct
21A2562D-1DA9-4092-B81E-429F63499502,CANTÜRK ECZANESİ,Ordu,Çaybaşi,41.01722,37.09899,Ordu,Correct
A57C3B5D-4679-4DDB-A171-438E7BF929A4,EMİR ECZANESİ,Ordu,Aybasti,40.61416,37.38043,Ordu,Correct
E7A713F4-3E0C-4B06-A717-439B2E4263DC,NİLÜFER ECZANESİ,Ordu,Altinordu,40.97238,37.89374,Ordu,Correct
1323434B-2DB8-42A6-9097-43DF947FE3BC,ESMA ECZANESİ,Ordu,Ünye,41.13159,37.28569,Ordu,Correct
70BF3266-0CE1-482D-B17C-44CDB6591030,AHSEN ECZANESİ,Ordu,Ünye,41.12516,37.28986,Ordu,Correct
46DADDF3-C1A3-40A8-8463-45BF0A230728,SELÇUK AYSUN FURTUN MUAYENEHANESİ,Ordu,Altinordu,40.98207,37.88819,Ordu,Correct
8CB4A0A9-B2CA-4E03-8E05-46B7DE162A9D,ODABAŞ ECZANESİ,Ordu,Altinordu,40.98062,37.88481,Ordu,Correct
3BA629F9-AF33-4585-BBD4-46BD3F9D1D57,GÜZİDE BAŞ KORKMAZ MUAYENEHANESİ,Ordu,Altinordu,40.98234,37.88621,Ordu,Correct
7DB4F0A6-45A7-4265-A6D1-46E2D0AD0D0A,DEVA ECZANESİ,Ordu,Fatsa,41.03711,37.47919,Ordu,Correct
95B85F9E-A0C3-4FF4-8CBC-4803E06A26F0,TOPALOĞLU ECZANESİ,Ordu,Fatsa,41.03421,37.49571,Ordu,Correct
2BFD07DB-7333-44F3-A6BB-4837D4B444AB,ORDU HALK SAĞLIĞI MÜDÜRLÜĞÜ,Ordu,MERKEZ,41.162,28.8782,İstanbul,Wrong
29EFAFD1-610B-4B98-8AB7-483C5DC90862,EZGİ ECZANESİ,Ordu,Altinordu,40.97796,37.91325,Ordu,Correct
DAF85833-B9FB-4600-927D-4974641DEA65,ARZU ECZANESİ,Ordu,İkizce,41.05351,37.07832,Ordu,Correct
604B735B-A474-4116-ABFE-49AEC3ACECE2,ŞİFA ECZANESİ,Ordu,Korgan,40.86879,37.29969,Ordu,Correct
0BC390DD-2EB7-45BE-9F6A-4A411E45C655,ATİLLA ADA ECZANESİ,Ordu,Ünye,41.10472,37.35462,Ordu,Correct
9195D053-F3E1-4D00-A2F8-4A4272D692A3,ŞAHİN ECZANESİ,Ordu,Perşembe,41.06776,37.77331,Ordu,Correct
E33A5F94-CBA8-4AFA-87EB-4AEFC4E323F5,SAĞLIK ECZANESİ,Ordu,Korgan,40.82859,37.34165,Ordu,Correct
FB1C85DE-5680-4018-904F-4B94C6BC308F,SAĞLIK ECZANESİ,Ordu,Ünye,41.12794,37.28681,Ordu,Correct
A48E2977-9D87-4E8F-A581-4C1D0783556D,ORDU ALTINORDU DENİZCİLER AİLE SAĞLIĞI MERKEZİ,Ordu,Altinordu,40.97885,37.90212,Ordu,Correct
B51126C3-4452-4850-87C8-4C2C8AD10606,AYDIN ECZANESİ,Ordu,Altinordu,40.98535,37.87834,Ordu,Correct
190DFB31-9672-48C0-85E7-4CC29B1FB96F,OZEL DENTAL PARK ORDU AGİZ VE DİS SAĞLIĞI POLİKLİN,Ordu,Altinordu,40.97732,37.89772,Ordu,Correct
C513B480-806A-4D71-B8F5-4CE3BBB256AB,SILA ECZANESİ,Ordu,MERKEZ,40.85991,37.89066,Ordu,Correct
0FAEAEFE-04FC-4014-AF3B-4DAB3775DE1C,KAYAHAN ECZANESİ,Ordu,Altinordu,40.98124,37.88409,Ordu,Correct
5E126D37-3FB9-466A-8C73-4DC80AE95BFB,YILDIZ ECZANESİ,Ordu,Fatsa,41.03887,37.47925,Ordu,Correct
0F86F856-8EE2-4C9C-AC58-4E3B3ECB2E16,CUMHURİYET ECZANESİ,Ordu,Altinordu,40.98012,37.94474,Ordu,Correct
E7D7A02C-774F-40E0-981A-4EA318AFCCB0,MELİS KALKAVAN MUAYENEHANESİ,Ordu,Altinordu,40.98643,37.88546,Ordu,Correct
FBF3B538-85EC-45D7-BD02-4F243DB82EAF,ÖLÇEK ECZANESİ,Ordu,Fatsa,41.03693,37.47883,Ordu,Correct
7795E9D1-7528-4768-8268-4F43830884C8,ÇİĞDEM ÇELENK KARAKAYA MUAYENEHANESİ,Ordu,Altinordu,40.98075,37.88461,Ordu,Correct
7F16D161-2D25-40A0-8CB7-50BAA2915F68,GÜLYALI MERKEZ TSM,Ordu,Gülyali,40.96262,38.07021,Ordu,Correct
6221FA41-DA06-44F1-AFBD-511A26214663,FATSA VEREM SAVAŞ DİSPANSERİ,Ordu,Fatsa,41.02521,37.51383,Ordu,Correct
0574B1C1-6361-4A99-AB52-51256A8C6148,ORDU ÜNYE 1 NOLU AİLE SAĞLIĞI MERKEZİ,Ordu,Ünye,41.126,37.28591,Ordu,Correct
C8756352-A7CD-41BD-9EE6-52F09F90722F,ORDU AKKUŞ AKPINAR AİLE SAĞLIĞI MERKEZİ,Ordu,Akkuş,40.87839,36.87559,Ordu,Correct
0118EBDF-7982-458B-BF26-533247D1A534,ÇAKIROĞLU ECZANESİ,Ordu,Ünye,41.12735,37.28614,Ordu,Correct
BFEBA8AD-5EED-498E-97A8-538BFA7A1AEC,ÖZEL ORDU ADA ONKOLOJİ MERKEZİ,Ordu,Gülyali,40.97551,37.97275,Ordu,Correct
C3B28FB8-4B05-420A-BEEF-5565619C4ECF,ÇAĞLA ECZANESİ,Ordu,Perşembe,41.00589,37.80337,Ordu,Correct
CD26DD60-E8C2-43FC-821C-55EFA728BF2E,KÜBRA FİDAN MUAYENEHANESİ,Ordu,Ünye,41.12787,37.28769,Ordu,Correct
F1EEA84B-3E5E-4F29-B333-55F1A12911B3,SAĞLIK ECZANESİ,Ordu,Gölköy,40.68497,37.61022,Ordu,Correct
65C23EA6-58D7-42E7-86AE-5601A9DFD022,SENA ECZANESİ,Ordu,Fatsa,41.02568,37.51525,Ordu,Correct
C034B0F7-C10A-4541-8FFE-56C68259EECD,ORDU FATSA MERKEZ İSLAMDAĞ AİLE SAĞLIĞI MERKEZİ,Ordu,Fatsa,40.91687,37.39589,Ordu,Correct
5C053041-989E-4409-94BC-57ADD5E1B6B3,KUYUMCUOĞLU ECZANESİ,Ordu,Ünye,41.12672,37.28219,Ordu,Correct
DC5F9FD3-5DB5-45D3-8EF6-57CE908C4BB2,MERVE YAREN YAS¸AR BESLENME VE DİYET MERKEZİ,Ordu,Altinordu,40.98562,37.8771,Ordu,Correct
B1229547-9F41-4218-BDD6-57ECD827D146,GÜVENAY ECZANESİ,Ordu,Ünye,41.13466,37.28762,Ordu,Correct
683D145E-92D9-49A8-A269-583D92955FDA,ÇELENK ECZANESİ,Ordu,Altinordu,40.97808,37.88596,Ordu,Correct
476C3EB0-43E3-471F-971A-584B41FE8458,ORDU ALTINORDU ŞİRİNEVLER AİLE SAĞLIĞI MERKEZİ,Ordu,Altinordu,40.97451,37.89718,Ordu,Correct
C2169C1B-1DB3-4F43-84ED-584DAFC8BA5B,GÜNEŞ ECZANESİ,Ordu,Altinordu,40.97711,37.88862,Ordu,Correct
7C71A7ED-CF47-4771-B7D7-584E15EFED75,ORDU PERŞEMBE MEDRESEÖNÜ AİLE SAĞLIĞI MERKEZİ,Ordu,Perşembe,41.08658,37.63724,Ordu,Correct
F1C217F3-C97E-4A9A-81AE-58A0A4C643FA,PERŞEMBE ECZANESİ,Ordu,Perşembe,41.06831,37.77383,Ordu,Correct
E5E1B340-98BC-4AD1-BA8F-58E091F5D768,GÜNDOĞDU ECZANESİ,Ordu,Altinordu,40.96729,37.89726,Ordu,Correct
DEBAFCB3-2364-48F6-A9CE-59CD54FFBA60,SALİM ŞEN MUAYENEHANESİ,Ordu,Altinordu,40.98241,37.88843,Ordu,Correct
4B0F93B9-8C6C-4D2A-9F31-5A1544A61EFD,PERŞEMBE İLÇE DEVLET HASTANESİ,Ordu,Perşembe,40.97978,37.74544,Ordu,Correct
1C7A80CB-2E60-475D-BE71-5A21EF5D38F2,ÇALIŞKAN ECZANESİ,Ordu,Fatsa,41.03025,37.49525,Ordu,Correct
D76FBA40-489A-4F1F-901A-5B06B68DBEDE,ERGUVAN ECZANESİ,Ordu,Fatsa,41.03977,37.48045,Ordu,Correct
92E7B5A0-D44E-472D-8385-5B0C96E89292,KATIRCIOĞLU ECZANESİ,Ordu,Altinordu,40.97015,37.8887,Ordu,Correct
DD41E235-AFF6-440A-9FF3-5B191C70DC83,YENİ SANAYİ ECZANESİ,Ordu,Altinordu,40.97385,37.92915,Ordu,Correct
69BF2554-360A-4213-B1F1-5B99EC1BD099,BESTE ECZANESİ,Ordu,Fatsa,41.02678,37.51038,Ordu,Correct
D9545688-09BA-4007-941F-5D0365ADC594,ÖZMEN ECZANESİ,Ordu,Altinordu,40.98345,37.88187,Ordu,Correct
732995CE-1ADC-4907-A506-5D3B351DB076,DİRİM ECZANESİ,Ordu,Altinordu,40.9732,37.89289,Ordu,Correct
CE9E2C00-B7BF-4BB9-9FDF-5DFEEA2395C8,YAMANER ECZANESİ,Ordu,Ünye,41.12048,37.29435,Ordu,Correct
381C49AC-BC35-45C4-BDCB-5EA6E1E76D64,YENİ MAHALLE ECZANESİ,Ordu,Altinordu,40.97916,37.88633,Ordu,Correct
211B07CC-E8B4-4D04-8F8D-6002AC4610B5,ÇELİK ECZANESİ,Ordu,Ünye,41.14226,37.28034,Ordu,Correct
F3C0B123-5C6E-441F-8D74-6013C1E7A33B,PARK ECZANESİ,Ordu,Altinordu,40.97791,37.88776,Ordu,Correct
E541F65E-E5D0-4A66-89E1-619F01BF4D43,YENİ ÇARŞI ECZANESİ,Ordu,Altinordu,40.9837,37.87905,Ordu,Correct
65FE6406-AE88-45A2-B94F-61E1CBE95EAC,GÜLER ECZANESİ,Ordu,Altinordu,40.97875,37.90525,Ordu,Correct
0E5F41F7-AEF7-4C32-9ACD-639A5CA1B8A9,ÖZEL ORDU AĞIZ VE DİŞ SAĞLIĞI POLİKLİNİĞİ,Ordu,Altinordu,40.98283,37.87921,Ordu,Correct
AD8F5D76-374E-4ED8-A942-649E5959E375,LOTUS ECZANESİ,Ordu,Ulubey,39.80091,29.61243,Kütahya,Wrong
55FFBBD1-8735-44EE-ADE3-64D0CA7BA01A,KIR ECZANESİ,Ordu,Fatsa,40.68581,37.61128,Ordu,Correct
57E036CA-A6BB-4E08-83F3-64D69024CF79,ORDU ÇAYBAŞI İLKÜVEZ AİLE SAĞLIĞI MERKEZİ,Ordu,Çaybaşi,40.94797,37.00877,Ordu,Correct
4C532F70-0CE9-408C-9A2A-66395E3ED075,TURAN ECZANESİ,Ordu,Ünye,41.12449,37.28654,Ordu,Correct
5E365CAF-BA7C-4DF6-B83E-667523A4563F,AYDIN ECZANESİ,Ordu,Ünye,41.12947,37.2869,Ordu,Correct
D91FF131-A4EA-4BEF-8B91-6689C337944F,MEHMET TUĞ YAMAKOĞLU MUAYENEHANESİ,Ordu,Fatsa,40.68495,37.61018,Ordu,Correct
9212F7BC-49DA-4B10-9DDF-66FDB3979553,DUMAN ECZANESİ,Ordu,Akkuş,40.79324,37.01706,Ordu,Correct
BA4F693A-274F-4B15-B446-674F2F2AB8E8,SU ECZANESİ,Ordu,Aybasti,40.70787,37.36511,Ordu,Correct
6C21E8E4-DEDE-4469-A22C-6779EA9C85E0,ORDU VEREM SAVAŞ DİSPANSERİ,Ordu,Altinordu,40.98175,37.87959,Ordu,Correct
1C44DE69-60DA-4778-9BB0-678111DC26BD,ORDU ÜNIVERSITESI DİŞ HEKİMLİĞİ FAKÜLTESİ,Ordu,Altinordu,40.97893,37.91983,Ordu,Correct
3512F5DC-E2AF-420F-B922-67F7BFAF9993,YENİ HAYAT ECZANESİ,Ordu,Ünye,41.12742,37.28801,Ordu,Correct
6C9C5F59-EE6F-4F49-914F-6B3FEFEEEB3A,ŞEYMA ECZANESİ,Ordu,Altinordu,40.96968,37.88773,Ordu,Correct
70A54315-3F5B-41D1-B830-6B4A2EABA934,TUBA ECZANESİ,Ordu,Altinordu,40.97508,37.89703,Ordu,Correct
6999C87E-7021-430A-AAAC-6DE9350F7613,HAYRETTİN EYÜBOĞLU MUAYENEHANESİ,Ordu,Altinordu,40.98429,37.8835,Ordu,Correct
AADE8261-B70D-4FB7-B2AA-6DF2D008FDAB,BUTİK DİYET,Ordu,Fatsa,40.68671,37.61248,Ordu,Correct
DF1A0AD5-AA2C-44B2-9B2C-6E9A45F0312F,ATİK ECZANESİ,Ordu,Ünye,41.12598,37.28585,Ordu,Correct
98710BE7-9C9F-45F1-8CFD-6F2B9FE5906B,GÜVEN ECZANESİ,Ordu,Altinordu,40.9783,37.92779,Ordu,Correct
52C2866D-EF2B-48FC-8302-6F9BC44C4DCA,FİLİZ ECZANESİ,Ordu,Altinordu,40.97661,37.88123,Ordu,Correct
04E51329-17CC-411E-B3A6-6FCEC4B9830A,HÜSEYİN EM MUAYENEHANESİ,Ordu,Aybasti,40.68561,37.39947,Ordu,Correct
FEF8C850-B4C2-44D8-AB1A-6FF55327FB5D,DOLUNAY ECZANESİ,Ordu,Fatsa,41.05595,37.4746,Ordu,Correct
8A968E27-6B23-48D1-877B-7019AEEEE3CE,UZMAN ECZANESİ,Ordu,Kumru,40.87434,37.2642,Ordu,Correct
1DA57C1B-2502-4E7A-BF60-70D849192791,DAMLA ULU MUAYENEHANESİ,Ordu,Altinordu,40.98637,37.88436,Ordu,Correct
731F8336-4CC7-4A31-BAF3-710C4BF257A6,DEVA ECZANESİ,Ordu,Altinordu,40.97138,37.88831,Ordu,Correct
91C0B145-2636-46AD-A47A-7120CDE83E1D,ONUR ECZANESİ,Ordu,Altinordu,40.98234,37.91042,Ordu,Correct
BA9EC60B-3EDF-4924-8CB7-718232B4F7B4,İBRAHİM DEMİR MUAYENEHANESİ,Ordu,Ünye,41.12924,37.28735,Ordu,Correct
DA95F70D-82FA-43E6-B26F-7271C6D40124,FATSA BESLENME VE DİYET MERKEZİ,Ordu,Fatsa,40.68491,37.61008,Ordu,Correct
057A2BCA-BD83-4658-AA66-728602EA8C34,T.C. S.B. ORDU AYBASTI DEVLET HASTANESİ,Ordu,Aybasti,40.69835,37.40442,Ordu,Correct
5E35E6F8-30DD-4EA2-BB6A-72905CDA11ED,ALİ ALVER MUAYENEHANESİ,Ordu,Ünye,41.12554,37.28907,Ordu,Correct
7BBAF1F4-2244-4A86-AEF6-7290EFBD9B77,MELİKE GÖK MUAYENEHANESİ,Ordu,Altinordu,40.98034,37.92451,Ordu,Correct
2B793985-4EF6-4C05-AE72-74CDD146E026,ORDU MESUDİYE MERKEZ AİLE SAĞLIĞI MERKEZİ,Ordu,Mesudiye,40.46379,37.77096,Ordu,Correct
F345D091-8E89-4E41-8A9D-7534B04D4969,CAN ECZANESİ,Ordu,Ünye,41.12764,37.28677,Ordu,Correct
691B7B06-9DC6-4D7F-BDB5-7555B1861808,ELİF ECZANESİ,Ordu,Fatsa,41.04494,37.48287,Ordu,Correct
1BB94AB9-424A-43AE-8D90-758DE50CF3D6,FATSA KADIN SAĞLIĞI KLİNİĞİ,Ordu,Fatsa,39.23507,-76.57236,No Info,No Info
D258DA7D-22FC-4D2F-8831-75DEF9B06340,NUR ECZANESİ,Ordu,Altinordu,40.97875,37.90526,Ordu,Correct
D94B3EEA-DE30-45D3-8473-762606E075B7,ORDU THSK - TOPLUM SAĞLIĞI MERKEZİ,Ordu,Altinordu,40.94598,37.90751,Ordu,Correct
25F70182-48CD-4B32-87E2-775080BE0BB2,KARADENİZ ECZANESİ,Ordu,Ulubey,40.98851,37.73366,Ordu,Correct
AD1FD7A0-7570-4F15-9D00-7794C7C7FE81,DERMAN ECZANESİ,Ordu,Altinordu,40.9769,37.88453,Ordu,Correct
EBF8B1E0-EB91-4768-9B9D-78A7EE758059,ÖZEL MEDİCALPARK HASTANE ECZANESİ,Ordu,Altinordu,40.8621,29.3009,İstanbul,Wrong
1E316655-525B-476D-883E-7905A2AA5363,ORDU PERŞEMBE MERKEZ AİLE SAĞLIĞI MERKEZİ,Ordu,Perşembe,41.06279,37.77408,Ordu,Correct
95026458-BA20-47F7-A80E-7931C7665649,BİZİM ECZANESİ,Ordu,Kabataş,40.68281,37.40307,Ordu,Correct
55252F38-45F7-4142-A4AE-7951ED5DA61A,ÜNYE HAMİDİYE AİLE SAĞLIĞI MERKEZİ,Ordu,Ünye,41.1308,37.28176,Ordu,Correct
B54DA8E1-6916-4EAC-A29C-799F09035EBE,FIRAT ECZANESİ,Ordu,Altinordu,40.97454,37.91637,Ordu,Correct
9B61258F-FD73-4A1D-B622-799F711681F7,İKİZCE MERKEZ AİLE SAĞLIĞI MERKEZİ,Ordu,İkizce,41.05462,37.07997,Ordu,Correct
103ED937-A2F8-4D00-9A1E-79CC1E856236,ÖZEL ÜNYE ÇAKIRTEPE HASTANESİ,Ordu,Ünye,41.13956,37.2848,Ordu,Correct
3D494F06-B6FA-40F6-B45E-79FC9B79D5D1,DURU ECZANESİ,Ordu,Altinordu,40.9751,37.89695,Ordu,Correct
23A4EFDD-61F9-4F71-B73C-7A48B60114C3,EZGİ AY MUAYENEHANESİ,Ordu,Ünye,41.13639,37.28525,Ordu,Correct
D581B45F-3420-40B3-A7E0-7AB48B2F6934,DAVUT DURAK ECZANESI,Ordu,Ünye,41.12605,37.28602,Ordu,Correct
C91F4255-E6AE-40D2-AD64-7AE42B7A54C1,SERAP POLAT CÖMERT MUAYENEHANESİ,Ordu,Fatsa,41.03031,37.50002,Ordu,Correct
2EB7E8BA-B7E4-47BF-A45B-7BD522DB0AE3,ÖZDEMİR ECZANESİ,Ordu,Altinordu,40.97807,37.88758,Ordu,Correct
019D91C3-BF6B-4C7B-99D0-7CA6DAF1F416,ORDU KUMRU MERKEZ KUZEY AİLE SAĞLIĞI MERKEZİ,Ordu,Kumru,40.87194,37.2583,Ordu,Correct
79D43C9C-E9B8-4088-99F5-7D1B6E24BDC7,YÜRÜR ECZANESİ,Ordu,Altinordu,40.98198,37.8812,Ordu,Correct
704DBAC4-C2BA-427E-989C-7D5BFEACA833,OKAN ECZANESİ,Ordu,Gölköy,40.68627,37.6129,Ordu,Correct
C83E3B4D-A957-4D92-9BFE-7F256EE6EF19,KOÇAK ECZANESİ,Ordu,Altinordu,40.96998,37.88833,Ordu,Correct
CF08DA34-B3AB-4762-B154-8070DFA4F07F,SERDAROĞLU ECZANESİ,Ordu,Altinordu,40.97814,37.88084,Ordu,Correct
0A1EAC53-4103-4A48-9B6A-807836596DD9,ORDU ÜNYE MERKEZ FEVZİÇAKMAK AİLE SAĞLIĞI MERKEZİ,Ordu,Ünye,41.12106,37.29403,Ordu,Correct
F84BBF3E-0D87-4E6C-BFB1-80F11DAA8B25,KINA ECZANESİ,Ordu,Çatalpinar,40.8773,37.45013,Ordu,Correct
84DFF330-BB0C-4E53-BC25-81DA70C54A29,ULUBEY ECZANESİ,Ordu,Ulubey,40.88624,37.76647,Ordu,Correct
583F087F-07AB-428E-A073-81F840075828,TUNA ECZANESİ,Ordu,Altinordu,40.98379,37.8782,Ordu,Correct
77562AA7-2151-457F-94FF-823390703DD7,T.C. S.B. ORDU FATSA DEVLET HASTANESİ,Ordu,Fatsa,41.03699,37.47963,Ordu,Correct
B353C68B-D71F-4494-9103-82D4B3843C71,HAYAT ECZANESİ,Ordu,Aybasti,40.68453,37.39878,Ordu,Correct
72B1EDF2-75ED-43EC-A667-83D8690882D2,ÖZLEM ECZANESİ,Ordu,Ünye,41.10562,37.35582,Ordu,Correct
2995EE9A-274D-4D1D-8C75-84B25115A389,ORDU ÇAMAŞ MERKEZ AİLE SAĞLIĞI MERKEZİ,Ordu,Çamaş,40.91213,37.51581,Ordu,Correct
92E7E87B-693D-4491-9C69-84BEECE330FD,ORDU ÇAYBAŞI MERKEZ AİLE SAĞLIĞI MERKEZİ,Ordu,Çaybaşi,41.0176,37.09961,Ordu,Correct
F0711368-29C4-433D-93D0-8509A7F7AEEF,KÖROĞLU ECZANESİ,Ordu,Altinordu,40.97826,37.9635,Ordu,Correct
F367ECF0-BB1B-41F4-8B0F-854F895E14B8,GAMZE BALAKAR MUAYANEHANESİ,Ordu,MERKEZ,40.8835,29.3538,İstanbul,Wrong
A426466A-2AF1-4B2C-94F7-855B453C2219,GÜLEDA DUMAN MUAYENEHANESİ,Ordu,Altinordu,40.98597,37.88052,Ordu,Correct
FC9037E9-9A9E-4FE8-9C0A-85F29BEBA899,ALTINORDU ECZANESİ,Ordu,Altinordu,40.9775,37.88953,Ordu,Correct
AA362E31-100F-4EEE-A2EC-85FB6CBA32C6,BÜYÜK ECZANESİ,Ordu,Altinordu,40.98386,37.87893,Ordu,Correct
7300AF69-C6CE-433D-A785-8723DAC7FB7E,ÖYKÜ ECZANESİ,Ordu,Altinordu,40.97786,37.92578,Ordu,Correct
ECCF41D3-EB4D-4C3B-8BB7-87527A066047,ALTINORDU KARADENİZ AİLE SAĞLIĞI MERKEZİ,Ordu,Altinordu,40.97943,37.90035,Ordu,Correct
C6683532-C235-42EF-8C20-87706CBF74FC,MUSTAFA MARAL MUAYENEHANESİ,Ordu,Ünye,41.12854,37.28775,Ordu,Correct
EFC9DD70-FDFD-4A1F-A787-8786EA758640,HALK ECZANESİ,Ordu,Korgan,40.82823,37.3453,Ordu,Correct
3AE4D73F-ADEC-4255-A2F6-87B3EF41D8E2,ORDU ECZANESİ,Ordu,Altinordu,40.98169,37.88016,Ordu,Correct
A28F740B-6B63-4189-9FE4-89027EAC47B8,ÖZEL KARAYALMAN AĞIZ VE DİŞ SAĞLIĞI POLİKLİNİĞİ,Ordu,Ünye,41.1277,37.28781,Ordu,Correct
10DA7B65-E00C-465A-A0CB-896889FF6E37,CEMİLE ŞAHİN MUAYENEHANESİ,Ordu,Aybasti,40.68363,37.39822,Ordu,Correct
85FDB81D-3351-42B5-9A13-89D168F8C3C5,MERKEZ ECZANESİ,Ordu,Altinordu,40.97937,37.8861,Ordu,Correct
EBDD4BB2-A8C8-4320-B7D1-8A619A6414B5,FATSA ECZANESİ,Ordu,Fatsa,40.68499,37.61027,Ordu,Correct
2870AD28-74BF-4C39-9F6F-8B9686E0B871,SEYİTOĞLU ECZANESİ,Ordu,Fatsa,41.03601,37.49811,Ordu,Correct
72CA8AD2-2748-4E19-AA96-8BFCF025597C,AKGÜL ECZANESİ,Ordu,Ünye,41.11993,37.27978,Ordu,Correct
F0FDA440-0CCD-4EE1-B2C3-8C031C3E4BFA,DAMLA BOZKURT MUAYENEHANESİ,Ordu,Ünye,41.13594,37.28133,Ordu,Correct
7B7DF022-42FF-4405-9D4A-8C05795DEBFC,YASEMİN ECZANESİ,Ordu,Ünye,41.12413,37.2877,Ordu,Correct
D92491A3-1E94-4BB0-AADE-8C18A126A52F,ALTINORDU GÜZELORDU AİLE SAĞLIĞI MERKEZİ,Ordu,Altinordu,40.98032,37.87525,Ordu,Correct
2711C6DD-0178-4351-A768-8D2FBBC8144D,CANDAN ECZANESİ,Ordu,Altinordu,40.97949,37.89042,Ordu,Correct
05C99884-795D-4A4A-B17A-8DFC69515719,ÇAMAŞ ECZANESİ,Ordu,Çamaş,40.90187,37.52887,Ordu,Correct
D219B5B5-F9E1-4BF8-944D-90CA551E348E,YENİ ECZANESİ,Ordu,Altinordu,40.98485,37.87785,Ordu,Correct
A5EFD99A-1F61-452C-BD19-90CBC5D4E274,ORAL ECZANESİ,Ordu,Ünye,41.14228,37.28084,Ordu,Correct
F81A922A-55E5-457F-83D9-90CC97DB2B45,ORHAN ECZANESİ,Ordu,Fatsa,41.0258,37.51526,Ordu,Correct
9618469A-BA93-4B37-8D9A-91D3C5E93752,ÖZTEKİN ECZANESİ,Ordu,Gölköy,39.59417,-76.09356,No Info,No Info
FFFBCCF5-8327-4F36-94D9-91F4340E9E29,DERYA TEKEŞ MUAYENEHANESİ,Ordu,Altinordu,40.97903,37.90393,Ordu,Correct
C01C8EA9-78AB-435E-86AE-922AA2990060,SAĞLIK ECZANESİ,Ordu,Perşembe,40.68497,37.61022,Ordu,Correct
9770597F-D0B4-4562-A87C-92466A8CE096,ÇINAR ECZANESİ,Ordu,Fatsa,41.03708,37.47915,Ordu,Correct
BEDDE300-643E-4862-82AA-926856C2025A,SAĞLIK ECZANESİ,Ordu,Kumru,40.82859,37.34165,Ordu,Correct
C8FFD4B5-3943-44BF-A1A3-9432E6105B69,GAZI ECZANESİ,Ordu,Fatsa,41.03083,37.49939,Ordu,Correct
31D87580-66CC-46FA-AD50-9466B7A35AAE,FİZYOLİFE BERSU SELİN AYDIN BAHADIR FİZYOTERAPİST,Ordu,Altinordu,40.98838,37.87477,Ordu,Correct
C71036B3-84C3-4D68-8CAB-94CF5D1ADB6B,SUBAŞI ECZANESİ,Ordu,Altinordu,40.97711,37.88469,Ordu,Correct
694434BA-E046-4B0C-A38D-9549626CEE19,İLKÜVEZ ECZANESİ,Ordu,Çaybaşi,40.94986,37.20317,Ordu,Correct
0A73F31A-1D94-4EA8-927B-955F584A1E51,ORDU FATSA MERKEZ YALIKÖY AİLE SAĞLIĞI MERKEZİ,Ordu,Fatsa,41.04957,37.62121,Ordu,Correct
5A8ACC6B-3C9A-476F-ACCA-956D8D160F43,MELET AİLE SAĞLIĞI MERKEZİ,Ordu,Altinordu,40.97998,37.94476,Ordu,Correct
6C3DEE74-836C-4D76-8DF8-95C2DE9AA91A,TİYALOĞLU ECZANESİ,Ordu,Ünye,41.12733,37.28596,Ordu,Correct
15735FF3-2884-4DE1-B84A-983ACE43364D,ÖZEL İNCİ AĞIZ VE DİŞ SAĞLIĞI POLİKLİNİĞİ,Ordu,Ünye,40.94873,37.12095,Ordu,Correct
470C1D29-C559-4E93-A6C8-98EC66BE7889,OKAN KASAPOĞLU MUAYENEHANESİ,Ordu,Altinordu,40.98426,37.88079,Ordu,Correct
F3F445D7-BC46-4172-9E86-99BE31007FF4,ORDU İKİZCE MERKEZ YOĞUNOLUK AİLE SAĞLIĞI MERKEZİ,Ordu,İkizce,40.95197,36.94731,Ordu,Correct
7E1382FB-F3AC-4197-A03D-99DEEACEFCA7,ÇÖREK OTU ECZANESİ,Ordu,Fatsa,41.03665,37.48876,Ordu,Correct
AC2CE022-6FAB-4F54-B422-9A48B4E4F2D0,ULUS ECZANESİ,Ordu,Altinordu,40.97346,37.91031,Ordu,Correct
09A2CA42-949D-40EA-B062-9AE979E3DC2B,PELİN ECZANESİ,Ordu,Altinordu,40.94155,37.93854,Ordu,Correct
4459D7F5-2983-4B82-B4FC-9AF79429AC21,ŞİMŞEK ECZANESİ,Ordu,Altinordu,40.979,37.89205,Ordu,Correct
4AFADA0A-047B-4F59-90F7-9B23EB222FB4,T.C. S.B. ORDU ÜNİVERSİTESİ EĞİTİM VE ARAŞTIRMA HASTANESİ,Ordu,Altinordu,40.97802,37.88543,Ordu,Correct
0FC448A8-6EDE-4C43-AF0A-9B5CA6021883,ORDU ALTINORDU KÖPRÜBAŞI AİLE SAĞLIĞI MERKEZİ,Ordu,Altinordu,40.98195,37.88124,Ordu,Correct
7E68E933-324E-4B5E-83EB-9BB0958E54E3,ÖZEL ÜNYE ÇAKIRTEPE HAST.ECZ.,Ordu,Ünye,40.9913,29.0311,İstanbul,Wrong
5CD1BAF3-4ECD-4D61-9750-9BB90326CCFD,ORDU KABATAŞ MERKEZ AİLE SAĞLIĞI MERKEZİ,Ordu,Kabataş,40.75983,37.4399,Ordu,Correct
62F167EC-7C59-4D06-8162-9BC22D2BE6F3,ORDU ALTINORDU BUCAK AİLE SAĞLIĞI MERKEZİ,Ordu,Altinordu,40.9796,37.88036,Ordu,Correct
BF8A3BE6-8543-4278-B8DB-9C040BB8E679,KARDELEN ECZANESİ,Ordu,Fatsa,41.02592,37.5023,Ordu,Correct
0CD2D009-E78A-46F9-9430-9C466C529371,ŞENAY YENER ÖZTÜRK MUAYENEHANESİ,Ordu,Altinordu,40.97923,37.90466,Ordu,Correct
6B7D8399-6CE5-4B3A-A039-9C9210AA3CB0,DEFNE ECZANESİ,Ordu,Altinordu,40.9838,37.87834,Ordu,Correct
286835AB-5184-4544-B23C-9CC3B1CF1E4A,ULVİ ECZANESİ,Ordu,Fatsa,40.1527,26.40853,Çanakkale,Wrong
7C3E360D-05D4-4AA5-9C7E-9CD5CAD3DC9F,ÇAĞDAŞ ECZANESİ,Ordu,Ünye,41.12101,37.27814,Ordu,Correct
789998A7-FE9D-4D7A-A8DF-9DE848D5A7E8,ESİN ECZANESİ,Ordu,Altinordu,40.97421,37.91617,Ordu,Correct
9A8BF4AB-EE1C-4EA4-A2B3-9E01DFD7CB4E,FATİH ECZANESİ,Ordu,Altinordu,40.98265,37.88079,Ordu,Correct
ECA5A210-5ABE-4CF0-A124-9F455496858D,GAYE YILDIRIM MUAYENEHANESİ,Ordu,Altinordu,40.97825,37.90618,Ordu,Correct
3FDCD62E-682F-4B74-9B37-9FA20B63DC4E,ŞULE ŞÖHRET DÖNMEZ MUAYENEHANESİ,Ordu,Ünye,41.13168,37.28566,Ordu,Correct
BC3A75EC-6781-4DC7-84C7-9FD7C5470CC5,FATSA MERKEZ TSM,Ordu,Fatsa,41.02482,37.51242,Ordu,Correct
B46BD370-CFB5-4725-B8A4-A053CD5F9C9D,TAYFUN ECZANESİ,Ordu,Altinordu,40.98165,37.87947,Ordu,Correct
07B4D644-8924-4D3A-9276-A0A61E93A763,LOKMAN ECZANESİ,Ordu,Fatsa,41.03716,37.47928,Ordu,Correct
A1D5DF40-26EB-4E9A-A355-A10B5676836B,DURAN YAZICI MUAYENEHANESİ,Ordu,Altinordu,40.98482,37.88211,Ordu,Correct
4EE1BB65-8E3E-48B7-9D0E-A16561FAADA6,BULUT ECZANESİ,Ordu,Fatsa,41.02871,37.49756,Ordu,Correct
F6EB9671-CFA5-4247-AAC0-A1EBBC7060AB,AYŞENUR ECZANESİ,Ordu,Fatsa,41.02958,37.49947,Ordu,Correct
BF7FB2E8-1704-4434-BF9B-A27DFEBE6845,HAYAT ECZANESİ,Ordu,Kumru,40.87364,37.26314,Ordu,Correct
4EFE3908-C593-4035-86F9-A2CF9AA082FE,MORE FİT,Ordu,Altinordu,40.98275,37.88245,Ordu,Correct
A75E1182-456F-40AD-A390-A339FE5AC5C3,YALI ECZANESİ,Ordu,Ünye,41.1347,37.2876,Ordu,Correct
764F5217-E0FD-479F-9FFE-A3844B310261,AŞKAN ECZANESİ,Ordu,Altinordu,40.97818,37.96199,Ordu,Correct
4B585E85-111A-4BE1-9A74-A4701A318ADF,DOĞAN ECZANESİ,Ordu,Gölköy,40.68585,37.61138,Ordu,Correct
1DBF4E39-4A9B-4E8F-8687-A47246C1AAAD,ORDU FATSA 2 NOLU AİLE SAĞLIĞI MERKEZİ,Ordu,Fatsa,41.05587,37.47407,Ordu,Correct
A61E2B27-7F9A-42A7-BE83-A6689C728162,TEKİN ECZANESİ,Ordu,Ünye,41.12078,37.29269,Ordu,Correct
A27144C0-388F-4551-AAC7-A6EE20481E05,TEPE ECZANESİ,Ordu,Altinordu,40.98522,37.87821,Ordu,Correct
BCA347EB-3633-482D-813C-A782A8318479,UĞUR ECZANESİ,Ordu,Altinordu,40.97825,37.88737,Ordu,Correct
A0844DF5-E0C4-43AE-BF6E-A94AB32D325A,ÖZEL ROMER FİZİK TEDAVİ VE REHABİLİTASYON MERKEZİ,Ordu,Altinordu,40.11123,27.63823,Balıkesir,Wrong
25AF7A72-1ED0-4EC5-949F-A9AFA5965862,ORDU AYBASTI MERKEZ AİLE SAĞLIĞI MERKEZİ,Ordu,Aybasti,40.68264,37.40211,Ordu,Correct
54C04CB8-3657-4C67-B496-A9BB90D97815,CANSU DERE ECZANESİ,Ordu,Altinordu,40.97031,37.88917,Ordu,Correct
531FD8B4-8223-4933-B31C-AB2C4665D912,TAHİRCAN TÜRKELİ KLİNİK,Ordu,Altinordu,40.98252,37.89345,Ordu,Correct
9C653B9A-07A8-4A17-AFDA-AB30BAB331C2,NUR ECZANESİ,Ordu,Çatalpinar,40.88197,37.45299,Ordu,Correct
92D326B1-03BF-409D-8530-AB36425632FF,NAZ ECZANESİ,Ordu,Altinordu,40.98125,37.87936,Ordu,Correct
EB075A49-E498-4A93-81E6-AB374D3F32A1,ADA ECZANESİ,Ordu,Ünye,41.12483,37.28215,Ordu,Correct
944706EB-80E7-4D16-B74C-ADA7F280EA6A,MELTEM ECZANESİ,Ordu,Fatsa,41.03026,37.49557,Ordu,Correct
EE9D045E-C7D8-4A48-B186-B01DD89F1D8D,AKYAZI ECZANESİ,Ordu,Altinordu,40.97615,37.91436,Ordu,Correct
BD17DCC6-5301-446A-8B0D-B0EF22724A48,TÜRKMENLER ECZANESİ,Ordu,Altinordu,40.96997,37.88832,Ordu,Correct
AA5ABAF5-274C-4C3A-8548-B1E1E923F3F9,ORDU ÜNYE MERKEZ YALI AİLE SAĞLIĞI MERKEZİ,Ordu,Ünye,41.13465,37.28799,Ordu,Correct
9F2E4FBB-608D-4B19-A562-B1ECEF6BAD64,SEVDA ÖNDER DERMATOLOJİ KLİNİĞİ,Ordu,Altinordu,40.98401,37.88105,Ordu,Correct
4125056F-C6F9-495F-8F9C-B3175850B1B3,VİTAMİN ECZANESİ,Ordu,Ünye,41.12472,37.28226,Ordu,Correct
81067250-989E-4B7D-9CF4-B3915819E88A,TÜLİN ECZANESİ,Ordu,Altinordu,40.9827,37.8825,Ordu,Correct
1A770325-4F31-4EFC-8277-B3C92F2930F2,KALPAKLIOĞLU ECZANESİ,Ordu,Altinordu,40.96749,37.89968,Ordu,Correct
4B518202-AEA3-4EEE-AF25-B3DF9C406C8E,TEPE ECZANESİ,Ordu,Ünye,41.14069,37.28133,Ordu,Correct
C107C7D0-EDBD-442D-B0F1-B496EE1879B2,ORDU ÜNYE TEKKİRAZ AİLE SAĞLIĞI MERKEZİ,Ordu,Ünye,40.98544,37.15897,Ordu,Correct
855E0377-A17B-4C99-9855-B4C2D1A08B1E,DERYA ORAL CANDAN MUAYENEHANESİ,Ordu,Fatsa,41.03101,37.50341,Ordu,Correct
E226FE2A-6C7A-48E3-8214-B4DE3C8BF2AC,CAN ECZANESİ,Ordu,Korgan,40.82902,37.34247,Ordu,Correct
00F7B1F6-3101-4672-A7B6-B537A75C9333,AHMET DUMAN MUAYENEHANESİ,Ordu,Altinordu,40.98507,37.87932,Ordu,Correct
93B314E3-94F5-46A7-817C-B544A89A8D39,KARAKAS ECZANESİ,Ordu,Kabadüz,40.85891,37.88979,Ordu,Correct
5DAB1C23-0B6F-4BE6-91CF-B5FF33766A5F,ORDU GÖLKÖY MERKEZ KARAHASAN AİLE SAĞLIĞI MERKEZİ,Ordu,Gölköy,40.65526,37.51924,Ordu,Correct
D457B098-724E-400E-AD43-B6A38EB8664E,ORDU İL SAĞLIK MÜDÜRLÜĞÜ,Ordu,Altinordu,40.97634,37.88402,Ordu,Correct
326D52EC-111D-4600-B734-B6C58A5011DD,SERHAT ECZANESİ,Ordu,Ünye,41.1229,37.27899,Ordu,Correct
AD563FE4-9940-4230-95B5-B71670DC6304,ERGÜL ECZANESİ,Ordu,Altinordu,40.97336,37.89273,Ordu,Correct
12DA9989-B82F-4489-85B0-B82F5CC1AD0D,CENNET AY TOK KLİNİĞİ,Ordu,Fatsa,41.03096,37.49986,Ordu,Correct
EA35F9A2-3DA6-40A0-8E0F-B87CE1B21A03,ORDU FATSA MERKEZ KURTULUŞ AİLE SAĞLIĞI MERKEZİ,Ordu,Fatsa,41.0261,37.51543,Ordu,Correct
DD6CBAA8-48A1-45B8-A4F3-B89EF20A395B,MESUDİYE ECZANESİ,Ordu,Mesudiye,41.08227,39.37758,Trabzon,Wrong
463418BE-BAA7-4A89-919D-B8FFDBF99E10,NİMET ECZANESİ,Ordu,Ulubey,41.0724,37.76603,Ordu,Correct
E1B2CB5D-5F51-4A2A-BF66-B90FE1886BC8,DOKUZ EYLÜL ECZANESİ,Ordu,Ünye,41.12942,37.28656,Ordu,Correct
64156291-08F9-4ADA-98B3-B964FB2B9748,AYBASTI TSM,Ordu,Aybasti,40.68327,37.4011,Ordu,Correct
4508B381-537E-4B21-A57C-B9A2F396824D,KOÇYİĞİT ECZANESİ,Ordu,Altinordu,40.98169,37.87933,Ordu,Correct
28A5478B-54A1-445E-B1B1-B9AE4016EA22,OGUZ KAAN ALICI MUAYENEHANESİ,Ordu,Altinordu,40.98524,37.87696,Ordu,Correct
DE5E3DC5-DA23-40DC-B0EB-B9BA15F938A1,T.C. S.B. ORDU DEVLET HASTANESİ,Ordu,Altinordu,40.96964,37.88753,Ordu,Correct
EBEFA30B-E431-4CF3-A384-BA39781EC5C5,ZEYNEP ECZANESİ,Ordu,Ünye,41.14229,37.28101,Ordu,Correct
0BC69152-6E6A-47E7-94CF-BA4D8D52023D,HAYAT ECZANESİ,Ordu,Fatsa,41.02965,37.50066,Ordu,Correct
359B4AD2-0679-4AD5-A655-BA88BB4B9498,DERMAN ECZANESİ,Ordu,Fatsa,41.03331,37.49451,Ordu,Correct
6F44155E-499C-4C68-9BC0-BC0793BA89EA,ORDU GÜLYALI MERKEZ AİLE SAĞLIĞI MERKEZİ,Ordu,Gülyali,40.96461,38.06257,Ordu,Correct
403D6CD9-E8D8-4299-A892-BC3FB075308D,ÖZEL DİŞPOL AĞIZ VE DİŞ SAĞLIĞI POLİKLİNİĞİ,Ordu,Altinordu,40.98289,37.88423,Ordu,Correct
5F55D7D1-53FF-40FA-9521-BD16A1ADCDD5,ORDU ALTINORDU UZUNİSA AİLE SAĞLIĞI MERKEZİ,Ordu,Altinordu,40.91713,37.83857,Ordu,Correct
C8F57520-CD6B-426D-9343-BD2671386DAB,DİLA TUĞBA ÖZDEMİR MUAYENEHANESİ,Ordu,Altinordu,40.98463,37.88306,Ordu,Correct
852E4C35-93DE-4940-8D42-BD5C1BAF2D3B,SAĞLIK ECZANESİ,Ordu,Aybasti,40.61896,37.38469,Ordu,Correct
3AB75C76-FD58-45ED-A2B9-BF80787C8703,ZEYNEP OZBAY MUAYENEHANESİ,Ordu,Ünye,41.12728,37.2849,Ordu,Correct
41076E75-DD84-4F37-9107-BFBB712955FE,ORDU FATSA MERKEZ DOLUNAY AİLE SAĞLIĞI MERKEZİ,Ordu,Fatsa,41.03764,37.48083,Ordu,Correct
34E67297-D559-4D8F-9F3D-C0012D047E40,ŞİFA ECZANESİ,Ordu,Altinordu,40.96813,37.90822,Ordu,Correct
DCAD5AC2-8C35-418E-96DD-C0274D150CFF,TUGCAN ECZANESI,Ordu,Altinordu,40.97938,37.91407,Ordu,Correct
961C86B6-0BC3-4633-B709-C090863B9132,LALE ECZANESİ,Ordu,Ünye,41.12147,37.27834,Ordu,Correct
E06308BB-A3AA-4077-BD8C-C136C699E3A1,ORDU ÇATALPINAR MERKEZ AİLE SAĞLIĞI MERKEZİ,Ordu,Çatalpinar,40.88097,37.45237,Ordu,Correct
D247CB8C-15CC-4700-84A2-C13CBF632AC9,GÖLEVİ ECZANESİ,Ordu,Ünye,41.14464,37.25466,Ordu,Correct
09676C0E-DD41-4CB0-BA82-C1A2DADC863C,DEMİRTAŞ ECZANESİ,Ordu,Altinordu,40.97982,37.88927,Ordu,Correct
B94AE7B9-5A4C-4CE8-AFA0-C22CB18DC09B,SELİN ECZANESİ,Ordu,Altinordu,40.98041,37.88498,Ordu,Correct
64FA1CDD-5A19-4580-BA60-C237AA1CFDBE,ORDU ALTINORDU ŞAHANCILI AİLE SAĞLIĞI MERKEZİ,Ordu,Altinordu,40.96729,37.89701,Ordu,Correct
582BBB31-91A1-460D-9C1D-C263D092E5D9,ARSLAN ECZANESİ,Ordu,Altinordu,40.97939,37.87938,Ordu,Correct
B3E8401D-B1CC-49D5-B15E-C3512F44D167,MEHMET GEDİK MUAYENEHANESİ,Ordu,Altinordu,40.98095,37.89281,Ordu,Correct
0E58A08B-ED0D-4F23-A4BA-C37205F4324B,KANAAT ECZANESİ,Ordu,Fatsa,41.02941,37.49999,Ordu,Correct
FDFD0221-8E99-4127-9FE0-C4DBE6E5CF44,MERT GERÇEKER ECZANESİ,Ordu,Altinordu,40.97879,37.90209,Ordu,Correct
D7008161-69D8-42CD-A146-C4E88F147A43,ORDU ALTINORDU AKYAZI AİLE SAĞLIĞI MERKEZİ,Ordu,Altinordu,40.98204,37.91039,Ordu,Correct
34735C39-C5E1-45B6-BC7A-C68AA4EF3192,COSMETIC DENTAL AĞIZ VE DİŞ SAĞLIĞI,Ordu,Altinordu,40.97911,37.90465,Ordu,Correct
63EC61DC-4345-4EED-992B-C713DBB2211D,EBRU ÇALIŞKAN HAYTA MUAYENEHANESİ,Ordu,Fatsa,41.03007,37.49863,Ordu,Correct
E0AAC035-53ED-452D-BD12-C7B21AECABFA,ÜMİT HAZAR MUAYENEHANESİ,Ordu,Altinordu,40.98504,37.87818,Ordu,Correct
10F2E4E1-9AE3-42CC-8E6B-C92B1731446A,KAYMAK ECZANESİ,Ordu,Altinordu,40.96711,37.89631,Ordu,Correct
144EB066-DAF7-4242-9FB3-C95BF927D31C,SARIKAYA ECZANESİ,Ordu,Ünye,41.11953,37.26607,Ordu,Correct
B5D108DC-153B-4CA3-8374-CA1E5668B5C6,ÇAKIR ECZANESİ,Ordu,Altinordu,40.97806,37.96081,Ordu,Correct
F6475DB2-CA19-46E0-9F7E-CA71D49C3D9A,AYLİN ECZANESİ,Ordu,Altinordu,40.96751,37.89697,Ordu,Correct
5EA4B94D-5292-4CED-A505-CA8D10C7CA48,AKKUŞ ECZANESİ,Ordu,Akkuş,40.79241,37.01694,Ordu,Correct
ACDF16B5-7B8A-4F70-AC89-CAC93741A89F,ORDU ULUBEY MERKEZ AİLE SAĞLIĞI MERKEZİ,Ordu,Ulubey,40.87397,37.75916,Ordu,Correct
0432990D-A9BA-49C1-BC80-CAFE7505DC0C,MERKEZ ECZANESİ,Ordu,Ünye,41.12938,37.28696,Ordu,Correct
8C48752A-FD0F-4061-824C-CBDE2BDD6C4B,MERKEZ ECZANESİ,Ordu,Fatsa,41.03511,37.49691,Ordu,Correct
CBA20CBD-F74D-47B7-8EEF-CC7238FFD52C,TEZEL ECZANESİ,Ordu,Ünye,41.12695,37.28635,Ordu,Correct
D6866105-2D32-4D32-9D24-CCBE59FF7D8C,GERÇEKER ECZANESİ,Ordu,Ünye,41.11977,37.27996,Ordu,Correct
34BDA8AD-F4A7-4AD0-B22C-CCC5CA92609E,ÖZEL FMC FATSA DİYALİZ MERKEZİ,Ordu,Fatsa,41.01489,37.85819,Ordu,Correct
0BDEFDB9-D866-4358-AFC9-CD1B1A4077FD,YÜZYIL ECZANESİ,Ordu,Ünye,41.12683,37.28842,Ordu,Correct
CBC35125-B8E7-4497-93AD-CD7CBBEE99E3,ŞAFAK ECZANESİ,Ordu,Gölköy,40.6849,37.61007,Ordu,Correct
B1881CD2-F1C2-4194-BE57-CD7D9BB7F9F4,MÜRSEL ÇEPNİ KLİNİĞİ,Ordu,Altinordu,40.97404,37.92098,Ordu,Correct
21F6AADB-DB27-4195-90C2-CDD421D29220,SAĞLIK ECZANESİ,Ordu,Akkuş,40.82859,37.34165,Ordu,Correct
D95A63E1-5600-4D46-AB77-CDDEFBAF58E9,DİLA ECZANESİ,Ordu,Çaybaşi,40.94382,37.00442,Ordu,Correct
A8592ACB-F05D-49E0-B4EC-CF08B74F2B32,NEFES ECZANESİ,Ordu,Ünye,41.12351,37.28043,Ordu,Correct
DD136968-A20E-4EE5-B920-CF15E4A01285,SAĞLIK ECZANESİ,Ordu,Altinordu,40.98475,37.88025,Ordu,Correct
C3460F6F-46DB-480A-A223-CF9DA162C390,ORDU ALTINORDU ZÜBEYDE HANIM AİLE SAĞLIĞI MERKEZİ,Ordu,Altinordu,40.96476,37.89935,Ordu,Correct
5571FA54-A1FB-4369-9D36-CFD8CE50E4C8,HAYAT ECZANESİ,Ordu,Fatsa,41.02965,37.50066,Ordu,Correct
836E89AF-3FD0-4B7A-8788-D048093C830D,SELÇUK AYDIN FİTOTERAPİ MERKEZİ,Ordu,Altinordu,40.9858,37.87826,Ordu,Correct
A38AFF8C-8F09-4BB4-814A-D0F96933450C,ÖZEL ORDU UMUT HASTANESİ ECZANESİ,Ordu,MERKEZ,41.1687,28.6573,İstanbul,Wrong
4C42D915-88F0-42FE-8FB1-D12E12AB87AA,ORDU FATSA MERKEZ MUSTAFA KEMAL PAŞA AİLE SAĞLIĞI MERKEZİ,Ordu,Fatsa,41.0301,37.49514,Ordu,Correct
1F11713B-7201-45B7-A209-D16D264BFD87,ARİF ECZANESİ,Ordu,Gölköy,40.68632,37.61,Ordu,Correct
CD65EFD4-7B8B-4DED-82EE-D1E059E3566B,MURAT ECZANESİ,Ordu,Altinordu,40.98391,37.87905,Ordu,Correct
3ADABFAE-686A-408E-8D14-D2052F585FC6,GÜLNARE ÇETİN MUAYENEHANESİ,Ordu,Altinordu,40.98159,37.88342,Ordu,Correct
2A7C82B7-2051-4B03-A5FD-D262DCFE008B,ORDU KUMRU MERKEZ DOĞU AİLE SAĞLIĞI MERKEZİ,Ordu,Kumru,40.88263,37.26134,Ordu,Correct
64E1276E-6B33-48E7-860B-D27123959955,ORDU ALTINORDU BAHÇELİEVLER AİLE SAĞLIĞI MERKEZİ,Ordu,Altinordu,40.98178,37.89382,Ordu,Correct
D9782B64-B5D8-4BDD-8280-D365E1F8B532,SELÇUK ECZANESİ,Ordu,Gürgentepe,40.7882,37.60606,Ordu,Correct
507FA31E-2946-452F-B538-D451ECE8CD68,ÖZLEM ECZANESİ,Ordu,Çatalpinar,41.02254,39.57071,Trabzon,Wrong
4983DD94-0BA2-4A7D-986F-D4DA297A6602,YÜCEL BAŞTÜRK KLİNİĞİ,Ordu,Altinordu,40.97623,37.91349,Ordu,Correct
6232637D-4F09-4577-9D76-D4FE27C719A1,ORDU ÜNYE 4 NOLU AİLE SAĞLIĞI MERKEZİ,Ordu,Ünye,41.14464,37.2546,Ordu,Correct
D5563392-BFC2-44DD-91B8-D50F5E23B659,CEBECİ ECZANESİ,Ordu,Perşembe,41.06432,37.7727,Ordu,Correct
90F1160D-3384-47BE-B9DF-D51E64CE560D,ÜMİT GÜNEY MUAYENEHANESİ,Ordu,Altinordu,40.97865,37.88693,Ordu,Correct
5DC7A673-A7C0-476A-83A9-D582243075CE,TÜRKMEN ECZANESİ,Ordu,Altinordu,40.97874,37.90535,Ordu,Correct
81B1BBCE-8DDE-4A01-A4ED-D5DEB803BC94,EMEL ÜNAL BİLGE KLİNİĞİ,Ordu,Altinordu,40.98122,37.90799,Ordu,Correct
D13BD734-8065-49A5-9C8A-D626EFB6C0AF,ÖZEL GÖZDE LAZER GÖZ HASTANESİ,Ordu,Altinordu,40.98159,37.89143,Ordu,Correct
18A8EF72-1C8A-4359-9B42-D734E9C9643A,ACAR ECZANESİ,Ordu,Altinordu,40.98544,37.87852,Ordu,Correct
2D2DE4B9-F045-44D0-A820-D84DBD9ADBE4,ORDU FATSA MERKEZ DUMLUPINAR AİLE SAĞLIĞI MERKEZİ,Ordu,Fatsa,41.0247,37.50448,Ordu,Correct
48E03448-67BB-4B51-9965-D88C82F9AD6A,ESRA ECZANESİ,Ordu,Fatsa,41.05054,37.61269,Ordu,Correct
E7658C6D-75B9-45C5-8A6A-D8D103E08E1C,ORDU ALTINORDU DURUGÖL AİLE SAĞLIĞI MERKEZİ,Ordu,Altinordu,40.97803,37.92247,Ordu,Correct
69422E1A-9FA5-47E1-A4F7-D8DD4214E332,KABATAŞ MERKEZ TSM,Ordu,Kabataş,40.75095,37.45028,Ordu,Correct
9083927C-2BB6-4273-A9C7-D9203B495A82,GÖNÜL ECZANESİ,Ordu,Aybasti,40.6848,37.39898,Ordu,Correct
ECE55C68-1577-4A31-BB7C-D97DBD09C14C,ZEYNEP ECZANESİ,Ordu,Altinordu,40.97958,37.92443,Ordu,Correct
86A77934-402F-4B59-BBA5-D9BFB1F665DE,RABİA AKSAKAL MUAYENEHANESİ,Ordu,Altinordu,40.97628,37.90425,Ordu,Correct
8085563F-3F57-48EE-B3E6-D9EC2C5145CE,ZULMUHAN GUL TULGAR MUAYENEHANESİ,Ordu,Altinordu,40.98473,37.87978,Ordu,Correct
722C21AE-9141-495E-A131-DA36C45161C8,ORDU DEVLET HASTANESİ AKYAZI SEMT POLİKLİNİĞİ,Ordu,Altinordu,40.97933,37.88764,Ordu,Correct
DCC361BA-4D58-4AE2-B6B6-DB539880CA38,ÖZEL ORDU UMUT HASTANESİ,Ordu,Altinordu,40.97193,37.89343,Ordu,Correct
E7C5C127-DA80-4F9B-97C1-DB5960F92B86,ESTE LİFE,Ordu,Altinordu,40.9867,37.87946,Ordu,Correct
0107E923-1598-4AE7-BF4B-DC8E7CA0E70C,DİAMOND SAGLİKLİ YASAM MERKEZİ,Ordu,Altinordu,40.98148,37.92532,Ordu,Correct
AF522701-8BB4-40D5-AAC1-DD683369B646,ORDU ÜNYE 2 NOLU AİLE SAĞLIĞI MERKEZİ,Ordu,Ünye,41.11928,37.26636,Ordu,Correct
D862BBA9-E850-49B3-BBB0-DD6A41B51ECE,ORDU ALTINORDU YENİMAHALLE AİLE SAĞLIĞI MERKEZİ,Ordu,Altinordu,40.97846,37.88632,Ordu,Correct
F7C1D84A-9207-489B-8784-DDF7170DAB17,ONUR ECZANESİ,Ordu,Kumru,40.8735,37.2629,Ordu,Correct
2D25CAAC-EA66-41F7-9FA0-DE60F4445D46,CENAN GÜNDÜZ MUAYENEHANESİ,Ordu,Fatsa,41.03003,37.49869,Ordu,Correct
21FDFB56-F33B-489F-96E9-DEE0708E33E4,T.C. S.B. ORDU KORGAN DEVLET HASTANESİ,Ordu,Korgan,40.97888,37.74424,Ordu,Correct
3DDD5CA1-989E-40F0-8D99-DFAF897B4FC1,ARDA ECZANESİ,Ordu,Altinordu,40.97879,37.90496,Ordu,Correct
C3797F8F-DE16-40FC-9355-E06FF80E6629,DERMAN ECZANESİ,Ordu,Ünye,41.12954,37.28684,Ordu,Correct
AAC0E97B-DA79-4C82-BF84-E123F06E3F14,ORDU ALTINORDU KARŞIYAKA AİLE SAĞLIĞI MERKEZİ,Ordu,Altinordu,40.97426,37.91725,Ordu,Correct
B12C9032-8F94-4AD6-BACF-E167471128C8,YAVUZ ECZANESI,Ordu,Korgan,40.829,37.34491,Ordu,Correct
E605D4BD-6169-4ACD-AF5A-E1ABA7D20D75,UĞUR ORAL DİŞ KLİNİĞİ,Ordu,Ünye,41.12458,37.2824,Ordu,Correct
2F29A946-4682-44CC-B7DF-E1E16FE682CB,RECEP ÖZKESER MUAYENEHANESİ,Ordu,Aybasti,40.68446,37.39873,Ordu,Correct
6F7260C9-691E-42C5-877B-E35FEC614F93,BOĞAZİÇİ ECZANESİ,Ordu,Kumru,40.87281,37.26031,Ordu,Correct
EF629DA5-9693-44C0-98DC-E4C593320D66,BÜLENT TEVFİK SARIOĞLU MUAYENEHANESİ,Ordu,Altinordu,40.98367,37.88998,Ordu,Correct
8BCEE80C-3E6F-42CA-88FB-E4C75458FE24,YENİ MEDRESEÖNÜ ECZANESİ,Ordu,Perşembe,41.07507,37.65482,Ordu,Correct
96A955C7-61C4-4C1B-8809-E531610231A3,ÖZEL MEDİCAL PARK ORDU HASTANESİ,Ordu,Altinordu,40.97873,37.9055,Ordu,Correct
04BBCBE3-B55C-4B59-9046-E628C1888098,ORDU ÖZEL YAŞAM SAĞLIK EĞİTİM HİZMETLERİ,Ordu,Altinordu,41.01822,37.839,Ordu,Correct
947FCF93-D402-4033-9D3F-E6DCFD53211C,BEŞLİOĞLU ECZANESİ,Ordu,Ünye,41.13011,37.28644,Ordu,Correct
7D67DB32-1536-4FAB-B440-E75552589931,MEHMET KATIRCIOĞLU MUAYENEHANE,Ordu,Altinordu,40.98547,37.88316,Ordu,Correct
461160C8-B292-4FC7-AB6B-E755D902CE36,UZUNKÖK ECZANESİ,Ordu,Fatsa,41.02895,37.49904,Ordu,Correct
EFC21874-A91A-4090-B7E0-E78C7693B241,BAHÇELİEVLER ECZANESİ,Ordu,Altinordu,40.98179,37.89379,Ordu,Correct
39C17754-6ED5-40A5-927A-E82058E94A6B,HAYATİ ÖZTÜRK MUAYENEHANESİ,Ordu,Altinordu,40.98554,37.87873,Ordu,Correct
141EBA69-A18F-4231-8BC5-E823BBFEF5E8,DERMAN ECZANESİ,Ordu,Fatsa,41.03331,37.49451,Ordu,Correct
D63EC800-7F0C-4448-A7AF-E84C5E348BB6,KORGAN TOPLUM SAĞLIĞI MERKEZİ,Ordu,Korgan,40.82163,37.34604,Ordu,Correct
FACE3E8C-8F28-4BFD-9102-E8AEFD4A05BA,FATSA DENT AGİZ VE DİS SAĞLIĞI POLİKLİNİĞİ,Ordu,Fatsa,38.4245,27.41803,İzmir,Wrong
9D258720-8CF5-444F-B5AF-E9F0B61B763A,ORDU ALTINORDU SUBAŞI AİLE SAĞLIĞI MERKEZİ,Ordu,Altinordu,40.97773,37.88897,Ordu,Correct
01C51A67-65B0-4A83-83F8-EA125FF650E9,AKİF ERSOY KLİNİĞİ,Ordu,Altinordu,40.9862,37.87751,Ordu,Correct
80259DD5-C04F-4217-9BAB-EA7A545BB177,KEREM ECZANESI,Ordu,Fatsa,41.0292,37.50358,Ordu,Correct
7A2E1DC7-18A2-4612-A221-EA9F79FDFA9D,CÖMERT ECZANESİ,Ordu,Kabataş,40.68557,37.39947,Ordu,Correct
FB233E12-6B1A-448D-BC0C-EAB6D7BE0460,İBNİSİNA ECZANESİ,Ordu,Altinordu,40.97016,37.88875,Ordu,Correct
2061F6AF-149F-4FBC-B7D4-EB1E8E7F8686,ÖZEL SENA İSTER GÜNEYTEPE MUAYENEHANESİ,Ordu,MERKEZ,41.0174,29.2375,İstanbul,Wrong
7E47B85F-683D-4550-8A65-EC016444B45D,BAYŞU ECZANESİ,Ordu,Fatsa,41.0368,37.47836,Ordu,Correct
579A923A-DAE3-4F68-B790-ED2EC3CCE034,MURAT KAYNAROĞLU MUAYENEHANESİ,Ordu,Fatsa,40.68806,37.61688,Ordu,Correct
FDCEB76D-6459-49B4-BB32-EDD35A03F2C6,DEFNE ECZANESİ,Ordu,Akkuş,40.79343,37.01707,Ordu,Correct
C36E5B74-108C-4416-AF58-EE4B497C560A,ZAİMOĞLU ECZANESİ,Ordu,Altinordu,40.98167,37.87949,Ordu,Correct
DEC204AD-3DA7-46AE-BF89-EE4BEE8D634F,YILMAZ ECZANESİ,Ordu,Ünye,41.12095,37.29424,Ordu,Correct
3FABA8E7-9CDE-4D2C-9F8C-EF7D9C7237C2,ORDU ÜNİVERSİTESİ EĞİTİM VE ARAŞTIRMA HASTANESİ KADIN DOĞUM VE ÇOCUK HASTANESİ EK HİZMET BİNASI,Ordu,Altinordu,40.97738,37.8833,Ordu,Correct
9F94D3F2-6E53-44F5-8F7B-EFDF3B08BA25,PERŞEMBE MERKEZ TSM,Ordu,Perşembe,41.06193,37.77554,Ordu,Correct
A971B81D-297F-4E77-B660-F1283B90EE90,UZMAN DYT GÜLCE TAŞTEMEL,Ordu,Altinordu,40.98553,37.88426,Ordu,Correct
15D083E0-859E-47A7-84C4-F12C017A9436,ÖMÜR ECZANESİ,Ordu,Altinordu,40.9845,37.88221,Ordu,Correct
1B16FCC7-3705-48CF-A04E-F398C82117C9,DİLEK ECZANESİ,Ordu,Fatsa,41.03896,37.47912,Ordu,Correct
ADF704F9-2AA4-4F15-9AD8-F519FFF1C528,ÖZBEK ECZANESİ,Ordu,Gülyali,40.96578,38.06157,Ordu,Correct
0271ED85-C1C1-4F24-B603-F5B3D2B20445,TELCİOĞLU ECZANESİ,Ordu,Ünye,41.10742,37.35822,Ordu,Correct
12A579B2-F45D-46CE-B4D9-F6396A046B90,AHMET CEVAT ERASLAN MUAYENEHANESİ,Ordu,Fatsa,39.24497,-76.55916,No Info,No Info
C8CA6E89-6785-4BE7-98A3-F7B9D5F3C058,EBRU ZEYNEP ÇÖP MUAYENEHANESİ,Ordu,Ünye,41.12898,37.28752,Ordu,Correct
3B81B322-12F8-428D-A97C-F7F29C5B34C4,KARADENİZ ECZANESİ,Ordu,Perşembe,40.98851,37.73366,Ordu,Correct
CAF92DC5-D9A7-4E79-AA8F-F8FD8EAB311C,DEVA ECZANESİ,Ordu,Perşembe,41.06741,37.77263,Ordu,Correct
57948E5A-F9B0-491C-846C-F90ABD51D77C,HİLAL KURUL KLİNİĞİ,Ordu,Altinordu,40.98202,37.90602,Ordu,Correct
344AEF63-6251-4CDF-B9F5-F93EFD67D13E,HULUSİ GÜREL MUAYENEHANESİ,Ordu,Altinordu,40.97938,37.89706,Ordu,Correct
4FA01997-0A36-497C-96F1-F9C0DE231B23,ÜNYE MERKEZ TSM,Ordu,Ünye,41.12475,37.28223,Ordu,Correct
41C26E19-4BB8-4192-BAAE-F9CD2BD42031,MELİH CEVDET ÇETİNKAYA MUAYENEHANESİ,Ordu,Altinordu,40.98257,37.90518,Ordu,Correct
7DD7CF8F-5B14-438B-BC80-FA9368EEAD34,DOĞA ECZANESİ,Ordu,Altinordu,40.97766,37.8891,Ordu,Correct
CD8C1557-A74D-425B-A7F5-FB00B12BFBC9,T.C. S.B. ORDU KUMRU DEVLET HASTANESİ,Ordu,Kumru,40.87301,37.26924,Ordu,Correct
2847A4A4-BEFA-4608-B71E-FB34177288A7,HALK ECZANESİ,Ordu,Aybasti,40.68536,37.39993,Ordu,Correct
E7EE5CA4-D1CC-4086-A97C-FB7F671C4E1F,T.C. S.B. ORDU ÜNYE DEVLET HASTANESİ,Ordu,Ünye,41.14284,37.29241,Ordu,Correct
D2185871-82A5-4485-8699-FBEF2923A14E,AKIN TOKATLİ MUAYENEHANESİ,Ordu,Ünye,41.13009,37.28579,Ordu,Correct
A43594F4-769F-4885-8C9E-FCB997B54490,T.C. S.B. ORDU AKKUŞ DEVLET HASTANESİ,Ordu,Akkuş,40.79424,37.01574,Ordu,Correct
F7C869FE-9269-4D99-8A2C-FDE85301CCEC,BURCU TİMUR MUAYENEHANESİ,Ordu,Altinordu,40.98294,37.89726,Ordu,Correct
34B679A6-7488-4DE0-8E00-FF14B654B29B,MELİKE ECZANESİ,Ordu,Fatsa,41.03432,37.48559,Ordu,Correct
