UnitId,UnitName,CityName,DistrictName,Latitude,Longitude,DetectedCity,Match
B22936D3-37F1-41F2-A4A0-002637F27624,GÖK ECZANESİ,Osmaniye,Kadirli,37.36926,36.06893,Osmaniye,Correct
B21D92B1-EF6C-4E53-864B-002DCDE5802E,NUR ECZANESİ,Osmaniye,Merkez,37.07008,36.24598,Osmaniye,Correct
0E3DA4F9-FCE8-483B-8E9D-00E9EC97D407,İKBAL ECZANESİ,Osmaniye,Merkez,37.08583,36.2748,Osmaniye,Correct
A417E5DC-7178-407A-B257-0133524DC9B4,ÇIĞDEM ÇIMEN KOÇAK MUAYENEHANESİ,Osmaniye,Merkez,39.60497,-76.07916,Maryland,Wrong
58D92513-D272-4E0C-95B1-01655F8FD9FB,EZGİ ECZANESİ,Osmaniye,Merkez,37.33904,28.14496,Muğla,Wrong
C070F6C3-2FF7-4EC6-BE34-022EA42AA39F,OSMANİYE İLİ KAMU HASTANELERİ BİRLİĞİ GENEL SEKRETERLİĞİ DÜZİÇİ DEVLET HASTANESİ,Osmaniye,Düziçi,37.90613,41.13128,Batman,Wrong
AE35814A-58C9-4C40-96E6-043329548EB8,ÖNER DİŞ POLİKLİNİĞİ,Osmaniye,Düziçi,37.24028,36.45165,Osmaniye,Correct
34298AC7-1652-4B5E-9C79-05E24FF02C23,ALANUR ECZANESİ,Osmaniye,Merkez,36.99914,36.18893,Hatay,Wrong
BB661544-E3BF-4D69-917D-08318A3BF427,KARGIOĞLU ECZANESİ,Osmaniye,Kadirli,37.36361,36.09601,Osmaniye,Correct
71341C67-5216-4AAD-9A43-08FF0857876C,CİHAN ECZANESİ,Osmaniye,Merkez,37.07013,36.23201,Osmaniye,Correct
9C4D3A4B-F5EB-49FC-873D-0A4541E4E568,DÜZİÇİ ECZANESİ,Osmaniye,Düziçi,37.24219,36.45562,Osmaniye,Correct
1BDFC709-DC8E-488B-8734-0ACDC6652601,YAŞAM ECZANESİ,Osmaniye,Merkez,37.07096,36.2449,Osmaniye,Correct
2E074583-974C-4046-A3F0-0C4602726990,HAMEDOĞLU ECZANESİ,Osmaniye,Merkez,37.07397,36.24969,Osmaniye,Correct
9EFD99AC-2004-4F80-9175-0C49A3C2D90E,HALİT ECZANESİ,Osmaniye,Düziçi,37.26125,36.34158,Osmaniye,Correct
A1C7892C-22A3-4754-94C2-0CECB88C7216,DAMLA ECZANESİ,Osmaniye,Kadirli,37.35113,36.07634,Osmaniye,Correct
765483F0-F6B0-41C8-95BE-0DB21F4EB2EA,İSTANBUL ECZANESİ,Osmaniye,Merkez,37.07321,36.23507,Osmaniye,Correct
B027B429-F513-4CE8-A9B0-0ECD218A7053,YAYCIOĞLU ECZANESİ,Osmaniye,Merkez,41.08932,31.12335,Düzce,Wrong
8F9C509B-2753-4F2E-9F89-0EFD739558E5,EBRU ECZANESİ,Osmaniye,Kadirli,37.36874,36.10426,Osmaniye,Correct
3017251E-5CE9-438A-90D7-0F2A2D7720F1,MUSTAFA OLCAR ECZANESİ,Osmaniye,Kadirli,37.34595,36.09746,Osmaniye,Correct
03E7F332-B85E-4F60-B57A-0F5B132C1329,OSMANİYE MERKEZ 18 NOLU AİLE SAĞLIĞI MERKEZİ,Osmaniye,Merkez,37.04315,36.22502,Osmaniye,Correct
59B1314D-8632-4374-A090-0F6F9574F925,MART ECZANESİ,Osmaniye,Düziçi,37.24505,36.46153,Osmaniye,Correct
FB77F8EB-8089-404F-BEC4-110816449ABE,KAYA ECZANESİ,Osmaniye,Merkez,37.36433,36.10989,Osmaniye,Correct
DA16329F-E319-49BE-BE51-119EC78B9BB9,URAL KARADUMAN MUAYENEHANESİ,Osmaniye,Merkez,37.07126,36.25288,Osmaniye,Correct
79F00584-DAAD-4BF3-9E5E-15855242C3D0,MERVE ECZANESI,Osmaniye,Kadirli,37.36447,36.07631,Osmaniye,Correct
7F81B733-A98E-452A-BBD1-15879FC5A4E6,MERVE KAŞDAŞ ECZANESİ,Osmaniye,Merkez,37.22878,32.96112,Karaman,Wrong
FA4C1DF4-0C73-42BA-95ED-16FCB8529055,KARAMAN ECZANESİ,Osmaniye,Merkez,37.08969,36.26562,Osmaniye,Correct
76E19219-A059-4A62-9CC6-173862959DD3,TUĞBA ECZANESİ,Osmaniye,Merkez,37.08958,36.26551,Osmaniye,Correct
358A5F28-2BE8-4102-802E-176B6A69B123,OSMANİYE MERKEZ 6 NOLU KARAÇAY AİLE SAĞLIĞI MERKEZİ,Osmaniye,Merkez,37.05837,36.27377,Osmaniye,Correct
71F0988D-993B-44AE-8DAD-17A1AD0FFECE,DEMİRBÜKER ECZANESİ,Osmaniye,Merkez,37.0828,36.25834,Osmaniye,Correct
582F567A-2691-4FD9-9E2B-1823B80423C3,EDA ECZANESİ,Osmaniye,Merkez,37.06857,36.24302,Osmaniye,Correct
1EB5EEF5-A4DE-4586-A78A-1829A569F1C3,ŞEBNEM ECZANESİ,Osmaniye,Merkez,40.08106,29.50879,Bursa,Wrong
9C0B2F7E-EF63-4F34-8C67-188587E8B45E,OSMANİYE MERKEZ 23 NOLU TOKİ EVLERİ AİLE SAĞLIK MERKEZİ,Osmaniye,OSMANİYE MERKEZ,37.07987,36.19479,Osmaniye,Correct
7EE65627-72BF-445C-BF1A-18D63333BA86,METEHAN ECZANESİ,Osmaniye,Merkez,37.09441,36.30118,Osmaniye,Correct
BE3DC2AA-CBD4-4728-8774-1902FD51FA45,KARALI ECZANESİ,Osmaniye,Sumbas,37.45358,36.02423,Osmaniye,Correct
351F973B-DD25-42F7-9C6B-1B9E231F567E,OSMANİYE MERKEZ 22 NOLU AİLE SAĞLIĞI MERKEZİ,Osmaniye,Merkez,39.17027,-76.65876,Glen Burnie,Wrong
E5F37AD9-13C8-4DEB-AE36-1C547EC4FCBB,OSMANİYE DEVLET HASTANESİ KURUM ECZANESİ,Osmaniye,Merkez,37.05635,36.17886,Osmaniye,Correct
11314BF7-F23E-46BA-B08B-1C62B5A78927,OSMANİYE DÜZİÇİ 1 NOLU ŞEHİT SELÇUK CAN AİLE SAĞLIĞI MERKEZİ,Osmaniye,Düziçi,37.25974,36.46567,Osmaniye,Correct
17F68B32-3DD9-4902-89EF-1D846FC461E0,YÜCEL ECZANESİ,Osmaniye,Düziçi,37.25083,36.44604,Osmaniye,Correct
8285FC45-97DB-43B1-81EF-1DBB5ADEB513,OSMANİYE MERKEZ 24 NOLU AİLE SAĞLIĞI MERKEZİ,Osmaniye,Merkez,37.06602,36.24154,Osmaniye,Correct
F20D6320-2DB3-484F-B65C-1DE2E861E68A,OSMANİYE MERKEZ 7 NOLU HASAN KESKİNER AİLE SAĞLIĞI MERKEZİ,Osmaniye,Merkez,37.05287,36.2448,Osmaniye,Correct
0BC491F9-BEEF-4290-A28A-1F3C642A8846,YONCA ECZANESİ,Osmaniye,Kadirli,37.36875,36.10427,Osmaniye,Correct
D66637EC-E1DD-4358-957F-21213B978B9B,OLCAR ECZANESİ,Osmaniye,Kadirli,37.3646,36.07622,Osmaniye,Correct
E0BA3BB6-00B1-440B-83CC-2144A63726E0,YARDIM ECZANESİ,Osmaniye,Bahçe,37.23936,36.43785,Osmaniye,Correct
56FF5A93-E36C-4ED9-9F3E-22255CB82F11,ALİ YANIK AĞIZ DİŞ SAĞLIK MERKEZİ ORTODONDİ UZMANI,Osmaniye,Kadirli,37.3653,36.06547,Osmaniye,Correct
97503D4C-54B3-41B8-A872-2240E8B66BBF,CİHANGİR SEZGİN MUAYENEHANESİ,Osmaniye,Merkez,37.07379,36.25024,Osmaniye,Correct
57CCE9CB-F101-4203-A9C3-22DBC8031A7E,HASAN HATİPOĞLU MUAYENEHANESİ,Osmaniye,Merkez,37.06579,36.23949,Osmaniye,Correct
B0D370BC-9FF6-4B46-B70D-2504A623017E,OSMANİYE DÜZİÇİ 5 NOLU AİLE SAĞLIĞI MERKEZİ,Osmaniye,Düziçi,37.2417,36.4568,Osmaniye,Correct
6EB05BCC-4CFD-40E6-91D0-2615EE99E7CA,OSMANİYE SUMBAS MEHMETLİ ŞEHİT MUSTAFA İBİCİOĞLU AİLE SAĞLIĞI MERKEZİ,Osmaniye,Sumbas,37.48392,36.04592,Osmaniye,Correct
6ADE3A3A-6482-46D7-8C8D-26327F638568,ATCI ECZANESİ,Osmaniye,Kadirli,37.37956,36.0994,Osmaniye,Correct
C8AD2371-6BB9-4310-B32F-2746A84157CB,DEFNE ECZANESİ,Osmaniye,Merkez,37.05951,36.2446,Osmaniye,Correct
DDBBFB46-3F89-404B-B45E-28289AF31648,OSMANİYE BEYAZDİŞ AĞIZ VE DİŞ SAĞLIĞI POLİKLİNİĞİ,Osmaniye,Merkez,37.07429,36.24529,Osmaniye,Correct
71A0777D-9DD8-45A9-AC17-28867F2146D7,OSMANİYE DÜZİÇİ 3 NOLU ECZACI ALİ MİDİRAP-FEVZİYE ÖZÇELİK AİLE SAĞLIĞI MERKEZİ,Osmaniye,Düziçi,37.23211,36.44951,Osmaniye,Correct
4AEEB7BF-C935-4593-9F6B-28B8295C1BAC,BAYAZITOĞLU ECZANESİ,Osmaniye,Kadirli,37.34592,36.09703,Osmaniye,Correct
EC1E6111-F242-4984-9E1E-2986516B4867,KEMAL HUYLU-YUSUF BOZKURT MUAYENEHANESİ,Osmaniye,Merkez,37.07219,36.24196,Osmaniye,Correct
BD74E828-6202-4467-9697-2B1AE11263B9,CAN ECZANESİ,Osmaniye,Kadirli,37.36654,36.12143,Osmaniye,Correct
F3F13768-975B-49EF-866C-2CA3A4939457,SEVDE AĞIZ VE DİŞ SAĞLIĞI POLİKLİNİĞİ,Osmaniye,Kadirli,37.37126,36.10076,Osmaniye,Correct
EE80420F-07EA-4064-8955-2CAB3B2DEAF0,UCAR ECZANESI,Osmaniye,Merkez,37.09179,36.29959,Osmaniye,Correct
B4C496E9-447C-4DFE-9284-2D347C13D9F1,BÜYÜKMERT ECZANESİ,Osmaniye,Düziçi,37.23927,36.45441,Osmaniye,Correct
BF6B4816-30C7-465D-8706-2D560EA864D4,OSMANİYE DÜZİÇİ ÇOTLU AİLE SAĞLIĞI MERKEZİ,Osmaniye,Düziçi,37.33955,36.45235,Osmaniye,Correct
E1C118BC-E2E7-4D9A-90AA-2E86FA75E4D4,ÖZEL DENTESTETİK AĞIZ VE DİŞ SAĞLIĞI POLİKLİNİĞİ,Osmaniye,Merkez,37.07461,36.2534,Osmaniye,Correct
E9ED9777-A0BE-444E-9EBD-2FE91CE1C5D5,TAŞKIN ECZANESİ,Osmaniye,Düziçi,37.24218,36.45561,Osmaniye,Correct
5DC7DD02-B783-42CB-BE95-3110D1224D51,EVİN ECZANESİ,Osmaniye,Merkez,37.05792,36.27324,Osmaniye,Correct
C2DBEBE1-CC17-455D-93BD-31B8119C55DE,MÜDERRİSOĞLU ECZANESİ,Osmaniye,Merkez,38.63698,27.39324,Yunusemre,Wrong
0F81B3D4-4F8A-4E0A-B206-335F8C020E42,EREN ECZANESİ,Osmaniye,Düziçi,37.21147,36.43407,Osmaniye,Correct
3D3539B7-DCBB-405C-A1C2-359FC01CC88F,OSMANİYE TOPRAKKALE AİLE SAĞLIĞI MERKEZİ,Osmaniye,Toprakkale,37.06784,36.14781,Osmaniye,Correct
A8D18797-D6C6-4551-A16D-360946F216BA,BEDİRHAN ECZANESİ,Osmaniye,Merkez,37.05693,36.23072,Osmaniye,Correct
2C71B797-25B5-4ABF-B4F2-364923491209,OKYANUS ECZANESİ,Osmaniye,Merkez,37.08324,36.25828,Osmaniye,Correct
7F24BE82-3854-490C-AD86-36BF6E638949,TÜRKAN ECZANESİ,Osmaniye,Kadirli,37.3688,36.1043,Osmaniye,Correct
C8D5E91A-3334-4D8F-B6F1-36CE4A900DAD,SOYLAR ECZANESİ,Osmaniye,Kadirli,37.36871,36.09719,Osmaniye,Correct
AE3ADD6E-B2D0-4AC7-BD3D-37BE27EC9C20,TOKLU ECZANESİ,Osmaniye,Merkez,37.03855,36.2273,Osmaniye,Correct
B9EB36ED-E76B-4375-9C11-37DE9BC7B4BD,ASLAN ECZANESİ,Osmaniye,Toprakkale,37.05426,36.09347,Osmaniye,Correct
8B8583E6-6C2F-4163-8715-3ACB5BE2339B,EMRAH ECZANESİ,Osmaniye,Sumbas,37.45358,36.02372,Osmaniye,Correct
72E6FBFE-C3C0-4FD8-94DD-3C4B0390D777,DR. NEVRA KLİNİK,Osmaniye,Merkez,39.01367,-76.86756,Maryland,Wrong
9B56D2F3-9630-4086-9ED6-3C6BF794FE08,OSMANİYE KADİRLİ 10 NOLU AİLE SAĞLIĞI MERKEZİ,Osmaniye,Kadirli,37.35898,36.07744,Osmaniye,Correct
A1C10C80-B371-4E4C-83AE-3D08217AFF65,DEMİR ECZANESİ,Osmaniye,Kadirli,37.37661,36.09665,Osmaniye,Correct
2B2D1143-E10F-4172-97AF-3DA96144A545,PAŞAOĞLU ECZANESI,Osmaniye,Kadirli,37.34594,36.09693,Osmaniye,Correct
24A6105F-CA99-48EB-BB52-3F2C9AD663DC,AYŞEGÜL ECZANESİ,Osmaniye,Düziçi,37.23141,36.44578,Osmaniye,Correct
5A77C1D1-35DE-4480-BF0C-425B3EE013D8,YİĞİT ECZANESİ,Osmaniye,Merkez,37.05287,36.24514,Osmaniye,Correct
56730ADF-3F16-4E6E-BCD5-430F68F4F8AA,MELİKE ECZANESİ,Osmaniye,Düziçi,37.24063,36.44013,Osmaniye,Correct
A6B8FD67-6412-49BB-B406-454C4CF08BD9,ŞAŞMAZ ECZANESİ,Osmaniye,Merkez,37.06534,36.25683,Osmaniye,Correct
6DEA209C-2BB2-408A-A24B-45A3CF7AA9E4,HAYAT ECZANESİ,Osmaniye,Düziçi,37.24248,36.45437,Osmaniye,Correct
F6DBBDCE-A7EC-4B8D-B4D1-46DD543D09A2,OSMANİYE MERKEZ 11 NOLU MAREŞAL FEVZİ ÇAKMAK AİLE SAĞLIĞI MERKEZİ,Osmaniye,Merkez,37.08998,36.26525,Osmaniye,Correct
0E4C2E60-DA1F-43B6-9845-47023F7CCDE6,SUMBAS MERKEZ TSM,Osmaniye,Sumbas,37.45384,36.02483,Osmaniye,Correct
52851D6A-0E86-443E-AEA1-4729904D293A,ERKAN ECZANESİ,Osmaniye,Kadirli,37.36443,36.07289,Osmaniye,Correct
402E53ED-F5A8-4F0D-8B87-47FC6E6139D5,EFENDİOĞLU ECZANESİ,Osmaniye,Merkez,37.07135,36.2537,Osmaniye,Correct
6591EFEF-DB65-4949-9F47-487FB500254B,OSMANİYE MERKEZ 20 NOLU AİLE SAĞLIĞI MERKEZİ,Osmaniye,Merkez,37.07617,36.25606,Osmaniye,Correct
0ECDD906-7A4F-46E1-923D-48C630CDFADF,ÇAVUŞ ECZANESİ,Osmaniye,Toprakkale,37.12785,36.56319,Osmaniye,Correct
735342DB-0BC2-487E-8778-49042FA9B9B6,OSMANİYE MERKEZ GEBELİ ASM,Osmaniye,Merkez,37.07018,36.26866,Osmaniye,Correct
BD35875E-EED0-49AC-A7A5-4A31CF110864,AYDIN ECZANESİ,Osmaniye,Düziçi,37.24467,36.45389,Osmaniye,Correct
8D2FEFFB-CE12-4FB0-B504-4AF02433F9C5,LOĞOĞLU ECZANESİ,Osmaniye,Merkez,37.12878,36.55885,Osmaniye,Correct
03774FBF-0CFB-4B3F-AA17-4D35F0F7553D,CENGİZ PARLAK ECZANESİ,Osmaniye,Merkez,37.08518,36.2742,Osmaniye,Correct
5D0061C0-D1D9-4C9F-8AF6-4EC9FE8325BC,OSMANİYE DEVLET HASTANESİ,Osmaniye,Merkez,37.05194,36.24921,Osmaniye,Correct
C6375932-9716-4BB2-BED0-4EEE31621B78,ÖZEL BÜLENT AKSAK AĞIZ VE DİŞ SAĞLIĞI POLİKLİNİĞİ,Osmaniye,Kadirli,37.36828,36.08699,Osmaniye,Correct
9B5ADB29-5349-4656-B355-4F2300D0CD1B,DEVA ECZANESİ,Osmaniye,Kadirli,37.36859,36.10416,Osmaniye,Correct
64BF53D5-4D6F-4FCB-9F40-502C36A52849,YALÇIN ECZANESİ,Osmaniye,Merkez,37.07349,36.24713,Osmaniye,Correct
5E53A5EA-9A44-4F8F-BC81-506965040F88,İPEK ECZANESİ,Osmaniye,Merkez,39.65627,-76.01076,Maryland,Wrong
B40E9338-00A3-4A50-8C79-5131E4FF0990,DİLŞAD ECZANESİ,Osmaniye,Düziçi,37.24308,36.4568,Osmaniye,Correct
A9BF4F23-4E06-488F-B2F0-522D1F2D1D81,TOPAL ECZANESİ,Osmaniye,Merkez,37.06705,36.24972,Osmaniye,Correct
EB2E8522-5783-4B57-B0EC-52DBDBEA06A5,OSMANİYE DÜZİÇİ 2 NOLU AİLE SAĞLIĞI MERKEZİ,Osmaniye,Düziçi,37.24419,36.45557,Osmaniye,Correct
5014287F-AE6F-4354-917A-54866B73C26C,SAVRUN ECZANESİ,Osmaniye,Kadirli,37.3701,36.0956,Osmaniye,Correct
A3CBC876-38F3-4A40-9D3A-54A0211E0EB2,OSMANİYE MERKEZ ÇARDAK AİLE SAĞLIĞI MERKEZİ,Osmaniye,Merkez,37.0926,36.30201,Osmaniye,Correct
E0F1D47D-000C-4626-97B0-54A04AD15AC9,OSMANİYE İLİ KAMU HASTANELERİ BİRLİĞİ GENEL SEKRETERLİĞİ OSMANİYE DEVLET HASTANESİ,Osmaniye,Merkez,36.80868,34.62135,Mersin,Wrong
43497FC1-1F74-409D-B952-554B0CBF8964,NAMLI ECZANESI,Osmaniye,Düziçi,37.25974,36.46631,Osmaniye,Correct
74665BF6-D65F-4376-BB24-558CAB13466A,HAVANA ECZANESİ,Osmaniye,Merkez,37.07102,36.25408,Osmaniye,Correct
3600BCAC-1A87-4E7F-92DE-55C76BDE7A40,GAMZE ECZANESİ,Osmaniye,Merkez,37.13088,36.54473,Osmaniye,Correct
F3E9BF93-CF54-477E-872A-577D6BF20297,BÖLÜKBAŞI ECZANESİ,Osmaniye,Merkez,37.07045,36.2525,Osmaniye,Correct
11F0A436-FB20-41EA-BEC7-579E34EFAE39,OSMANİYE MERKEZ 21 NOLU AİLE SAĞLIĞI MERKEZİ,Osmaniye,Merkez,37.08117,36.23732,Osmaniye,Correct
CF2682E3-61C2-4C4C-A13E-593D766B3A21,ERDEM ECZANESİ,Osmaniye,OSMANİYE MERKEZ,37.08963,36.26557,Osmaniye,Correct
D8C89005-2E73-4A2F-BA1E-5A98739C7644,OSMANİYE KADİRLİ 2 NOLU ŞEHİT TUFAN BÜYÜKAHRAZ AİLE SAĞLIĞI MERKEZİ,Osmaniye,Kadirli,37.36655,36.09635,Osmaniye,Correct
2DB2ED0C-BED2-4CFD-901E-5B2CAE30B663,OSMANİYE ÖZEL İBNİ SİNA HASTANESİ,Osmaniye,Merkez,37.08089,36.26304,Osmaniye,Correct
ACFA21F2-877E-41CB-A3A3-5B7E1F6C83C2,MİMAR SİNAN ECZANESİ,Osmaniye,Merkez,40.92855,40.05105,Trabzon,Wrong
E4AA1CCF-F13B-4E8A-A85E-5BC0413B3768,DAĞLI ECZANESİ,Osmaniye,Merkez,38.94707,-76.95636,Maryland,Wrong
C07EDB44-5ABC-4DCF-AD5B-5DBB98391EB1,OSMANİYE BAHÇE AİLE SAĞLIĞI MERKEZİ,Osmaniye,Bahçe,37.19827,36.5746,Osmaniye,Correct
D6BA5689-1091-4103-A228-5DBD381829C3,UĞUR ECZANESİ,Osmaniye,Bahçe,37.20072,36.57741,Osmaniye,Correct
E03824F7-8EC8-4340-9E91-5E0E3012A097,TEKMAN ECZANESİ,Osmaniye,Kadirli,37.37079,36.09634,Osmaniye,Correct
5F486FDF-47AE-4667-993E-5E309BE7AA56,ÖZEL OSMANİYE SEVGİ HASTANESİ,Osmaniye,Merkez,37.07339,36.24409,Osmaniye,Correct
CC8E6BB6-53C3-43CF-858C-604042E2F8C0,CANSU ECZANESİ,Osmaniye,Düziçi,37.24125,36.45549,Osmaniye,Correct
A3382F9C-B622-403B-8A24-60EF715797FE,OZAN ECZANESİ,Osmaniye,Sumbas,37.37539,36.08211,Osmaniye,Correct
305337AE-6027-4055-930C-610BA7201FB8,OSMANİYE MERKEZ ÇONA AİLE SAĞLIĞI MERKEZİ,Osmaniye,Merkez,37.10401,36.31765,Osmaniye,Correct
4E35580D-70C4-4349-9502-61A02F922C74,MEHMET AKİF ECZANESİ,Osmaniye,Merkez,37.06679,36.23325,Osmaniye,Correct
D34B6FE3-660F-4D59-8C71-6288B9CBA4B3,OSMANİYE HASANBEYLİ ŞEHİT SALİH KAHYA AİLE SAĞLIĞI MERKEZİ,Osmaniye,Hasanbeyli,37.13315,36.55723,Osmaniye,Correct
15DCBC60-E817-4110-B7C6-64F826841580,AYŞEM ECZANESİ,Osmaniye,Merkez,37.0806,36.25253,Osmaniye,Correct
9B363332-3C17-42AC-8AF8-6572D351F6C0,KADİR ORTAKÖYLÜ ÇOCUK KLİNİĞİ,Osmaniye,Merkez,37.06197,36.22596,Osmaniye,Correct
F19D7CE2-4418-4DD0-92A4-6594DE97741D,ÖZLEM ECZANESİ,Osmaniye,Merkez,37.08207,36.24821,Osmaniye,Correct
F97E6846-F978-4F8A-A316-65CC50A7FA10,BAHÇE FİZİK TEDAVİ VE REHABİLİTASYON HASTANESİ,Osmaniye,Bahçe,37.19686,36.5729,Osmaniye,Correct
171AD750-D647-4830-9764-65ED518E0817,HASANBEYLİ ECZANESİ,Osmaniye,Hasanbeyli,37.13186,36.55633,Osmaniye,Correct
BC5AA3F2-EB00-4045-B3A9-66290E7DD705,OSMANİYE MERKEZ 12 NOLU MUSA ŞAHİN AİLE SAĞLIĞI MERKEZİ,Osmaniye,Merkez,37.0885,36.24404,Osmaniye,Correct
BFB5E3BF-34F4-4522-AF94-6833EDD9AE26,ÇAĞLAR ECZANESİ,Osmaniye,Merkez,37.06235,36.23878,Osmaniye,Correct
A427C63D-7CDE-45E5-901D-68B3BEAF2AB9,OSMANİYE MERKEZ CEVDETİYE AİLE SAĞLIĞI MERKEZİ,Osmaniye,Merkez,37.13461,36.19918,Osmaniye,Correct
6946367C-05B8-46C5-AD40-6A470A61237E,SAĞLAM ECZANESİ,Osmaniye,Düziçi,37.24595,36.46273,Osmaniye,Correct
C552EB64-6F21-4775-A2E0-6A4A30AF5734,DOĞAN ECZANESİ,Osmaniye,Merkez,37.07282,36.24572,Osmaniye,Correct
488347FD-F2EE-4CA1-9F10-6CADF3D27A9C,KAYTANCI ECZANESİ,Osmaniye,Merkez,37.0386,36.228,Osmaniye,Correct
11E4EF4A-5FDB-4881-AE3D-6CC07876C26A,ÖZEL OSMANİYE PARK HASTANESİ,Osmaniye,Merkez,37.24889,36.46435,Osmaniye,Correct
1828B7A6-8A73-4E95-A976-6CE72E62D001,DEVA ECZANESİ,Osmaniye,Merkez,37.07293,36.24919,Osmaniye,Correct
A4F0A095-F423-4E73-8DFD-6EEA3082F2C9,AKİNCİ AĞIZ VE DİŞ SAĞLIĞI POLİKLİNİĞİ,Osmaniye,Merkez,38.95247,-76.94916,Hyattsville,Wrong
109596AD-6433-434C-A3EB-6F4BF99BFBA2,KERİMOĞLU ECZANESİ,Osmaniye,Kadirli,37.371,36.0968,Osmaniye,Correct
192BA57B-A3C2-43E6-BA0A-6FCD62F25A62,ANDIRIN ECZANESİ,Osmaniye,Merkez,37.07475,36.25024,Osmaniye,Correct
B11A374E-8CF3-422B-93C7-71AD5C13B632,SIHHAT ECZANESİ,Osmaniye,Merkez,37.07105,36.25405,Osmaniye,Correct
05C9FF9D-DD2E-443F-A910-7201B26A88C0,AK ECZANESİ,Osmaniye,Merkez,37.07619,36.25629,Osmaniye,Correct
C1BA175C-5F82-452F-B81B-7310676237BF,YETİŞİR ECZANESİ,Osmaniye,Kadirli,37.36636,36.0961,Osmaniye,Correct
61136F69-42A7-4C87-89E0-733BFA86CC23,BAHÇE ECZANESİ,Osmaniye,Bahçe,37.19424,36.57393,Osmaniye,Correct
65B8FD0D-E426-436D-B30A-75E84DFAD446,T.C S.B. OSMANİYE KADİRLİ AĞIZ VE DİŞ SAĞLIĞI MERKEZİ,Osmaniye,Kadirli,37.07483,36.24321,Osmaniye,Correct
593D3A14-6943-423A-8932-7668571DFBE4,BÜYÜKÖZTÜRK ECZANESİ,Osmaniye,Merkez,39.47447,-76.25316,Maryland,Wrong
9013A36E-5279-4434-8C97-76D082493E0F,ZÜBEYDE ÖZLÜ USANMAZ MUAYENEHANESİ,Osmaniye,Kadirli,37.3719,36.09797,Osmaniye,Correct
480EFDA0-9777-4AFE-83FB-774598D54DB9,ALİ TAM ECZANESİ,Osmaniye,Merkez,37.08487,36.27332,Osmaniye,Correct
4488E954-2FE4-4C9C-9A88-794C2BC594B1,OSMANİYE MERKEZ CUMHURİYET ASM,Osmaniye,Merkez,37.08598,36.25565,Osmaniye,Correct
B2BB3AF5-EA91-4EC8-82C2-7C4FC2F2A344,ÖZGE ECZANESI,Osmaniye,Merkez,37.06593,36.25719,Osmaniye,Correct
4F950666-1A24-4596-A719-7DC355CCF95D,OSMANİYE KADİRLİ 8 NOLU AİLE SAĞLIĞI MERKEZİ,Osmaniye,Kadirli,37.37272,36.09763,Osmaniye,Correct
FFC5BE8B-99FF-48A1-8AB9-7EE965A2873D,YILMAZ ECZANESİ,Osmaniye,Düziçi,37.24464,36.45405,Osmaniye,Correct
78D7193B-0B92-4B0E-B820-7EF976471E49,KARACALAR ECZANESİ,Osmaniye,Kadirli,39.32507,-76.45236,Maryland,Wrong
10ED0F9B-BA05-4F28-9161-7F86FE5998ED,HAZIM MURAT TORUN MUAYENEHANESİ,Osmaniye,Kadirli,37.35097,36.07671,Osmaniye,Correct
4E9EA2A4-520C-4EDF-905A-7FA45146B030,ÖZEL YEDİOCAK DİALİZ MERKEZİ,Osmaniye,Merkez,37.07281,36.24864,Osmaniye,Correct
0D47CCDC-CC30-4B12-9B76-7FB69879F2D8,DOĞA ECZANESİ,Osmaniye,Kadirli,37.37168,36.09695,Osmaniye,Correct
21E76839-A342-467C-870B-806D981F6C11,HACETTEPE ECZANESİ,Osmaniye,Merkez,37.0662,36.24168,Osmaniye,Correct
C8E17A81-AFB9-484E-9BF5-8122F42B6690,İNCİ TEMEL ECZANESİ,Osmaniye,OSMANİYE MERKEZ,37.08493,36.2736,Osmaniye,Correct
71D2BD8B-AE98-49A6-8280-81585B544DAE,OSMANİYE MERKEZ 10 NOLU ŞİRİNEVLER AİLE SAĞLIĞI MERKEZİ,Osmaniye,Merkez,37.07463,36.22815,Osmaniye,Correct
A3D75CD1-B447-425D-B8F2-81E0D2CA6D4B,OSMANİYE DÜZİÇİ İLÇE SAĞLIK MÜDÜRLÜĞÜ,Osmaniye,Düziçi,37.2405,36.4462,Osmaniye,Correct
8CB04E8C-D896-44C0-9D6A-82029BCD0A1A,OZAN ECZANESİ,Osmaniye,Kadirli,37.37539,36.08211,Osmaniye,Correct
B0D52EE4-6D1E-49E5-9A13-84A622527662,OSMANİYE MERKEZ 25 NOLU AİLE SAĞLIĞI MERKEZİ,Osmaniye,Merkez,37.25324,36.46664,Osmaniye,Correct
C17BB988-B95A-4CC6-8102-84C6A7871DA6,GÜRBÜZ ECZANESİ,Osmaniye,Merkez,39.25397,-76.54716,Baltimore,Wrong
FC2A80CB-4433-4837-A337-8556E2EADCFF,OSMANİYE KAMU HASTANELER BİRLİĞİ GENEL SEKRETERLİĞİ,Osmaniye,Merkez,37.05608,36.19718,Osmaniye,Correct
23DAF9F9-CEDE-434D-BE25-85F7F70921EC,TOPRAKKALE ECZANESİ,Osmaniye,Toprakkale,37.06781,36.14976,Osmaniye,Correct
15EBC882-CB41-44E0-832B-88D4757F0440,BURÇİN ECZANESİ,Osmaniye,Merkez,37.08138,36.23768,Osmaniye,Correct
33E6456F-85B9-4313-AE19-88E5295F7B31,OSMANİYE MERKEZ GÖKÇEDAM AİLE SAĞLIĞI MERKEZİ,Osmaniye,Merkez,37.19041,36.09138,Osmaniye,Correct
2C77BF50-A6C2-4246-863E-8944B7F18CD5,DENİZ ECZANESİ,Osmaniye,Düziçi,37.24263,36.45492,Osmaniye,Correct
2F2209AF-3855-444A-A45E-8B0ABDD221B4,OSMANİYE DÜZİÇİ KARACAÖREN AİLE SAĞLIĞI MERKEZİ,Osmaniye,Düziçi,37.21033,36.42184,Osmaniye,Correct
C2053429-6B9A-4DEC-896E-8B48C3287AC5,KUTLAMIŞ MUSTAFA ÇALIK,Osmaniye,OSMANİYE MERKEZ,37.06808,36.2478,Osmaniye,Correct
C3BC26F6-88BC-48AD-B392-8B6765F34012,ÖZKAN ECZANESİ,Osmaniye,Düziçi,37.24142,36.45553,Osmaniye,Correct
BD0C6185-C10C-44E0-92EE-8BA35DB45600,OSMANİYE MERKEZ 9 NOLU YUNUS EMRE AİLE SAĞLIĞI MERKEZİ,Osmaniye,Merkez,37.10091,36.25083,Osmaniye,Correct
242084B1-9F89-4A3D-A064-8C177E12AE33,ÇOMU ECZANESİ,Osmaniye,Merkez,37.06633,36.25732,Osmaniye,Correct
593231BB-8DCE-4E77-A6F9-8E5F9903C780,OSMANİYE KADİRLİ 7 NOLU AİLE SAĞLIĞI MERKEZİ,Osmaniye,Kadirli,37.36464,36.10446,Osmaniye,Correct
DE1F6963-37CD-4BFF-84DF-8EAE91762D3E,ENVER GÖK MUAYENEHANESİ,Osmaniye,Merkez,37.07204,36.25303,Osmaniye,Correct
B606F462-E7FE-4155-8FA8-8F2613F80704,OSMANİYE MERKEZ 16 NOLU AİLE SAĞLIĞI MERKEZİ,Osmaniye,Merkez,37.07597,36.23433,Osmaniye,Correct
825DC8D8-1727-41C3-A408-8F734936943C,ÇIĞŞAR ECZANESİ,Osmaniye,Kadirli,37.37545,36.08211,Osmaniye,Correct
8D006315-6CC2-40A1-8DDB-8FF16C878004,ZÜBEYDE ŞENGEL HABİB ŞENGEL MUAYENEHANESİ,Osmaniye,Merkez,37.07261,36.25192,Osmaniye,Correct
E367DE6C-C0A9-4B6C-B17F-8FFFB1FBD039,KONUK ECZANESİ,Osmaniye,Bahçe,37.20042,36.57707,Osmaniye,Correct
47E50EFB-F94D-4FCC-AABD-9087CB2A1CC7,GEBENLİLER ECZANESİ,Osmaniye,Kadirli,37.37566,36.09688,Osmaniye,Correct
AAA87830-9652-4FD2-B611-90CB86061DD0,ALİ İREN ECZANESİ,Osmaniye,Düziçi,37.24457,36.46151,Osmaniye,Correct
B415DA28-F0DE-40E3-86B2-92F430B24D86,BAL ECZANESİ,Osmaniye,Kadirli,37.37396,36.09688,Osmaniye,Correct
E75910FF-6266-497E-8184-93FE22E28D83,BİZİM ECZANESİ,Osmaniye,Merkez,37.06356,36.25853,Osmaniye,Correct
8F9ACCA0-3218-4686-A068-94DF56587ADC,FEYZA SUNGUR MUAYENEHANESİ,Osmaniye,Merkez,37.0694,36.25829,Osmaniye,Correct
BD90976F-89EF-4DE5-A803-94E79764616E,ÖZ DENT AĞIZ VE DİŞ SAĞLIĞI POLİKLİNİĞİ,Osmaniye,Merkez,37.07622,36.24367,Osmaniye,Correct
265F27B1-F60C-41C0-9B87-9554C7783EBF,MUSTAFA BERK MUAYENEHANESİ,Osmaniye,Merkez,37.07592,36.24409,Osmaniye,Correct
8158A9B8-3B89-46CE-A6A6-95AA7B9DD44F,KARA ECZANESİ,Osmaniye,Kadirli,37.36987,36.09847,Osmaniye,Correct
93A94B6A-BB33-448B-BF33-95FC19619487,KESKİNER ECZANESİ,Osmaniye,Merkez,37.07201,36.25308,Osmaniye,Correct
87A3DC64-0E03-4A00-9D99-962B4EC692CF,GÜLHAN ECZANESİ,Osmaniye,Merkez,37.08164,36.26266,Osmaniye,Correct
4DA65FFE-5148-4C88-9CF6-963E1B985F45,LOKMAN HEKİM ECZANESİ,Osmaniye,Bahçe,37.19598,36.57249,Osmaniye,Correct
865E9F9F-2FFD-403F-9D1B-96FD01740E2B,OSMANİYE MERKEZ 15 NOLU FAKIUŞAĞI AİLE SAĞLIĞI MERKEZİ,Osmaniye,Merkez,37.04405,36.22622,Osmaniye,Correct
D2FDFDA0-95D0-481A-B6BB-9A350377739D,ÖZEL SEZAİ ARAMA DİŞ KLİNİĞİ,Osmaniye,Bahçe,37.19955,36.57609,Osmaniye,Correct
B2ED300C-4570-4AB9-8DD2-9A546C38E717,SAĞLIK ECZANESİ,Osmaniye,Merkez,37.07259,36.24593,Osmaniye,Correct
020228BE-46A4-44FE-BD0D-9ABDEB66B763,YEDİ OCAK ECZANESİ,Osmaniye,Merkez,37.06766,36.24878,Osmaniye,Correct
668D5897-6FCD-488A-8101-9C33EBAA9C8F,OVA ECZANESİ,Osmaniye,Kadirli,37.36982,36.09765,Osmaniye,Correct
5BFCEB05-1C02-4FEB-B789-9EB870B08F6F,ANDIRIN ECZANESİ,Osmaniye,Kadirli,37.36865,36.1042,Osmaniye,Correct
407A3829-082C-416D-A46C-9EECE04750C1,OSMANİYE DÜZİÇİ ELLEK AİLE SAĞLIĞI MERKEZİ,Osmaniye,Düziçi,37.20981,36.38942,Osmaniye,Correct
95BE3438-C4A0-45BE-B8D7-9F6C06DF69FF,CEREN ECZANESİ,Osmaniye,Merkez,37.13265,36.54582,Osmaniye,Correct
02660A5A-B586-415B-908F-A0CEFC3E82D4,KESKİN ECZANESİ,Osmaniye,OSMANİYE MERKEZ,37.06785,36.23798,Osmaniye,Correct
91F00A5D-3301-4492-9B06-A1E09043522F,CADDE PARK AVM ÖZLEN ECZANESİ,Osmaniye,Merkez,37.05783,36.23192,Osmaniye,Correct
62806B70-EA0A-43CB-A043-A2964F1B24B4,ÖZEN ECZANESİ,Osmaniye,Merkez,37.06598,36.25722,Osmaniye,Correct
A3001F09-5462-4C25-A024-A317AC0D3449,GÖKHAN ECZANESİ,Osmaniye,Merkez,37.13762,36.19896,Osmaniye,Correct
EEBDC0AD-A6BA-402F-9414-A37B5F069044,DENTAL KLİNİK OSMANİYE,Osmaniye,Merkez,37.06594,36.26039,Osmaniye,Correct
0DA4A825-ED7F-4894-B34E-A41A6C3FF349,CİHANGİR ECZANESİ,Osmaniye,Merkez,37.07088,36.24483,Osmaniye,Correct
60E6F096-CA7D-4ECF-8349-A4236CB3672C,ERTAN ECZANESİ,Osmaniye,Merkez,37.07623,36.24603,Osmaniye,Correct
613CA821-A296-4B4B-9462-A4ECA0C6FF00,ULAŞLI,Osmaniye,Merkez,37.056,36.26429,Osmaniye,Correct
7A03E60C-B0AF-4A43-B8E1-A62D90C93669,CEMALPAŞA ECZANESİ,Osmaniye,Kadirli,37.3647,36.07542,Osmaniye,Correct
A701D918-0927-4FED-B2E4-A67EEAF5B952,SERDAR HAKAN PARLAK MUAYENEHANESİ,Osmaniye,Merkez,37.07393,36.25006,Osmaniye,Correct
101E5207-E6CB-4426-83CC-A6B7D2C9FE27,OSMAN KINGIR ECZANESİ,Osmaniye,Merkez,41.05746,28.93845,İstanbul,Wrong
6DC8FF58-0DBD-4BDE-A2EE-A6D9DDE47DA3,OSMANİYE SUMBAS KÜÇÜKÇINAR AİLE SAĞLIĞI MERKEZİ,Osmaniye,Sumbas,37.42186,35.97483,Osmaniye,Correct
7907740B-D840-46DE-A743-A79410764A7E,ÖZENSOY ECZANESİ,Osmaniye,Düziçi,37.2088,36.39077,Osmaniye,Correct
D230F9B2-44C1-4BC6-8338-A87EAD7C1DC0,SEMERKAND ECZANESİ,Osmaniye,Merkez,37.08861,36.24391,Osmaniye,Correct
B60E3D8C-CBEC-4F00-84BC-A8B5A8201E80,YAKUP BAŞDOĞAN MUAYENEHANESİ,Osmaniye,Kadirli,37.37136,36.1007,Osmaniye,Correct
0B039B78-B737-49FC-B759-A9B507E44019,ÖZGEN ECZANESİ,Osmaniye,Merkez,37.07342,36.25111,Osmaniye,Correct
E8878007-D43C-4495-AA0F-A9E188CDA745,ERAT ECZANESİ,Osmaniye,Merkez,37.05921,36.24667,Osmaniye,Correct
B02AEEC7-1A6A-4515-9B02-A9FBB243A8CE,SOFUOĞLU ECZANESİ,Osmaniye,Merkez,37.0737,36.25036,Osmaniye,Correct
6C664F49-AC76-409C-9AFD-AAD65749AEF4,SUDE ECZANESİ,Osmaniye,Merkez,37.13303,36.54058,Osmaniye,Correct
B28DD613-7F8B-4617-971B-AAED9BFB77C9,BARIŞ ECZANESİ,Osmaniye,Merkez,37.13279,36.54592,Osmaniye,Correct
1D7D45CA-E74F-48DB-B2F2-AC44AA44657F,İNCİ ECZANESİ,Osmaniye,Kadirli,37.07159,36.24397,Osmaniye,Correct
EDB3EB57-1C28-433D-901A-AC6D5FC69EB1,MELİKE ECZANESİ,Osmaniye,Merkez,37.08608,36.2754,Osmaniye,Correct
E524E40A-B1F5-40D3-989E-ACBD30E279B6,HANİFİ YILDIRIM MUAYENEHANESİ,Osmaniye,Merkez,37.06399,36.23709,Osmaniye,Correct
EE8B29D2-51C4-4F34-A6B4-AD52DC27289B,ÖZEL İNCİ AĞIZ VE DİŞ SAĞLIĞI MERKEZİ,Osmaniye,Merkez,37.07247,36.24292,Osmaniye,Correct
36C2848A-DBE1-4B80-BD3F-ADCDAA354C09,OSMANİYE KADİRLİ 6 NOLU AİLE SAĞLIĞI MERKEZİ,Osmaniye,Kadirli,37.36897,36.09727,Osmaniye,Correct
DB2BC924-B554-4341-BF23-AF5EBDA657D0,UTKU ECZANESİ,Osmaniye,Merkez,37.05377,36.246,Osmaniye,Correct
F562DD4F-C7E7-45FF-BCCD-AF72DE86C9B0,ERHAN ÜNALDI MUAYENEHANESİ,Osmaniye,Merkez,38.89307,-77.02836,Washington,Wrong
B335A0F2-20A1-4D03-941D-B2EA81E07816,DEVECİ ECZANESİ,Osmaniye,Merkez,38.98487,-76.90596,Maryland,Wrong
EF889255-48BD-41F9-B9C9-B43444A2BA61,ÖZEL YENİ HAYAT HASTANESİ,Osmaniye,Merkez,37.06203,36.23835,Osmaniye,Correct
2C6C9114-E607-43B5-A237-B43BB7CEA16F,TEMİZ ECZANESİ,Osmaniye,Merkez,37.08254,36.26386,Osmaniye,Correct
3CA38DB0-61C0-4655-9FD4-B45F278DF73B,EGE ECZANESİ,Osmaniye,Merkez,37.07059,36.24534,Osmaniye,Correct
7C60E735-D1D9-4EF4-8703-B542AE650347,OSMANİYE KADİRLİ 4 NOLU ŞEHİT MUSTAFA GÜLSEVEN AİLE SAĞLIĞI MERKEZİ,Osmaniye,Kadirli,37.36423,36.07521,Osmaniye,Correct
6F0274F8-C62B-4D93-AD64-B5AD84DED33C,OSMANİYE DÜZİÇİ ATALAN AİLE SAĞLIĞI MERKEZİ,Osmaniye,Düziçi,37.2593,36.34271,Osmaniye,Correct
A1BC38F4-ECFE-43A6-8C54-B6C2AAF9886B,ŞİFA ECZANESİ,Osmaniye,Kadirli,39.19367,-76.62756,Maryland,Wrong
40709E15-65F5-44A0-98B2-B6C65E1FEFD2,ELİF ECZANESİ,Osmaniye,Merkez,37.07365,36.24698,Osmaniye,Correct
1C1C44E0-4BDE-4F39-9AD3-B6CC23FF6DFF,SAĞLIK ECZANESİ,Osmaniye,Düziçi,37.2923,36.3424,Osmaniye,Correct
FC0C1B25-F89E-42CB-A581-B6CDAE8136AD,OSMANİYE KADİRLİ AŞAĞIÇIYANLI ŞEHİT MEHMET ALİ AKARSU AİLE SAĞLIĞI MERKEZİ,Osmaniye,Kadirli,37.31426,35.95161,Osmaniye,Correct
FBF934C9-B8C2-4D49-9136-B7C4F0140F41,KAHRAMAN ECZANESİ,Osmaniye,Merkez,37.06296,36.23633,Osmaniye,Correct
F53ABF1F-7865-4E91-B0EA-BA157923CE5D,YAŞAR ECZANESİ,Osmaniye,Merkez,37.08179,36.26424,Osmaniye,Correct
9E9BCF79-8DA2-4E23-9B1F-BB4B108DD2F9,BURGAÇ ECZANESİ,Osmaniye,Merkez,37.08443,36.24696,Osmaniye,Correct
B702D476-2241-4106-819C-BB81AE07D501,AKGÜL ECZANESİ,Osmaniye,Merkez,37.07249,36.24289,Osmaniye,Correct
D4D891A9-16F8-44DB-82F5-BE5CF664CC5C,7 MART ECZANESİ,Osmaniye,Kadirli,37.36841,36.10639,Osmaniye,Correct
23E5AA9F-37F7-445D-9948-C093596F2EFA,FATİH ÇÖMEZ MUAYENEHANESİ,Osmaniye,Kadirli,37.37092,36.09935,Osmaniye,Correct
E627F038-C83C-4BD1-AE57-C0AE88FD36F6,DURMUŞ ECZANESİ,Osmaniye,Kadirli,37.3459,36.09714,Osmaniye,Correct
B2A0191E-002E-4D4C-BEB6-C0C3B2277D2A,ESRA ECZANESİ,Osmaniye,Merkez,37.05506,36.26599,Osmaniye,Correct
9FE183BD-4863-4316-8D27-C1134DA34C84,GÜLŞEN ECZANESİ,Osmaniye,Merkez,36.84905,36.54718,Hatay,Wrong
196A42D6-E27D-4C45-BC5E-C1AC22157752,T.C. S.B. TOPRAKKALE OSMANİYE DEVLET HASTANESİ,Osmaniye,Toprakkale,37.05645,36.18087,Osmaniye,Correct
0CA7E828-7560-41AE-96E9-C2D4160C56DB,EBRU ECZANESİ,Osmaniye,Merkez,37.06741,36.24929,Osmaniye,Correct
078CAE2F-E6B8-411C-BBFA-C3344E7568E7,SERKAN ECZANESİ,Osmaniye,Düziçi,37.24218,36.4556,Osmaniye,Correct
2DA5FE6E-9F22-4EAB-96C1-C376968C72A0,OSMANİYE DÜZİÇİ 4 NOLU AİLE SAĞLIĞI MERKEZİ,Osmaniye,Düziçi,37.2396,36.445,Osmaniye,Correct
4C4915DC-550E-4458-B848-C4515C77AC60,BURAK ECZANESİ,Osmaniye,Merkez,37.07117,36.25393,Osmaniye,Correct
0C8C33AA-AA6E-485D-88A8-C547B730B228,CANSU ECZANESİ,Osmaniye,Merkez,37.05596,36.26719,Osmaniye,Correct
34327E28-FCC8-4998-8AFD-C67FCFCE6769,PINAR ECZANESİ,Osmaniye,Merkez,37.13672,36.19776,Osmaniye,Correct
EA4AC8AE-DDBA-4EAE-A219-C717CD7A0BAE,GÜLER ECZANESİ,Osmaniye,Merkez,37.08823,36.25081,Osmaniye,Correct
56E6DF34-5455-4188-A8F1-C8A763CD1CC3,OSMANİYE MERKEZ 1 NOLU KARABOYUNLU AİLE SAĞLIĞI MERKEZİ,Osmaniye,Merkez,37.05886,36.25649,Osmaniye,Correct
83D8F338-B198-481E-ACD2-C91B3CAD3E56,VATAN ECZANESİ,Osmaniye,Kadirli,37.36417,36.07653,Osmaniye,Correct
B8538C68-88F1-4424-B041-C9DF061C0C97,ÖZEL KORUPARK HASTANESİ,Osmaniye,Düziçi,37.24059,36.45379,Osmaniye,Correct
817A1972-701B-4996-8133-CBC1F0B222B9,YÜKSEK ECZANESİ,Osmaniye,Merkez,37.07936,36.2588,Osmaniye,Correct
0B658DEB-A0A3-416B-87F5-CBD4FAE3ED9E,BİLGE ECZANESİ,Osmaniye,Merkez,37.08962,36.26602,Osmaniye,Correct
D7A9E20D-DE9B-498B-9905-CBE3CC1ECBBF,OSMANİYE MERKEZ TSM,Osmaniye,Merkez,40.87456,35.46111,Amasya,Wrong
486008CD-E2BF-4AAA-8193-CC4660D2B98C,HÜSEYİN YILMAZ ECZANESİ,Osmaniye,Kadirli,37.36622,36.09612,Osmaniye,Correct
6AAF0021-4DF9-461E-B6AA-CC5E71A58ABA,OSMANİYE KADİRLİ 15 TEMMUZ ŞEHİTLERİ AİLE SAĞLIĞI MERKEZİ,Osmaniye,Kadirli,37.36794,36.08331,Osmaniye,Correct
A87D6D67-CBC6-46DF-BBB0-CD3916925075,OSMANİYE SUMBAS ALİBEYLİ AİLE SAĞLIĞI MERKEZİ,Osmaniye,Sumbas,37.43606,36.05851,Osmaniye,Correct
0116E7D0-16F9-4936-8252-CDEAC46B6ACE,ŞEN ECZANESİ,Osmaniye,Düziçi,37.24359,36.46132,Osmaniye,Correct
222D9D57-734A-420E-8265-CE1B5AA9A6DB,KOBANER ECZANESİ,Osmaniye,Merkez,37.07244,36.24794,Osmaniye,Correct
80D33F74-B7C6-4A96-B3C0-CE5701E4DC6B,DERMAN ECZANESİ,Osmaniye,Merkez,37.06197,36.24947,Osmaniye,Correct
0FED51B9-C252-438A-ACB7-CE82221900E0,YEŞİLLER ECZANESİ,Osmaniye,Düziçi,37.2403,36.45468,Osmaniye,Correct
A15C33ED-38AB-4435-921F-CED233EBD172,HARUN ABUT MUAYENEHANESİ,Osmaniye,Kadirli,37.37866,36.09812,Osmaniye,Correct
EBEF2FB4-F2E7-411B-932A-CF4C24542E3A,KARABULUT ECZANESİ,Osmaniye,Merkez,37.09617,36.25222,Osmaniye,Correct
F2D61A64-7A9B-44CC-97C2-CF4E51DC6745,ORDENT DİŞ POLİKLİNİĞİ,Osmaniye,Merkez,37.0631,36.23747,Osmaniye,Correct
8819E20B-09EE-452F-AD19-D008EC3A7719,OSMANİYE MERKEZ KAYALI AİLE SAĞLIĞI MERKEZİ,Osmaniye,Merkez,37.1475,36.36873,Osmaniye,Correct
584D4CFF-2FCF-44CE-AAB9-D13FE63575C5,NURTEN ECZANESİ,Osmaniye,Toprakkale,37.0678,36.14975,Osmaniye,Correct
3C629F1B-D18C-4EB5-80F6-D151386FD4E7,ATEŞ ECZANESİ,Osmaniye,Merkez,37.22788,32.95992,Karaman,Wrong
27BF7667-4DB2-4F5D-B363-D22E73D971B6,DOLGUN ECZANESİ,Osmaniye,Kadirli,37.36493,36.10434,Osmaniye,Correct
1CE90B88-4FB0-44C1-80EC-D23571AA55EE,DORUK ECZANESI,Osmaniye,Merkez,39.64547,-76.02516,Maryland,Wrong
7F88A24E-81AC-487A-9898-D32A8BB871E8,VUSLAT ECZANESI,Osmaniye,Merkez,37.05882,36.27444,Osmaniye,Correct
ECD06631-D007-4FF5-AD0D-D4DDBF66CD56,ŞERİFE ECZANESİ,Osmaniye,Düziçi,37.23999,36.45466,Osmaniye,Correct
512B6E05-A5EF-4D47-A421-D5C8D6F0D1ED,OKUMUŞ ECZANESİ,Osmaniye,Merkez,37.08368,36.25809,Osmaniye,Correct
7B216FBE-54CA-4D58-9283-D6E3338164EF,ANIL ECZANESİ,Osmaniye,Merkez,37.07184,36.24967,Osmaniye,Correct
1E734C15-45E1-476C-9E36-D7F12B16C997,TURGAY ECZANESİ,Osmaniye,Merkez,37.08829,36.24423,Osmaniye,Correct
B2951CD7-B8A0-4F1E-8EB8-D83FB4554D4B,FATİH SONER ARSLAN MUAYENEHANESİ,Osmaniye,Merkez,37.06489,36.23829,Osmaniye,Correct
AAA19CC2-9CED-42BF-B7F0-D95DC1D596D4,OSMANİYE KADİRLİ 5 NOLU ŞEHİT AKİF DURNA AİLE SAĞLIĞI MERKEZİ,Osmaniye,Kadirli,37.36707,36.12309,Osmaniye,Correct
6A4F425C-8884-4C2C-AC06-DA09BC44AB6E,ABI HAYAT ECZANESİ,Osmaniye,Merkez,37.07208,36.25512,Osmaniye,Correct
FF45D34B-142A-487A-8AC1-DAF6C95B6FF4,UMUT ECZANESİ,Osmaniye,Düziçi,37.23168,36.446,Osmaniye,Correct
7DF484EC-80E8-4B64-B175-DB2B457DC607,ÖNDAŞLAR ECZANESİ,Osmaniye,Kadirli,37.36691,36.09593,Osmaniye,Correct
118E64F8-39D5-4977-8133-DB6BA244C14A,KAYIKLIK ECZANESİ,Osmaniye,Merkez,37.07275,36.24578,Osmaniye,Correct
30CC5E9B-5C37-4B5F-8A63-DBD647D22DCC,BESNEK ECZANESİ,Osmaniye,Merkez,37.05506,36.26597,Osmaniye,Correct
E830C463-7D64-4B81-81B5-DCF7EFB445FF,OSMANİYE KADİRLİ 9 NOLU AİLE SAĞLIĞI MERKEZİ,Osmaniye,Kadirli,37.36452,36.07628,Osmaniye,Correct
8C78A4A3-10B6-4336-A750-DD1245FB786B,VELİPAŞAOĞLU ECZANESİ,Osmaniye,Merkez,37.0735,36.25119,Osmaniye,Correct
05D1A8C8-4B82-4031-B9FB-DD2CAD8E68BE,SÖNMEZ ECZANESİ,Osmaniye,Merkez,37.07638,36.24619,Osmaniye,Correct
DC3EACF0-EAB5-4477-AFE0-DD8EA2C2CDD8,OSMANİYE MERKEZ 4 NOLU SANAYİ ASM,Osmaniye,Merkez,37.06095,36.22655,Osmaniye,Correct
751FB90A-0B94-4D79-A625-DDB015219BC7,AKARCA ECZANESİ,Osmaniye,Kadirli,37.36941,36.08528,Osmaniye,Correct
8EDEA930-3E7B-4D4C-95B6-DE5C2209B5BE,DORUK ECZANESI,Osmaniye,Toprakkale,41.09774,29.03637,İstanbul,Wrong
EB8A3F3B-CB17-42C9-B1AB-DEF0CF9ACF7E,BİLİR ECZANESİ,Osmaniye,Merkez,37.25133,36.46659,Osmaniye,Correct
E134CB2E-6C14-49F6-8DD1-DF3E12B08DEC,VAHAPOĞLU ECZANESİ,Osmaniye,Kadirli,37.37196,36.09863,Osmaniye,Correct
BC1F71D9-C076-4B66-B90D-E14A0912D504,OSMANİYE TOPRAKKALE KÜÇÜKTÜYSÜZ AİLE SAĞLIĞI MERKEZİ,Osmaniye,Toprakkale,37.05016,36.0933,Osmaniye,Correct
58EB0F3E-8EE3-47E2-B048-E28C36CEE59A,GÜZİN ECZANESİ,Osmaniye,Kadirli,37.37929,36.09738,Osmaniye,Correct
565DE085-F7C2-4BEF-8DE7-E2C7881539C2,ÇARE ECZANESİ,Osmaniye,Merkez,39.17747,-76.64916,Glen Burnie,Wrong
C3394BB9-6B55-445D-90DF-E2D61C4BBE28,ÖZEL DR MAHMUT KOBANER AĞIZ VE DİŞ SAĞLIĞI POLİKLİNİĞİ,Osmaniye,Merkez,39.47537,-76.25196,Maryland,Wrong
676DBDCF-5F17-4E8A-BFF7-E2F2B32441C0,ELMAS ECZANESİ,Osmaniye,Düziçi,37.24475,36.45362,Osmaniye,Correct
6A9E2CC4-D067-4367-958A-E3BFF873D625,OSMANİYE MERKEZ 5 NOLU ABDURRAHMAN KESKİNER AİLE SAĞLIĞI MERKEZİ,Osmaniye,Merkez,37.05572,36.26643,Osmaniye,Correct
70DACD2E-4C98-4064-AFF3-E4A1E41DFE25,YASİN ECZANESİ,Osmaniye,Merkez,37.05873,36.23312,Osmaniye,Correct
4874A821-BF13-4FE7-BC06-E6364C71FCBA,YEŞİLOVA ŞİFA ECZANESİ,Osmaniye,Düziçi,37.24509,36.45677,Osmaniye,Correct
9F319562-EFE5-413D-8321-E65749530253,OSMANİYE MERKEZ KIRMITLI AİLE SAĞLIĞI MERKEZİ,Osmaniye,Merkez,37.07542,36.24515,Osmaniye,Correct
CCF38067-8087-4528-81A8-E6BBA3535A69,SEMİH GÜL ECZANESİ,Osmaniye,Kadirli,37.3719,36.098,Osmaniye,Correct
129E4403-E02C-4C5B-89F3-E6EA127494E3,NAGİHAN ECZANESİ,Osmaniye,Merkez,37.07061,36.24532,Osmaniye,Correct
97E1DE16-812E-4782-B16F-E7278C38DB77,ÖVÜNÇ ECZANESİ,Osmaniye,Merkez,37.13419,36.54172,Osmaniye,Correct
6DD1408C-E2AD-414E-9C72-E82C2FF5F78D,SELİN ATEŞ ECZANESİ,Osmaniye,Merkez,37.05001,36.20223,Osmaniye,Correct
336DC35A-64E3-43F0-8547-E88FDB4786ED,ORAL USANMAZ MUAYENEHANESİ,Osmaniye,Kadirli,37.36707,36.09675,Osmaniye,Correct
3EDE7A0F-42F0-4BB9-992E-E92788A5BBDF,OSMANİYE AĞIZ VE DİŞ SAĞLIĞI MERKEZİ,Osmaniye,Merkez,37.07509,36.2475,Osmaniye,Correct
007B52C5-F19F-4136-97EF-EA40C34D17B3,BAHÇE 2 NOLU AİLE SAĞLIĞI MERKEZİ,Osmaniye,Bahçe,37.17682,36.64084,Osmaniye,Correct
9CD2458D-66A8-4DF6-A1C8-EAAE1A04A9E2,ŞANLIER ECZANESİ,Osmaniye,Kadirli,37.36604,36.09614,Osmaniye,Correct
2381E17D-662B-40AC-9EEF-EADAE9BF2A41,OSMANİYE MERKEZ 13 NOLU HÜSEYİN EMRE AİLE SAĞLIĞI MERKEZİ,Osmaniye,Merkez,37.06548,36.25695,Osmaniye,Correct
8F68FAF8-6EBA-41E9-94AD-EB127C2E7A0C,ÇALIK ECZANESİ,Osmaniye,Merkez,37.07439,36.24833,Osmaniye,Correct
5C6053EC-670A-4D5A-A768-EB2095F96628,OSMANİYE SUMBAŞ AİLE SAĞLIĞI MERKEZİ,Osmaniye,Sumbas,37.44762,36.02718,Osmaniye,Correct
4EFBED8D-C527-493D-9F28-EB54E22BD7E2,OSMANİYE MERKEZ 2 NOLU ŞEHİT METİN KAYA AİLE SAĞLIĞI MERKEZİ,Osmaniye,Merkez,37.07609,36.2459,Osmaniye,Correct
2026BBBF-A4A7-431E-97B4-EB78AE76FD17,METLİOĞLU ECZANESİ,Osmaniye,Düziçi,37.24346,36.457,Osmaniye,Correct
52369F18-1D9A-449D-83E4-ECF221EDFB2A,FATİH ECZANESİ,Osmaniye,Düziçi,37.24,36.45466,Osmaniye,Correct
B77AA81B-0CC2-441B-9508-EE780C26A9A5,ŞİFA ECZANESİ,Osmaniye,Merkez,39.15767,-76.67556,Glen Burnie,Wrong
60B5B8CC-E274-4AD4-BE88-EE8A3DB3CA35,HAYAT ECZANESİ,Osmaniye,Merkez,40.77362,29.73368,Kocaeli,Wrong
843B7693-DD4B-49AC-9905-EEBEF532E17C,GÜL ECZANESİ,Osmaniye,Merkez,37.07435,36.25597,Osmaniye,Correct
85417967-2160-40C4-ACB0-EF218886B26E,IHLAMUR ECZANESİ,Osmaniye,Merkez,37.06683,36.25839,Osmaniye,Correct
D8187A35-D32E-47EB-A54D-F012A155F029,CEREN ECZANESİ,Osmaniye,Düziçi,37.20862,36.39096,Osmaniye,Correct
11A78B64-05B1-455C-A807-F064A3595B44,SARPKAYA ECZANESİ,Osmaniye,Merkez,37.07118,36.25392,Osmaniye,Correct
EFCE7561-CFE8-484C-AB3C-F1116BFBF474,OSMANİYE MERKEZ 14 NOLU ELİFE GÖK AİLE SAĞLIĞI MERKEZİ,Osmaniye,Merkez,37.08553,36.24931,Osmaniye,Correct
A77B95F0-528E-4B16-A90B-F1502CB6A1E6,OSMANİYE KADİRLİ 3 NOLU ŞEHİT ARİF SERT AİLE SAĞLIĞI MERKEZİ,Osmaniye,Kadirli,37.36852,36.10411,Osmaniye,Correct
8AC87D93-2C10-4046-860A-F1DCF059F2B5,ŞEYMA ECZANESİ,Osmaniye,Merkez,37.07052,36.24542,Osmaniye,Correct
D3F1C457-4A5D-48F8-A00D-F1F34FB02A27,YILMAZYİĞİT ECZANESİ,Osmaniye,Kadirli,37.35891,36.07694,Osmaniye,Correct
17858E28-E14C-4861-BCE8-F4CBD668A283,YILDIRIM ECZANESİ,Osmaniye,Kadirli,37.36678,36.09595,Osmaniye,Correct
9AE6ED8D-B82F-4A1E-B5A6-F57B7D6C4761,EYLÜL ECZANESİ,Osmaniye,Bahçe,37.20068,36.57736,Osmaniye,Correct
71587AF0-C6B2-45EC-9638-F6A8524DD1FF,OSMANİYE GÖÇMEN SAĞLIĞI MERKEZİ,Osmaniye,Merkez,37.08508,36.25445,Osmaniye,Correct
6BBF2081-C699-4915-9454-F72BCA3916A6,BAHÇE MERKEZ TSM,Osmaniye,Bahçe,37.20051,36.57717,Osmaniye,Correct
707D2C6E-7EC7-4697-872A-F8F0DC0C8225,OKUR ECZANESİ,Osmaniye,Merkez,37.07267,36.25208,Osmaniye,Correct
37E3D03B-D303-4306-AC81-F9E6C12A595D,MERKEZ ECZANESİ,Osmaniye,Merkez,37.12811,36.55794,Osmaniye,Correct
F5ABDD35-4A93-4BBF-90DC-FB6CC6A94AAB,ÖTÜKEN ECZANESİ,Osmaniye,Kadirli,37.36602,36.12031,Osmaniye,Correct
E8DD650D-C7F3-4C0C-B0E8-FB99515B4680,S DENTAL AĞIZ VE DİŞ SAĞLIĞI POLİKLİNİĞİ,Osmaniye,Merkez,37.06917,36.247,Osmaniye,Correct
F0399F72-E36D-414B-9B4B-FC2FCCD2B11D,YALÇINLAR ECZANESİ,Osmaniye,Merkez,37.06948,36.2448,Osmaniye,Correct
E6F24283-5F38-4AA8-8A4F-FE703ECB763E,OSMANİYE KAPALI T TİPİ CEZAEVİ REVİRİ,Osmaniye,Toprakkale,39.09827,-76.75476,Maryland,Wrong
4A15CAFD-5624-4222-824B-FEAFEE8CD6DF,ÇINAR ECZANESİ,Osmaniye,Merkez,37.09089,36.29839,Osmaniye,Correct
