UnitId,UnitName,CityName,DistrictName,Latitude,Longitude,DetectedCity,Match
8FE715DD-885D-49AC-BC1E-003D527DD009,DEVREK KARŞIYAKA AİLE SAĞLIĞI MERKEZİ,Zonguldak,Devrek,41.21709,31.94823,Zonguldak,Correct
C39FB8AB-3CF9-4273-BB35-00465D9D4674,BİRUNİ ECZANESİ,Zonguldak,Ereğli,41.27226,31.43604,Zonguldak,Correct
0123D493-0C63-46B2-8EF4-0148868D7E67,ZONGULDAK EREĞLİ 1 NOLU AİLE SAĞLIĞI MERKEZİ,Zonguldak,Ereğli,41.27877,31.42468,Zonguldak,Correct
78BF223A-4D68-467E-93C9-0176E0539A16,NURİ BÜBER-YAVUZ BÜLBÜL MUAYENEHANESİ,Zonguldak,Devrek,40.8968,29.3717,İstanbul,Wrong
CCA89AFA-7F8F-4EFB-97A7-018F3FF45FDE,HÜSAMETTİN KÜÇÜK MUAYENEHANESİ,Zonguldak,Karadeniz Ereğli,41.0479,28.6733,İstanbul,Wrong
204532F4-3F3F-4504-B7B0-01CAA9C45C8F,ZONGULDAK EREĞLİ KURTLAR AİLE SAĞLIĞI MERKEZİ,Zonguldak,Ereğli,41.16833,31.51483,Zonguldak,Correct
41583DB8-999F-4405-8B5F-0242C633DDDB,YAZICIOĞLU ECZANESİ,Zonguldak,Alapli,41.27938,32.07062,Zonguldak,Correct
79013FCD-A2A3-4BFB-BCE9-0247DC51A9F0,DERMAN ECZANESİ,Zonguldak,Merkez,41.45004,31.7824,Zonguldak,Correct
02C2CD20-7AD3-4A73-A6C9-027CE367EDDA,BAHAR GÖKÇE KONCA MUAYENEHANESİ,Zonguldak,Karadeniz Ereğli,41.1595,28.961,İstanbul,Wrong
EE650BB4-BE2F-4394-B8D0-0317CFB56E74,PERŞEMBE ECZANESİ,Zonguldak,Çaycuma,41.41935,32.15709,Zonguldak,Correct
DF4C95B2-7C91-4955-A160-03557FD07039,DENİZ DİREKÇİ ARKUN MUAYENEHANESİ,Zonguldak,Merkez,41.0794,28.9786,İstanbul,Wrong
809B013B-208F-48CA-80D3-04067047E37B,MİNE ECZANESİ,Zonguldak,Kozlu,41.43407,31.74616,Zonguldak,Correct
E76D7187-621B-453A-8DEE-0414DD43B935,SAĞLIK ECZANESİ,Zonguldak,Alapli,41.21984,31.95724,Zonguldak,Correct
77F9C775-8101-4D33-9CA8-04290EC71564,ŞİFA ECZANESİ,Zonguldak,Kozlu,41.43482,31.74909,Zonguldak,Correct
94B73D37-8B30-4A65-B67E-06694104D508,SUBAŞI ŞİFA ECZANESİ,Zonguldak,Ereğli,41.26792,31.58109,Zonguldak,Correct
BDCE68AE-16BD-481D-9DA5-06725A1CEB3D,ZONGULDAK ALAPLI 15 TEMMUZ MİLLİ EGEMENLİK AİLE SAĞLIĞI MERKEZİ,Zonguldak,Alapli,41.17543,31.38601,Zonguldak,Correct
B51E3F0D-B55F-404D-BDB5-06899A3998B4,ZONGULDAK KARADENIZ EREĞLI DEVLET HASTANESI(S),Zonguldak,Karadeniz Ereğli,41.28089,31.49386,Zonguldak,Correct
ABD7213A-37FA-460E-8574-06E9B18713A0,ZONGULDAK EREĞLİ 2 NOLU AİLE SAĞLIĞI MERKEZİ,Zonguldak,Ereğli,41.2766,31.42543,Zonguldak,Correct
E00DDF98-5348-46C7-954B-07499AFF2581,GÖKÇEBEY ECZANESİ,Zonguldak,Gökçebey,41.30657,32.13993,Zonguldak,Correct
8FD21341-2DA4-4572-90E2-074CDBD980AF,ZONGULDAK GÖKÇEBEY İLÇE HASTANESI,Zonguldak,Gökçebey,41.30362,32.15276,Zonguldak,Correct
7B9F47F2-FB2E-4C74-94C0-0839128E12AA,HAYAT ECZANESİ,Zonguldak,Ereğli,41.19072,31.60438,Zonguldak,Correct
19F45A45-27D0-4D0E-9242-095A394D1040,MURAT ALTINOK MUAYENEHANESİ,Zonguldak,Devrek,40.9275,28.6669,İstanbul,Wrong
C4AB1A6D-AA2F-42C1-8427-0A4C5CDE3315,SEVGİ ECZANESİ,Zonguldak,Ereğli,41.27571,31.43085,Zonguldak,Correct
88C62427-B8D6-4C2A-B21E-0A64EFAC6C29,ZONGULDAK MERKEZ SENDİKA AİLE SAĞLIĞI MERKEZİ,Zonguldak,Merkez,41.4509,31.78482,Zonguldak,Correct
4658B049-3084-4C45-971E-0B148443C0C7,ESRA ECZANESİ,Zonguldak,Ereğli,41.46826,31.81395,Zonguldak,Correct
E5B7E9A3-F99D-4FDA-93FF-0B364358C29E,KARAMAN ECZANESİ,Zonguldak,Merkez,41.30537,32.14344,Zonguldak,Correct
8A57A34A-C64A-4A6C-BCEE-0BF7A45E98A4,BOZKURT ECZANESİ,Zonguldak,Kozlu,41.45839,31.88599,Zonguldak,Correct
71E1F5F6-4E85-48E7-B954-0D165EDDE25B,TÜRKİLİ ECZANESİ,Zonguldak,Kilimli,41.43391,31.74712,Zonguldak,Correct
C91BE117-CA72-4F12-880A-0D71A7DAA6D2,ÖZTÜRK ECZANESİ,Zonguldak,Ereğli,41.2742,31.43076,Zonguldak,Correct
FE8BC92A-5E24-496A-9B26-1006421A6860,BİZİM ECZANESİ,Zonguldak,Kozlu,38.47824,31.62981,Konya,Wrong
BEE9A8BE-01AF-4AF9-B509-11FFEA614CB6,BAŞAK ECZANESİ,Zonguldak,Çaycuma,41.41804,32.09282,Zonguldak,Correct
EBE499AD-C989-4DEF-9038-129F20F11DB7,BAĞLIK ECZANESİ,Zonguldak,Ereğli,41.27256,31.43669,Zonguldak,Correct
B35442BF-A4B6-4E4D-B15E-12A8EC2D03AD,KAMPÜS ECZANESİ,Zonguldak,Kozlu,41.27986,31.77685,Zonguldak,Correct
C9EDEF03-F287-406C-94CB-131D04A1D3AB,ZEYNEP ECZANESİ,Zonguldak,Merkez,41.45274,31.79144,Zonguldak,Correct
F4CE7733-2726-45AB-9B7F-13A5D64E374D,DERMAN ECZANESİ,Zonguldak,Merkez,41.45004,31.7824,Zonguldak,Correct
4AEDE106-AC48-4084-ADC8-13A6B09341E4,ASLI YILDIZ ECZANESİ,Zonguldak,ZONGULDAK MERKEZ,41.45916,31.79284,Zonguldak,Correct
758C95FB-35DF-49A9-AF27-13E9F7A32FC3,BAŞKENT ÜNİVERSİTESİ EREĞLİ DİYALİZ MERKEZİ,Zonguldak,Karadeniz Ereğli,41.26886,31.45781,Zonguldak,Correct
9972F7CE-9B85-434F-A026-13F6FFA8A98B,ZONGULDAK MERKEZ ŞEHİT YUNUS YORULMAZ AİLE SAĞLIĞI MERKEZİ,Zonguldak,Merkez,41.46395,31.80055,Zonguldak,Correct
5038CD99-356F-45BF-8C61-143DB07A771F,NESLİHAN ECZANESİ,Zonguldak,Ereğli,41.28994,31.41094,Zonguldak,Correct
8C012216-71B0-4C00-8C4B-144CEB37CAE7,FURKAN ECZANESİ,Zonguldak,Gökçebey,41.30669,32.13974,Zonguldak,Correct
C43DE4A2-5EE4-4D7C-8401-14CDD3C9110E,SİMGE ECZANESİ,Zonguldak,Alapli,41.17951,31.38645,Zonguldak,Correct
F7C32711-0DB3-4956-BAE9-14EC0AC8B1F7,ZONGULDAK ÇAYCUMA KARAPINAR AİLE SAĞLIĞI MERKEZİ,Zonguldak,Çaycuma,41.49254,32.18458,Zonguldak,Correct
17D3789B-95C2-4D42-98F7-15E6FCAFF25E,YAŞAM ECZANESİ,Zonguldak,Ereğli,41.28114,31.49397,Zonguldak,Correct
F653CBFD-2413-49EB-A6B1-16E885762948,ÖZTÜRK ECZANESİ,Zonguldak,Merkez,41.33174,31.96226,Zonguldak,Correct
DE5CBB0D-0191-4D6D-AACA-1761F6FFA776,İSTASYON ECZANESİ,Zonguldak,Çaycuma,41.42374,32.09463,Zonguldak,Correct
C7C476BD-0C45-4446-81DB-17A67CC8B25F,KOZLU ECZANESİ,Zonguldak,Kozlu,41.44894,31.79262,Zonguldak,Correct
515EA1DB-C2A9-4CEA-B78E-18FE47B64A87,BUKET ECZANESİ,Zonguldak,Kozlu,41.30554,32.14391,Zonguldak,Correct
19B0A6CA-54FA-493B-9178-1916BBDD030B,DOĞA ECZANESİ,Zonguldak,Gökçebey,41.30618,32.14371,Zonguldak,Correct
02985885-5BF1-4EA0-9910-195B5778F952,ACAR ECZANESİ,Zonguldak,Çaycuma,41.56334,32.02471,Zonguldak,Correct
77A5059B-7EA0-43B1-8361-1B9CC1D34FC6,ZONGULDAK KİLİMLİ ASKERİTEPE AİLE SAĞLIĞI MERKEZİ,Zonguldak,Kilimli,41.4801,31.83159,Zonguldak,Correct
BD757E2D-240D-4788-B692-1B9D063FBBAB,VADİ ECZANESİ,Zonguldak,Merkez,41.30549,32.14168,Zonguldak,Correct
6EAD2009-B98F-4100-923A-1C05D2574356,IŞIL ECZANESİ,Zonguldak,Ereğli,41.27592,31.43009,Zonguldak,Correct
34BF1962-6D1C-4D6D-911A-1E5E69B6D8E0,AYDIN ECZANESİ,Zonguldak,Merkez,41.45216,31.79334,Zonguldak,Correct
FEBD2975-4080-4A55-AAAA-1E77BA6E252A,DİKMEN ECZANESİ,Zonguldak,Merkez,41.47652,31.82052,Zonguldak,Correct
A9EDA7D1-798E-4491-9CC2-2262B25F91FE,BURCU ECZANESİ,Zonguldak,Ereğli,41.28166,31.42324,Zonguldak,Correct
542EEF6C-715B-41F5-B61C-22AC7ADDFA21,DURUL GÜVEN MUAYENEHANESİ,Zonguldak,Merkez,41.1167,28.9918,İstanbul,Wrong
66622809-A1C8-4379-A243-22FB7EBD0CD0,DEVA ECZANESİ,Zonguldak,Ereğli,41.2777,31.49332,Zonguldak,Correct
40D9BE18-E6E6-46A8-A1EC-23348F6C8394,KAAN ECZANESİ,Zonguldak,Ereğli,41.26903,31.45688,Zonguldak,Correct
1D18F4F2-C6F5-4816-90C7-23DEF1B20A81,ÖZGÜR ECZANESİ,Zonguldak,Ereğli,41.27824,31.49475,Zonguldak,Correct
0329FA20-FD91-4121-9619-2432C4880747,YURTÖZ ECZANESİ,Zonguldak,Çaycuma,41.42599,32.07357,Zonguldak,Correct
7DF7B5DA-5C21-4D6F-935E-24C4BC01F5B0,FATOŞ ECZANESİ,Zonguldak,Merkez,41.45281,31.77577,Zonguldak,Correct
C42F18C1-B0DC-4F27-91F3-269FD56D0673,ÜMİT ECZANESİ,Zonguldak,Merkez,36.6036,30.56302,Antalya,Wrong
A3801673-EDA2-42A7-A86C-282B92B81307,ÇAĞLA AKYÜZ MUAYENEHANESİ,Zonguldak,Alapli,40.9532,28.7202,İstanbul,Wrong
F98AF765-62A8-49D6-A71A-28DDB2BC2CF2,OKAY AYÇİÇEK ECZANESİ,Zonguldak,Merkez,41.45988,31.81052,Zonguldak,Correct
B644BDE3-4555-425D-9B6B-28E1B47B709E,SEDA ECZANESİ,Zonguldak,Ereğli,41.28088,31.42345,Zonguldak,Correct
C3246DB0-ADB9-4B72-B43F-2AE9160A6D6D,ZONGULDAK ÇAYCUMA DEVLET HASTANESI,Zonguldak,Çaycuma,41.42381,32.07568,Zonguldak,Correct
8CA7E405-31E0-40E8-AB28-2B0BC8F1E144,MOLLABEY ECZANESİ,Zonguldak,Alapli,41.14252,31.44405,Zonguldak,Correct
25FF415A-E58A-4ACD-BBF1-2B159409B766,HİLAL ECZANESI,Zonguldak,Devrek,41.218,31.9535,Zonguldak,Correct
1F50852E-53AA-45E0-B438-2B1F0788B531,KARAPINAR ŞİFA ECZANESİ,Zonguldak,Çaycuma,41.49295,32.18412,Zonguldak,Correct
91271191-5B90-4235-AC64-2B9A80FEF05E,ÖZGÖNENÇ DİŞ KLİNİĞİ,Zonguldak,Çaycuma,41.42688,32.07369,Zonguldak,Correct
20E61C11-0857-4E05-81C0-2BC87805C5EB,ÖZTÜRK ECZANESİ,Zonguldak,Kilimli,41.33174,31.96226,Zonguldak,Correct
29F6E38E-C158-4BD7-A668-2FD98EE55F48,ÇAĞLAR ECZANESİ,Zonguldak,Kozlu,41.43974,31.74966,Zonguldak,Correct
83A92C84-F69D-4AF0-BF35-30253FCD0C4B,EBRU ECZANESİ,Zonguldak,Kilimli,41.30603,32.14082,Zonguldak,Correct
1D608801-0691-4744-A18F-30983014CBC4,ÇAĞALI ECZANESİ,Zonguldak,Merkez,41.45384,31.79136,Zonguldak,Correct
163071F3-8816-4097-84E9-3192F045833F,KARADENİZ EREĞLİSİ MERKEZ TSM,Zonguldak,Karadeniz Ereğli,41.28642,31.42655,Zonguldak,Correct
644967AD-8763-4A39-BF88-31A4117641D9,YAĞMUR BAHAR MUAYEHANEHESİ,Zonguldak,Merkez,41.0492,28.9318,İstanbul,Wrong
A6128E46-8E96-4D8E-A42C-31FA77991856,CUMHURİYET ECZANESİ,Zonguldak,Alapli,41.22102,31.95381,Zonguldak,Correct
FADF51CE-E914-4901-8EEE-329671C975C3,KANCA ECZANESİ,Zonguldak,Kilimli,41.30668,32.13976,Zonguldak,Correct
710AE412-BC41-4FA4-BD25-32F334BF008A,ERTUR ECZANESİ,Zonguldak,Alapli,41.17875,31.38693,Zonguldak,Correct
84759B09-EFE6-469C-ADF2-33C553DC0CB4,BAHAR ECZANESİ,Zonguldak,Gökçebey,41.30689,32.13928,Zonguldak,Correct
AB869C23-188B-4D8E-ADE9-34AE15924AD3,DENT 67 ÇAYCUMA,Zonguldak,Çaycuma,41.42692,32.07235,Zonguldak,Correct
8D1A39A2-4068-467F-BCA2-34F188054C81,ZONGULDAK DEVREK FEHMİ IŞIK AİLE SAĞLIĞI MERKEZİ,Zonguldak,Devrek,41.21421,31.95466,Zonguldak,Correct
881D8B6C-0B91-4953-A0D4-350CEC0CD6BE,YENİ SEVGİ ECZANESİ,Zonguldak,Devrek,41.21842,31.95337,Zonguldak,Correct
7EAB9BFA-9E43-4D1B-BC1F-3620AC51CF9C,ZONGULDAK DEVREK DEVLET HASTANESI,Zonguldak,Devrek,41.21752,31.95798,Zonguldak,Correct
F8EA2EED-F3DB-4E5C-B205-3681E6B318FE,MEHMET ÇAKMAKÇI MUAYENEHANESİ,Zonguldak,Merkez,41.0516,29.068,İstanbul,Wrong
A1C8B9AA-0230-4F0C-B7D6-38399B914F16,ZONGULDAK ATATÜRK DEVLET HASTANESI(S),Zonguldak,Merkez,41.38034,31.8071,Zonguldak,Correct
61CEA972-0A47-49B2-8091-399AC7B7E626,MELEKNUR TAMMIŞ BESLENME VE DİYET DANIŞMANLIK MERKEZİ,Zonguldak,Ereğli,41.27523,31.42844,Zonguldak,Correct
5B24877F-2A84-4218-A2D8-3A1FFE83D53C,ZONGULDAK KOZLU SİVRİLER AİLE SAĞLIĞI MERKEZİ,Zonguldak,Kozlu,41.3173,31.76766,Zonguldak,Correct
1BBADEF0-4838-47BA-B157-3B66635F6404,YÜKSEL ECZANESİ,Zonguldak,Merkez,41.45474,31.79256,Zonguldak,Correct
DB320D18-7527-494F-BC8A-3BDED8DAD27C,HEKİM ECZANESİ,Zonguldak,Merkez,41.45261,31.79101,Zonguldak,Correct
A5E09E91-ECE3-4347-80C1-3D4DE82E87C9,KAPTAŞ ECZANESİ,Zonguldak,Ereğli,39.29627,-76.49076,Dundalk,Wrong
9F79E262-3698-4465-B74B-3D625CF1AED2,ERTAN ECZANESİ,Zonguldak,Devrek,41.21655,31.95532,Zonguldak,Correct
52C385CA-671D-42DA-AC4B-412F4ED54D52,ZONGULDAK GÖKÇEBEY MERKEZ AİLE SAĞLIĞI MERKEZİ,Zonguldak,Gökçebey,41.30738,32.13892,Zonguldak,Correct
44232F17-9537-4834-AD17-4394DD620B53,BÜŞRA ECZANESİ,Zonguldak,Ereğli,41.27825,31.58976,Zonguldak,Correct
283EAE92-E800-4B75-A35E-451F1F249812,MÜGE ECZANESİ,Zonguldak,Merkez,41.44944,31.76379,Zonguldak,Correct
3625C825-0124-4497-AA7C-454777306AC4,ZONGULDAK MERKEZ MİTHATPAŞA AİLE SAĞLIĞI MERKEZİ,Zonguldak,Merkez,41.45285,31.7899,Zonguldak,Correct
54F08E6C-74E5-4394-98B6-457CA0AC0F38,ZONGULDAK MERKEZ MEŞRUTİYET AİLE SAĞLIĞI MERKEZ,Zonguldak,Merkez,41.45921,31.79501,Zonguldak,Correct
470E5939-ED3D-4B29-84D5-45A971BE3744,GÜNEŞ ECZANESİ,Zonguldak,Merkez,41.44445,31.79006,Zonguldak,Correct
E926F19D-D276-44C4-818D-47B65BBD13A2,ÖZGÜMÜŞ ECZANESİ,Zonguldak,Ereğli,41.27581,31.43048,Zonguldak,Correct
942D8E58-AF8C-4B05-BB00-47B9CFEE32E2,ZONGULDAK AĞİZ VE DIŞ SAĞLİĞİ MERKEZI(S),Zonguldak,Merkez,41.45423,31.78898,Zonguldak,Correct
5FB2FA88-27F4-49E2-9940-482B7415EA0B,NİLÜFER ECZANESİ,Zonguldak,Devrek,41.21993,31.95998,Zonguldak,Correct
A82E5356-0D2D-496B-99E9-483F9C1319F2,ZONGULDAK MERKEZ BAHÇELİEVLER AİLE SAĞLIĞI MERKEZİ,Zonguldak,Merkez,41.45037,31.77593,Zonguldak,Correct
C959F25B-D693-473A-94F1-4A499EC3FB2E,ZONGULDAK MERKEZ ACILIK AİLE SAĞLIĞI MERKEZİ,Zonguldak,Merkez,41.44894,31.78837,Zonguldak,Correct
4978825B-D540-4F0A-943B-4A77F8E37FB5,GÖRKEM ECZANESİ,Zonguldak,Merkez,41.46005,31.81066,Zonguldak,Correct
20EBD3FB-E14C-4E03-A7B5-4ACAFDCA005C,SİMGE AKYİĞİT BESLENME VE DİYET DANIŞMANLIĞI,Zonguldak,Karadeniz Ereğli,40.8504,28.8601,İstanbul,Wrong
0BCFA5F7-1F4F-4C2F-A21B-4B8D6A0D6C62,ZONGULDAK EREĞLİ GÜLÜÇ AİLE SAĞLIĞI MERKEZİ,Zonguldak,Ereğli,41.24766,31.41358,Zonguldak,Correct
0B93957A-2942-4F6C-928C-4C33B8E639C1,ALAPLI ECZANESİ,Zonguldak,Alapli,41.18002,31.38614,Zonguldak,Correct
2B0142C5-27B3-4EB4-ADF8-4D9F19B05AFD,SİTE ECZANESİ,Zonguldak,Merkez,41.45191,31.77457,Zonguldak,Correct
CCE4910A-F575-4CF1-84F2-4E22E48E37B9,ZONGULDAK KOZLU MERKEZ AİLE SAĞLIĞI MERKEZİ,Zonguldak,Kozlu,41.43513,31.74395,Zonguldak,Correct
8A4B66E8-B97A-4F6A-BE50-4E566BC396D0,CANSU ECZANESİ,Zonguldak,Ereğli,41.29351,31.42312,Zonguldak,Correct
AE569AF9-D3A4-43AC-A560-4EB0CA0E8179,DİDEM ECZANESİ,Zonguldak,Alapli,41.27914,32.06887,Zonguldak,Correct
CAAE559C-C250-4DD0-A1DF-4F539FDEA6C7,ÇİLEK ECZANESİ,Zonguldak,Ereğli,41.26596,31.46541,Zonguldak,Correct
0A2824E0-6823-4333-A178-4F8D6183210C,ZONGULDAK MERKEZ ÇINARTEPE AİLE SAĞLIĞI MERKEZİ,Zonguldak,Merkez,41.44757,31.81748,Zonguldak,Correct
62508505-7375-4028-8EDE-4F9AC44FEA8E,ERKAL ÖZSOY MUAYENEHANESİ,Zonguldak,Merkez,41.162,29.1469,İstanbul,Wrong
F9EC05A3-10E1-4693-B5C4-51CA005EDAD7,ZONGULDAK EREĞLİ 4 NOLU AİLE SAĞLIĞI MERKEZİ,Zonguldak,Ereğli,41.26625,31.46418,Zonguldak,Correct
161338AB-711B-4724-B20A-528089A24FE8,ZONGULDAK EREĞLİ FİKRİ OĞUZ AİLE SAĞLIĞI MERKEZİ,Zonguldak,Ereğli,41.27709,31.4252,Zonguldak,Correct
BB72FE75-F0DB-4231-BDD9-53022F3A25B0,ZONGULDAK İL SAĞLIK MÜDÜRLÜĞÜ,Zonguldak,Merkez,38.98217,-76.90956,Maryland,Wrong
B23C2976-E5CD-41A7-97B5-55B018A10AD2,M.Y DENTAL,Zonguldak,Ereğli,41.27376,31.43353,Zonguldak,Correct
45C726D4-162A-4CAF-A924-56A0890FCA56,CENGİZ ZEYREK MUAYENEHANESİ,Zonguldak,Merkez,41.1381,28.8374,İstanbul,Wrong
1874CC8A-2B22-4B14-9F1F-56D670B1F0E3,SAĞLAM ECZANESİ,Zonguldak,Merkez,41.45076,31.78907,Zonguldak,Correct
C246E2A4-5FFD-4511-AD0C-5887C08D7FD2,SERHAT ECZANESİ,Zonguldak,Çaycuma,41.41795,32.15014,Zonguldak,Correct
0039FDC3-B2F8-40FF-B0B0-58AEF6ACDEC5,ZONGULDAK KADIN DOĞUM VE ÇOCUK HASTALİKLARİ HASTANESİ,Zonguldak,Merkez,41.45942,31.81112,Zonguldak,Correct
1C7B3383-33C5-4F3A-8969-59805ADF0852,ZONGULDAK ALAPLİ DEVLET HASTANESI,Zonguldak,Alapli,41.18272,31.39326,Zonguldak,Correct
A7D3289B-0B39-496C-BD31-59D0C55BFB7C,GÖKÇEBEY İLÇE DEVLET HASTANESİ,Zonguldak,Gökçebey,41.30611,32.13936,Zonguldak,Correct
12C4D6C1-2756-43A0-97A8-5A78EE072F0E,ÖZCAN ECZANESİ,Zonguldak,Çaycuma,41.42628,32.07197,Zonguldak,Correct
C7088BE2-9835-4CE2-ADDA-5B1489BF7B61,ZONGULDAK EREĞLİ ORMANLI AİLE SAĞLIĞI MERKEZİ,Zonguldak,Ereğli,41.18985,31.60308,Zonguldak,Correct
20CC97F0-29B7-4725-BBD2-5B33C8C86574,ZONGULDAK MERKEZ ELVANPAZARCIK AİLE SAĞLIĞI MERKEZİ,Zonguldak,Merkez,41.40427,31.86642,Zonguldak,Correct
B0F55F21-269F-48E0-A313-5BA45252501A,ZONGULDAK EREĞLİ CAN DİYALİZ MERKEZİ,Zonguldak,Karadeniz Ereğli,41.26601,31.47393,Zonguldak,Correct
939930B1-6FA6-42B2-870D-5C6DA1B76318,ENVER ÖZSOY-SİNEM KAYAPINAR TARAÇ MUAYENEHANESİ,Zonguldak,Karadeniz Ereğli,40.9498,28.9686,İstanbul,Wrong
E1E55F3E-A2E3-49FB-A89C-5D2472AB417F,ZONGULDAK ÖZEL CAN DİYALİZ MERKEZİ,Zonguldak,Merkez,41.45371,31.77697,Zonguldak,Correct
534FEB9C-6CB6-46D8-97A6-5DF2BF1BA0B3,GÜVEN ECZANESİ,Zonguldak,Ereğli,41.2734,31.43598,Zonguldak,Correct
9F372A53-43D6-46AD-9A3E-5EF900A0F284,SONNUR ECZANESİ,Zonguldak,Ereğli,41.27622,31.42862,Zonguldak,Correct
DFE8C644-057D-45F0-86F6-5FF87E32E1F0,ÖZEL MAYDENT,Zonguldak,Merkez,41.45061,31.77407,Zonguldak,Correct
986B4891-53E1-46EE-93EE-60C65890F0AE,DİLAN ECZANESİ,Zonguldak,Alapli,41.1806,31.38735,Zonguldak,Correct
3C9E1AE8-1F2F-4126-94F2-62676FC3FEFA,KILIÇ ECZANESİ,Zonguldak,Merkez,41.45917,31.79311,Zonguldak,Correct
9D30619F-AD46-485F-9C05-6503C4CE5A88,S.B. KARADENİZ EREĞLİ AĞIZ VE DİŞ SAĞLIĞI MERKEZİ,Zonguldak,Karadeniz Ereğli,40.83796,31.17098,Düzce,Wrong
875C25E3-8A5D-4368-B35E-653205DBDA22,TÜRKİYE TAŞKÖMÜRÜ ARMUTÇUK MÜESSESESİ,Zonguldak,Ereğli,41.3418,31.51449,Zonguldak,Correct
301ABFF2-F6B7-4DF6-AFD9-655A5B404D9D,ZONGULDAK ÇAYCUMA PERŞEMBE AİLE SAĞLIĞI MERKEZİ,Zonguldak,Çaycuma,41.41974,32.16005,Zonguldak,Correct
D9F35939-2ED3-4786-B79A-65F805B3B1BD,ZONGULDAK ECZANESİ,Zonguldak,Merkez,41.45254,31.79069,Zonguldak,Correct
06C0B70F-A821-4C82-82A9-6743C887C93A,SEMA ECZANESİ,Zonguldak,Merkez,41.35446,31.87105,Zonguldak,Correct
EEC32F6B-4105-4F31-BD1A-67BE951E34C7,GÖKGÖZ ECZANESİ,Zonguldak,Çaycuma,41.56168,32.02409,Zonguldak,Correct
ED94D446-BFCF-40D9-8D7F-6B3DD509027D,İSTANBUL ECZANESİ,Zonguldak,Kozlu,41.49075,31.83936,Zonguldak,Correct
29A2983F-D055-4D62-94BC-6CE26409E1F6,ESRA ECZANESİ,Zonguldak,Merkez,41.45932,31.79384,Zonguldak,Correct
A21F7F5F-6AD7-4D4F-8D75-6E2CAD2CA289,BEDRİYE MENİZ BESLENME VE DİYET DANIŞMANLIK MERKEZİ,Zonguldak,Karadeniz Ereğli,41.27699,31.42525,Zonguldak,Correct
19ECDD5E-99BD-4175-ADD8-6ECB300B1B45,YILMAZ ECZANESİ,Zonguldak,Merkez,41.45027,31.78409,Zonguldak,Correct
62B44E7F-2BF0-4D0A-8196-6FABB922D9F6,ELMAS DENTAL DİŞ POLİKLİNİĞİ,Zonguldak,Merkez,41.45273,31.79034,Zonguldak,Correct
89701635-C953-4287-A23E-6FF0B2935681,DERMAN ECZANESİ,Zonguldak,Çaycuma,41.30128,32.14888,Zonguldak,Correct
2B1F8243-FA55-4DCA-95D0-74697B6D45F9,ZONGULDAK MERKEZ KARAELMAS AİLE SAĞLIĞI MERKEZİ,Zonguldak,Merkez,41.44965,31.80008,Zonguldak,Correct
99119DB9-D037-446F-B905-75E474B6E6F3,ZONGULDAK ALAPLI MERKEZ 1 NOLU AİLE SAĞLIĞI MERKEZİ,Zonguldak,Alapli,41.17861,31.39344,Zonguldak,Correct
11069C09-6FBE-4652-B994-75EEE3C79F33,ŞİFA ECZANESİ,Zonguldak,Çaycuma,41.42671,32.07448,Zonguldak,Correct
F7E0589F-30C4-44F8-B269-7659AC3379C0,OKŞAN ESEN MUAYENEHANESİ,Zonguldak,Karadeniz Ereğli,41.1731,28.638,İstanbul,Wrong
0974459D-DB24-4054-8F77-766BF5801C30,ÖZLEM ECZANESİ,Zonguldak,Kozlu,41.43378,31.74591,Zonguldak,Correct
D66F63DA-7744-471B-A19D-776147BCEA47,KARADAYI ECZANESİ,Zonguldak,Devrek,41.22009,31.95523,Zonguldak,Correct
DDA1D763-1BB3-42C1-B681-7761F64161E2,ELİF ATA ECZANESİ,Zonguldak,Merkez,41.45012,31.78386,Zonguldak,Correct
0718CA23-99A0-44A2-8951-78C99BE43DBA,AĞARTAN ECZANESİ,Zonguldak,Merkez,41.45444,31.7906,Zonguldak,Correct
73D6DBC2-7597-408B-B197-791CC9D76E1B,MELTEM ÇETİNKAYA MUAYENEHANESİ,Zonguldak,Çaycuma,40.9392,28.723,İstanbul,Wrong
508264B7-8AD0-4B61-BCC1-795E8A1A4B00,YAZICI ECZANESİ,Zonguldak,Merkez,41.4471,31.76555,Zonguldak,Correct
8225DF58-4457-4A8B-960A-796BF8519445,ZONGULDAK EREĞLİ 7 NOLU AİLE SAĞLIĞI MERKEZİ,Zonguldak,Ereğli,41.27674,31.43401,Zonguldak,Correct
50A19F02-7C96-41E6-8BD4-79D9FCFD515C,YASEMİN ECZANESİ,Zonguldak,Ereğli,39.25487,-76.54596,Baltimore,Wrong
3B612C01-9459-44FD-B360-7C8D3D96A49D,ÖZLEM YAVUZ YİLMAZ MUAYENEHANESİ,Zonguldak,Merkez,41.26964,31.43742,Zonguldak,Correct
5278939B-582A-45F9-B633-7CB9E66F824D,BİLGİ ECZANESİ,Zonguldak,Ereğli,41.27589,31.4302,Zonguldak,Correct
86814319-4222-49C2-9E34-7CC0F43B6810,ÖZEL SİNAN KAYA AĞIZ VE DİŞ SAĞLIĞI POLİKLİNİĞİ,Zonguldak,Devrek,41.21913,31.95384,Zonguldak,Correct
5AB5EFC1-8818-4E22-9DD0-7DAA98B5C48C,DEVREK SAGLIK ECZANESI,Zonguldak,Devrek,41.21596,31.95576,Zonguldak,Correct
05A2A7E6-6232-4F74-B8E6-7E3EC1D4700A,DİYETİSYEN SİMGE ÇAYGEÇ KLİNİĞİ,Zonguldak,Karadeniz Ereğli,41.27827,31.42379,Zonguldak,Correct
362A1102-4CA2-44C7-A24A-7F69A0B58B2D,YONCA TÜRK MUAYENEHANESİ,Zonguldak,Karadeniz Ereğli,40.853,28.6011,İstanbul,Wrong
AAA452F3-EEB6-42DF-BF8E-801DF66F9C90,FIRAT GÖNENÇ MUAYENEHANESİ,Zonguldak,Çaycuma,41.18,29.2247,İstanbul,Wrong
389118C0-9F5C-47DF-AFE5-80A762761898,CEMİL SART ECZANESİ,Zonguldak,Ereğli,41.28776,31.42453,Zonguldak,Correct
42ACCD45-5529-47FD-80BC-810C07FE1BAD,ÇAYLIOĞLU ECZANESİ,Zonguldak,Ereğli,41.25964,31.82598,Zonguldak,Correct
82DF77C0-4EE7-4C1A-A59E-81547D1FD673,ALİYE DÖKMEN YAVUZ MUAYENEHANESİ,Zonguldak,Merkez,41.0113,28.6292,İstanbul,Wrong
538B689B-B545-4F60-B778-815505D8DDDA,ZONGULDAK ÇAYCUMA 1 NOLU AİLE SAĞLIĞI MERKEZİ,Zonguldak,Çaycuma,41.42636,32.07339,Zonguldak,Correct
7B42172B-6DD9-4B3C-91C4-823403AB00BB,ZONGULDAK DEVREK KEMERLER AİLE SAĞLIĞI MERKEZİ,Zonguldak,Devrek,41.27317,32.0539,Zonguldak,Correct
54B5824E-83A6-4624-99AE-83DE547A296E,GÜLDEN ECZANESİ,Zonguldak,Kilimli,41.30719,32.13849,Zonguldak,Correct
AFAD3A78-D615-40C4-A9E2-84616175FB05,ZONGULDAK ÇAYCUMA 2 NOLU AİLE SAĞLIĞI MERKEZİ,Zonguldak,Çaycuma,41.41906,32.09305,Zonguldak,Correct
1DF98BAD-388D-4E98-BB54-85A5C53CC3D4,UFUK ECZANESİ,Zonguldak,Merkez,41.45923,31.79341,Zonguldak,Correct
3DB304A7-8AB4-4E43-BA06-86C2385BC5FD,EBRU YUKARIBAŞ DOĞAN MUAYENEHANESİ,Zonguldak,Merkez,40.9838,28.8539,İstanbul,Wrong
D23196CD-0AC0-450D-9F45-86E35C871D71,SELÇUK ECZANESİ,Zonguldak,Ereğli,41.27341,31.432,Zonguldak,Correct
01BC61A6-481E-4112-B7ED-872D821F5D2E,MEMLEKET ECZANESİ,Zonguldak,Ereğli,41.27596,31.43048,Zonguldak,Correct
D1602D18-46CA-4FF7-A1C2-87EACDC806CE,KİLİMLİ ECZANESİ,Zonguldak,Kilimli,41.49013,31.83979,Zonguldak,Correct
BF61138C-61D9-4DCD-91E9-8819C30E4879,SEYHAN ECZANESİ,Zonguldak,Ereğli,41.26843,31.44068,Zonguldak,Correct
ECE46A64-D330-4536-A5A3-884836AC2D4F,ZONGULDAK EREĞLİ FAZLI ERDOĞAN AİLE SAĞLIĞI MERKEZİ,Zonguldak,Ereğli,41.29435,31.42481,Zonguldak,Correct
09F18FB8-8846-4BED-87EA-88EADAFC1E68,ZONGULDAK EREĞLİ 3 NOLU AİLE SAĞLIĞI MERKEZİ,Zonguldak,Ereğli,41.27305,31.43363,Zonguldak,Correct
BCBBBD31-F8AC-45BB-BE3E-88EF97F727A7,DEVA ECZANESİ,Zonguldak,Kilimli,41.49017,31.8395,Zonguldak,Correct
B49EB16F-2E1B-4D1C-BEB1-8956FC747642,SALTUKOVA ECZANESİ,Zonguldak,Çaycuma,41.52472,32.09907,Zonguldak,Correct
603457D2-9311-4459-9339-8A54CC9E5E25,ÖYKÜ ECZANESİ,Zonguldak,Ereğli,41.27378,31.4304,Zonguldak,Correct
E10D5F73-07AF-4E46-B173-8A8EB4F5994A,GÜLŞEN ECZANESİ,Zonguldak,Çaycuma,41.42663,32.07325,Zonguldak,Correct
F705D28B-82B9-4041-A380-8AA16C63B1DE,ZONGULDAK KİLİMLİ KARADON AİLE SAĞLIĞI MERKEZİ,Zonguldak,Kilimli,41.49116,31.85375,Zonguldak,Correct
AB120225-36AD-40B2-AAE2-8B738DD17F68,TÜLAY ŞAHİN SAĞLIK BESLENME DANIŞMANLIĞI,Zonguldak,Karadeniz Ereğli,39.62747,-76.04916,Maryland,Wrong
C1A0CD41-5458-45BD-B2F2-8B9BEDBB2EA2,HEYKEL ECZANESİ,Zonguldak,Çaycuma,41.42611,32.07576,Zonguldak,Correct
27BC4AB1-606A-4D98-AE87-8EA7BC01000A,MUSTAFA AĞLAR MUAYENEHANESİ,Zonguldak,Alapli,41.0154,29.1101,İstanbul,Wrong
75DA0508-4F52-4E67-837F-8F47472553B3,TUBA ECZANESİ,Zonguldak,Çaycuma,41.49296,32.18444,Zonguldak,Correct
1B17569B-B7AE-4AF7-B57A-8F87E4DEF2D0,ZEKİ SÖNMEZ ECZANESİ,Zonguldak,Ereğli,41.28036,31.422,Zonguldak,Correct
B682CD26-CBED-4D65-B9F9-90F7058D2B06,ZONGULDAK EREĞLİ FEVZİ ÖZDEMİR AİLE SAĞLIĞI MERKEZİ,Zonguldak,Ereğli,41.2691,31.44029,Zonguldak,Correct
7272D634-68CE-4B5D-A7CC-91ADC985814F,GÖKMEN ECZANESİ,Zonguldak,Merkez,41.45483,31.78872,Zonguldak,Correct
1876FFEB-C14F-44E6-8F0C-926A4F56FE18,ERDEMİR ECZANESİ,Zonguldak,Ereğli,41.27825,31.49407,Zonguldak,Correct
2A63E007-28A7-4803-8B70-929FEF8CCDC2,NİSA ECZANESİ,Zonguldak,Merkez,41.45294,31.79016,Zonguldak,Correct
93718531-605D-43EF-965F-9435FBE244A2,HİSARÖNÜ ECZANESİ,Zonguldak,Çaycuma,41.56244,32.02351,Zonguldak,Correct
776C2217-1EC3-48A0-BBC9-957BE3289AA6,ÖZTÜRK ECZANESİ,Zonguldak,Alapli,41.17972,31.38632,Zonguldak,Correct
DE78A506-CC01-449E-BC0E-97809E3B373A,PEHLİVANLAR AİLE SAĞLIĞI MERKEZİ,Zonguldak,Çaycuma,41.43059,32.07657,Zonguldak,Correct
4373F8F6-BF04-4459-875D-98819649784A,ZONGULDAK EREĞLİ SÜLEYMANBEYLER AİLE SAĞLIĞI MERKEZİ,Zonguldak,Ereğli,41.26882,31.58229,Zonguldak,Correct
FB886B2D-199F-47B2-82BF-998F62ED3D56,ZONGULDAK ERDEMİR HASTANESİ,Zonguldak,Karadeniz Ereğli,41.27439,31.43475,Zonguldak,Correct
967955AF-926E-4D2F-902E-9B5BAA4B86A1,ÖZEL ALAPLI AKDENT,Zonguldak,Alapli,41.17785,31.38374,Zonguldak,Correct
C9904308-9AD0-42EA-AA31-9BA320B180A7,ÇAYCUMA ECZANESİ,Zonguldak,Çaycuma,41.42589,32.07633,Zonguldak,Correct
DDF8DFD7-F8B3-42D1-8912-9BD36C56E54D,ZONGULDAK ATATÜRK DEVLET HASTANESİ EK HİZMET BİRİMİ,Zonguldak,Merkez,41.44833,31.77557,Zonguldak,Correct
88EEF8EF-3501-4DF0-8AF9-9BDFC25141C0,ULUPINAR ECZANESİ,Zonguldak,Devrek,41.21824,31.95468,Zonguldak,Correct
0190A836-1DE7-4D27-B5C0-9CCCD5286464,AYDOĞAN ECZANESİ,Zonguldak,Ereğli,41.27998,31.42474,Zonguldak,Correct
E2C08221-868E-4A25-8807-9E8748190E70,ÖZEL YALÇINKAYA TIP MERKEZİ,Zonguldak,Karadeniz Ereğli,41.28261,31.41689,Zonguldak,Correct
FDD234E4-973E-4DF5-B4E7-9F6B01505CBE,ŞAFAK ECZANESİ,Zonguldak,Çaycuma,41.42713,32.07594,Zonguldak,Correct
3A677D7E-3219-43DE-AA6B-9FE07D0DACD2,ZEKİ GÜNALP MUAYENEHANESİ,Zonguldak,Merkez,41.1199,29.108,İstanbul,Wrong
E143F910-0F0E-4060-87A2-A005C0D699C4,ALAPLI AŞAĞIDAĞ AİLE SAĞLIĞI MERKEZİ,Zonguldak,Alapli,41.12742,31.50363,Zonguldak,Correct
E4C1D3BC-AA8E-45BE-821D-A077D5DF2B1B,BEKİR ATALAY MUAYENEHANESİ,Zonguldak,Merkez,41.153,28.8783,İstanbul,Wrong
D83AE71E-B92D-4106-80ED-A0C4574A5E65,ESTEDENT DİŞ KLİNİĞİ,Zonguldak,Devrek,41.21922,31.95399,Zonguldak,Correct
24AC93F8-5584-4995-828E-A0F248346005,BİLGE ECZANESİ,Zonguldak,Merkez,41.46405,31.79508,Zonguldak,Correct
53A803B6-50F2-42CB-872D-A138F4BEC271,BATI KARADENİZ DİŞ KLİNİĞİ,Zonguldak,ZONGULDAK MERKEZ,41.44996,31.79027,Zonguldak,Correct
D7D3CA61-A166-4E4F-A727-A22CD3BC350F,VEHBİ KUTAYER MUAYENEHANESİ,Zonguldak,Merkez,41.1078,29.1976,İstanbul,Wrong
943EADF6-88EC-463C-8D7A-A33D02B311F6,BAŞKENT ÜNİVERSİTESİ ZONGULDAK DİYALİZ MERKEZİ,Zonguldak,Gökçebey,41.33614,32.09356,Zonguldak,Correct
7AD63075-97E8-4050-8CD6-A4467776FF31,YAMAN ECZANESİ,Zonguldak,Ereğli,41.27672,31.49304,Zonguldak,Correct
EEFFC818-A843-4685-A869-A48B5CAAEBD1,YÜCEL ECZANESİ,Zonguldak,Çaycuma,41.36293,32.17878,Zonguldak,Correct
ABC71F81-FAFE-4C09-B726-A49384679AF0,ZONGULDAK MERKEZ İNAĞZI AİLE SAĞLIĞI MERKEZİ,Zonguldak,Merkez,41.47797,31.81979,Zonguldak,Correct
EEB0BF01-5BA5-46E2-A617-A52A0762FAA9,VATAN ECZANESİ,Zonguldak,Ereğli,41.29518,31.40779,Zonguldak,Correct
BF96CE59-DD36-427D-BA24-A70CEC10CF52,ABDULLAH ÇAPÇI MUAYENEHANESİ,Zonguldak,Gökçebey,40.9819,29.1005,İstanbul,Wrong
4E66F22A-227D-4840-AAD3-A72738E9D4E3,ÖZEL YALI AĞIZ VE DİŞ SAĞLIĞI POLİKLİNİĞİ,Zonguldak,Karadeniz Ereğli,41.28564,31.41703,Zonguldak,Correct
79ABD9D5-0CFB-46E6-BE51-A7D44F7557A2,ZONGULDAK EREĞLİ ŞEHİT ASTSUBAY ÖMER HALİSDEMİR AİLE SAĞLIĞI MERKEZİ,Zonguldak,Ereğli,41.29809,31.40779,Zonguldak,Correct
5B6D9CFE-BAAF-4024-9CE3-A7E07D4D0865,ÇAYDEĞİRMENİ ECZANESİ,Zonguldak,Devrek,41.2815,32.07136,Zonguldak,Correct
1B2C8712-32F0-4F4C-9C97-A7F4C1F9B5FA,FUNDA EĞER MUAYENEHANESİ,Zonguldak,Karadeniz Ereğli,41.0454,29.3561,İstanbul,Wrong
1924691C-C8CD-41FD-B826-A826D627CF4C,ZONGULDAK KOZLU FATİH AİLE SAĞLIĞI MERKEZİ,Zonguldak,Kozlu,41.43256,31.73318,Zonguldak,Correct
D7FD2CD8-BB4E-4016-9388-A977DD14AE61,KOREL ECZANESİ,Zonguldak,Ereğli,41.27908,31.42354,Zonguldak,Correct
40F80ACF-F789-4094-9E51-A9A740FA7DC2,ERTEM ECZANESİ,Zonguldak,Ereğli,41.27586,31.43029,Zonguldak,Correct
BAEEA695-D9A6-4D3C-B3F9-AA4D7561AA01,GÜR ECZANESİ,Zonguldak,Ereğli,41.27345,31.43196,Zonguldak,Correct
2FC14B8D-10B5-4C8A-B301-AD0A31EF04FA,UMUT ECZANESİ,Zonguldak,Devrek,41.21838,31.95516,Zonguldak,Correct
1FAA6B9D-DA44-4320-A245-AD65406F9FC0,ALPEREN ERDAL MUAYNEHANESİ,Zonguldak,Merkez,41.49006,31.84024,Zonguldak,Correct
22B599E6-8A45-45E4-9360-AE97D4AA7ECB,SAĞLIK ECZANESİ,Zonguldak,Çaycuma,41.42644,32.08102,Zonguldak,Correct
9FFB6255-6386-4051-9466-AF703F8E89BC,BURCU ECZANESİ,Zonguldak,Çaycuma,41.42736,32.07599,Zonguldak,Correct
25DF04E2-DF70-40CE-8957-B0C96DEC18E4,ÇAYCUMA ÖZEL SEVGİ TIP MERKEZİ,Zonguldak,Çaycuma,41.42535,32.06924,Zonguldak,Correct
352CAA77-0BA6-4913-A275-B1C0D8F108CC,ÇATALAĞZI ECZANESİ,Zonguldak,Kilimli,41.32792,31.96781,Zonguldak,Correct
13FAADA1-6E9B-4125-B407-B20CFD88AD37,PAŞA ECZANESİ,Zonguldak,Merkez,39.04697,-76.82316,Maryland,Wrong
D959F00D-6891-4362-9EDF-B3597334D918,ZONGULDAK ÇAYCUMA FİLYOS AİLE SAĞLIĞI MERKEZİ,Zonguldak,Çaycuma,41.56295,32.02418,Zonguldak,Correct
4CB96D79-D526-440D-8E8D-B3A0E53FB4BC,ZONGULDAK EREĞLİ KANDİLLİ AİLE SAĞLIĞI MERKEZİ,Zonguldak,Ereğli,41.34475,31.50244,Zonguldak,Correct
37182948-EDA1-4E0A-9220-B3BAABBE8B9C,GÜRCAN ALIŞ MUAYENEHANESİ,Zonguldak,Merkez,41.0707,29.1769,İstanbul,Wrong
C04CD89B-3EFB-4B10-A37D-B44F03B491E2,ZONGULDAK KİLİMLİ ÇATALAĞZI AİLE SAĞLIĞI MERKEZİ,Zonguldak,Kilimli,41.49949,31.87308,Zonguldak,Correct
57092232-4375-44F9-BD61-B4A84F8B65F4,ADA ECZANESİ,Zonguldak,Merkez,41.49333,31.84192,Zonguldak,Correct
D96EF7D2-1214-4175-B474-B5D5D1ACF440,KIRAÇ ECZANESİ,Zonguldak,Kilimli,41.45892,31.79636,Zonguldak,Correct
43B64A8B-22FC-4FB8-9192-B601E4CD89D1,YEDİTEPE ECZANESİ,Zonguldak,Kozlu,41.43076,31.73385,Zonguldak,Correct
71CEA258-3CBD-4A4A-B230-B7FB7DA24788,MİNE ECZANESİ,Zonguldak,Devrek,41.2201,31.95523,Zonguldak,Correct
9728968B-C1DF-49DF-8012-B8BBEC6E4F67,KILIÇ ECZANESİ,Zonguldak,Çaycuma,41.42579,32.07372,Zonguldak,Correct
A7F05566-4B73-4A40-AF74-BC00D7EB3AE1,ZONGULDAK EREĞLİ YEŞİLTEPE AİLE SAĞLIĞI MERKEZİ,Zonguldak,Ereğli,41.26927,31.45672,Zonguldak,Correct
5AB7E911-380D-47CC-A154-BC1609BD7E2A,HASAN TAŞ MUAYENEHANESİ,Zonguldak,Çaycuma,41.1683,28.8484,İstanbul,Wrong
338CD52C-C98C-4725-AAF5-BD8BCFB24022,TUĞBA ECZANESİ,Zonguldak,Kilimli,41.48966,31.83908,Zonguldak,Correct
29235BA1-202F-4768-9422-BD97DB43EDC6,YİĞİT ECZANESİ,Zonguldak,Merkez,41.46824,31.80585,Zonguldak,Correct
AF4E2171-D4C6-42AA-B37F-BEE44E5A67E1,ÖZCAN UZUN MUAYENEHANESİ,Zonguldak,Merkez,40.8053,29.2955,İstanbul,Wrong
BD3FF6D9-2AB7-4F1B-9F4A-C169B3549AC7,ÇAYCUMA ÖZEL CAN DİYALİZ MERKEZİ,Zonguldak,Çaycuma,41.42456,32.08544,Zonguldak,Correct
F5E9404A-5F46-4D09-9BEF-C278B86AB988,BİLLUR ECZANESİ,Zonguldak,Kozlu,41.42843,31.747,Zonguldak,Correct
9E93D88F-4A11-40E8-A98E-C39EF06AE173,KARAELMAS ECZANESİ,Zonguldak,Merkez,41.44962,31.80056,Zonguldak,Correct
3F09D8A1-1B44-4CCE-9E4B-C3B7CA29677F,ÖZEL FİZYON DİŞ KLİNİĞİ,Zonguldak,Karadeniz Ereğli,41.27364,31.43173,Zonguldak,Correct
0DDD109D-BEE0-428F-BFC3-C483BA8F512B,DENTZONE DİŞ KLİNİĞİ,Zonguldak,Karadeniz Ereğli,41.27523,31.42646,Zonguldak,Correct
EAC79F6C-A191-4B89-9B8C-C4C6530DBF94,ÖVÜL ECZANESİ,Zonguldak,Ereğli,41.27843,31.42423,Zonguldak,Correct
9C831D26-5D9E-43A5-9EA7-C6F830E30220,DEMİRAY ECZANESI,Zonguldak,Ereğli,41.26471,31.46415,Zonguldak,Correct
3CB09C36-BFC1-4CCC-8502-C7511BBDABFF,ZONGULDAK MERKEZ SOĞUKSU AİLE SAĞLIĞI MERKEZİ,Zonguldak,Merkez,41.45078,31.78473,Zonguldak,Correct
BFE349D0-1612-4047-AABF-C89D346EFB4B,YILDIZ ERTÜRK ECZANESİ,Zonguldak,Ereğli,41.27646,31.49282,Zonguldak,Correct
2BCFE227-A914-4FA5-A336-CBB9205616A4,DENİZ ÖZSAN BESLENME VE DANIŞMANLIK,Zonguldak,Ereğli,41.28081,31.41873,Zonguldak,Correct
6893CF0A-C6E4-4AC0-89D6-CC26AEFE4E1F,ÇAĞRI ECZANESİ,Zonguldak,Çaycuma,41.42679,32.07572,Zonguldak,Correct
00EE01CF-C81B-4BCD-A9F9-CD106CC733B7,ÖZEL ZONGULDAK LEVEL HOSPITAL,Zonguldak,Merkez,41.45168,31.78593,Zonguldak,Correct
A34C7CF7-0051-467B-A1AE-CEB29D5A15E5,CANAN ECZANESİ,Zonguldak,Merkez,41.45354,31.7894,Zonguldak,Correct
D6BB0D4C-A93A-4334-9941-CECE38877FBE,ÖZEL ÇAYCUMA AĞIZ VE DİŞ SAĞLIĞI POLİKLİNİĞİ,Zonguldak,Çaycuma,41.49444,32.19081,Zonguldak,Correct
B9A137CC-46C0-4DF6-9C4B-CEE9E084EA5E,ZONGULDAK EREĞLİ 5 NOLU AİLE SAĞLIĞI MERKEZİ,Zonguldak,Ereğli,41.26842,31.45711,Zonguldak,Correct
22B02D57-A005-4832-9EC9-CF65E70E1B2B,KARŞIYAKA ECZANESİ,Zonguldak,Devrek,41.21894,31.95604,Zonguldak,Correct
D9AEDC04-B835-4E1E-9D76-CF6A77FE0FAB,AYŞEGÜL TÜYLÜOĞLU BESLENME VE DİYET DANIŞMANLIK MERKEZİ,Zonguldak,Karadeniz Ereğli,41.27845,31.42383,Zonguldak,Correct
6A3D695C-8F57-4F0D-AF20-D044124CFBC3,ZONGULDAK MERKEZ ÇAYDAMAR AİLE SAĞLIĞI MERKEZİ,Zonguldak,Merkez,41.43422,31.74619,Zonguldak,Correct
42BCB7BC-043A-4D81-8B6C-D1835E072391,ÖZEL ECHOMAR HASTANESİ,Zonguldak,Karadeniz Ereğli,41.27326,31.43216,Zonguldak,Correct
49EB2738-1B9A-4B9D-B8DF-D1AAA89D97BF,ÇINAR ECZANESİ,Zonguldak,Ereğli,41.26511,31.47273,Zonguldak,Correct
67EB5088-E09A-4F7D-88CD-D2FD8A1965EB,ÖZNUR ALAZOĞLU BESLENME DANIŞMANLIĞI,Zonguldak,Karadeniz Ereğli,41.27942,31.42141,Zonguldak,Correct
28EC068F-4007-4E2F-A0AB-D32CF125A972,ÖZLEM PAPİLA ECZANESİ,Zonguldak,Merkez,41.45037,31.78424,Zonguldak,Correct
B3421B6F-189F-4183-939C-D39E6570F263,NAZİF ALKAN MUAYENEHANESİ,Zonguldak,Merkez,40.8144,28.9651,İstanbul,Wrong
D3636955-9A88-4F8E-A1AC-D3AB3AC5F72A,ÖZEL DEVREK IŞIN TIP MERKEZİ,Zonguldak,Devrek,40.87536,33.74308,Çankırı,Wrong
867342C7-954E-4803-B4C8-D586BC1D6293,ARZUM ECZANESİ,Zonguldak,Gökçebey,41.41969,32.1533,Zonguldak,Correct
157FDBCC-A2E1-4EF5-A885-D626BEF2EE50,ZONGULDAK UZUN MEHMET GÖĞÜS VE MESLEK HASTALİKLARİ HASTANESI,Zonguldak,Merkez,41.45253,31.79276,Zonguldak,Correct
7BAB0016-DE3A-4BA3-9F54-D628A8A89F26,ZONGULDAK ALAPLI MERKEZ 2 NOLU AİLE SAĞLIĞI MERKEZİ,Zonguldak,Alapli,41.18161,31.39294,Zonguldak,Correct
BEFA0940-50AB-4DBD-8596-D70B5BE1AAC8,ÇAKMAK ECZANESİ,Zonguldak,Çaycuma,41.42731,32.07237,Zonguldak,Correct
EADE9C76-7F92-4D11-9486-D86335FBB1DC,YAZICIOĞLU ECZANESİ,Zonguldak,Ereğli,41.27588,31.43024,Zonguldak,Correct
4187F052-790A-4571-8689-D8A32D6DD72F,DENİZ ECZANESİ,Zonguldak,Ereğli,41.28709,31.41257,Zonguldak,Correct
E8B8D34B-A8ED-44C6-85F2-D8D676431B14,BULUT ECZANESİ,Zonguldak,Ereğli,41.28035,31.43075,Zonguldak,Correct
27B3CB12-A292-4196-A1B8-D9E7EFC3FCA5,GÜNER ECZANESİ,Zonguldak,Ereğli,41.269,31.45781,Zonguldak,Correct
54B0BC48-D057-464A-B58B-DA330C8804E4,GÖNENÇ ECZANESİ,Zonguldak,Çaycuma,41.42685,32.07384,Zonguldak,Correct
A78D5450-E56F-456F-B7F5-DA5AB4F8EE78,ZONGULDAK GÖKÇEBEY BAKACAKKADI AİLE SAĞLIĞI MERKEZİ,Zonguldak,Gökçebey,41.33691,32.0934,Zonguldak,Correct
7AAD9E86-4DE1-4847-A66B-DB200F901E62,HALE ECZANESİ,Zonguldak,Devrek,41.22023,31.96043,Zonguldak,Correct
30816DE7-3D4D-4E0C-A610-DB83C133723E,KARADENİZ EREĞLİ MERKEZ 7 NOLU ASM,Zonguldak,Karadeniz Ereğli,41.27765,31.43089,Zonguldak,Correct
5DEA78D1-50BE-4E67-A7C3-DCB90558670B,B-FİT SPOR VE YAŞAM MERKEZİ ZONGULDAK ŞUBESİ,Zonguldak,Merkez,41.45101,31.77337,Zonguldak,Correct
D83A044F-9AE3-4271-B33F-DD47565A0DB6,ERGİN KUYUMCU MUAYENEHANESİ,Zonguldak,Merkez,41.1482,29.3959,İstanbul,Wrong
55FC2129-F927-494D-9CAD-DE11D702C910,MERYEM ECZANESİ,Zonguldak,Ereğli,41.27381,31.43305,Zonguldak,Correct
2ADEF2FA-EC48-4060-9C0B-DE42075B9AAC,ZONGULDAK MERKEZ KARAMAN AİLE SAĞLIĞI MERKEZİ,Zonguldak,Merkez,41.37326,31.96135,Zonguldak,Correct
B5B3DEBD-9986-4089-8891-DEC86B9246C3,ÇAVUŞOĞLU ECZANESİ,Zonguldak,Alapli,41.1784,31.3931,Zonguldak,Correct
14EB6CFD-5C37-47AA-A085-DEEBD1C52EAE,BÜLENT ECEVİT ÜNİVERSİTESİ DİŞ HEKİMLİĞİ FAKÜLTESİ,Zonguldak,Merkez,41.28064,31.78162,Zonguldak,Correct
06AE37EC-FA12-44D1-85BA-DF4C2878DA12,CADDE ECZANESİ,Zonguldak,Devrek,41.21734,31.95538,Zonguldak,Correct
E217939D-4EE6-468F-9C19-E01255F2A6F1,ÖZEL EREĞLİ ANADOLU HASTANESİ,Zonguldak,Ereğli,41.27579,31.43057,Zonguldak,Correct
256645FD-3962-4B00-B8C8-E179E58C24B5,KEPEZ ECZANESİ,Zonguldak,Ereğli,41.26815,31.45784,Zonguldak,Correct
A18026C3-580B-4C65-B073-E1BD06947506,ZONGULDAK BÜLENT ECEVİT ÜNİVERSİTESİ TIP FAKÜLTESİ,Zonguldak,Merkez,41.0262,28.9875,İstanbul,Wrong
65D5F2C1-9CC2-40CE-A653-E28E550ACECA,CANDAROĞLU ECZANESİ,Zonguldak,Ereğli,41.27685,31.43342,Zonguldak,Correct
ED7033FB-94FA-41DD-AD62-E2F41917EC73,ZONGULDAK ÇAYCUMA SALTUKOVA AİLE SAĞLIĞI MERKEZİ,Zonguldak,Çaycuma,41.52164,32.09404,Zonguldak,Correct
A18567AA-EA12-47A2-BA2F-E2FA8F3DCF2B,MURAT ÖZDAMAR MUAYENEHANESİ,Zonguldak,Ereğli,41.1125,29.0966,İstanbul,Wrong
A391D11B-F2A5-406F-9516-E4EB3ED1AD32,TOLGA AKGÜN MUAYENEHANESİ,Zonguldak,Karadeniz Ereğli,41.1764,28.9718,İstanbul,Wrong
632F3DE0-32B4-4E94-9DFC-E61F097EDE25,MERVE ECZANESI,Zonguldak,Ereğli,41.46916,31.81515,Zonguldak,Correct
AB07C99E-FFCD-4CF0-9332-E87F8F07497E,TUNCAY ECZANESİ,Zonguldak,Ereğli,41.26654,31.48218,Zonguldak,Correct
E1A5050B-2D7B-4579-8D7B-E917ED6B9FB0,ZONGULDAK MERKEZ BEYCUMA ASM,Zonguldak,Merkez,41.32814,31.96689,Zonguldak,Correct
B64984B7-B298-4275-B41F-E97A69383B5A,YENİ ÇARŞI ECZANESİ,Zonguldak,Merkez,41.45032,31.79215,Zonguldak,Correct
AF918219-DA55-4083-8871-EA322EB2688F,ERDAL NAZİOĞLU MUAYENEHANESİ,Zonguldak,Merkez,40.9193,29.3661,İstanbul,Wrong
FA4741CD-D3DE-4465-8E47-EB240D6FEE1B,TÜRKOĞLU ECZANESİ,Zonguldak,Ereğli,41.28088,31.42594,Zonguldak,Correct
3288D876-6215-4B1D-8ED3-EB3570524B25,KADAM ECZANESİ,Zonguldak,Devrek,41.21746,31.95539,Zonguldak,Correct
19DC4BB1-E2E3-4FA9-B74D-EB675C55C664,MADENCİ ECZANESİ,Zonguldak,Ereğli,41.26862,31.45668,Zonguldak,Correct
E59D7E9C-3936-4D2B-AED6-EBE85C9C0230,ÇAKIR ECZANESİ,Zonguldak,Çaycuma,41.52473,32.09908,Zonguldak,Correct
901C5100-45DB-4253-8683-EC592BEE4981,MERKEZ ECZANESİ,Zonguldak,Merkez,41.45929,31.7937,Zonguldak,Correct
0CC754D1-FDA5-4F62-AAF2-ECA0596CC2C3,OKTAY ECZANESİ,Zonguldak,Merkez,41.45117,31.79023,Zonguldak,Correct
8FD24E40-8028-4902-90F7-EE11BB9E4CD7,SÖZ DİYET DANIŞMANLIK MERKEZİ,Zonguldak,Merkez,41.146,29.0047,İstanbul,Wrong
AD2904C9-9D4E-4850-80EF-EFFAE72128A9,ŞİFA ECZANESİ,Zonguldak,Alapli,41.17965,31.38813,Zonguldak,Correct
F4776248-6B22-4EDA-BB58-F15A3ECCB87F,EMRE ECZANESİ,Zonguldak,Ereğli,41.34492,31.50212,Zonguldak,Correct
BCB62C27-1C4C-4839-886D-F15E84568AFB,ÖZEL ÖĞÜT SAĞLIK AĞIZ VE DİŞ SAĞLIĞI POLİKLİNİĞİ,Zonguldak,Çaycuma,41.52614,32.09958,Zonguldak,Correct
3734BC58-A58A-4ED8-BB62-F1AD3B57DD81,ASLAN ECZANESİ,Zonguldak,Çaycuma,41.43006,32.07658,Zonguldak,Correct
F236B8E5-ABB1-4B26-A8B0-F21BC19F3912,ZONGULDAK EREĞLİ AKTAŞ AİLE SAĞLIĞI MERKEZİ,Zonguldak,Ereğli,41.28122,31.43168,Zonguldak,Correct
3E66E8FA-4D26-41A6-A893-F29834809CAA,İPEK GÜMEN BESLENME VE DANIŞMANLIK MERKEZİ,Zonguldak,Alapli,40.8785,28.6786,İstanbul,Wrong
14EC3C8D-A820-4389-9BB3-F341CC159BC8,YENİ HAYAT ECZANESİ,Zonguldak,Çaycuma,41.4268,32.073,Zonguldak,Correct
4BC4F6BC-A9F9-42A3-876B-F3490E150C38,ZONGULDAK ALAPLI MOLLABEY AİLE SAĞLIĞI MERKEZİ,Zonguldak,Alapli,41.14342,31.44525,Zonguldak,Correct
0E358E56-544B-47ED-B4A0-F3D6BAE35EF9,KLİNİK EREĞLİ AĞIZ VE DİŞ SAĞLIĞI MERKEZİ,Zonguldak,Ereğli,41.27752,31.42427,Zonguldak,Correct
167F9B99-BB4F-4AE3-B43F-F4D1F1821388,GÖKHAN ÖZER MUAYENEHANESİ,Zonguldak,Merkez,41.195,29.2322,İstanbul,Wrong
188DEE81-9752-4FED-A60B-F4DAAFBE08F7,ZONGULDAK KİLİMLİ MERKEZ AİLE SAĞLIĞI MERKEZİ,Zonguldak,Kilimli,41.48685,31.83829,Zonguldak,Correct
9EF462EF-E797-41B6-91AF-F4FA7CE36D1D,BÜYÜK ECZANESİ,Zonguldak,Çaycuma,41.42684,32.0739,Zonguldak,Correct
F08D11C9-A9A8-46AC-A8F5-F5B400985E95,GÜVEN ECZANESİ,Zonguldak,Kozlu,41.43434,31.74545,Zonguldak,Correct
50B77D3F-AD64-4B39-BA5C-F771432BC56F,BİRİNCİ ECZANESİ,Zonguldak,Çaycuma,41.41916,32.15506,Zonguldak,Correct
BDACDFB1-0C2B-4785-877F-F8DFF54875BA,KÜBRA ECZANESİ,Zonguldak,Çaycuma,41.42596,32.07574,Zonguldak,Correct
40F57D1E-F2C5-435C-948E-F9558FBA976C,ZONGULDAK ÇAYCUMA NEBİOĞLU AİLE SAĞLIĞI MERKEZİ,Zonguldak,Çaycuma,41.43863,32.24263,Zonguldak,Correct
C122A6C4-267A-4706-B789-F9E8F0A9667D,UMUT ECZANESİ,Zonguldak,Ereğli,41.28087,31.42259,Zonguldak,Correct
5D829642-B6A6-4875-95E9-FA169277D8EB,BİLGEN ECZANESİ,Zonguldak,Merkez,41.44747,31.81718,Zonguldak,Correct
FB805FCE-71E9-44B3-8082-FA504AA97015,LOKMAN ECZANESİ,Zonguldak,Ereğli,41.24808,31.41347,Zonguldak,Correct
58731FFD-83C7-408B-9388-FA9AE08874B9,ÖZLEM KÜLCÜ KISA MUAYENEHANESİ,Zonguldak,Karadeniz Ereğli,41.1987,28.9242,İstanbul,Wrong
A5EC7553-006E-4411-A20A-FC76B6C3A004,OKTAY ECZANESİ,Zonguldak,Gökçebey,41.30649,32.14006,Zonguldak,Correct
37061780-C4E7-4449-8074-FC7BA79C809B,ARZU ECZANESİ,Zonguldak,Kozlu,41.43463,31.74888,Zonguldak,Correct
2036B849-B9CB-47FD-B1F1-FCBE758353E1,ZONGULDAK KİLİMLİ GELİK AİLE SAĞLIĞI MERKEZİ,Zonguldak,Kilimli,41.4763,31.88441,Zonguldak,Correct
01052B12-25C7-4F27-A505-FD3FEB312A24,İPEK ECZANESİ,Zonguldak,Ereğli,41.28241,31.42284,Zonguldak,Correct
18566156-FC13-4097-A2C5-FD6981DDB977,PINAR ECZANESİ,Zonguldak,Devrek,41.21795,31.95536,Zonguldak,Correct
3835917C-8CB0-4F33-A103-FD9BB502D104,NERGİS-OSMAN YAVUZ MUAYENEHANESİ,Zonguldak,Karadeniz Ereğli,41.1319,28.6624,İstanbul,Wrong
E0023A12-59CB-45B0-82E3-FFFA7D24462B,İSMAİL ERENOĞLU ECZANESİ,Zonguldak,Devrek,41.25068,31.91375,Zonguldak,Correct
