UnitId,UnitName,CityName,DistrictName,Latitude,Longitude,DetectedCity,Match,Dosya Adı
BC291F58-D1CB-4B25-AB16-0304C59F6EB9,ATADENT DİŞ KLİĞİNİ,İstanbul,Bakirköy,39.27197,-76.52316,No Info,No Info,checked_coordinates34.csv
3C611B74-B35D-452A-9543-047C04C90B29,HAKAN ÜNVER MUAYENEHANESİ,İstanbul,Bakirköy,39.24587,-76.55796,No Info,No Info,checked_coordinates34.csv
7C531242-7028-4FBD-BA54-056B265096E5,DOĞA ECZANESİ,İstanbul,Eyüp,38.95607,-76.94436,No Info,No Info,checked_coordinates34.csv
827B4D36-1F62-478D-93DC-0F6F06DBE386,DERYA KONYAR MUAYENEHANESİ,İstanbul,Beylikdüzü,39.14957,-76.68636,No Info,No Info,checked_coordinates34.csv
A9260EB6-9D16-4168-8426-108481B9084E,KENAN DİBEK MUAYENEHANESİ,İstanbul,Şişli,40.34621,-74.40966,No Info,No Info,checked_coordinates34.csv
57BC088C-742F-44DC-A974-1427AD178371,DANIS ECZANESI,İstanbul,Üsküdar,39.16217,-76.66956,No Info,No Info,checked_coordinates34.csv
983E7F95-594E-45C1-AA02-15383B615146,DİYETİSYEN ECEM SERİM KLİNİĞİ,İstanbul,Bakirköy,39.40787,-76.34196,No Info,No Info,checked_coordinates34.csv
0855583B-4D12-4323-91DD-1E274E53FF93,DUYGU ECZANESİ,İstanbul,Küçükçekmece,39.63107,-76.04436,No Info,No Info,checked_coordinates34.csv
BB759E0C-1CF1-4FCF-AA6C-1FF0F18D5643,İSTANBUL KENT ÜNİVERSİTESİ AĞIZ VE DİŞ SAĞLIĞI UYG. VE ARAŞTIRMA MERKEZİ,İstanbul,Beyoğlu,39.02717,-76.84956,No Info,No Info,checked_coordinates34.csv
9A2C5660-1DC6-40CE-A2FD-2072BB020870,ÖZEL FRANSIZ LAPE RUH SAĞLIĞI VE HASTALIKLARI HASTANESİ,İstanbul,Şişli,39.07127,-76.79076,No Info,No Info,checked_coordinates34.csv
5A015782-9010-4215-BBC7-20C7DE3A9ED9,MUHAMMET RECAİ MAZLUMOĞLU MUAYENEHANESİ,İstanbul,Bakirköy,39.52217,-76.18956,No Info,No Info,checked_coordinates34.csv
37E85305-16E8-4F81-B49B-26645B142140,SEÇİL AKDOĞAN MUAYENEHANESİ,İstanbul,Bakirköy,39.66797,-75.99516,No Info,No Info,checked_coordinates34.csv
05F3A2B3-0287-4F1C-871E-2B1111643EC5,SPORTOFİZ SPORCU SAĞLIĞI MERKEZİ,İstanbul,Bakirköy,39.41597,-76.33116,No Info,No Info,checked_coordinates34.csv
34407378-5654-48DA-85B6-2C9C938A82EC,POZİTİF ECZANESİ,İstanbul,Bakirköy,39.43397,-76.30716,No Info,No Info,checked_coordinates34.csv
C2A02ED9-1367-4623-9F62-306772A3F3BD,AC AĞIZ VE DİŞ SAĞLIĞI POLİKLİNİĞİ,İstanbul,Bakirköy,39.44297,-76.29516,No Info,No Info,checked_coordinates34.csv
755AEFE7-6045-4519-9D3F-30B35B258179,FEMİNEN KADIN VE ÜREME SAĞLIĞI MERKEZİ,İstanbul,Şişli,40.647707,-112.295828,No Info,No Info,checked_coordinates34.csv
984BD995-7A6A-4EA4-9B80-30CBC2008C8D,HAYRETTİN KARA MUAYENEHANESİ,İstanbul,Bakirköy,39.47717,-76.24956,No Info,No Info,checked_coordinates34.csv
7496179C-6933-4F32-B157-30FA4AF1FA5B,ÖZEL FATİH HASTANESİ,İstanbul,Fatih,35.18153,33.36612,No Info,No Info,checked_coordinates34.csv
25C2530A-949E-45A4-AE4F-337DEDD7F3FB,DENİZHAN DİZDAR MUAYENEHANESİ,İstanbul,Bakirköy,39.50957,-76.20636,No Info,No Info,checked_coordinates34.csv
7663306E-5A37-4434-B9CB-364DAFAF0817,ŞEHİT PROF DR İLHAN VARANK SANCAKTEPE EĞİTİM VE ARAŞTIRMA HASTANESİ ÇEKMEKÖY EK HİZMET BİNASI,İstanbul,Ümraniye,39.20087,-76.61796,No Info,No Info,checked_coordinates34.csv
4534D1DA-8A42-44E9-842B-382B2F5BB0EF,DENTA RİVA AĞIZ VE DİŞ SAĞLIĞI POLİKLİNİĞİ,İstanbul,Bakirköy,38.94437,-76.95996,No Info,No Info,checked_coordinates34.csv
5268F337-5D55-4E43-A5A4-3C4C0C968B50,HİLAL ECZANESI,İstanbul,Şişli,39.13607,-76.70436,No Info,No Info,checked_coordinates34.csv
7819CDD6-B4DB-4E95-B82B-3DC22197BC10,BULAT AYTEK ŞIK MUAYEHANESİ,İstanbul,Şişli,40.42237,-111.85005,No Info,No Info,checked_coordinates34.csv
E2F39E1F-0CB5-4C2B-9415-3FD6BBFF8824,FERİŞTAH AĞIZ VE DİŞ SAĞLIĞI POLİKLİNİĞİ,İstanbul,Bakirköy,39.53477,-76.17276,No Info,No Info,checked_coordinates34.csv
E9B10DF3-CE93-4AF4-B0A5-41D190918138,GALAKSİ AĞIZ VE DİŞ SAĞLIĞI POLİKLİNİĞİ,İstanbul,Bakirköy,39.48077,-76.24476,No Info,No Info,checked_coordinates34.csv
49343EB1-6D73-489A-B204-45B5AA7C7ED7,TUĞÇE ŞAHİN BESLENME VE DİYET DANIŞMANLIK,İstanbul,Bakirköy,39.41237,-76.33596,No Info,No Info,checked_coordinates34.csv
6B017113-4965-46C0-8176-47915AF907AB,SERAP ORAK TUFAN MUAYENEHANESİ,İstanbul,Ataşehir,39.60677,-76.07676,No Info,No Info,checked_coordinates34.csv
B12761F8-67E4-427C-AE21-4A157887657B,HAKAN PEKER MUAYENEHANESİ,İstanbul,Bakirköy,38.89217,-77.02956,No Info,No Info,checked_coordinates34.csv
E2B37280-9AB0-4191-8F99-4C2D41050744,ÜMRAN TIP MERKEZİ,İstanbul,Ümraniye,39.43217,-76.30956,No Info,No Info,checked_coordinates34.csv
52C628A6-4F01-487F-8ABB-4F519773E031,KENAN ERDOĞAN MUAYENEHANESİ,İstanbul,Gaziosmanpaşa,35.09732,-106.59994,No Info,No Info,checked_coordinates34.csv
AF0291FA-35B9-40E0-A1F6-4FFF32F32FC4,AYDIN GÖZÜ MUAYENEHANESİ,İstanbul,Kadiköy,43.6819,-70.41729,No Info,No Info,checked_coordinates34.csv
2774CDDC-4C49-4E2F-8F41-5073BB6F4ACA,ÖZEL AVCILAR ANADOLU HASTANESİ,İstanbul,Avcilar,39.35927,-76.40676,No Info,No Info,checked_coordinates34.csv
F470F208-350A-4227-AD4D-5703D4D02C1A,ALİ ALPER BAYRAM MUAYENEHANESİ,İstanbul,Bakirköy,39.11807,-76.72836,No Info,No Info,checked_coordinates34.csv
071551F3-7B83-4165-B865-59360B155E86,YILDIRIM ECZANESİ,İstanbul,Arnavutköy,39.33047,-76.44516,No Info,No Info,checked_coordinates34.csv
48F801A8-371A-4E19-9EE3-5B76DF95FF23,ORHAN BABAZADE MUAYENEHANESİ,İstanbul,Bakirköy,39.11717,-76.72956,No Info,No Info,checked_coordinates34.csv
035F4F4D-18E8-4214-A4B2-5D95A72D483C,ÖZEL PENDİK TIP MERKEZİ,İstanbul,Pendik,39.35657,-76.41036,No Info,No Info,checked_coordinates34.csv
263E3EC7-B957-4992-BAF4-614D30868D12,HANDE ARDA ULUSAL MUAYENEHANESİ,İstanbul,Bakirköy,39.55007,-76.15236,No Info,No Info,checked_coordinates34.csv
DC731FE5-C6EE-4549-8119-69E57C516717,SÜEDA ECZANESİ,İstanbul,Başakşehir,5.531407,-73.363592,No Info,No Info,checked_coordinates34.csv
7594D81D-CEDF-4D41-87F2-6BD5ACB179D0,EYÜP ÖZEL ŞİFA POLİKLİNİĞİ,İstanbul,Eyüp,39.39617,-76.35756,No Info,No Info,checked_coordinates34.csv
A3F4A069-59F9-4A06-8693-6CD92C2C357D,ÇAPAR DİŞ KLİNİĞİ,İstanbul,Bakirköy,39.49427,-76.22676,No Info,No Info,checked_coordinates34.csv
A3117033-751D-44B8-A142-70695F437E4C,İSMAİL ÖZDEMİR MUAYEHANEHESİ,İstanbul,Şişli,39.82125,-89.66695,No Info,No Info,checked_coordinates34.csv
447A3A57-4A43-4E41-B7AB-726C5682DBC2,SÜREYYAPAŞA GÖĞÜS HASTALIKLARI VE GÖĞÜS CERRAHİSİ İSTANBUL MESLEK HASTALIKLARI EK HİZMET BİNASI,İstanbul,Maltepe,39.38087,-76.37796,No Info,No Info,checked_coordinates34.csv
73E80C14-7456-4424-97D2-7493AC93C638,DEMET ELVAN MUAYENEHANESİ,İstanbul,Eyüp,39.41957,-76.32636,No Info,No Info,checked_coordinates34.csv
5C368CFE-DD26-4E0F-8C00-76C198563F69,MEHMET ERDİL MUYENEHANESİ,İstanbul,Bakirköy,39.39257,-76.36236,No Info,No Info,checked_coordinates34.csv
17F3A4CF-7450-4E68-BC84-770A2983C4DB,ELİT İNTERNATİONAL DENTAL,İstanbul,Bakirköy,38.94257,-76.96236,No Info,No Info,checked_coordinates34.csv
30595444-3BB4-48B4-AB45-798BF6C7F930,SEDA ÖZGÜZEL KLİNİĞİ,İstanbul,Bakirköy,39.07577,-76.78476,No Info,No Info,checked_coordinates34.csv
004BB286-4962-493C-9724-7B3D01054BFA,SEYRANTEPE ŞİŞLİ ETFAL EĞİTİM ARAŞTIRMA HASTANESİ ECZANESİ,İstanbul,Şişli,39.04517,-76.82556,No Info,No Info,checked_coordinates34.csv
14092588-DE3F-4A14-BBC8-8121AA057158,HARZEM ÖZGER MUAYENEHANESİ,İstanbul,Şişli,39.22427,-76.58676,No Info,No Info,checked_coordinates34.csv
3BDB3CF9-B197-41BF-97D1-8300752D43B8,MAVİ ECZANESİ,İstanbul,Başakşehir,39.21257,-76.60236,No Info,No Info,checked_coordinates34.csv
C79FC71F-B760-407A-99CF-83AEBADD8B4B,MÜRSEL İNANÇ MUAYENEHANESİ,İstanbul,Eyüp,39.26567,-76.53156,No Info,No Info,checked_coordinates34.csv
2140CF7B-E759-4F75-8DA0-8683FF714563,MERAL AYDENİZ BESLENME DİYET VE DANIŞMANLIK,İstanbul,Bakirköy,38.91557,-76.99836,No Info,No Info,checked_coordinates34.csv
A635305F-D2CD-40F6-B7A7-8CDF4DED5456,YAPRAK ECZANESİ,İstanbul,Beylikdüzü,39.44657,-76.29036,No Info,No Info,checked_coordinates34.csv
95622411-E03A-4F7A-A235-8F6F801DA4F4,EKSPER DİŞ AĞIZ VE DİŞ SAĞLIĞI POLİKLİNİĞİ,İstanbul,Bakirköy,39.11087,-76.73796,No Info,No Info,checked_coordinates34.csv
20184AF0-7ECC-48B5-9613-93418EE5D0E4,BURCU CÖMERT SAYINER BESLENME KLİNİĞİ,İstanbul,Bakirköy,38.91737,-76.99596,No Info,No Info,checked_coordinates34.csv
C092E07C-27AA-42FE-8BD5-9370416AF3A9,MUSTAFA SERDAR YAŞARTEKİN MUAYENEHANE,İstanbul,Bakirköy,39.25037,-76.55196,No Info,No Info,checked_coordinates34.csv
83B174DC-6DEF-40F3-8D28-A427CE6AEF75,VOLKAN KAHYA MUAYENEHANESİ,İstanbul,Bakirköy,38.89487,-77.02596,No Info,No Info,checked_coordinates34.csv
B8532D3C-2CC7-4CAF-B9E9-A4D6D88EA5F1,DİDEM EKİZ MUAYENEHANESİ,İstanbul,Bakirköy,39.68057,-75.97836,No Info,No Info,checked_coordinates34.csv
EEAD0185-F547-4017-A1E7-ADEBB02D60C0,ÖZEL MEDİPOL MEGA AĞIZ DİŞ VE ÇENE HASTALIKLARI HASTANESİ,İstanbul,Bağcilar,38.90927,-77.00676,No Info,No Info,checked_coordinates34.csv
D9E345DA-04B5-462E-ADD8-AEE5CFE0F207,SAİT GEZER MUAYENEHANESİ,İstanbul,Bakirköy,39.57977,-76.11276,No Info,No Info,checked_coordinates34.csv
F82FCAF3-FE5B-4F6D-90D2-B7C597E5F603,ERSİN AYDIN DERMATOLOJİ KLİNİĞİ,İstanbul,Bakirköy,39.12977,-76.71276,No Info,No Info,checked_coordinates34.csv
6AD56D63-3636-488E-BAAC-BB6886A66683,SERAP ECZANESİ,İstanbul,Sancaktepe,39.18287,-76.64196,No Info,No Info,checked_coordinates34.csv
B95F446D-70F9-4269-B64A-C111F5C33BDA,AYŞEGÜL SINGIN MUAYENEHANESİ,İstanbul,Pendik,39.13697,-76.70316,No Info,No Info,checked_coordinates34.csv
6F7DC247-BEBA-4163-8A04-C12EA3820928,ÖZEL RENKLİ DİYET KLİNİĞİ,İstanbul,Üsküdar,30.3961,-81.4153,No Info,No Info,checked_coordinates34.csv
570B558E-56CB-46B4-9B83-C6FC34753EEC,SÜREYYAPAŞA GÖĞÜS HASTALIKLARI EĞİTİM VE ARAŞTIRMA HASTANESİ GÖĞÜS CERRAHİ BÖLÜMÜ,İstanbul,Sultanbeyli,39.19097,-76.63116,No Info,No Info,checked_coordinates34.csv
C39D6D40-F3D1-41E8-9F5C-C8FE749EB738,HASAN SERDAROĞLU MUAYENEHANESİ,İstanbul,Şişli,46.92096,-96.78421,No Info,No Info,checked_coordinates34.csv
1CC027DA-EB0E-459E-BD50-D2B8DD66645B,MAHMUT YILMAZ DİŞ HEKİMİ,İstanbul,Başakşehir,39.03797,-76.83516,No Info,No Info,checked_coordinates34.csv
5FE2F584-30D4-43F5-A53F-D354CE74E902,PINAR ÜNSOY ECZANESİ,İstanbul,Fatih,39.64367,-76.02756,No Info,No Info,checked_coordinates34.csv
355DCD27-19FC-442C-B0F5-D3D5B3AE7272,ÖZNUR DÜNDAR AKIN MUAYENESİ,İstanbul,Bakirköy,39.65267,-76.01556,No Info,No Info,checked_coordinates34.csv
6439B0D8-22D6-4413-AD37-D4D298CF7CF9,SEFAKÖY ECZANESİ,İstanbul,Küçükçekmece,39.04157,-76.83036,No Info,No Info,checked_coordinates34.csv
627B0635-2D5B-4355-BF6B-D5BA4A78C6F0,EBRULİ ECZANESİ,İstanbul,Avcilar,39.02537,-76.85196,No Info,No Info,checked_coordinates34.csv
5B455D25-A5BF-44D9-8EF8-D8A238F30BCD,LAVANTA ECZANESİ,İstanbul,Esenyurt,39.44747,-76.28916,No Info,No Info,checked_coordinates34.csv
6CE6FC4F-636F-417E-958D-D9F4F40103BE,İKMAL MALİYE OKULU VE EĞİTİM MERKEZİ KOMUTANLIĞI,İstanbul,Maltepe,39.66617,-75.99756,No Info,No Info,checked_coordinates34.csv
DB07E945-F6E7-446A-818E-DE8232CD2F3C,FİNANSKENT ECZANESİ,İstanbul,Ataşehir,39.65177,-76.01676,No Info,No Info,checked_coordinates34.csv
A9AE16DD-93DE-4889-91F5-E409F39BE04D,BAŞAKŞEHİR DEVLET HASTANESİ GÜVERCİNTEPE SEMT POLİKLİNİĞİ,İstanbul,Başakşehir,39.20717,-76.60956,No Info,No Info,checked_coordinates34.csv
4BAB6891-6229-4290-A2B9-ED3EE40E96D1,DENTBUL AĞIZ VE DİŞ SAĞLIĞI KLİNİĞİ,İstanbul,Bakirköy,39.59237,-76.09596,No Info,No Info,checked_coordinates34.csv
FA92F2FE-9166-472E-B6C9-F994A11DBCCF,ÇİÇEK ACIBADEM ECZANESİ,İstanbul,Kadiköy,39.38807,-76.36836,No Info,No Info,checked_coordinates34.csv
A91ADEFB-FD75-4E7E-B01E-099689D6FAFE,KARAHİSAR ECZANESİ,Denizli,Tavas,39.62387,-76.05396,No Info,No Info,checked_coordinates20.csv
8F7DF126-2A14-4C06-BCE5-138CB2953167,EKİN ECZANESİ,Denizli,Baklan,38.99207,-76.89636,No Info,No Info,checked_coordinates20.csv
10586F60-9458-4772-BCBA-15323125F41F,İRFAN KARABABA MUAYENEHANESİ,Denizli,Merkezefendi,38.96147,-76.93716,No Info,No Info,checked_coordinates20.csv
0BEFE29F-CF0B-4136-A62F-15D69419DFE6,BERTAN ECZANESİ,Denizli,Merkezefendi,39.59057,-76.09836,No Info,No Info,checked_coordinates20.csv
FA4211EE-3CFC-4E0F-88CD-1DC4269CB6CB,ŞULE ECZANESİ,Denizli,Merkezefendi,39.53027,-76.17876,No Info,No Info,checked_coordinates20.csv
3F2A30BE-9448-4A55-B035-4415C3D8B36F,SEVGİ KAŞLI MUAYENEHANESİ,Denizli,Pamukkale,39.40967,-76.33956,No Info,No Info,checked_coordinates20.csv
AB377A59-F0D3-4D30-A1A7-58DE4B59F11B,NECİBE RANA ALTINIŞIK MUAYENEHANESİ,Denizli,Baklan,39.57347,-76.12116,No Info,No Info,checked_coordinates20.csv
73FEA0AD-A490-4ADE-B65B-5E8A80867E60,ÇAĞRI ECZANESİ,Denizli,Acipayam,39.54377,-76.16076,No Info,No Info,checked_coordinates20.csv
334FEB30-209C-4621-8E69-65EA57BFD144,YELİZ ECZANESİ,Denizli,Acipayam,39.30617,-76.47756,No Info,No Info,checked_coordinates20.csv
98F82B35-F7DA-444D-B537-682BB7D32CB4,PAMUKKALE ÜNİVERSİTESİ AĞIZ VE DİŞ SAĞLIĞI UYGULAMA VE ARAŞTIRMA MERKEZİ,Denizli,Pamukkale,39.60947,-76.07316,No Info,No Info,checked_coordinates20.csv
BD344F22-3E5F-4197-9697-AB8B19E7063A,BAŞARAN ECZANESİ,Denizli,Tavas,39.29087,-76.49796,No Info,No Info,checked_coordinates20.csv
C1F96DD7-C94C-4164-978D-043B640DF9DD,ASYA ECZANESİ,Diyarbakir,Bağlar,39.37097,-76.39116,No Info,No Info,checked_coordinates21.csv
D2CE5720-BDB7-4664-BA58-17644DD6F39A,KLİNİK 75 AĞIZ VE DİŞ SAĞLIĞI POLİKLİNİĞİ,Diyarbakir,Kocaköy,39.55367,-76.14756,No Info,No Info,checked_coordinates21.csv
749644D4-2BBC-48A1-8097-244A1255E4D0,TURKUAZ ECZANESİ,Diyarbakir,Bağlar,39.14417,-76.69356,No Info,No Info,checked_coordinates21.csv
CF3341F2-F44F-4F60-8C21-37A8BDA0599D,SIHHAT ECZANESİ,Diyarbakir,SURİÇİ,39.55277,-76.14876,No Info,No Info,checked_coordinates21.csv
71972964-1975-4DF5-8682-40E30FB35252,DOĞU ECZANESİ,Diyarbakir,Sur,39.15497,-76.67916,No Info,No Info,checked_coordinates21.csv
5FFE5806-D666-45D4-AFB4-4CA5E0A3CA18,LALE ECZANESİ,Diyarbakir,Kayapinar,39.62927,-76.04676,No Info,No Info,checked_coordinates21.csv
972CB770-2826-46EB-BBA6-5463AF3C4DC8,HATBOYU ECZANESİ,Diyarbakir,Bağlar,39.63647,-76.03716,No Info,No Info,checked_coordinates21.csv
42FD0031-9FE7-4E2F-8867-652BF13B11E3,BULAK ECZANESİ,Diyarbakir,Bağlar,39.59687,-76.08996,No Info,No Info,checked_coordinates21.csv
89D4AC55-05F1-45BB-94CB-8404FD0FD12F,DOST ECZANESİ,Diyarbakir,Sur,39.59777,-76.08876,No Info,No Info,checked_coordinates21.csv
076DEC20-1392-4FB9-9D5F-8987053E2B94,SİLVAN ECZANESİ,Diyarbakir,Silvan,39.23147,-76.57716,No Info,No Info,checked_coordinates21.csv
638B806F-9F25-4F6C-844C-8AB12703DCF6,ÇUHADAR ECZANESİ,Diyarbakir,Bağlar,38.93717,-76.96956,No Info,No Info,checked_coordinates21.csv
A24AF821-73E7-430B-BA57-8B967C71C09F,KAYAPINAR MERKEZ 1 NOLU ASM,Diyarbakir,Kayapinar,39.11897,-76.72716,No Info,No Info,checked_coordinates21.csv
E67035D8-593F-4AF2-914C-99392328C31F,PELİN ECZANESİ,Diyarbakir,Yenişehir,39.45377,-76.28076,No Info,No Info,checked_coordinates21.csv
F01F5105-CF19-45D4-92B4-9E27D244CAB6,SEVİM ECZANESİ,Diyarbakir,Yenişehir,39.42947,-76.31316,No Info,No Info,checked_coordinates21.csv
C4063F8B-C404-4466-BF77-C81EBE31E9EB,UZMAN ECZANESİ,Diyarbakir,Bağlar,39.28547,-76.50516,No Info,No Info,checked_coordinates21.csv
4BC4E8C2-A7DB-4254-9F3C-D87C1A4CB9D6,BARIŞ KARATAŞ MUAYENEHANESİ,Diyarbakir,Yenişehir,39.23327,-76.57476,No Info,No Info,checked_coordinates21.csv
455063C6-5653-4D22-920F-DA749F070455,BAĞCILAR ECZANESİ,Diyarbakir,Bağlar,39.61397,-76.06716,No Info,No Info,checked_coordinates21.csv
128915C9-DA08-4EC9-B016-E0A5E5EF926E,SÜMER ECZANESİ,Diyarbakir,Çermik,39.49697,-76.22316,No Info,No Info,checked_coordinates21.csv
CCF60B05-5E88-404B-901B-FFA57E838DFC,KÖKSAL ECZANESİ,Diyarbakir,Hani,39.10547,-76.74516,No Info,No Info,checked_coordinates21.csv
A5777B0E-FD38-47AA-A378-0A514D415FE3,ULAŞTIRMA PERSONEL OKULU VE EĞİTİM MERKEZİ KOMUTANLIĞI REVİRİ,İzmir,Gaziemir,39.00107,-76.88436,No Info,No Info,checked_coordinates35.csv
0B5C6993-5317-4D0D-B17D-17057584DBB4,ÖZEL VENİ VİDİ GÖZ MERKEZİ KONAK,İzmir,Konak,39.09467,-76.75956,No Info,No Info,checked_coordinates35.csv
A365AD81-BF11-4D04-8E3A-19EDCE5A7A21,KARŞIYAKA İLÇE EMNİYET MÜDÜRLÜĞÜ REVİRİ,İzmir,Karşiyaka,35.09462,-106.60354,No Info,No Info,checked_coordinates35.csv
F622EFD4-50CA-4A16-ACCA-378BDDA243B1,BİRGİ ECZANESİ,İzmir,Ödemiş,39.66707,-75.99636,No Info,No Info,checked_coordinates35.csv
15AC6B8C-6714-4F1E-8363-4B0CE995923B,EGE KÖRFEZ ECZANESİ,İzmir,Bayrakli,39.42497,-76.31916,No Info,No Info,checked_coordinates35.csv
7ADDD1F2-1DE7-49C0-9D1A-5106DA665D44,T.C. S.B. SAĞLIK BİLİMLERİ ÜNİVERSİTESİ İZMİR BOZYAKA EĞİTİM VE ARAŞTIRMA HASTANESİ,İzmir,Karabağlar,39.10097,-76.75116,No Info,No Info,checked_coordinates35.csv
09084F87-AAFF-4081-8E4B-51D22D48745B,NURAY AYŞE ÖZDEMİR YILDIRIM MUAYENEHANESİ,İzmir,Konak,39.37277,-76.38876,No Info,No Info,checked_coordinates35.csv
B9E93A75-A6DF-4FE6-9478-51EEB34145DB,ÖZGÜR YAKUP-ERDAL YAKUP MUAYENEHANESİ,İzmir,Karabağlar,39.26657,-76.53036,No Info,No Info,checked_coordinates35.csv
1C0A21A8-581C-47B3-86FD-5368059E1D11,HASAN ULAŞ BAŞYURT MUAYENEHANESİ,İzmir,Bayrakli,39.18737,-76.63596,No Info,No Info,checked_coordinates35.csv
B20AB6DB-CAF8-4E7A-A42E-70F8E71BF9FD,EBRU YÜKSEL ÖZBAL MUAYENEHANESİ,İzmir,Konak,39.10457,-76.74636,No Info,No Info,checked_coordinates35.csv
EE6DD2A4-F031-4999-957C-71BC27A7C0E1,KÜBRA BAĞCI MUAYENESİ,İzmir,alsancak,39.48437,-76.23996,No Info,No Info,checked_coordinates35.csv
3F14C71C-CA91-4DC8-8DBC-8D5832C3C6AF,MERT KAZANDI MUAYENEHANESİ,İzmir,Bayrakli,39.09647,-76.75716,No Info,No Info,checked_coordinates35.csv
66613947-F720-407B-97AF-C64CE242E9F0,İZMİR TINAZTEPE ÜNİVERSİTESİ ÖZEL GALEN HASTANESİ,İzmir,Bayrakli,39.02807,-76.84836,No Info,No Info,checked_coordinates35.csv
D15046D4-1CB2-4421-856C-E74FAF74EA27,ANIT ECZANESİ,İzmir,Bayrakli,39.04967,-76.81956,No Info,No Info,checked_coordinates35.csv
D1B2602F-94C0-4DC8-BCC6-F8DE75016E1D,T.C. SAĞ.BAK.SAĞLIK BİLİMLERİ ÜNİVERSİTESİ İZMİR DR.BEHÇET UZ ÇOCUK HAST.VE CER. EĞT. VE ARAŞ. HAST.,İzmir,Konak,39.66077,-76.00476,No Info,No Info,checked_coordinates35.csv
3544E734-9F28-48E0-871B-FA571FE5F457,MUSTAFA ERTUĞRUL UĞURÇEKİÇ MUAYENEHANESİ,İzmir,Urla,39.25307,-76.54836,No Info,No Info,checked_coordinates35.csv
CC88EAEB-78EE-42DF-9916-FDC77894C83D,EŞREFPAŞA BELEDİİYE HASTANESİ BUCA SEMT POLİKLİNİĞİ,İzmir,Buca,39.32597,-76.45116,No Info,No Info,checked_coordinates35.csv
7B6C838A-AB98-4857-807F-1E8FFFEFD2D1,LEYLA ECZANESİ,Elaziğ,Merkez,39.27467,-76.51956,No Info,No Info,checked_coordinates23.csv
05370AFF-EA52-4E59-8AD2-2C9452D2CBE4,SENA ECZANESİ,Elaziğ,Merkez,39.66527,-75.99876,No Info,No Info,checked_coordinates23.csv
42DB50D6-C82B-4C16-8005-3A35E84826EB,SİVRİCE ECZANESİ,Elaziğ,Sivrice,39.44027,-76.29876,No Info,No Info,checked_coordinates23.csv
EF7B018D-C2E4-4489-80B1-41B783059EB3,SAĞLIK ECZANESİ,Elaziğ,Merkez,39.16937,-76.65996,No Info,No Info,checked_coordinates23.csv
1597C559-A318-43ED-A6C7-51E17ADB6F12,SERAP ECZANESİ,Elaziğ,Merkez,39.23597,-76.57116,No Info,No Info,checked_coordinates23.csv
A8BA2938-B6D3-44D6-B417-6BA8921A48D7,AYTURAN ECZANESİ,Elaziğ,Baskil,39.15227,-76.68276,No Info,No Info,checked_coordinates23.csv
DEF132A3-6FDA-41A3-87B9-81E40DC9D378,ELAZIĞ ALTINÇEVRE AİLE SAĞLIĞI MERKEZİ,Elaziğ,Merkez,39.24227,-76.56276,No Info,No Info,checked_coordinates23.csv
DF7D5D4B-B57B-4360-9E68-976A2FB0A54E,BAHÇECİ ECZANESİ,Elaziğ,Merkez,39.12347,-76.72116,No Info,No Info,checked_coordinates23.csv
32075F3E-B532-4D89-AA41-9C5CCF089DA2,YUNUS EMRE YÜKSEL MUAYENEHANESİ,Elaziğ,Merkez,39.55637,-76.14396,No Info,No Info,checked_coordinates23.csv
63DCF978-436B-4909-8161-9E44D4728F23,ELAZIĞ GÜNEYKENT AİLE SAĞLIĞI MERKEZİ,Elaziğ,ELAZIĞ MERKEZ,39.24677,-76.55676,No Info,No Info,checked_coordinates23.csv
5DC444F3-9810-4713-A7CA-B063D5A398D0,AKIN PEKİNCE MUAYENEHANESİ,Elaziğ,Merkez,39.38987,-76.36596,No Info,No Info,checked_coordinates23.csv
7EA7524A-7E22-4C51-9739-B06E496C0381,EYLÜL ECZANESİ,Elaziğ,Merkez,39.33317,-76.44156,No Info,No Info,checked_coordinates23.csv
57A18B8D-3E66-4FB1-A595-B44002CBEC06,BULUTOĞLU ECZANESİ,Elaziğ,Karakoçan,39.10277,-76.74876,No Info,No Info,checked_coordinates23.csv
B0BF70F6-5817-427B-8594-B996878EDF2B,AKÇAKİRAZ ECZANESİ,Elaziğ,Merkez,39.16757,-76.66236,No Info,No Info,checked_coordinates23.csv
3167575C-0067-4793-861D-BC7B10AB241F,LÜTFÜ KOCALMIŞ MUAYENEHANESİ,Elaziğ,Merkez,38.99117,-76.89756,No Info,No Info,checked_coordinates23.csv
7B2280AB-39A2-4EB6-80F3-C984A7BD88A5,ONUR ECZANESİ,Elaziğ,Palu,39.42857,-76.31436,No Info,No Info,checked_coordinates23.csv
CE256AFF-3031-487E-8C98-DEADE3F55001,MB DENTWAY DİŞ KLİNİĞİ,Elaziğ,Merkez,39.42677,-76.31676,No Info,No Info,checked_coordinates23.csv
8252BD12-532D-4ADB-A744-F2A8AF1D6AAE,NUR ECZANESİ,Elaziğ,Merkez,38.92907,-76.98036,No Info,No Info,checked_coordinates23.csv
F02F0106-D683-4E43-BEB9-FDAAC6111158,MURAT ECZANESİ,Elaziğ,Merkez,39.37817,-76.38156,No Info,No Info,checked_coordinates23.csv
985A0A81-E5C3-48FF-8A79-884F6A976E4E,CİDE YUKSEL ECZANESİ,Kastamonu,Cide,39.09377,-76.76076,No Info,No Info,checked_coordinates37.csv
4A2B20BA-F9D6-4295-A258-C657C1A0C975,YEŞİLTAŞ ECZANESİ,Kastamonu,Merkez,39.37007,-76.39236,No Info,No Info,checked_coordinates37.csv
9F25753E-1AFB-4262-A232-0680CEB63676,TAZEGÜL ECZANESİ,Kars,Merkez,39.39167,-76.36356,No Info,No Info,checked_coordinates36.csv
06541FE5-0D71-4751-A153-324285F20F9C,ELİF SAKİNE GÜNGÖREN BESLENME VE DİYET KLİNİĞİ,Kars,Merkez,38.99927,-76.88676,No Info,No Info,checked_coordinates36.csv
64773934-6E12-47E2-B21B-37472207EC70,MURAT ECZANESİ,Kars,Merkez,39.43307,-76.30836,No Info,No Info,checked_coordinates36.csv
3A1F0F9B-53FE-48A5-B402-5D554A8D8988,ŞİFA ECZANESİ,Kars,Akyaka,39.23417,-76.57356,No Info,No Info,checked_coordinates36.csv
A07CA921-2CA8-42B5-99C5-6569C26CA393,DEMİR ECZANESİ,Kars,Merkez,39.22607,-76.58436,No Info,No Info,checked_coordinates36.csv
1EFAA56E-AB1A-4639-B984-714EC4BBE94A,ŞİFA ECZANESİ,Kars,Kağizman,39.23417,-76.57356,No Info,No Info,checked_coordinates36.csv
0CFA544D-82D1-46D5-BB72-BCC4AFB1BDE0,TANRIVERDİ ECZANESİ,Kars,Merkez,39.03617,-76.83756,No Info,No Info,checked_coordinates36.csv
5E7C966E-087B-4260-A7A6-F838AB14D4EB,YALÇIN ECZANESİ,Kars,Merkez,39.03707,-76.83636,No Info,No Info,checked_coordinates36.csv
73942F4F-A3D4-4F09-8C3D-FF6B2C8EFCAA,İREM ECZANESİ,Kars,Merkez,39.16397,-76.66716,No Info,No Info,checked_coordinates36.csv
90D090AE-98A6-4DD2-B784-04901F525CEB,KEŞAN DEVLET HASTANESİ İPSALA EK HİZMET BİNASI,Edirne,İpsala,39.33497,-76.43916,No Info,No Info,checked_coordinates22.csv
A4865506-8117-45BB-BC64-053F7A7BBA0B,MERİÇ ECZANESİ,Edirne,Merkez,39.40697,-76.34316,No Info,No Info,checked_coordinates22.csv
445794A0-A3D9-4444-BF1B-2BF782234A9B,VAREL ECZANESİ,Edirne,Merkez,39.13337,-76.70796,No Info,No Info,checked_coordinates22.csv
7A1E8C2E-D647-4713-9EA2-2F05C741AA40,MODAVİZYON TEKSTİL SAĞLIK BİRİMİ,Edirne,Merkez,39.16127,-76.67076,No Info,No Info,checked_coordinates22.csv
11F78054-43EF-49E6-BCB0-48D7A7DCF33A,EDİRNE ECZANESİ,Edirne,Merkez,39.01817,-76.86156,No Info,No Info,checked_coordinates22.csv
067B0E76-BA3C-4339-85F7-4B7EE0AC3146,SİMGE BESLENME VE DİYET DANIŞMANLIĞI,Edirne,Merkez,39.26747,-76.52916,No Info,No Info,checked_coordinates22.csv
AF0D3543-A249-48B3-8B1E-6FD49F28C27F,HAYRANİ-NEVZAT TABAK MUAYENEHANESİ,Edirne,Merkez,38.98577,-76.90476,No Info,No Info,checked_coordinates22.csv
BC5A90A2-620E-4FDD-9E32-7B5C95036BFA,HER ŞEY ÇOCUKLAR İÇİN,Edirne,EDİRNE MERKEZ,39.08387,-76.77396,No Info,No Info,checked_coordinates22.csv
FFDDA70D-FBD5-442E-AB94-8FC9C55212EB,CEMAL ÖZOCAK MUAYENEHANESİ,Edirne,Merkez,39.29447,-76.49316,No Info,No Info,checked_coordinates22.csv
62C3DA2E-7910-4022-BE7F-92B195B738FB,MEHTAP TOPUZ MUAYENEHANESİ,Edirne,Merkez,39.21167,-76.60356,No Info,No Info,checked_coordinates22.csv
541A2533-FB10-461A-A9B2-9759B2E040BE,UĞUR GÜZEY MUAYENEHANESİ,Edirne,Merkez,36.1352,-86.8545,No Info,No Info,checked_coordinates22.csv
E70ACF22-C61F-4BDC-AA2A-A3936DC777AB,FİLİZ ECZANESİ,Edirne,Merkez,39.48887,-76.23396,No Info,No Info,checked_coordinates22.csv
DAC94715-4832-437F-919E-B466ABBBC06D,SUBAŞI ECZANESİ,Edirne,Meriç,39.66887,-75.99396,No Info,No Info,checked_coordinates22.csv
3F12DCF9-2602-44BA-8124-BB3B3077A633,BARAJ ECZANESİ,Edirne,Merkez,39.15407,-76.68036,No Info,No Info,checked_coordinates22.csv
E0EBAADB-33A1-4D37-9B8D-C8A282F57E0E,102.TOPCU ALAY KOMUTANLIĞI UZUNKÖPRÜ,Edirne,Uzunköprü,39.29177,-76.49676,No Info,No Info,checked_coordinates22.csv
45DC770B-CA71-4EDA-BA12-EDE958F9E69D,SEYREK ECZANESİ,Edirne,Merkez,39.12797,-76.71516,No Info,No Info,checked_coordinates22.csv
91FCAAA0-8AE4-4CFC-838D-1D1D2439A4B9,LOTUS ECZANESİ,Artvin,Yusufeli,39.01637,-76.86396,No Info,No Info,checked_coordinates8.csv
8A5271B3-CE2A-412F-A5E0-2642903134DD,ABDÜLKADİR ÖZYILDIRIM MUAYENEHEANESİ,Eskişehir,Tepebaşi,38.89397,-77.02716,No Info,No Info,checked_coordinates26.csv
A0E59348-0A52-4499-A7FD-4A57E4D2067B,BOZAN ECZANESİ,Eskişehir,Alpu,39.43037,-76.31196,No Info,No Info,checked_coordinates26.csv
24065374-7492-4356-ACB8-86E40DEC5705,ESKİŞEHİR 1 NCİ ANA JET ÜSSÜ KOMUTANLIĞI REVİRİ,Eskişehir,Tepebaşi,39.15137,-76.68396,No Info,No Info,checked_coordinates26.csv
24EFED83-70BD-46C0-B1B2-876EAF754E55,ESKİŞEHİR PAŞABAHÇE CAM FABRİKASI REVİRİ,Eskişehir,Odunpazari,39.58607,-76.10436,No Info,No Info,checked_coordinates26.csv
274D262E-17F5-4EA2-B300-E9F7018A713E,DEVA ECZANESİ,Eskişehir,Seyitgazi,39.62207,-76.05636,No Info,No Info,checked_coordinates26.csv
60EB0E41-48CA-4762-A865-EC6A4A701621,NİL ECZANESİ,Eskişehir,Tepebaşi,39.59327,-76.09476,No Info,No Info,checked_coordinates26.csv
3E5F92C0-97F9-4B2F-9887-00114C736286,GÜL ECZANESİ,Isparta,Merkez,39.50507,-76.21236,No Info,No Info,checked_coordinates32.csv
0BC70723-418D-458E-95D9-0D8B3E935CF5,DSİ KURUM TABİPLİĞİ,Isparta,ISPARTA MERKEZ,39.32867,-76.44756,No Info,No Info,checked_coordinates32.csv
B7337982-40CC-44FE-9174-0E2BF4A51E33,OKYANUS ECZANESİ,Isparta,Merkez,39.25577,-76.54476,No Info,No Info,checked_coordinates32.csv
3FAF210E-66A0-4DF4-A965-1EA1C82AA0FF,ONUR ECZANESİ,Isparta,Merkez,39.32417,-76.45356,No Info,No Info,checked_coordinates32.csv
8CCB0F75-59AB-4BA3-A355-1EE63663EFE6,MUTLU ERDAL MUAYENEHANESİ,Isparta,Merkez,39.32957,-76.44636,No Info,No Info,checked_coordinates32.csv
EA8B6620-88FB-4A89-B985-2E81F73D0A6B,DEVA ECZANESİ,Isparta,Merkez,38.97947,-76.91316,No Info,No Info,checked_coordinates32.csv
C87E8B88-FB57-44A9-9ED7-30900806DF4E,GİZEM GÖK BESLENME VE DANIŞMANLIK MERKEZİ,Isparta,Merkez,39.29897,-76.48716,No Info,No Info,checked_coordinates32.csv
630809CA-A24A-4A33-BD0F-313D127ED2F6,AKÇA ECZANESİ,Isparta,Merkez,38.92637,-76.98396,No Info,No Info,checked_coordinates32.csv
8F1B3103-97EB-4734-AC56-31ACCA3029DD,MELİKE ECZANESİ,Isparta,Merkez,39.08477,-76.77276,No Info,No Info,checked_coordinates32.csv
74D05FDB-BAFD-441F-9D31-32511A5D71C4,KILIÇ ECZANESİ,Isparta,Keçiborlu,39.54017,-76.16556,No Info,No Info,checked_coordinates32.csv
D8942807-AFD1-4470-B92A-3634A2E52AE1,LAÇİN ECZANESİ,Isparta,Gelendost,39.58517,-76.10556,No Info,No Info,checked_coordinates32.csv
37E87143-1CAE-4195-84F6-3D7FA3D0E752,ISPARTA DEVLET HASTANESİ GÜLKENT EK HİZMET BİNASI,Isparta,Merkez,39.14867,-76.68756,No Info,No Info,checked_coordinates32.csv
71B5ACAE-AF56-48E3-A57C-469702D4C0D3,HALIKENT ECZANESİ,Isparta,Merkez,39.06857,-76.79436,No Info,No Info,checked_coordinates32.csv
F0388AAB-C7CF-4C81-9EB6-53AE22635906,DEFNE ECZANESİ,Isparta,Merkez,39.60407,-76.08036,No Info,No Info,checked_coordinates32.csv
33C2482C-B145-4014-A1E9-59078F50B6A1,TOLA ECZANESİ,Isparta,Senirkent,39.49607,-76.22436,No Info,No Info,checked_coordinates32.csv
7F4250B9-016B-4026-971F-5B18CABCCE5D,YASİN AYYILDIZ MUAYEHANESİ,Isparta,ISPARTA MERKEZ,39.13427,-76.70676,No Info,No Info,checked_coordinates32.csv
59D00F70-1491-4B5A-BB7E-606ED60CF8AB,BENGİSU ECZANESİ,Isparta,Merkez,39.09107,-76.76436,No Info,No Info,checked_coordinates32.csv
74F5A759-880F-4BA4-8B88-6517C743FA7D,DENİZ ECZANESİ,Isparta,Merkez,39.17477,-76.65276,No Info,No Info,checked_coordinates32.csv
9D8EA82C-1332-4532-950C-6CC6D2EF0AEB,AYTAÇ ECZANESİ,Isparta,Merkez,39.52757,-76.18236,No Info,No Info,checked_coordinates32.csv
5F57C351-34BD-432C-B0CA-71ED74F2FD00,ISPARTA KIZILAY KAN MERKEZİ,Isparta,Merkez,39.17387,-76.65396,No Info,No Info,checked_coordinates32.csv
D13592A3-5DCE-4551-B5B4-7E35CD677951,KALAYOĞLU ECZANESİ,Isparta,Merkez,39.67697,-75.98316,No Info,No Info,checked_coordinates32.csv
D1E14875-6297-4B20-A3BE-871285D6385D,TÜZÜN ECZANESİ,Isparta,Merkez,39.46457,-76.26636,No Info,No Info,checked_coordinates32.csv
871D2D0D-A2C7-46DC-9802-8D4659C0CDEA,BURAK ECZANESİ,Isparta,Merkez,39.43127,-76.31076,No Info,No Info,checked_coordinates32.csv
F1890343-D0C4-41D4-86EA-A1DA9889D5C5,YEDİŞEHİTLER ECZANESİ,Isparta,Merkez,39.43757,-76.30236,No Info,No Info,checked_coordinates32.csv
0DAC5B15-5DAA-4C7F-8655-A29AF58FA4BB,OĞUZ SAĞLIK MUAYENEHANESİ,Isparta,Merkez,39.13967,-76.69956,No Info,No Info,checked_coordinates32.csv
3B2F206D-8EBB-491B-A458-B077E201860B,SERAP KOCABEY UZUN MUAYEHANESİ,Isparta,ISPARTA MERKEZ,38.97317,-76.92156,No Info,No Info,checked_coordinates32.csv
5975269D-3A5E-4543-83C3-B382377C94D2,EZGİ ECZANESİ,Isparta,Merkez,38.91197,-77.00316,No Info,No Info,checked_coordinates32.csv
42F5CF64-8CA3-4F79-A1FC-B548EAC4BC46,ÖZEL BEYAZDENT AĞIZ VE DİŞ SAĞLIĞI POLİKLİNİĞİ,Isparta,ISPARTA MERKEZ,39.49517,-76.22556,No Info,No Info,checked_coordinates32.csv
CE2DC244-A103-453B-94F7-B7B572ED8967,DERMAN ECZANESİ,Isparta,Merkez,38.97857,-76.91436,No Info,No Info,checked_coordinates32.csv
598D929D-42E6-445D-9CD9-C04DA599F661,YALÇIN ECZANESİ,Isparta,Merkez,39.16667,-76.66356,No Info,No Info,checked_coordinates32.csv
E52F9E2C-E839-4229-BE76-C174A20AACAB,DERMAN ECZANESİ,Isparta,Atabey,39.60317,-76.08156,No Info,No Info,checked_coordinates32.csv
2BCFCBE3-8547-480C-B983-CDDCD269E140,İHSAN ECZANESİ,Isparta,Gelendost,39.55817,-76.14156,No Info,No Info,checked_coordinates32.csv
EE0B5F36-7EB7-441A-8E29-D7E13CD4A84F,ÖZEL UZMANLAR DİŞ AĞIZ VE DİŞ SAĞLIĞI POLİKLİNİĞİ,Isparta,Merkez,39.06947,-76.79316,No Info,No Info,checked_coordinates32.csv
CAD694B3-BAD3-4957-8C07-DA2F4CC5A067,UMUT ECZANESİ,Isparta,Merkez,39.28637,-76.50396,No Info,No Info,checked_coordinates32.csv
B57C7ABB-C2AF-4654-B0D4-E1DF260D2947,ERCAN BAŞ KLİNİĞİ,Isparta,Merkez,39.37547,-76.38516,No Info,No Info,checked_coordinates32.csv
BB66A55D-802C-4C3E-ABC8-E91AF835CD51,ISPARTA 15 NCİ BÖLGE ECZACILAR ODASI,Isparta,Merkez,39.65717,-76.00956,No Info,No Info,checked_coordinates32.csv
6ECEDDD3-9524-4AF6-B93C-EBE746E957E2,GONCA ECZANESİ,Isparta,Senirkent,39.43577,-76.30476,No Info,No Info,checked_coordinates32.csv
49E95408-852C-4F23-BFF0-F2A68EA257A8,ÇAĞRI ECZANESİ,Isparta,Merkez,39.41507,-76.33236,No Info,No Info,checked_coordinates32.csv
95EC34F0-72E6-4B3A-BD9F-FFD36A8475F6,MUHAMMET ALPARSLAN EKİNCİ MUAYENEHANESİ,Isparta,Merkez,39.28007,-76.51236,No Info,No Info,checked_coordinates32.csv
A4A9C614-ADF5-438B-880D-07AFD3FA022B,ÜNAL DENT DİŞ KLİNİĞİ,Mersin,Yenişehir,39.35207,-76.41636,No Info,No Info,checked_coordinates33.csv
61E2CF7B-D303-437C-AEB0-2F03674F21A2,TİMUR NADİR DEMİRCAN-MERVE KARA MUAYENEHANESİ,Mersin,Tarsus,39.24407,-76.56036,No Info,No Info,checked_coordinates33.csv
9ABF9E29-48AA-4A03-BF35-339F565E9D63,PERA ECZANESİ,Mersin,Yenişehir,39.53747,-76.16916,No Info,No Info,checked_coordinates33.csv
21CDDE66-17D9-4B2C-815A-38EB9240571B,SUCUOĞLU ECZANESİ,Mersin,Yenişehir,39.25667,-76.54356,No Info,No Info,checked_coordinates33.csv
4F689D3B-9B26-4200-8774-667AAF1BB11F,ÖZEL TARSUS MMT AMERİKAN HASTANESİ,Mersin,Tarsus,33.63663,-85.91127,No Info,No Info,checked_coordinates33.csv
7446A4D3-703C-469C-B7A0-68CB828FB54E,HD AĞIZ VE DİŞ SAĞLIĞI POLİKLİNİĞİ,Mersin,Erdemli,39.46187,-76.26996,No Info,No Info,checked_coordinates33.csv
2F4B6D04-9E7F-4037-8754-693199BCA966,BUKET CİNOĞLU MUAYENEHANESİ,Mersin,Tarsus,39.08927,-76.76676,No Info,No Info,checked_coordinates33.csv
29C614CE-3CAE-46DD-B128-9FA6F4A9DDA8,MERYEM ECZANESİ,Mersin,Erdemli,38.89937,-77.01996,No Info,No Info,checked_coordinates33.csv
18B1D335-5B43-4A26-9455-A2C3DCFA8BFB,MERSİN AĞIZ VE DİŞ SAĞLIĞI MERKEZİ METROPOL BİNASI,Mersin,Akdeniz,39.64907,-76.02036,No Info,No Info,checked_coordinates33.csv
C4F76058-D200-48F5-8DBD-AC7034299A56,ŞAHİN KOÇAK MUAYENEHANESİ,Mersin,Yenişehir,35.09552,-106.60234,No Info,No Info,checked_coordinates33.csv
E801001A-EA87-414F-8B39-C230B0549E14,ATASOY ECZANESİ,Mersin,Akdeniz,39.16487,-76.66596,No Info,No Info,checked_coordinates33.csv
78384F9F-C9D3-417E-841A-C30A4B16201E,EYLÜL ECZANESİ,Mersin,Anamur,39.49877,-76.22076,No Info,No Info,checked_coordinates33.csv
A37BF016-F088-4C4B-BCC7-F4C0A487F2C8,EZGİ BAYRAKTAR MUAYENEHANE,Mersin,Mezitli,39.63737,-76.03596,No Info,No Info,checked_coordinates33.csv
645569C4-B069-44C5-BFDF-20FB1D4764E2,LOKMAN ECZANESİ,Gaziantep,Şehitkamil,39.02267,-76.85556,No Info,No Info,checked_coordinates27.csv
79805FD2-252B-4C65-B626-3397BBD2013C,İZMİR ECZANESİ,Gaziantep,Şehitkamil,39.59507,-76.09236,No Info,No Info,checked_coordinates27.csv
A6CD4266-CA2A-40B8-823C-4057F22793B1,AVCI ECZANESİ,Gaziantep,Nurdaği,39.06767,-76.79556,No Info,No Info,checked_coordinates27.csv
D92EA3D2-E86E-4986-8AAC-61AD3D777A92,GÜZ ECZANESİ,Gaziantep,Şehitkamil,39.28997,-76.49916,No Info,No Info,checked_coordinates27.csv
011841D6-27C7-46BD-8C84-79520819FF5A,DEMİR ECZANESİ,Gaziantep,Şahinbey,39.36377,-76.40076,No Info,No Info,checked_coordinates27.csv
725EA7B7-C76A-4034-9AED-C0912844E193,GAZİANTEP MERKEZ 31 NOLU AİLE SAĞLIĞI MERKEZİ,Gaziantep,Şehitkamil,38.98307,-76.90836,No Info,No Info,checked_coordinates27.csv
1318370F-2FEA-4E05-97B2-C219F321D138,ALİ DOĞAN ECZANESİ,Gaziantep,Şehitkamil,39.19277,-76.62876,No Info,No Info,checked_coordinates27.csv
7029F41F-45D7-48DA-B37C-DB981E2666BA,KARKAMIŞ ŞHT FUAT OĞUZCAN İLÇE DEVLET HASTANESİ,Gaziantep,Karkamiş,39.51857,-76.19436,No Info,No Info,checked_coordinates27.csv
27C41928-4079-4B6F-9A4E-F10D1A7BBA30,AYTUNÇ ECZANESİ,Gaziantep,Şehitkamil,39.63557,-76.03836,No Info,No Info,checked_coordinates27.csv
56371D8A-B77B-4054-8215-2DE83FFE63F7,YENİ ECZANE,Aydin,Nazilli,39.68687,-75.96996,No Info,No Info,checked_coordinates9.csv
CFA657FA-A402-4D11-A308-30A66AF1F5F5,SERTTAŞ ECZANESİ,Aydin,Çine,39.12437,-76.71996,No Info,No Info,checked_coordinates9.csv
0011BCDA-8687-4CC7-AA36-846847A884D5,ŞİFA ECZANESİ,Aydin,Sultanhisar,39.34937,-76.41996,No Info,No Info,checked_coordinates9.csv
0ADE2E56-E47C-49E5-A696-9909C92EDF3F,AHMET ŞENSES MUAYENEHANESİ,Aydin,Efeler,39.02987,-76.84596,No Info,No Info,checked_coordinates9.csv
FCF34F85-48EB-406B-9196-B7AE76CDFBBE,AYDIN ADNAN MENDERES ÜNİVERSİTESİ PSİKİYATRİ EK BİNASI,Aydin,Efeler,39.39707,-76.35636,No Info,No Info,checked_coordinates9.csv
18A770A3-3F7F-4875-81B6-C856AA05AD29,HAYAT ECZANESİ,Aydin,Germencik,39.13247,-76.70916,No Info,No Info,checked_coordinates9.csv
6CD8C9C8-01DF-4ABE-8F7A-F6E640C72ED6,ÖNDEŞ ECZANESİ,Aydin,Germencik,39.17207,-76.65636,No Info,No Info,checked_coordinates9.csv
2D6380F9-45CD-421B-BD1E-0647D12094BD,AKMAN ECZANESİ,Çorum,Merkez,39.32237,-76.45596,No Info,No Info,checked_coordinates19.csv
C30FDD82-4B16-4773-A128-074F2301A6B7,DEMET DEMİRAY ZELVECİ MUAYENEHANESİ,Çorum,ÇORUM MERKEZ,39.61037,-76.07196,No Info,No Info,checked_coordinates19.csv
1808DEB6-7D6D-4534-B7C2-1B177E891D7E,BURAK NUMAN UĞURLU MUAYENEHANESİ,Çorum,Merkez,39.49247,-76.22916,No Info,No Info,checked_coordinates19.csv
FDD88595-88A6-4675-A74E-20529F610DC1,ÖZGE ECZANESI,Çorum,Merkez,39.24047,-76.56516,No Info,No Info,checked_coordinates19.csv
ED96DFF9-DE6C-44C3-B3AD-36738A0034C5,ÜNALDI ECZANESİ,Çorum,Merkez,39.04877,-76.82076,No Info,No Info,checked_coordinates19.csv
14D334D0-E51D-4ACD-AED4-487DAB518ACC,TÜRKER ECZANESİ,Çorum,Merkez,38.93357,-76.97436,No Info,No Info,checked_coordinates19.csv
9BB1A904-96C9-4A9E-8EB1-4E17B630B828,YAREN ECZANESİ,Çorum,Merkez,39.31697,-76.46316,No Info,No Info,checked_coordinates19.csv
CA85FC41-AFC2-44E0-B482-65FFE1A6D72A,ŞİFA ECZANESİ,Çorum,Oğuzlar,39.53207,-76.17636,No Info,No Info,checked_coordinates19.csv
DBF0349A-F274-4C8A-989C-821561FB2808,BÜYÜK ECZANESİ,Çorum,Merkez,39.67067,-75.99156,No Info,No Info,checked_coordinates19.csv
40ECE228-8866-4E2C-BC16-9D299571879C,ŞİFA ECZANESİ,Çorum,İskilip,39.53207,-76.17636,No Info,No Info,checked_coordinates19.csv
94619F45-0603-43D2-945B-C325A1391C77,FERAH ECZANESİ,Çorum,Merkez,39.17927,-76.64676,No Info,No Info,checked_coordinates19.csv
608A7318-9E82-4A4B-A6ED-D4F0A1B3ACE8,ÖZTÜRK ECZANESİ,Çorum,Merkez,39.20897,-76.60716,No Info,No Info,checked_coordinates19.csv
B38240BC-E3AF-49E6-A8CF-F1A59C9F8A0B,BAHABEY KALKAN ECZANESI,Çorum,Merkez,39.29267,-76.49556,No Info,No Info,checked_coordinates19.csv
C9FC59E7-9B80-4526-9E0B-F8D468527E40,ABALI ECZANESİ,Çorum,Merkez,39.53657,-76.17036,No Info,No Info,checked_coordinates19.csv
6D3A8A73-2B20-47A5-99E6-03A0329ADEF4,ULUÇINAR ECZANESİ,Hatay,Arsuz,39.13157,-76.71036,No Info,No Info,checked_coordinates31.csv
CBFDE1D0-9E87-4E25-A823-22B813270362,UZMAN KLİNİK AĞIZ VE DİŞ SAĞLIĞI POLİKLİNİĞİ,Hatay,İskenderun,39.07397,-76.78716,No Info,No Info,checked_coordinates31.csv
1571D101-693A-4007-9A63-36747D531195,FATİH ECZANESİ,Hatay,Erzin,39.01907,-76.86036,No Info,No Info,checked_coordinates31.csv
761AD2E5-AC50-42B0-9219-6732E987F95C,MELEK ECZANESİ,Hatay,Defne,39.19637,-76.62396,No Info,No Info,checked_coordinates31.csv
36A54E8B-1596-4665-82F0-6AA689D30213,ALKAN ECZANESİ,Hatay,Arsuz,39.42227,-76.32276,No Info,No Info,checked_coordinates31.csv
36233279-E804-4D16-B945-805B5C6D59B7,İBRAHİM DAMLAR MUAYENEHANESİ,Hatay,Antakya,39.38267,-76.37556,No Info,No Info,checked_coordinates31.csv
46F18F2F-7976-46D0-901C-C990B78E9C29,BEKBELE ECZANESİ,Hatay,İskenderun,39.49067,-76.23156,No Info,No Info,checked_coordinates31.csv
5C873B56-983D-4695-81FD-D78F6B5C0743,BÜŞRA SARI ECZANESİ,Hatay,Defne,38.90567,-77.01156,No Info,No Info,checked_coordinates31.csv
FEF2963D-B22C-441B-9EE2-F58B4224DC2D,CAN ECZANESİ,Hatay,Kirikhan,39.03437,-76.83996,No Info,No Info,checked_coordinates31.csv
4D011CF9-53BF-4D67-9BF4-8E850BBE8141,HASTANELER ECZANESİ,Erzurum,Yakutiye,38.90387,-77.01396,No Info,No Info,checked_coordinates25.csv
B4B2C24A-E87E-45F2-8D66-B0E8E138DDC6,ESRA ECZANESİ,Erzurum,Aşkale,39.46637,-76.26396,No Info,No Info,checked_coordinates25.csv
368A8AFD-39FE-4950-8A2B-BFE456D09505,İBNİ SİNA ECZANESİ,Erzurum,Aziziye,39.05867,-76.80756,No Info,No Info,checked_coordinates25.csv
6A0C828B-D0C7-4F13-A8F8-0E082FD12FD6,ŞİFA ECZANESİ,Erzincan,Merkez,39.42587,-76.31796,No Info,No Info,checked_coordinates24.csv
03F58A6B-A6BA-4EFD-8F73-2ED25A6515F2,ŞİFA ECZANESİ,Erzincan,ERZİNCAN MERKEZ,39.42587,-76.31796,No Info,No Info,checked_coordinates24.csv
D8B559FF-9B30-49C3-9AC8-427FC22CD879,BEYZANUR GÖNEN MUAYENEHANESİ,Erzincan,Merkez,39.26207,-76.53636,No Info,No Info,checked_coordinates24.csv
63FE0EA5-C91A-4914-9BC1-5D4E721CCD58,ZEHRA ECZANESİ,Erzincan,Merkez,39.50057,-76.21836,No Info,No Info,checked_coordinates24.csv
14BD6AFE-E43F-4893-A72A-7645AD6894D9,ERZİNCAN KAVAKYOLU AİLE SAĞLIĞI MERKEZİ,Erzincan,Merkez,39.31787,-76.46196,No Info,No Info,checked_coordinates24.csv
CC58BDBF-060E-4A09-AC6E-A62BC0223103,GEÇİT ECZANESİ,Erzincan,Merkez,39.47807,-76.24836,No Info,No Info,checked_coordinates24.csv
37E75182-6305-4DAE-9909-B02BC9DB1640,CEREN ECZANESİ,Erzincan,Merkez,39.46547,-76.26516,No Info,No Info,checked_coordinates24.csv
B6C72005-8B16-4F98-AB66-CA6AF044CBDF,KÜBRA NAZIR ECZANESİ,Erzincan,Merkez,39.00647,-76.87716,No Info,No Info,checked_coordinates24.csv
34D140A2-6307-4598-97AF-E22B16F2E6B5,MERKEZ ECZANESİ,Erzincan,Merkez,38.92997,-76.97916,No Info,No Info,checked_coordinates24.csv
2CD0FF1C-B059-4D4F-A5E7-E66E4867603A,REFAHİYE ECZANESİ,Erzincan,Refahiye,39.65447,-76.01316,No Info,No Info,checked_coordinates24.csv
1A0A87E6-06CC-4AB7-AFE1-F430C0206484,HATİCETÜL KÜBRA SARI MUAYENESİ,Erzincan,Merkez,39.67337,-75.98796,No Info,No Info,checked_coordinates24.csv
1579BF76-60AB-4288-998D-2F6EB873DD61,MERKEZ ECZANESİ,Hakkari,Şemdinli,39.64007,-76.03236,No Info,No Info,checked_coordinates30.csv
33D36031-A4C7-481F-A5CC-819820FAA189,İKİZLER ECZANESİ,Hakkari,Merkez,39.66977,-75.99276,No Info,No Info,checked_coordinates30.csv
FF7687B4-81F4-4F5E-9201-B35F52F5C6C8,CANAN ECZANESİ,Hakkari,Yüksekova,39.57797,-76.11516,No Info,No Info,checked_coordinates30.csv
4C4BC1D8-EE38-44D4-8455-F47BB5DA4EF9,YASİN ECZANESİ,Hakkari,Yüksekova,38.94527,-76.95876,No Info,No Info,checked_coordinates30.csv
F454DD08-9313-4870-A916-3AE04FED6EE1,ÇANKIRI ECZANESİ,Çankiri,Merkez,39.06677,-76.79676,No Info,No Info,checked_coordinates18.csv
CCC63BE6-178D-4AAB-AD5F-AF9CDD1C4B31,GÖKÇE ECZANESİ,Çankiri,Merkez,39.30347,-76.48116,No Info,No Info,checked_coordinates18.csv
7AB822CA-3965-4EA8-849C-081FC4DAB767,KAMA ECZANESİ,Kütahya,Merkez,39.19187,-76.62996,No Info,No Info,checked_coordinates43.csv
3167F16E-B720-4585-9B1F-0F78A487323D,ÖZVURAL ECZANESİ,Kütahya,Merkez,38.99657,-76.89036,No Info,No Info,checked_coordinates43.csv
B3A5336A-2472-4078-8FD3-26F8432D491B,MERT ECZANESİ,Kütahya,Merkez,39.60767,-76.07556,No Info,No Info,checked_coordinates43.csv
FEDF2B81-BE17-43FD-877B-2E5F26F2E90E,ÖMER YACI MUAYENEHANESİ,Kütahya,Merkez,38.93807,-76.96836,No Info,No Info,checked_coordinates43.csv
D06DF64D-45F8-4A61-AD7D-2EEBDFDD835E,DUMLUPINAR ÜNİVERSİTESİ KÜTAHYA EVLİYA ÇELEBİ FİZİK TEDAVİ VE REHABİLİTASYON HASTANESİ,Kütahya,Merkez,39.63377,-76.04076,No Info,No Info,checked_coordinates43.csv
C9498152-F0EF-45CF-B5BA-679AB2A984D1,SEYİTÖMER ECZANESİ,Kütahya,Merkez,39.25127,-76.55076,No Info,No Info,checked_coordinates43.csv
A42A9D13-E04C-45F7-92AA-753E197AAC22,KÜTAHYA MERKEZ 1453 HİLALKENT AİLE SAĞLIĞI MERKEZ,Kütahya,KÜTAHYA MERKEZ,39.52037,-76.19196,No Info,No Info,checked_coordinates43.csv
C6EF1173-808D-4AD4-B2A7-7C174DC3FE0F,ÖZEL PARK HAYAT KÜTAHYA HASTANESİ,Kütahya,Merkez,39.46367,-76.26756,No Info,No Info,checked_coordinates43.csv
166287BA-20F5-4534-A30D-84C9EDF0BB52,EGE ECZANESİ,Kütahya,Merkez,38.97407,-76.92036,No Info,No Info,checked_coordinates43.csv
2F6EE64E-0DBB-4C53-9B2F-938CF83ED361,DUMLUPINAR ÜNİVERSİTESİ KÜTAHYA EVLİYA ÇELEBİ EĞİTİM VE ARAŞTIRMA HASTANESİ VEFA EK HİZMET BİNASI,Kütahya,Merkez,39.24947,-76.55316,No Info,No Info,checked_coordinates43.csv
B647935B-B198-4C0A-A5DF-C8AD100188AD,UĞUREL ECZANESİ,Kütahya,Merkez,39.26387,-76.53396,No Info,No Info,checked_coordinates43.csv
CAF66EA7-A48C-4B8D-8315-C90CA9E20D87,ÇELEBİ ECZANESİ,Kütahya,Merkez,39.31517,-76.46556,No Info,No Info,checked_coordinates43.csv
D2FDDF3E-9A75-4808-98C1-D04D1AFEAD5C,PELİN ECZANESİ,Kütahya,Merkez,39.05777,-76.80876,No Info,No Info,checked_coordinates43.csv
04E1EED8-9A64-418E-A420-EF45AD7DF2AE,DERMAN ECZANESİ,Kütahya,Tavşanli,39.05327,-76.81476,No Info,No Info,checked_coordinates43.csv
0BF9E714-A3BC-4892-839C-FD6FC79F31FA,ARI ECZANESİ,Kütahya,Merkez,39.12887,-76.71396,No Info,No Info,checked_coordinates43.csv
C604F483-46CD-4A23-A8E9-1AA7C174F18F,FATİH ŞİNASİ ARMAĞAN MUAYENEHANESİ,Konya,Ilgin,39.25937,-76.53996,No Info,No Info,checked_coordinates42.csv
4C5A9F14-9DFA-4A03-AE6E-28056BD5C7D7,SONER ERTAŞ MUAYENEHANESİ,Konya,Karatay,39.59147,-76.09716,No Info,No Info,checked_coordinates42.csv
B095B85D-CDE4-4087-8D04-3D6F65CCAFC3,GÜZEŞ ECZANESİ,Konya,Kadinhani,39.62297,-76.05516,No Info,No Info,checked_coordinates42.csv
F7287BB8-4811-46E8-9FF2-41874E9E2638,BÜŞRA CANDAN BESLENME VE DİYET MERKEZİ,Konya,Meram,39.37187,-76.38996,No Info,No Info,checked_coordinates42.csv
CD398180-81BF-44CC-994C-41F50E3D25B2,DERYA ECZANESİ,Konya,Hüyük,39.45107,-76.28436,No Info,No Info,checked_coordinates42.csv
77C9D32C-ABFE-4CDC-84A0-4FD82FA3A19E,HÜYÜK ECZANESİ,Konya,Hüyük,39.14687,-76.68996,No Info,No Info,checked_coordinates42.csv
1DA5B0D0-68C3-41A7-8E1D-545CC716C1DC,TEPEGÖZKLİNİK,Konya,Meram,39.64727,-76.02276,No Info,No Info,checked_coordinates42.csv
6CA1DD4C-4999-4AF1-9392-5FDC34DE629E,DEREBUCAK ECZANESİ,Konya,Derebucak,38.94887,-76.95396,No Info,No Info,checked_coordinates42.csv
66E6E4EE-03B6-4368-BA2F-6B3284079BAB,VEYSEL GÖNÜLAL MUAYENEHANESİ,Konya,Ereğli,39.54917,-76.15356,No Info,No Info,checked_coordinates42.csv
86726354-A518-4913-A43F-927E69342B8C,LOKMAN HEKİM ECZANESİ,Konya,Karatay,39.44207,-76.29636,No Info,No Info,checked_coordinates42.csv
C295B077-AB9E-4880-9345-A7CC6338A37A,MERKEZ ECZANESİ,Konya,Doğanhisar,39.54107,-76.16436,No Info,No Info,checked_coordinates42.csv
08DB4A5A-99E8-4BC7-AA5B-BC2E316EE0B1,ELVAN DİŞ POLİKLİNİĞİ,Konya,Ereğli,39.12527,-76.71876,No Info,No Info,checked_coordinates42.csv
FDCDE271-0F0C-48DC-B894-C7E7BB9708C1,DERMAN ECZANESİ,Konya,Akşehir,39.01277,-76.86876,No Info,No Info,checked_coordinates42.csv
513AB888-D4CB-459B-BCFC-CC250F99C4BC,KONYA YUNAK HACI İZZET BAYSAL DEVLET HASTANESİ,Konya,Yunak,54.89282,69.55038,No Info,No Info,checked_coordinates42.csv
C90C46DF-F42F-4AC8-B28C-D33FCB0937F1,ZEYNEP ZERRİN ÖZÜMAĞI MUAYENEHANESİ,Konya,Bozkir,39.30977,-76.47276,No Info,No Info,checked_coordinates42.csv
D518F6A7-177D-4CA7-9195-D616C5EAE1CB,KONYA NECMETTİN ERBAKAN ÜNİVERSİTESİ FİZİK TEDAVİ VE ÇOCUK ERGEN RUH SAĞLIĞI HASTALIKLARI BİNASI,Konya,Meram,39.56267,-76.13556,No Info,No Info,checked_coordinates42.csv
906B246F-A4B8-446B-97DF-E881B9606B54,KÖZNEK ECZANESİ,Konya,Sarayönü,39.64997,-76.01916,No Info,No Info,checked_coordinates42.csv
A3E01086-3238-445A-B04E-47FEEC6C1580,FUNDA ÖZYAY EROĞLU MUAYENEHANESİ,Kirşehir,Merkez,38.92367,-76.98756,No Info,No Info,checked_coordinates40.csv
C3B83062-3BBE-48A8-BCCB-574352703169,GÜLVER ECZANESİ,Kirşehir,Merkez,39.19457,-76.62636,No Info,No Info,checked_coordinates40.csv
0A9A25D3-4088-4DDA-B42B-7C71F32EDACD,YASEMİN ASLAN ECZANESİ,Kirşehir,Merkez,39.34847,-76.42116,No Info,No Info,checked_coordinates40.csv
BBF76C7A-776B-4FEE-A466-7FF6586A0AEB,ÖZKAYA ECZANESİ,Kirşehir,Merkez,38.99027,-76.89876,No Info,No Info,checked_coordinates40.csv
5CC7615E-023A-42E4-94B1-8FB4A7D07D90,DİLEK ECZANESİ,Kirşehir,Merkez,39.21887,-76.59396,No Info,No Info,checked_coordinates40.csv
29705A09-A922-47B2-AFF0-9639650FC37B,BEYAZ ECZANESİ,Kirşehir,Merkez,38.98037,-76.91196,No Info,No Info,checked_coordinates40.csv
84F4DBE7-440A-4BC5-B220-D9AC944FFB3D,ENVER DOĞAN MUAYENEHANESİ,Kirşehir,Merkez,39.13517,-76.70556,No Info,No Info,checked_coordinates40.csv
DE7A087D-424B-4C96-8D87-E768BBE9D320,DOĞAN ECZANESİ,Kirşehir,Merkez,39.54737,-76.15596,No Info,No Info,checked_coordinates40.csv
DA30AABF-696B-410A-ABCE-03D1FB7D71C3,BÜLENT HAZER MUAYENEHANESİ,Sakarya,Serdivan,39.54827,-76.15476,No Info,No Info,checked_coordinates54.csv
9DD4889A-1F53-414F-A7FF-2B9D9A9E3952,ÖZEL NESİL ÇOCUK HASTALIKLARI VE KADIN DOĞUM DAL MERKEZİ,Sakarya,Adapazari,38.96957,-76.92636,No Info,No Info,checked_coordinates54.csv
C3D72EE4-1140-45A6-BA12-53059B3FA165,AYŞE AKAY MUAYENEHANESİ,Sakarya,Adapazari,39.33767,-76.43556,No Info,No Info,checked_coordinates54.csv
23FDE4D7-0883-4F08-9C48-66D940500D69,KOCAALİ ECZANESİ,Sakarya,Kocaali,39.21077,-76.60476,No Info,No Info,checked_coordinates54.csv
8381744E-3C98-434E-8C10-9AD49276A4A1,TUTKUN ECZANESİ,Sakarya,Geyve,39.47177,-76.25676,No Info,No Info,checked_coordinates54.csv
B1DEF59C-6D10-4CAD-BB2D-A4DF08932238,PAPATYA ECZANESİ,Sakarya,Erenler,39.12257,-76.72236,No Info,No Info,checked_coordinates54.csv
18A78887-3915-4CAB-B073-BDCD91A1BA71,GÜLSÜM ECZANESİ,Sakarya,Karasu,39.57437,-76.11996,No Info,No Info,checked_coordinates54.csv
414BB26D-20AD-4B03-A439-D2D1442FDA7C,DİLEK ECZANESİ,Sakarya,Adapazari,39.52577,-76.18476,No Info,No Info,checked_coordinates54.csv
78019E02-A395-47D6-AAFA-E6CF0B67239B,ERDİNÇ İŞÇİLER MUAYENEHANESİ,Sakarya,Adapazari,39.08657,-76.77036,No Info,No Info,checked_coordinates54.csv
22C9AF38-A3F1-4D1E-9AA2-090D09716CCD,HİLAL YAZICI BESLENME VE DİYET DANIŞMANLIK MERKEZİ,Samsun,Atakum,39.55727,-76.14276,No Info,No Info,checked_coordinates55.csv
9F1AB0AC-DF9E-4142-8518-92EB25C5E6A2,GÖL ECZANESİ,Samsun,Vezirköprü,39.21347,-76.60116,No Info,No Info,checked_coordinates55.csv
C6F3E743-E9B4-4157-B663-B1856FD72C7C,CENNET ECZANESİ,Samsun,Çarşamba,39.18917,-76.63356,No Info,No Info,checked_coordinates55.csv
7C721680-4F96-4F06-A524-D8E3F1365166,ÇATALÇAM ECZANESİ,Samsun,Atakum,39.56987,-76.12596,No Info,No Info,checked_coordinates55.csv
40C7BC22-B773-48D7-B955-EBF17D5DDA5F,BEYZA ULUER ÖZEL KLİNİK,Samsun,Canik,39.31967,-76.45956,No Info,No Info,checked_coordinates55.csv
1C561FF0-D5D6-436B-A81F-FFA11E66222F,T.C. S.B. SAĞLIK BİLİMLERİ ÜNİVERSİTESİ SAMSUN EĞİTİM ARAŞTIRMA HASTANESİ,Samsun,İlkadim,39.15947,-76.67316,No Info,No Info,checked_coordinates55.csv
7FCB3D7D-7D94-4354-A0CC-26AD71095BA4,KOCAELİ SAĞLIK VE TEKNOLOJİ ÜNİVERSİTESİ,Kocaeli,Başiskele,39.65807,-76.00836,No Info,No Info,checked_coordinates41.csv
E173424C-21AF-4EF8-B3FB-31AE79019DF0,PINAR ECZANESİ,Kocaeli,Darica,39.08297,-76.77516,No Info,No Info,checked_coordinates41.csv
76AC33AF-7BC9-452F-AB80-B493C258E8B4,ERDOĞMUŞ ECZANESİ,Kocaeli,Darica,38.90297,-77.01516,No Info,No Info,checked_coordinates41.csv
3D96770A-BEBA-4729-B59D-CDA02572A159,TEOMAN PARMAKSIZOĞLU KLİNİK,Kocaeli,Gebze,39.38177,-76.37676,No Info,No Info,checked_coordinates41.csv
E42FEC2C-838A-4283-92B7-D7158FA6CC5B,NADİDE BURCU AKCAN MUAYENEHANESİ,Kocaeli,Gölcük,43.681,-70.41849,No Info,No Info,checked_coordinates41.csv
90C632D9-E3C7-4851-8988-EEA76E26535A,GÜNGÖR ECZANESİ,Kocaeli,İzmit,39.22517,-76.58556,No Info,No Info,checked_coordinates41.csv
5FAF0BB3-ED2F-48D8-BFFB-01AEE8A26B90,DURU ECZANESİ,Manisa,Yunusemre,38.99297,-76.89516,No Info,No Info,checked_coordinates45.csv
AB3F7F03-869D-419A-A757-0516B051F325,KIRKAĞAÇ JANDARMA KOMANDO EĞİTİM MERK.KOMUTANLIĞI REVİRİ,Manisa,Akhisar,38.95517,-76.94556,No Info,No Info,checked_coordinates45.csv
5417A4F3-702E-417D-AB5B-2CA2A40FFC53,GÖRDES ECZANESİ,Manisa,Gördes,38.99567,-76.89156,No Info,No Info,checked_coordinates45.csv
F1140BB7-C6D0-4133-81B8-53051F3C058A,KOZA AĞIZ VE DİŞ SAĞLIĞI,Manisa,Yunusemre,39.12617,-76.71756,No Info,No Info,checked_coordinates45.csv
C233AB33-115A-4363-8BDB-5CC7EAF0452F,DERMAN ECZANESİ,Manisa,Kula,39.19997,-76.61916,No Info,No Info,checked_coordinates45.csv
C4DABF11-6C53-4490-B548-9CEA3E79FB43,AHMET AYER MUAYENEHANESİ,Manisa,Şehzadeler,39.22787,-76.58196,No Info,No Info,checked_coordinates45.csv
55104A73-5A04-485C-9B1F-BC011F0DEE7B,NK KLİNİK,Manisa,Yunusemre,35.20151,33.00815,No Info,No Info,checked_coordinates45.csv
8A9412F0-9F37-47A8-8170-075E947F5D6E,YILDIZTEPE ECZANESİ,Niğde,Merkez,39.37727,-76.38276,No Info,No Info,checked_coordinates51.csv
FD1B3B8F-5A4B-437A-ABAC-1530361761F4,TURGAY ECZANESİ,Niğde,Merkez,39.29717,-76.48956,No Info,No Info,checked_coordinates51.csv
658BB311-73BA-4B21-BC0C-1A7338D1A1CF,SERHAT GÜLBAHAR MUAYENEHANESİ,Niğde,Merkez,38.91647,-76.99716,No Info,No Info,checked_coordinates51.csv
7FFDDEDB-85F2-4ACE-ACB4-2189DD1D49B9,DERMAN ECZANESİ,Niğde,Merkez,39.07847,-76.78116,No Info,No Info,checked_coordinates51.csv
D549B911-CD9C-40B9-BC08-25EC69D20ABB,ŞİFA ECZANESİ,Niğde,Merkez,39.50867,-76.20756,No Info,No Info,checked_coordinates51.csv
466B2FEC-A12F-4FBD-9AED-263D36987D5A,NESLİHAN ECZANESİ,Niğde,Merkez,39.07667,-76.78356,No Info,No Info,checked_coordinates51.csv
D9D88924-56BF-4A29-8604-2D3128F902E2,FEYZA ÖZÇELİK MUAYENEHANESİ,Niğde,Merkez,39.34397,-76.42716,No Info,No Info,checked_coordinates51.csv
5040E052-5981-4343-B0F6-35D8F67161CF,ULUTAŞ DENTAL KLİNİK,Niğde,NİĞDE MERKEZ,39.36287,-76.40196,No Info,No Info,checked_coordinates51.csv
4BD8625F-BB2D-49F8-BF5C-37E1FD317DC3,ELİF ECZANESİ,Niğde,Merkez,38.94797,-76.95516,No Info,No Info,checked_coordinates51.csv
C1AD6049-5514-41E5-8B28-3BE3B756E322,EŞSİZ ECZANESİ,Niğde,Merkez,39.04067,-76.83156,No Info,No Info,checked_coordinates51.csv
04905500-7319-48BA-A012-3F3195584372,ÖZLEM YÜREKLİ MUAYENEHANESİ,Niğde,Merkez,39.68507,-75.97236,No Info,No Info,checked_coordinates51.csv
5298D4BD-85E2-4C84-9549-3F3E031D12E4,BAHADIR ÖZER MUAYENEHANESİ,Niğde,Ulukişla,39.02627,-76.85076,No Info,No Info,checked_coordinates51.csv
F7E7641B-7985-4884-8B02-4065C57E3F7F,ÖZ ÖZAY ECZANESİ,Niğde,Bor,39.23867,-76.56756,No Info,No Info,checked_coordinates51.csv
C1078890-865E-41A8-B677-49E58B0E9E6D,ZAFER ECZANESİ,Niğde,Merkez,39.58337,-76.10796,No Info,No Info,checked_coordinates51.csv
B30B488E-6DA3-4472-8A27-4BA01DF5265F,NUR ECZANESİ,Niğde,Merkez,39.01187,-76.86996,No Info,No Info,checked_coordinates51.csv
5D1FC684-9EA7-4F86-9619-4BB39696A7CD,AYTEKİN ECZANESİ,Niğde,Merkez,39.28097,-76.51116,No Info,No Info,checked_coordinates51.csv
83995127-856C-486B-82B5-505C506BA842,AYŞE NUR ECZANESİ,Niğde,Merkez,39.39077,-76.36476,No Info,No Info,checked_coordinates51.csv
6B944017-BFB7-457C-A3DF-53FB8336D3AE,ORTODENT,Niğde,NİĞDE MERKEZ,39.39527,-76.35876,No Info,No Info,checked_coordinates51.csv
7CBB5D6C-ED3B-40AC-9A4F-56348243F160,CAN ECZANESİ,Niğde,Merkez,38.90027,-77.01876,No Info,No Info,checked_coordinates51.csv
F39E6294-6DAF-44E9-9DF1-5789D7E3F9C3,MURAT ÖZDİL ÖZEL MUAYENEHANESİ,Niğde,Merkez,39.06407,-76.80036,No Info,No Info,checked_coordinates51.csv
02150DFE-E729-44FD-8553-667C277C0631,HARUN CELFİN MUAYENEHANESİ,Niğde,NİĞDE MERKEZ,39.40067,-76.35156,No Info,No Info,checked_coordinates51.csv
71304A07-560E-48DE-A939-674507989C51,ALAY ECZANESİ,Niğde,Merkez,39.43937,-76.29996,No Info,No Info,checked_coordinates51.csv
7E2B6A09-B137-4CC1-AE92-6B019427480A,YILDIZ ECZANESİ,Niğde,Merkez,39.53927,-76.16676,No Info,No Info,checked_coordinates51.csv
A71F974D-5D2A-46B7-B706-774F6EF21C0E,ESİRGEN ECZANESİ,Niğde,Merkez,39.20357,-76.61436,No Info,No Info,checked_coordinates51.csv
5D62CE1E-A35F-4F0F-9521-790425887714,İLHAN ÜNLÜ MUAYENEHANESİ,Niğde,Merkez,39.44837,-76.28796,No Info,No Info,checked_coordinates51.csv
C67C5270-2A82-40FB-BF9D-8A86D3D5B9CC,BAYKAL ECZANESİ,Niğde,Merkez,39.31157,-76.47036,No Info,No Info,checked_coordinates51.csv
7774309E-2C3D-4C5B-8E46-A5907651DC41,UFUK ECZANESİ,Niğde,Merkez,39.26117,-76.53756,No Info,No Info,checked_coordinates51.csv
CE2F042D-9ED6-4D8A-8094-A8C75A3C437A,ÖZTÜRK ECZANESİ,Niğde,Merkez,39.33137,-76.44396,No Info,No Info,checked_coordinates51.csv
8F6CFD2F-5DD8-4FF1-9B54-B54C882B261B,ARISOY ECZANESİ,Niğde,Merkez,39.09197,-76.76316,No Info,No Info,checked_coordinates51.csv
DE4BD97F-1E7A-45E1-81E4-B6777870F73A,ALAY AİLE SAĞLIĞI MERKEZİ,Niğde,NİĞDE MERKEZ,39.17117,-76.65756,No Info,No Info,checked_coordinates51.csv
C2439D0B-485A-49A4-A29E-BCB5788D4E50,UYSAL ECZANESİ,Niğde,Merkez,39.68867,-75.96756,No Info,No Info,checked_coordinates51.csv
91443669-A2A0-45F5-945F-CB296A1C104E,YÖRE ECZANESİ,Niğde,Merkez,38.92007,-76.99236,No Info,No Info,checked_coordinates51.csv
B93B96CE-11F4-45B5-BADB-D0EE06815ED1,EROĞLU ECZANESİ,Niğde,Merkez,39.45557,-76.27836,No Info,No Info,checked_coordinates51.csv
F4E574C0-457C-446B-AD17-D34331BA38E8,AYLİN ECZANESİ,Niğde,Merkez,39.50687,-76.20996,No Info,No Info,checked_coordinates51.csv
B2837B90-41E7-4124-8F41-D4CE7AEBCA93,ESRA ECZANESİ,Niğde,Merkez,39.30527,-76.47876,No Info,No Info,checked_coordinates51.csv
2E069518-DDBD-4FC0-ABA2-D5BB452EA2F2,ÇAĞRI ECZANESİ,Niğde,Merkez,39.56717,-76.12956,No Info,No Info,checked_coordinates51.csv
0D2F9FEB-53B9-4ACF-A3CA-E16192461BC6,ANADOLU ECZANESİ,Niğde,Merkez,39.41777,-76.32876,No Info,No Info,checked_coordinates51.csv
97608586-1C5A-4199-B513-E8B16EAE62E0,ATEŞ ECZANESİ,Niğde,Çiftlik,39.62477,-76.05276,No Info,No Info,checked_coordinates51.csv
31BD45D9-2EC1-4A8B-86A6-E9DC9C01FE9F,S.B. BOR FİZİK TEDAVİ VE REHABİLİTASYON EĞİTİM ARAŞTIRMA HASTANESİ,Niğde,Bor,39.13787,-76.70196,No Info,No Info,checked_coordinates51.csv
3B1F17D5-8A07-4A3B-B42A-EC94E7F79765,ÇAĞLAR ECZANESİ,Niğde,Merkez,39.46277,-76.26876,No Info,No Info,checked_coordinates51.csv
356291A6-ACDF-49F6-A2A9-ED099617C612,UYGUN ECZANESİ,Niğde,Çamardi,39.47897,-76.24716,No Info,No Info,checked_coordinates51.csv
C7C213A6-EFEF-44FA-8D70-11F9720FBBBC,MERVE ECZANESI,Nevşehir,Merkez,39.50597,-76.21116,No Info,No Info,checked_coordinates50.csv
B6786847-2196-43CD-A64C-309E182598C8,NEVŞEHİR MERKEZ GÖÇMEN SAĞLIĞI MERKEZİ,Nevşehir,Merkez,39.61937,-76.05996,No Info,No Info,checked_coordinates50.csv
322B84D7-F127-474B-B825-3E98D6E02267,GÜLŞAD ECZANESİ,Nevşehir,Merkez,38.92727,-76.98276,No Info,No Info,checked_coordinates50.csv
8D5F9795-2724-4620-83D1-9F1C925DD1E7,İKİBİNEVLER ECZANESİ,Nevşehir,Merkez,39.34217,-76.42956,No Info,No Info,checked_coordinates50.csv
496223F7-0389-4166-8701-A3451207A248,ŞARLAK ECZANESİ,Nevşehir,Merkez,39.66437,-75.99996,No Info,No Info,checked_coordinates50.csv
CBFEA0AB-034D-408B-898C-A5D2B459C3ED,SAYGIN ECZANESİ,Nevşehir,Merkez,39.10187,-76.74996,No Info,No Info,checked_coordinates50.csv
641E23F9-3656-4F3E-8854-AA9CFAA21CFE,KARDELEN ECZANESİ,Nevşehir,Merkez,38.89127,-77.03076,No Info,No Info,checked_coordinates50.csv
80CE9D60-B857-4536-82E6-AEEAE9183F89,ÖZLEM ECZANESİ,Nevşehir,Merkez,39.10007,-76.75236,No Info,No Info,checked_coordinates50.csv
7B054439-0490-4194-9F6D-B73EA260905E,HAYAT ECZANESİ,Nevşehir,Merkez,38.89037,-77.03196,No Info,No Info,checked_coordinates50.csv
85021405-94E1-4F0F-8776-D05084689DAA,ŞİFA ECZANESİ,Nevşehir,Merkez,39.27827,-76.51476,No Info,No Info,checked_coordinates50.csv
D37EEC0D-26D0-4859-B4C3-DF68FD56AD43,CEBECİ ECZANESİ,Nevşehir,Derinkuyu,39.42407,-76.32036,No Info,No Info,checked_coordinates50.csv
54BDF096-6D58-4E69-89EE-FC8278F7DD38,HEKİMOĞLU ECZANESİ,Nevşehir,Merkez,39.18377,-76.64076,No Info,No Info,checked_coordinates50.csv
AC6AAE07-E53A-466D-B37F-62964BE55BCD,ESKİ MALATYA ECZANESİ,Malatya,Battalgazi,39.10637,-76.74396,No Info,No Info,checked_coordinates44.csv
2A0404EE-B5A2-43A1-9E05-A0466560EB88,AHMET ECZANESİ,Malatya,Doğanşehir,39.01457,-76.86636,No Info,No Info,checked_coordinates44.csv
10C958BB-369F-4D58-8268-A4FDB367E5C4,YAZIHAN İLÇE ENTEGRE HASTANESİ,Malatya,Yazihan,39.43487,-76.30596,No Info,No Info,checked_coordinates44.csv
0EFBB6AD-EF6A-4202-B91F-A741BC51C850,KUYUÖNÜ ECZANESİ,Malatya,Yeşilyurt,39.45287,-76.28196,No Info,No Info,checked_coordinates44.csv
36215638-50F5-4F18-9D20-DCF0DDE4DEC7,KARACA ECZANESİ,Malatya,PÖTÜRGE,39.67427,-75.98676,No Info,No Info,checked_coordinates44.csv
1A3BC5A3-09C4-442E-BADE-18C7A7848BA8,GÜLYALI ECZANESİ,Ordu,Gülyali,39.07937,-76.77996,No Info,No Info,checked_coordinates52.csv
1BB94AB9-424A-43AE-8D90-758DE50CF3D6,FATSA KADIN SAĞLIĞI KLİNİĞİ,Ordu,Fatsa,39.23507,-76.57236,No Info,No Info,checked_coordinates52.csv
9618469A-BA93-4B37-8D9A-91D3C5E93752,ÖZTEKİN ECZANESİ,Ordu,Gölköy,39.59417,-76.09356,No Info,No Info,checked_coordinates52.csv
12A579B2-F45D-46CE-B4D9-F6396A046B90,AHMET CEVAT ERASLAN MUAYENEHANESİ,Ordu,Fatsa,39.24497,-76.55916,No Info,No Info,checked_coordinates52.csv
852C73F1-5FFE-4114-B817-2F07E4532D0B,NARLI ECZANESİ,Kahramanmaraş,Pazarcik,38.95697,-76.94316,No Info,No Info,checked_coordinates46.csv
33786C14-2CC5-4E70-8772-3930807E9DE8,ÇAĞLAYAN ECZANESİ,Kahramanmaraş,Çağlayancerit,39.48257,-76.24236,No Info,No Info,checked_coordinates46.csv
B54DEFA2-D3C5-41CC-B4E1-4CDE50FC4E35,İNAN ECZANESİ,Kahramanmaraş,Nurhak,39.18467,-76.63956,No Info,No Info,checked_coordinates46.csv
69F5FE27-A23F-4F6B-8890-57D44B00C8EE,KARATAŞ ECZANESİ,Kahramanmaraş,Dulkadiroğlu,38.90477,-77.01276,No Info,No Info,checked_coordinates46.csv
6D058A55-C24D-47E1-A581-8F68FE13E623,HAZAL ECZANESİ,Kahramanmaraş,Pazarcik,39.08117,-76.77756,No Info,No Info,checked_coordinates46.csv
A7D8577E-B173-4A85-8D4D-A8C787D3AE90,NECİP FAZIL ECZANESİ,Kahramanmaraş,Dulkadiroğlu,38.95877,-76.94076,No Info,No Info,checked_coordinates46.csv
E9B34034-74AB-4F6A-90F5-AA1B11718438,ŞİMŞEK ECZANESİ,Kahramanmaraş,Pazarcik,39.20447,-76.61316,No Info,No Info,checked_coordinates46.csv
23632D0C-0A8A-4506-8320-D3285D0430FC,ELMALAR HAKAN ECZANESİ,Kahramanmaraş,Dulkadiroğlu,39.68147,-75.97716,No Info,No Info,checked_coordinates46.csv
000A0D28-2990-411D-A79A-DE3498E8D203,LUNA KLİNİK,Kahramanmaraş,Onikişubat,39.00917,-76.87356,No Info,No Info,checked_coordinates46.csv
9E016B80-0A00-40BF-83B3-166EBC352985,BAYRAK ECZANESİ,Mardin,Midyat,39.51767,-76.19556,No Info,No Info,checked_coordinates47.csv
1EDE0962-9850-468E-8DB2-1F4F5838B07A,MARDİN ARTUKLU 9 NOLU ASM,Mardin,Artuklu,39.57527,-76.11876,No Info,No Info,checked_coordinates47.csv
AEDCADCC-7173-46BE-8BE6-3597F13CD3B2,DİLMEN ECZANESİ,Mardin,Nusaybin,39.65537,-76.01196,No Info,No Info,checked_coordinates47.csv
6E100188-7CAA-4561-9002-390ECEABF849,SAROHAN ECZANESİ,Mardin,Derik,39.51497,-76.19916,No Info,No Info,checked_coordinates47.csv
4C954236-CC1D-47A3-A768-6AF60AE30AB3,DEMHAT ECZANESİ,Mardin,Mazidaği,39.11267,-76.73556,No Info,No Info,checked_coordinates47.csv
08237B3F-DA64-4A70-89EB-7DC15557AFA2,AHMET BÜYÜK MUAYENEHANESİ,Mardin,Midyat,39.46997,-76.25916,No Info,No Info,checked_coordinates47.csv
919B8BED-E9D5-4DF5-A83A-8FE18B970F11,MARDİN KIZILTEPE SANAYİ AİLE SAĞLIĞI MERKEZİ,Mardin,Kiziltepe,39.32777,-76.44876,No Info,No Info,checked_coordinates47.csv
04F1D53B-8BAB-41AD-930E-9C538A55A94C,ÖZEL EMİNE AL GETAT KLİNİK,Mardin,Artuklu,39.35747,-76.40916,No Info,No Info,checked_coordinates47.csv
3B3AE7AB-B00E-428A-9DC9-BB3F6593D7A7,ÖMERLİ MERKEZ 1 NOLU ASM,Mardin,Ömerli,38.96057,-76.93836,No Info,No Info,checked_coordinates47.csv
498720E9-602F-4BCC-A977-CE80814C9C9B,SÖYLEMEZ ECZANESİ,Mardin,Derik,39.51587,-76.19796,No Info,No Info,checked_coordinates47.csv
3A049B4A-A6B0-4FB3-8AAE-D22C6BCE1828,ŞEYHMUS ECZANESİ,Mardin,Kiziltepe,39.58157,-76.11036,No Info,No Info,checked_coordinates47.csv
03AD1600-40E6-4716-9637-EA6B822C20C0,MARDIN DARGEÇIT İLÇE HASTANESI,Mardin,Dargeçit,38.99837,-76.88796,No Info,No Info,checked_coordinates47.csv
79786B91-AF44-4951-AB86-061D1C31E79A,FAKÜLTE ECZANESİ,Rize,Merkez,39.31067,-76.47156,No Info,No Info,checked_coordinates53.csv
0186B2DD-1B39-49C1-A97F-1A5CD9F343C7,ŞİFA ECZANESİ,Rize,Ardeşen,39.47987,-76.24596,No Info,No Info,checked_coordinates53.csv
0D48D328-A1E8-4EAA-899A-22E749060520,ÖZTÜRK ECZANESİ,Rize,Çayeli,39.58067,-76.11156,No Info,No Info,checked_coordinates53.csv
3DDA3A5A-1573-4BA2-AF8E-38F0467062D4,DENİZ ECZANESİ,Rize,Merkez,39.03347,-76.84116,No Info,No Info,checked_coordinates53.csv
71D9A3B9-2959-4478-9496-3D023C5E501C,GARDENYA BESLENME DANIŞMANLIĞI,Rize,Merkez,39.47627,-76.25076,No Info,No Info,checked_coordinates53.csv
CEF2C453-97B1-4859-8BF0-5316CF31C27F,AHMET ARİF ACAR MUAYENEHANESİ,Rize,Pazar,39.03167,-76.84356,No Info,No Info,checked_coordinates53.csv
8578FC65-AC49-4927-8EF2-676C2650FF2B,SEVGİ ECZANESİ,Rize,Merkez,39.00017,-76.88556,No Info,No Info,checked_coordinates53.csv
62ED811B-0DE7-45C5-9B55-82950C43D2D7,EVREN AKMUT ÖZEL MUAYENEHANE,Rize,Merkez,39.06137,-76.80396,No Info,No Info,checked_coordinates53.csv
DEEFCA8D-D89A-498D-99C3-9525F4BF9A9E,HASTANELER ECZANESİ,Rize,Merkez,39.07217,-76.78956,No Info,No Info,checked_coordinates53.csv
2259F84A-0C83-401C-BA6C-A31AC82885C9,HALK ECZANESİ,Rize,Findikli,39.60227,-76.08276,No Info,No Info,checked_coordinates53.csv
26C27456-0CE5-443C-B297-AF9AFAD67BA0,ERGÜN ECZANESİ,Rize,Merkez,39.20537,-76.61196,No Info,No Info,checked_coordinates53.csv
EA02D0DD-3BDF-4D6F-9B99-EF881E653925,USTA ECZANESİ,Rize,Merkez,39.28187,-76.50996,No Info,No Info,checked_coordinates53.csv
4FFDD8DE-5D8F-420F-A4B7-F35C898D28E6,HALK ECZANESİ,Rize,Pazar,39.60227,-76.08276,No Info,No Info,checked_coordinates53.csv
1E99B817-3EF6-41A0-B9F4-FCEB1CEA62BE,KUDRET ECZANESİ,Rize,Merkez,38.89847,-77.02116,No Info,No Info,checked_coordinates53.csv
B8F513BD-C096-4A88-89A7-27F4BF419273,MERKEZ ECZANESİ,Yalova,Merkez,39.62837,-76.04796,No Info,No Info,checked_coordinates77.csv
DB9FA6DE-B588-45B7-BD85-35D49C36E374,ÇAKIL ECZANESİ,Yalova,Çiftlikköy,39.29807,-76.48836,No Info,No Info,checked_coordinates77.csv
C344D7A8-A53B-4FDE-9091-53F38524F8A0,ÇINARCIK ECZANESİ,Yalova,Çinarcik,38.91107,-77.00436,No Info,No Info,checked_coordinates77.csv
CA4A5A8A-803C-407C-A8D5-5F9CA8880FF4,NOKTA İŞ SAĞLIĞI MERKEZİ,Yalova,Merkez,39.36197,-76.40316,No Info,No Info,checked_coordinates77.csv
585DD054-2EA9-48D8-B13A-6C09E9BEE3A7,DEFNE ECZANESİ,Yalova,Merkez,39.54557,-76.15836,No Info,No Info,checked_coordinates77.csv
5A7F112E-89C0-4800-AB37-83580855E660,MARS ESTETİK DİŞ,Yalova,Merkez,39.68597,-75.97116,No Info,No Info,checked_coordinates77.csv
4559B306-7C98-4856-8B71-93CFC93651B7,İREM NAZ ECZANESİ,Yalova,Çiftlikköy,38.97047,-76.92516,No Info,No Info,checked_coordinates77.csv
7E84A8DA-9A10-4B5B-A15D-AB7E66AFAA3B,AYKUT ECZANESİ,Yalova,Merkez,39.61847,-76.06116,No Info,No Info,checked_coordinates77.csv
3DD2220F-7B3D-4279-A8A6-FD7E281CF129,BERİN ECZANESİ,Yalova,Merkez,39.61757,-76.06236,No Info,No Info,checked_coordinates77.csv
6F30A3D0-6E2B-43D2-AC40-4AF9C6920469,YENİ DOZ ECZANESİ,Muş,Bulanik,39.00557,-76.87836,No Info,No Info,checked_coordinates49.csv
B01416A1-BF3E-421B-82DB-5186B4C64156,BÜYÜK ECZANESİ,Muş,Malazgirt,39.48977,-76.23276,No Info,No Info,checked_coordinates49.csv
46904FB9-A00D-439F-ACEC-5A8F072D85B6,SAĞLIK ECZANESİ,Muş,Bulanik,39.33677,-76.43676,No Info,No Info,checked_coordinates49.csv
A32FA711-5778-476A-9E48-753F8907CA82,DEVA ECZANESİ,Muş,Merkez,39.33407,-76.44036,No Info,No Info,checked_coordinates49.csv
D96D332E-0567-4451-852A-9044A84805CA,AKHAN ECZANESİ,Muş,Merkez,39.35567,-76.41156,No Info,No Info,checked_coordinates49.csv
88A8A459-A527-4198-AEB2-A97814351A1E,ÖZGÜR KENAN YANDIM MUAYENEHANESİ,Muş,Varto,38.93537,-76.97196,No Info,No Info,checked_coordinates49.csv
A6C1FFD8-6C23-4E97-8261-B156EB15F7B6,AKBEY ECZANESİ,Muş,Merkez,39.29987,-76.48596,No Info,No Info,checked_coordinates49.csv
C1E3B076-D58C-49B6-A818-B9EE5EC1B617,KAMİLOĞLU ECZANESİ,Muş,Merkez,38.91287,-77.00196,No Info,No Info,checked_coordinates49.csv
F2022180-C1F3-4C07-82DD-DFBB32166FCE,ÖZLEM ECZANESİ,Muş,Malazgirt,38.92277,-76.98876,No Info,No Info,checked_coordinates49.csv
17096313-345A-42C4-B436-F49F6B58A7E5,BÜYÜK ECZANESİ,Muş,Hasköy,39.48977,-76.23276,No Info,No Info,checked_coordinates49.csv
B14AA3D1-F67E-4523-ABD4-F9F7BFC0477D,SEVGİ ECZANESİ,Muş,Merkez,39.45017,-76.28556,No Info,No Info,checked_coordinates49.csv
0078EAA3-FAB5-4A96-A566-10D702A63EAD,VİTAMARİS ECZANESİ,Muğla,Marmaris,39.00737,-76.87596,No Info,No Info,checked_coordinates48.csv
CC0F8FC7-E869-4DA6-ADF6-15D8FE890B05,KAFKAS ECZANESİ,Muğla,Marmaris,39.40517,-76.34556,No Info,No Info,checked_coordinates48.csv
80754E0F-E34A-4FFB-8080-23FE0FF77DD7,ÇETİN ECZANESİ,Muğla,Seydikemer,39.13067,-76.71156,No Info,No Info,checked_coordinates48.csv
8132F29C-6277-4B2A-830F-67F45B367DE1,CEYLAN ECZANESİ,Muğla,Köyceğiz,39.45467,-76.27956,No Info,No Info,checked_coordinates48.csv
82EC48D8-58B2-4FB9-877B-6D31CD2C2457,ACAR ECZANESİ,Muğla,Dalaman,39.50327,-76.21476,No Info,No Info,checked_coordinates48.csv
2C4C93A2-F0B0-4266-9DAF-F94D0824D7E4,YONCA ECZANESİ,Muğla,Yatağan,39.44567,-76.29156,No Info,No Info,checked_coordinates48.csv
6690C0DC-ED6B-45E2-B371-733832F2718F,BURDUR 5 NOLU AİLE SAĞLIK MERKEZİ,Burdur,Merkez,39.44927,-76.28676,No Info,No Info,checked_coordinates15.csv
FF4893D6-4CC6-472D-A1AF-CA02F3E08890,DİLEK ECZANESİ,Burdur,Merkez,39.21527,-76.59876,No Info,No Info,checked_coordinates15.csv
614C5CA6-6D51-4064-907B-00C37D302FB4,YEŞİM ÜNÜVAR TEMEL MUAYENEHANESİ,Antalya,Konyaalti,39.36557,-76.39836,No Info,No Info,checked_coordinates7.csv
339C185A-0DB0-4DEE-B75A-04A0BED4EDA8,LARA ECZANESİ,Antalya,Aksu,39.30707,-76.47636,No Info,No Info,checked_coordinates7.csv
54D70C7D-BB76-460A-B057-36141B6A5BDD,AKINCI ECZANESİ,Antalya,Konyaalti,39.60137,-76.08396,No Info,No Info,checked_coordinates7.csv
CE0E2ADF-F482-4D3F-BAA3-6087FFCE2704,GÜLEN ANA ECZANESİ,Antalya,Kemer,39.39887,-76.35396,No Info,No Info,checked_coordinates7.csv
2CB85FAF-2D88-4A22-A7A5-71087C028787,HÜSAMETTİN HUSRİA VE MUHAMMED HATİPOĞLU MUAYENEHANESİ,Antalya,Kepez,39.65897,-76.00716,No Info,No Info,checked_coordinates7.csv
D522E7F5-1C5B-46F6-8017-71887ED9C5C1,İNCİ ECZANESİ,Antalya,Alanya,39.03077,-76.84476,No Info,No Info,checked_coordinates7.csv
119E754F-C2B5-4DE0-92A5-738430AC1A27,PINAR ECZANESİ,Antalya,Manavgat,39.39347,-76.36116,No Info,No Info,checked_coordinates7.csv
09D8A467-0D23-4792-A2F8-93044BB76A62,NUMAN SANDAL MUAYENEHANESİ,Antalya,Muratpaşa,39.41327,-76.33476,No Info,No Info,checked_coordinates7.csv
66B8B235-F3AE-4118-A39A-9D9D03C8572D,KIZILAĞAÇ ECZANESİ,Antalya,Manavgat,39.56177,-76.13676,No Info,No Info,checked_coordinates7.csv
93A4CBE0-C22B-4646-9828-9FEE4E5C7539,İLKAY ECZANESİ,Antalya,Kepez,39.61577,-76.06476,No Info,No Info,checked_coordinates7.csv
E0C9A2C3-49A6-40B8-92DF-AC39F2DFAEDE,MEHMET ZEKİ ÜNAL MUAYENEHANESİ,Antalya,Manavgat,39.22967,-76.57956,No Info,No Info,checked_coordinates7.csv
90CA1B52-C030-4FA9-A2CB-B02522BF2C24,TUNÇ ECZANESİ,Antalya,Kepez,38.98127,-76.91076,No Info,No Info,checked_coordinates7.csv
4FEDFAC1-0B9A-4392-9DF2-BADB8C345781,TRUVA ECZANESİ,Antalya,Manavgat,39.68417,-75.97356,No Info,No Info,checked_coordinates7.csv
B134B20B-7E81-49BE-8E1C-BDB78C3C1D85,KAŞ DERMAN ECZANESİ,Antalya,Kaş,39.27017,-76.52556,No Info,No Info,checked_coordinates7.csv
474BDB8E-B3EB-41B0-B745-E217E77D0D64,SİBEL ÖZEL KADIN DOĞUM MUAYENEHANESİ,Antalya,Serik,39.56807,-76.12836,No Info,No Info,checked_coordinates7.csv
99AD31CC-4BC7-4A4D-873D-E413F5A56317,ÇAVUŞOĞLU ECZANESİ,Antalya,Kemer,39.51047,-76.20516,No Info,No Info,checked_coordinates7.csv
E9CDB3EC-F2ED-4F40-824C-F362358CBB1B,YILMAZ ECZANESİ,Antalya,Manavgat,39.37997,-76.37916,No Info,No Info,checked_coordinates7.csv
2B775ED4-EB33-4986-82B0-33D4F9505661,HUZUR ECZANESİ,Gümüşhane,Köse,39.34307,-76.42836,No Info,No Info,checked_coordinates29.csv
C567D73D-C25A-449F-A9E8-EDFA6A52C130,ARİF HİKMET ESKİCİOĞLU MUAYENEHANESİ,Gümüşhane,Merkez,39.19547,-76.62516,No Info,No Info,checked_coordinates29.csv
8D22117C-52B9-4532-A2E7-0CA0E0B62631,FERİDUNOĞLU ECZANESİ,Giresun,Merkez,39.56627,-76.13076,No Info,No Info,checked_coordinates28.csv
EBF5BF21-78CB-4BE9-88F1-180AE337E471,KARAMANLAR ECZANESİ,Giresun,Merkez,39.45737,-76.27596,No Info,No Info,checked_coordinates28.csv
EEFFC2B2-AC1A-43BA-B920-2785473FBB8F,SEVDA HIZARCI BULUT MUAYENEHANESİ,Giresun,Merkez,39.53837,-76.16796,No Info,No Info,checked_coordinates28.csv
EDFF0CF4-0989-4E2D-9CD8-2A32D1A712AA,ANNAKKAYA ECZANESİ,Giresun,Merkez,39.34487,-76.42596,No Info,No Info,checked_coordinates28.csv
75B8165E-4116-468F-820E-3D2B7A78E507,HANDE MEMİŞ ECZANESİ,Giresun,Espiye,39.17657,-76.65036,No Info,No Info,checked_coordinates28.csv
A13F5918-6C22-4F46-952E-5E8D60BB9876,GİRESUN MERKEZ DUROĞLU ŞEHİT ER ORAL DEMİRAL ASM,Giresun,Merkez,39.28907,-76.50036,No Info,No Info,checked_coordinates28.csv
71C8A5E1-8FEF-4EDD-8E9E-6124F9E9184A,YASEMİN BAHADIR BESLENME VE DİYETİSYENLİK MERKEZİ,Giresun,Espiye,38.99387,-76.89396,No Info,No Info,checked_coordinates28.csv
A73A3320-9C79-4F87-8F8C-7EB3F82266C7,MEYDAN ECZANESİ,Giresun,Merkez,39.33587,-76.43796,No Info,No Info,checked_coordinates28.csv
1AC6AD47-81EB-479D-869F-89E526FFC4F2,KURT ECZANESİ,Giresun,Dereli,39.46907,-76.26036,No Info,No Info,checked_coordinates28.csv
777C1E6A-E5D1-47B5-8787-9A8790B31D03,ÖZTÜRK ECZANESİ,Giresun,Merkez,39.30077,-76.48476,No Info,No Info,checked_coordinates28.csv
F56D15FF-CB4A-4E3E-A3A0-D6916B12DBC2,ARİF ECZANESİ,Giresun,Merkez,39.59867,-76.08756,No Info,No Info,checked_coordinates28.csv
99740F81-8D5E-46C9-A824-E97403C76A65,ÖZEL GİRESUN AĞIZ VE DİŞ SAĞLIĞI POLİKLİNİĞİ,Giresun,Merkez,38.97227,-76.92276,No Info,No Info,checked_coordinates28.csv
9453C92E-AAFF-42EE-A3DE-14D7ECA6DA8E,ANKARA ETİMESGUT AĞIZ VE DİŞ SAĞLIĞI MERKEZİ TOPÇU MAHALLESİ SEMT POLİKLİNİĞİ,Ankara,Etimesgut,39.34757,-76.42236,No Info,No Info,checked_coordinates6.csv
74AFF3B4-C29F-4ACA-B614-2CCCDB7F385A,ANKA ECZANESİ,Ankara,Çankaya,39.67157,-75.99036,No Info,No Info,checked_coordinates6.csv
3EADD1BD-1A86-40C6-9306-3FF23DACCC3E,ÖZEL HHDENT ADSP,Ankara,Yenimahalle,-6.196245,106.822474,No Info,No Info,checked_coordinates6.csv
1E343E28-27E6-422B-ADDB-4517159E16D5,BİO-RETİNA,Ankara,Çankaya,39.04427,-76.82676,No Info,No Info,checked_coordinates6.csv
95CE0281-F637-4108-BA03-5472F6163C3C,ELİF AYLİN TAŞKIN MUAYENEHANESİ,Ankara,Çankaya,39.31247,-76.46916,No Info,No Info,checked_coordinates6.csv
A633E63B-7A66-4731-AA95-5AA736A223BF,IHLAMUR ECZANESİ,Ankara,Mamak,39.08837,-76.76796,No Info,No Info,checked_coordinates6.csv
AB084B0E-1B91-4A52-A568-696103356E57,MUSTAFA HAKAN BUKAN MUAYENEHANESİ,Ankara,Çankaya,26.32665,-81.77122,No Info,No Info,checked_coordinates6.csv
910907DB-974A-48B2-98A4-6DD79921B5E1,YAŞAMKENT MİNE ECZANESİ,Ankara,Çankaya,39.22337,-76.58796,No Info,No Info,checked_coordinates6.csv
C2AC7D98-D2FA-4E66-AB5A-7194FE7A86F1,MALTEPE ECZANESİ,Ankara,Çankaya,39.20177,-76.61676,No Info,No Info,checked_coordinates6.csv
D66AC3DD-1F83-4A4E-9376-78955208CA79,MAVİ YILDIZ ECZANESİ,Ankara,Yenimahalle,39.52847,-76.18116,No Info,No Info,checked_coordinates6.csv
CF5363C9-9BF1-42BC-A246-8044FD498CB7,SAĞLIK BİILİMLERİ UNV. DR. ABDURRAHMAN YURTASLAN ONKOLOJİ E.A.H. AHMET ANDİCEN EK HİZMET BİNASI,Ankara,Çankaya,39.19817,-76.62156,No Info,No Info,checked_coordinates6.csv
D8279198-CA31-408B-83E9-87A6ADE668F9,ŞEKERBANK PERSONELİ SOSYAL SİGORTA SANDIĞI VAKFI SAĞLIK ÜNİTESİ,Ankara,Çankaya,39.45827,-76.27476,No Info,No Info,checked_coordinates6.csv
ACB04507-2FE2-4863-BA76-96C58B8F33ED,ÇETİN-GÜLSÜM KARABULUT MUAYENEHANESİ,Ankara,Çankaya,49.198649,-122.915642,No Info,No Info,checked_coordinates6.csv
3564FF08-A26D-4B4C-B5CA-AB455616889C,ÖZEL POLATLI HAYAT DİYALİZ MERKEZİ,Ankara,Polatli,39.50147,-76.21716,No Info,No Info,checked_coordinates6.csv
30B0B827-DBDC-46C4-9498-C5CCF7F21868,ILGIN ECZANESİ,Ankara,Haymana,39.46817,-76.26156,No Info,No Info,checked_coordinates6.csv
E6D97091-E307-49AA-B0AD-C8489989F16D,ÖZEL DEMİRTEPE LİFE HASTANESİ,Ankara,Çankaya,39.66167,-76.00356,No Info,No Info,checked_coordinates6.csv
5114B8F5-9BC0-4347-808E-D3C2D34B4430,DENİZ KUZUDİŞLİ ECZANESİ,Ankara,Çankaya,39.57077,-76.12476,No Info,No Info,checked_coordinates6.csv
77C61A3D-1648-4899-8697-DCFF227B156B,CANSEL TÜRKAY MUAYENEHANESİ,Ankara,Çankaya,39.54287,-76.16196,No Info,No Info,checked_coordinates6.csv
77F0F7AD-54B0-4E22-B418-DE7C949BC70E,ERDOĞAN ECZANESİ,Ankara,Kizilcahamam,39.63467,-76.03956,No Info,No Info,checked_coordinates6.csv
0C7595FB-CC62-4269-8CDA-E16ECD8DDC39,ÖZEL A LİFE PARK HOSPİTAL ETİMESGUT HASTANESİ,Ankara,Etimesgut,39.27647,-76.51716,No Info,No Info,checked_coordinates6.csv
D80DFBEE-73B2-41AD-9AF2-EAA35346F194,DİLŞAH ÖNERLİ MUAYEHANEHANESİ,Ankara,Çankaya,32.87269,-111.74754,No Info,No Info,checked_coordinates6.csv
A72A7FD1-1428-4BB9-ABC9-F87F68077E79,CADDE İNCEK ECZANESİ,Ankara,Gölbaşi,41.183372,-79.392127,No Info,No Info,checked_coordinates6.csv
0E40B9F7-3CAF-483F-B090-08A4FA12A30D,KÜBRA DAĞ MUAYENEHANESİ,Bolu,Merkez,38.94167,-76.96356,No Info,No Info,checked_coordinates14.csv
1E192477-A84E-47DC-91DE-0CEC6272A712,ÖZCAN ECZANESİ,Bolu,Merkez,39.52127,-76.19076,No Info,No Info,checked_coordinates14.csv
DB885790-1906-4F99-981A-45C29AFBA51C,TANER LAÇİN MUAYENEHANESİ,Bolu,Merkez,39.45647,-76.27716,No Info,No Info,checked_coordinates14.csv
9CB30823-999E-4C20-BA0B-4C222BE6AC1C,ÇAĞLI ECZANESİ,Bolu,Merkez,39.18017,-76.64556,No Info,No Info,checked_coordinates14.csv
5ACC8231-AE79-4AD5-BF52-928BD88CCCB7,DAĞKENT ECZANESİ,Bolu,Merkez,39.55457,-76.14636,No Info,No Info,checked_coordinates14.csv
916BE1F2-8ED5-4135-BAFA-9AF6E0901756,PINAR ECZANESİ,Bolu,Merkez,39.03887,-76.83396,No Info,No Info,checked_coordinates14.csv
9926DF5A-226F-4199-8905-C9F08D4E9132,GÜLDEN ECZANESİ,Bolu,Merkez,39.38357,-76.37436,No Info,No Info,checked_coordinates14.csv
AB6ADE41-8E5D-4828-A3B8-D68D96FC5CED,DAMLA ECZANESİ,Bolu,Merkez,39.57167,-76.12356,No Info,No Info,checked_coordinates14.csv
1E1BED72-6DBB-46EA-9D95-DFA7579975A4,KÖROĞLU ECZANESİ,Bolu,Merkez,39.51227,-76.20276,No Info,No Info,checked_coordinates14.csv
86473917-9555-4D4F-9BF4-E5DEB67A5586,GAMZE ECZANESİ,Bolu,Merkez,39.23057,-76.57836,No Info,No Info,checked_coordinates14.csv
A15C133F-2D57-4206-B66B-023E13D65326,BEYZA ECZANESİ,Ağri,Taşliçay,39.57887,-76.11396,No Info,No Info,checked_coordinates4.csv
690FC95B-F9EB-46CB-BB0D-079D995E4852,KÖPRÜBAŞI ECZANESİ,Ağri,Merkez,38.96867,-76.92756,No Info,No Info,checked_coordinates4.csv
C64F7A83-5EB8-41A6-BCB8-32546B6C20C8,DERMAN ECZANESİ,Ağri,Diyadin,39.15047,-76.68516,No Info,No Info,checked_coordinates4.csv
85A5E0BD-936E-4B2A-ADD4-36B81095191A,NADİR ECZANESİ,Ağri,Merkez,39.63197,-76.04316,No Info,No Info,checked_coordinates4.csv
78BCB1EF-EF71-49E3-B2DE-58027F708F45,MIZRAK ECZANESİ,Ağri,Merkez,39.50237,-76.21596,No Info,No Info,checked_coordinates4.csv
EC9C6757-24CE-46A2-86AD-94D41B8B7D61,DERMAN ECZANESİ,Ağri,Patnos,39.14597,-76.69116,No Info,No Info,checked_coordinates4.csv
9F0182BE-CCC8-4814-9C7E-9530E3617C5C,EREN ECZANESİ,Ağri,Merkez,39.10997,-76.73916,No Info,No Info,checked_coordinates4.csv
D908C778-E26F-4126-8D90-A0360274236F,TAŞLIÇAY MERKEZ TSM,Ağri,Taşliçay,34.73829,32.73416,No Info,No Info,checked_coordinates4.csv
04B05030-C0CC-4BDD-AD35-A250104F5BC7,YOL ECZANESİ,Ağri,Merkez,39.65087,-76.01796,No Info,No Info,checked_coordinates4.csv
295B0610-FA75-495D-A74C-B7CED6BB72CC,FURKAN ECZANESİ,Ağri,Merkez,38.89667,-77.02356,No Info,No Info,checked_coordinates4.csv
38696961-9958-4561-BDE8-EE3AE951A24B,TAYSUN ECZANESİ,Ağri,Merkez,38.94977,-76.95276,No Info,No Info,checked_coordinates4.csv
D4E03EFC-CBA8-4ABC-9147-50ACE9746F8B,BURCU NEGİZSOY MUAYENEHANESİ,Bursa,Osmangazi,39.68327,-75.97476,No Info,No Info,checked_coordinates16.csv
2A83158A-80FD-44AD-89AA-569AF2C99BB5,İKİZLER ECZANESİ,Bursa,Osmangazi,38.98847,-76.90116,No Info,No Info,checked_coordinates16.csv
966DD4E7-C5CB-4A82-B1BE-8B4F80B1D894,BURSA YÜKSEK İHTİSAS EĞİTİM VE ARAŞTIRMA HASTANESİ DÖRTÇELİK RUH VE SİNİR HASTALIKLARI HASTANESİ,Bursa,Nilüfer,39.08747,-76.76916,No Info,No Info,checked_coordinates16.csv
00961AE8-F6EA-4E3A-ADBB-BA49DD38C55B,MEVSİM ECZANESİ,Bursa,Nilüfer,39.06317,-76.80156,No Info,No Info,checked_coordinates16.csv
FF77BF21-89F0-4231-A2EC-BEF83CDFF0FB,ÖZEL GÖZ NURUNU KORUMA VAKFI NİLÜFER GÖZ MERKEZİ,Bursa,Nilüfer,39.34037,-76.43196,No Info,No Info,checked_coordinates16.csv
8C2591F5-3DE9-4684-8333-E66F4ED44B6A,LAVANTA ECZANESİ,Bursa,Nilüfer,39.56447,-76.13316,No Info,No Info,checked_coordinates16.csv
F327C1D2-0818-4A09-901F-E782CBEABD4E,NILADENT AĞIZ VE DİŞ SAĞLIĞI POLİKLİNİĞİ,Bursa,Nilüfer,39.03977,-76.83276,No Info,No Info,checked_coordinates16.csv
5356093F-4BB1-4B30-8026-2DED64AE3530,PINAR IŞIKÇI FİZİK TEDAVİ VE REHABİLİTASYON MERKEZİ,Çanakkale,Merkez,39.57707,-76.11636,No Info,No Info,checked_coordinates17.csv
FC82EB24-7818-4DB9-BB4F-3350CBCA8E07,EMİRAY ECZANESİ,Çanakkale,Merkez,39.09287,-76.76196,No Info,No Info,checked_coordinates17.csv
2097E5DF-B643-4EDF-BEC3-337892AFC224,BOZCAADA ECZANESİ,Çanakkale,Bozcaada,39.07037,-76.79196,No Info,No Info,checked_coordinates17.csv
1218A118-C808-4618-ABC9-4A9AFA91AD0E,ÇETİN ECZANESİ,Çanakkale,Merkez,39.31877,-76.46076,No Info,No Info,checked_coordinates17.csv
27EA0BFB-2FB2-47E9-80A8-89B38FC4C5F2,ÇANAKKALE 18 MART SAĞLIK UYGULAMA VE ARAŞTIRMA HASTANESİ TERZİOĞLU YERLEŞKESİ EK HİZMET BİNASI,Çanakkale,Merkez,39.37457,-76.38636,No Info,No Info,checked_coordinates17.csv
B6B2FE6A-3476-4D7C-B9B8-8B346DD636B7,BERNA KAMACI GÜRSOY MUAYENEHANESİ,Çanakkale,Merkez,39.23777,-76.56876,No Info,No Info,checked_coordinates17.csv
3849E1F3-9FEB-487F-9CE6-8E3399AE3BA6,SAVAŞ GÜR MUAYENEHANESİ,Çanakkale,ÇANAKKALE MERKEZ,39.49787,-76.22196,No Info,No Info,checked_coordinates17.csv
1D7F1D0A-F2C1-440F-AA63-9EF702794A55,BATI ECZANESİ,Çanakkale,Merkez,39.68777,-75.96876,No Info,No Info,checked_coordinates17.csv
7018373C-0152-4E90-891E-A6EE6D4A966B,SEDA ÇIRAK MUAYENEHANESİ,Çanakkale,Merkez,39.16037,-76.67196,No Info,No Info,checked_coordinates17.csv
BC4B0E38-7ED4-4628-A76A-F08BFB9D94DD,YÜCEL ECZANESİ,Çanakkale,Ayvacık,39.56357,-76.13436,No Info,No Info,checked_coordinates17.csv
31A75C3A-ED9D-4FFF-920D-0E606BE0A395,ŞAHİN ECZANESİ,Amasya,Merzifon,39.44477,-76.29276,No Info,No Info,checked_coordinates5.csv
0DC9586F-C5A6-406E-B229-11E18288CA3F,LÜTFİ VARIŞ MUAYENEHANESİ,Amasya,Merkez,39.40157,-76.35036,No Info,No Info,checked_coordinates5.csv
4F1DE456-B93F-4CAA-98EB-282A0820CC7D,ÜMİT ECZANESİ,Amasya,Merkez,39.18647,-76.63716,No Info,No Info,checked_coordinates5.csv
7B368CDA-36D0-4BFF-926A-36F848355315,BAŞAK ECZANESİ,Amasya,Merkez,39.64187,-76.02996,No Info,No Info,checked_coordinates5.csv
F8DDB721-099A-486B-850A-56B49E1F7B2D,AMASYA MERZİFON MERKEZ TSM,Amasya,Merzifon,39.63287,-76.04196,No Info,No Info,checked_coordinates5.csv
DE23ACC1-5DCF-4F0A-A832-649E65BBBCFC,GÖKHAN KARA MUAYENEHANESİ,Amasya,Taşova,38.97137,-76.92396,No Info,No Info,checked_coordinates5.csv
EAAFE038-B596-42EF-B0BD-97BEEE629A17,HAMZA YAZICI MUAYENEHANESİ,Amasya,Merkez,39.34577,-76.42476,No Info,No Info,checked_coordinates5.csv
E1A9AE0B-6E7B-4F78-900D-CFA7B84EFA41,AMASYA ŞEHİT JANDARMA UZMAN ÇAVUŞ KADİR ÇAKI SEMT POLİKLİNİĞİ,Amasya,AMASYA MERKEZ,39.30437,-76.47996,No Info,No Info,checked_coordinates5.csv
89767FF3-81B1-4200-BA8A-E5ED72461B09,NADİDE GÜRSES TOKATLI MUAYENEHANESİ,Amasya,AMASYA MERKEZ,39.63017,-76.04556,No Info,No Info,checked_coordinates5.csv
5F5A6E7A-7DB5-4DB8-AA55-E8F853C86866,AMASYA MERKEZ HALK SAĞLIĞI MÜDÜRLÜĞÜ,Amasya,Merkez,39.53567,-76.17156,No Info,No Info,checked_coordinates5.csv
EBDA770F-F658-44BB-8D84-F4903143A024,EZGİ ECZANESİ,Amasya,Merkez,39.12077,-76.72476,No Info,No Info,checked_coordinates5.csv
F81FC2CB-F4CE-4FE0-B29E-074EA6FD8C2C,ÖZEL BULUT DENTAL AĞIZ DİŞ SAĞLIĞI POLİKLİNİĞİ 2,Adana,Çukurova,39.27557,-76.51836,No Info,No Info,checked_coordinates1.csv
07F5E11F-A2CB-4400-8E23-097EB58DE0F8,GAMZE KALLİ TAŞDAN MUAYENEHANESİ,Adana,Çukurova,39.55907,-76.14036,No Info,No Info,checked_coordinates1.csv
F9792167-EBD4-49A4-8E74-1617ADB3E3D5,FURKAN ECZANESİ,Adana,Yüreğir,35.09642,-106.60114,No Info,No Info,checked_coordinates1.csv
36C49907-2773-4B0D-A284-6F5E1951BE96,SÜHEYL HAYTOĞLU MUAYENEHANESİ,Adana,Seyhan,43.09825,-77.46738,No Info,No Info,checked_coordinates1.csv
8587CC5D-E309-418F-B220-816C157985DF,TAMGÜÇ ECZANESİ,Adana,Seyhan,39.42767,-76.31556,No Info,No Info,checked_coordinates1.csv
0B1FCCED-F88E-4FBC-88C8-8917F108CDDC,ÇUKUROVA ÜNİVERSİTESİ BALCALI HASTANESİ KURUM ECZANESİ,Adana,Sariçam,39.32147,-76.45716,No Info,No Info,checked_coordinates1.csv
A5D26E3B-A28F-4703-80B8-9D28378891A4,GÜLSÜM SÖNMEZ MUAYENEHANESİ,Adana,Seyhan,39.36737,-76.39596,No Info,No Info,checked_coordinates1.csv
64ECE9E2-5D18-4A8F-9B8E-A968B0BF9085,YUSUF İZZETTİN ÇAMURDAN MUAYENEHANESİ,Adana,Seyhan,39.06587,-76.79796,No Info,No Info,checked_coordinates1.csv
EFE94F63-1DFF-4456-A608-CA6178D7C235,MAHFESIĞMAZ ECZANESİ,Adana,Çukurova,39.28817,-76.50156,No Info,No Info,checked_coordinates1.csv
EB84A97C-9901-4BAE-B08A-0F7FABCFB9DD,GÖKDAĞ ECZANESİ,Bitlis,Tatvan,39.52667,-76.18356,No Info,No Info,checked_coordinates13.csv
80B3AC5E-E030-4BE2-9961-21E2CBF1EA57,HAYAT ECZANESİ,Bitlis,Merkez,39.35027,-76.41876,No Info,No Info,checked_coordinates13.csv
02335103-2C3C-43F9-B800-40B3C65EE860,NİSAN ECZANESİ,Bitlis,Tatvan,39.48347,-76.24116,No Info,No Info,checked_coordinates13.csv
F032CAE7-3084-44FD-8821-471E0C8CF05C,EYLÜL ECZANESİ,Bitlis,Hizan,39.32327,-76.45476,No Info,No Info,checked_coordinates13.csv
4B67BFFB-8A69-433A-8426-521B0693B98F,GÖL ECZANESİ,Bitlis,Tatvan,39.54467,-76.15956,No Info,No Info,checked_coordinates13.csv
76C7AF14-0D9E-4652-865D-78F9B5D460BD,BİTLİS ECZANESİ,Bitlis,Merkez,38.92097,-76.99116,No Info,No Info,checked_coordinates13.csv
5F00FBF6-3F5F-44B9-9624-8023B4D544C4,UMUT ECZANESİ,Bitlis,Merkez,38.94347,-76.96116,No Info,No Info,checked_coordinates13.csv
EBD0A6EF-6200-49DB-BB7C-9C3E5E9037A3,ARYA ECZANESİ,Bitlis,Merkez,39.49337,-76.22796,No Info,No Info,checked_coordinates13.csv
49DE0801-1589-43F4-8366-AAFD0F40B4DD,ÖZEL BİTLİS ÖZLÜK DENT DİŞ KLİNİĞİ,Bitlis,Merkez,39.26837,-76.52796,No Info,No Info,checked_coordinates13.csv
CBF3CBDE-1F09-4810-A9B2-AD6F98AEA8DC,MERKEZ ECZANESİ,Bitlis,Merkez,39.34127,-76.43076,No Info,No Info,checked_coordinates13.csv
C1055A2A-6C7B-42FD-B1D0-AE95C3155C49,BİTLİS TATVAN MERKEZ 4 NOLU AİLE SAĞLIĞI MERKEZİ,Bitlis,Tatvan,39.67517,-75.98556,No Info,No Info,checked_coordinates13.csv
497D156A-0BA0-4CF0-A816-C7B29D5D4052,ESEN ECZANESİ,Bitlis,Adilcevaz,39.59957,-76.08636,No Info,No Info,checked_coordinates13.csv
E28A4FCB-A6C1-468D-92A4-D47EADB42473,SU ECZANESİ,Bitlis,Tatvan,39.53117,-76.17756,No Info,No Info,checked_coordinates13.csv
4386058E-518C-4C5B-881A-17238D8D288F,ÇAPAKÇUR ECZANESİ,Bingöl,Merkez,39.57257,-76.12236,No Info,No Info,checked_coordinates12.csv
564096EF-14A2-4061-A467-1F64712F9BB3,ŞİFA ECZANESİ,Bingöl,Genç,39.35117,-76.41756,No Info,No Info,checked_coordinates12.csv
C6AC12C0-6630-41F0-B9DF-7D6431A3633B,CANER DİŞ KLİNİĞİ,Bingöl,Merkez,38.99747,-76.88916,No Info,No Info,checked_coordinates12.csv
3B43AC48-391D-494D-BB24-A0146A5ECC9E,ŞİFA ECZANESİ,Bingöl,Solhan,39.35117,-76.41756,No Info,No Info,checked_coordinates12.csv
240D2F7A-124D-4C86-8F92-A09CCC4B4D8E,KÜLTÜR ECZANESİ,Bingöl,Merkez,39.60587,-76.07796,No Info,No Info,checked_coordinates12.csv
8AED2A25-D2D2-493E-8D6F-F87549836EEC,ÖZEL MEDİVA TIP MERKEZİ BİNGÖL,Bingöl,Merkez,39.22157,-76.59036,No Info,No Info,checked_coordinates12.csv
0E5BBAF5-DB3D-493F-8096-15C832166AF2,YAKUTSOY ECZANESİ,Kayseri,Sarioğlan,39.22697,-76.58316,No Info,No Info,checked_coordinates38.csv
64A4AA02-A01F-42A2-927C-364C20000FCE,DERVİŞ ECZANESİ,Kayseri,Kocasinan,39.53387,-76.17396,No Info,No Info,checked_coordinates38.csv
085FA10F-E333-4FA2-9465-B3547C777ED6,ÜNAL ECZANESİ,Kayseri,Kocasinan,39.21617,-76.59756,No Info,No Info,checked_coordinates38.csv
3497298F-9F9F-407B-BB71-C3D75593D412,YEŞİL ECZANESİ,Kayseri,Sarioğlan,39.55187,-76.14996,No Info,No Info,checked_coordinates38.csv
75EBBD04-DF34-4D0D-BA69-09D97136BBB0,ERDEM BAŞKENT MUAYENEHANESİ,Balikesir,Ayvalik,39.23237,-76.57596,No Info,No Info,checked_coordinates10.csv
6E2D236A-556F-41CD-849B-19353B0870A6,GÜL ECZANESİ,Balikesir,Dursunbey,39.59597,-76.09116,No Info,No Info,checked_coordinates10.csv
A62ADA42-0D5A-4F48-BA7B-64999F95BCA5,ASLI ECZANESİ,Balikesir,Ayvalik,39.52937,-76.17996,No Info,No Info,checked_coordinates10.csv
6CECBCEA-7613-40B1-B5F5-77459FA3C91A,ÖZYURTLU ECZANESİ,Balikesir,Bandirma,39.42317,-76.32156,No Info,No Info,checked_coordinates10.csv
87074A45-C35B-43DE-B2B3-97ACDA0749E5,UÇAR ECZANESİ,Balikesir,Gönen,39.18197,-76.64316,No Info,No Info,checked_coordinates10.csv
62EDF64A-F2B2-4012-B797-9C64C9C24D44,ZEHRA ECZANESİ,Balikesir,İvrindi,39.58697,-76.10316,No Info,No Info,checked_coordinates10.csv
FFA821E6-D3BF-4942-80F7-B59CD0A9CE84,AYAZ ECZANESİ,Balikesir,Bandirma,38.98937,-76.89996,No Info,No Info,checked_coordinates10.csv
C487273B-751B-4535-BCC5-CDCA60552C3E,AHMET GÜNDEŞ MUAYENEHANESİ,Balikesir,Ayvalik,39.03527,-76.83876,No Info,No Info,checked_coordinates10.csv
4B6965F5-8930-4D2F-ADED-CE3965888762,FİLİZ ECZANESİ,Balikesir,Kepsut,39.26027,-76.53876,No Info,No Info,checked_coordinates10.csv
C5424D69-F050-4502-AF03-2DE1BB57C55E,ŞİFA ECZANESİ,Adiyaman,Merkez,39.43667,-76.30356,No Info,No Info,checked_coordinates2.csv
067F9F96-4B91-4D98-A0C0-3B5F70C289F1,ERGÜN ECZANESİ,Adiyaman,Merkez,39.47087,-76.25796,No Info,No Info,checked_coordinates2.csv
6F85A693-1A23-4C7A-9713-8DFAA1D18B47,BEYZA ECZANESİ,Adiyaman,Merkez,39.49967,-76.21956,No Info,No Info,checked_coordinates2.csv
80A89665-E0CD-4393-81D0-BA4D8324DCB3,AYSUN KALENDEROĞLU MUAYENEHANESİ,Adiyaman,ADIYAMAN MERKEZ,39.01547,-76.86516,No Info,No Info,checked_coordinates2.csv
1AF6BB78-CDDD-4D1B-83C4-111B04A1A895,ARTUN ECZANESİ,Afyonkarahisar,Merkez,39.22877,-76.58076,No Info,No Info,checked_coordinates3.csv
49CAA725-EA9E-42E5-9443-188B31860018,ŞÜKÜROĞLU ECZANESİ,Afyonkarahisar,Merkez,39.04787,-76.82196,No Info,No Info,checked_coordinates3.csv
FD9ACE01-698E-4E5A-AA95-2BF8A9122530,ELİF ECZANESİ,Afyonkarahisar,Merkez,39.40337,-76.34796,No Info,No Info,checked_coordinates3.csv
3C85D310-553B-4E3B-A7CF-560FE7E93676,ÇAYIRBAĞ ECZANESİ,Afyonkarahisar,Merkez,39.09557,-76.75836,No Info,No Info,checked_coordinates3.csv
456B1F3E-49E9-4F87-BDE1-5A0F3B57ECCC,KARAKOÇ ECZANESİ,Afyonkarahisar,Merkez,39.14057,-76.69836,No Info,No Info,checked_coordinates3.csv
23FCE139-C980-444C-AB42-7BF95A4CE3EF,ÖMER KANAT KÖKSAL MUAYENEHANESİ,Afyonkarahisar,Merkez,38.96687,-76.92996,No Info,No Info,checked_coordinates3.csv
E0206767-8319-4D48-B177-7E12375BA28B,NADİRE TUNCER MUAYENEHANESİ,Afyonkarahisar,AFYON MERKEZ,39.12167,-76.72356,No Info,No Info,checked_coordinates3.csv
ECFC2B43-37A7-4651-9617-C03EF23B23B8,TUĞRUL ECZANESİ,Afyonkarahisar,Merkez,39.46007,-76.27236,No Info,No Info,checked_coordinates3.csv
4A853D07-4AFB-47F2-A4FB-C096D0BB460D,BAŞAK ECZANESİ,Afyonkarahisar,Merkez,38.96597,-76.93116,No Info,No Info,checked_coordinates3.csv
B4E23476-8FDD-4DBB-BBF8-C6591E4AE47A,AYLİN ECZANESİ,Afyonkarahisar,Merkez,39.24137,-76.56396,No Info,No Info,checked_coordinates3.csv
79848F86-1790-481C-B686-196FB7C68B3B,İSTASYON ECZANESİ,Bilecik,Merkez,39.20807,-76.60836,No Info,No Info,checked_coordinates11.csv
83040A42-E47B-4FCB-BB70-75D5E9DE43D5,PAZARYERİ ÇİĞDEM ECZANESİ,Bilecik,Pazaryeri,39.16847,-76.66116,No Info,No Info,checked_coordinates11.csv
1E89EBFD-9CD8-4217-A986-0A3CD5D84DD5,ŞİFA ECZANESİ,Kirklareli,Merkez,39.45197,-76.28316,No Info,No Info,checked_coordinates39.csv
8B1D96F8-2925-4C3F-97E2-0EB22E9BA855,ESİN ECZANESİ,Kirklareli,Merkez,38.95157,-76.95036,No Info,No Info,checked_coordinates39.csv
1D942115-4CCF-47E6-9F34-2081B26A7E5B,BURCU EREN MUAYENEHANESİ,Kirklareli,Lüleburgaz,36.1343,-86.8557,No Info,No Info,checked_coordinates39.csv
D1B86112-997E-4047-8674-29584E92E557,YENI ÖZEN ECZANESI,Kirklareli,Pinarhisar,39.18557,-76.63836,No Info,No Info,checked_coordinates39.csv
611DF9F5-D360-4DDD-B0C0-41B2CBFEB33A,DALGIÇ ECZANESİ,Kirklareli,Pehlivanköy,39.03257,-76.84236,No Info,No Info,checked_coordinates39.csv
FD1D25AA-AEC7-4DF6-8249-873E880F8F5D,KAVAKLI ECZANESİ,Kirklareli,Merkez,39.15677,-76.67676,No Info,No Info,checked_coordinates39.csv
205AC75F-F036-40E8-8307-9B8DC00D3FC3,DEMET DALCA ECZANESİ,Kirklareli,Merkez,39.61217,-76.06956,No Info,No Info,checked_coordinates39.csv
0625A601-30D4-4175-85C2-B74468B4EBD2,ATLAS ECZANESİ,Kirklareli,Merkez,39.64817,-76.02156,No Info,No Info,checked_coordinates39.csv
8B17CD6F-A176-4ED6-8A8B-C6C4E3F9B7BA,SAĞLIK ECZANESİ,Kirklareli,Merkez,39.10367,-76.74756,No Info,No Info,checked_coordinates39.csv
A0EDACAE-8316-4789-ADDC-D246BEEEE444,GÜNEŞ ECZANESİ,Kirklareli,Merkez,39.02897,-76.84716,No Info,No Info,checked_coordinates39.csv
